PDS_acc,target_acc,collection_year,country_parsed,source_category,host,isolation_source,source_type,mrsa_marker_positive,AMR_genotypes_core
PDS000175068.20,PDT000202322.2,2015.0,Germany,unknown,,,,True,"ant(9)-Ia,blaI,blaPC1,blaR1=PARTIAL_END_OF_CONTIG,dfrG,glpT_A100V=POINT,glpT_F3I=POINT,lnu(B),lsa(E),mecA,murA_D278E=POINT,murA_E291D=POINT,str,tet(38),tet(K),tet(M)"
PDS000175068.20,PDT000654982.2,2015.0,Denmark,human_or_clinical,Homo sapiens,tracheal secretion,,True,"ant(9)-Ia,blaI,blaPC1,blaR1,dfrG,erm(C),glpT_A100V=POINT,glpT_F3I=POINT,lnu(B),lsa(E),mecA,murA_D278E=POINT,murA_E291D=POINT,str,tet(K),tet(M)"
PDS000175068.20,PDT000654983.2,2015.0,Denmark,human_or_clinical,Homo sapiens,Skin swab,,True,"ant(9)-Ia,blaI,blaPC1,blaR1,dfrG,glpT_A100V=POINT,glpT_F3I=POINT,lnu(B),lsa(E),mecA,murA_D278E=POINT,murA_E291D=POINT,str,tet(K),tet(M)"
PDS000175068.20,PDT000654986.2,2015.0,Denmark,human_or_clinical,Homo sapiens,nose swab,,True,"ant(9)-Ia,blaI,blaPC1,blaR1,dfrG,glpT_A100V=POINT,glpT_F3I=POINT,lnu(B),lsa(E),mecA,murA_D278E=POINT,murA_E291D=POINT,str,tet(38),tet(K),tet(M)"
PDS000175068.20,PDT000654987.2,2015.0,Denmark,human_or_clinical,Homo sapiens,swab from pus at scar,,True,"ant(9)-Ia,blaI,blaPC1,blaR1,dfrG,glpT_A100V=POINT,glpT_F3I=POINT,lnu(B),lsa(E),mecA,murA_D278E=POINT,murA_E291D=POINT,str,tet(K),tet(M)"
PDS000175068.20,PDT000654989.2,2015.0,Denmark,human_or_clinical,Homo sapiens,nose swab,,True,"ant(9)-Ia,blaI,blaPC1,blaR1,dfrG,glpT_A100V=POINT,glpT_F3I=POINT,lnu(B),lsa(E),mecA,murA_D278E=POINT,murA_E291D=POINT,tet(K),tet(M)"
PDS000175068.20,PDT000654991.2,2015.0,Denmark,human_or_clinical,Homo sapiens,blood culture,,True,"ant(9)-Ia,blaI,blaPC1,blaR1,dfrG,erm(C),glpT_A100V=POINT,glpT_F3I=POINT,lnu(B),lsa(E),mecA,murA_D278E=POINT,murA_E291D=POINT,str,tet(K),tet(M)"
PDS000175068.20,PDT000654992.2,2015.0,Denmark,human_or_clinical,Homo sapiens,Wound swab,,True,"ant(9)-Ia,blaI,blaPC1,blaR1,dfrG,erm(C),glpT_A100V=POINT,glpT_F3I=POINT,lnu(B),lsa(E),mecA,murA_D278E=POINT,murA_E291D=POINT,tet(K),tet(M)"
PDS000175068.20,PDT000654996.2,2015.0,Denmark,human_or_clinical,Homo sapiens,nose swab,,True,"ant(9)-Ia,blaI,blaPC1,blaR1,dfrG,glpT_A100V=POINT,glpT_F3I=POINT,lnu(B),lsa(E),mecA,murA_D278E=POINT,murA_E291D=POINT,tet(K),tet(M)"
PDS000175068.20,PDT000654997.2,2015.0,Denmark,human_or_clinical,Homo sapiens,Perineal swab,,True,"ant(9)-Ia,blaI,blaPC1,blaR1,dfrG,glpT_A100V=POINT,glpT_F3I=POINT,lnu(B),lsa(E),mecA,murA_D278E=POINT,murA_E291D=POINT,tet(K),tet(M)"
PDS000175068.20,PDT000654998.2,2015.0,Denmark,human_or_clinical,Homo sapiens,blood culture,,True,"ant(9)-Ia,blaI,blaPC1,blaR1,dfrG,erm(C),glpT_A100V=POINT,glpT_F3I=POINT,lnu(B),lsa(E),mecA,murA_D278E=POINT,murA_E291D=POINT,str,tet(K),tet(M)"
PDS000175068.20,PDT000907325.1,2016.0,China,livestock,pig,pig farms,,True,"ant(9)-Ia,blaI,blaPC1,blaR1,cfr=PARTIAL,dfrG,erm(C),fexA,glpT_A100V=POINT,glpT_F3I=POINT,lnu(B),lsa(E),mecA,murA_D278E=POINT,murA_E291D=POINT,tet(38),tet(K),tet(M)"
PDS000175068.20,PDT001014067.1,2018.0,Denmark,human_or_clinical,Homo sapiens,,,True,"ant(9)-Ia,blaI,blaPC1,blaR1,dfrG,erm(C),glpT_A100V=POINT,glpT_F3I=POINT,lnu(B),lsa(E),mecA,murA_D278E=POINT,murA_E291D=POINT,str,tet(38),tet(M)"
PDS000175068.20,PDT001059203.1,2018.0,China,livestock,pig,,,True,"ant(9)-Ia,blaI,blaPC1,blaR1,dfrG,erm(C),glpT_A100V=POINT,glpT_F3I=POINT,lnu(B),lsa(E),mecA,murA_D278E=POINT,murA_E291D=POINT,str=PARTIAL_END_OF_CONTIG,tet(38),tet(K),tet(M)"
PDS000175068.20,PDT001117045.1,2017.0,Germany,human_or_clinical,Homo sapiens,wound from soft tissue infection (SSTI),,True,"ant(9)-Ia,blaI,blaPC1,blaR1,dfrG,glpT_A100V=POINT,glpT_F3I=POINT,lnu(B),lsa(E),mecA,murA_D278E=POINT,murA_E291D=POINT,tet(38),tet(K),tet(M)"
PDS000175068.20,PDT001135086.1,2018.0,Italy,human_or_clinical,Homo sapiens,oropharyngeal swab,,False,"ant(9)-Ia,blaI,blaPC1,blaR1,dfrG,glpT_A100V=POINT,glpT_F3I=POINT,lnu(B),lsa(E),murA_D278E=POINT,murA_E291D=POINT,tet(38),tet(M)"
PDS000175068.20,PDT001263852.1,2020.0,Italy,environment,,"farm environment, drinker",,True,"ant(9)-Ia,blaI,blaPC1,blaR1,dfrG,glpT_A100V=POINT,glpT_F3I=POINT,lnu(B),lsa(E),mecA,murA_D278E=POINT,murA_E291D=POINT,tet(K),tet(M)"
PDS000175068.20,PDT001294507.1,2018.0,Germany,livestock,Sus scrofa,,,True,"ant(9)-Ia,blaI,blaPC1,blaR1,dfrG,erm(C),glpT_A100V=POINT,glpT_F3I=POINT,lnu(B),lsa(E),mecA,murA_D278E=POINT,murA_E291D=POINT,str,tet(38),tet(K),tet(M)"
PDS000175068.20,PDT001362555.1,2018.0,Spain,livestock,Sus scrofa,,,True,"ant(9)-Ia,blaI,blaPC1,blaR1,dfrG,glpT_A100V=POINT,glpT_F3I=POINT,lnu(B),lsa(E),mecA,murA_D278E=POINT,murA_E291D=POINT,str,tet(38),tet(K),tet(M)"
PDS000175068.20,PDT001378288.1,2016.0,China,livestock,Sus scrofa,,,True,"ant(9)-Ia,blaI,blaPC1,blaR1,cfr=PARTIAL,dfrG,erm(C),fexA,glpT_A100V=POINT,glpT_F3I=POINT,lnu(B),lsa(E),mecA,murA_D278E=POINT,murA_E291D=POINT,tet(38),tet(K),tet(M)"
PDS000175068.20,PDT001385672.1,2021.0,China,environment,,airborne dust,,True,"ant(9)-Ia,blaI,blaPC1,blaR1,cfr,dfrG,fexA,glpT_A100V=POINT,glpT_F3I=POINT,lnu(B),lsa(E),mecA,murA_D278E=POINT,murA_E291D=POINT,tet(K),tet(M)"
PDS000175068.20,PDT001409732.1,2018.0,China,livestock,,pig,,True,"ant(9)-Ia,blaI,blaPC1,blaR1,dfrG,erm(C),glpT_A100V=POINT,glpT_F3I=POINT,lnu(B),lsa(E),mecA,murA_D278E=POINT,murA_E291D=POINT,str=PARTIAL_END_OF_CONTIG,tet(38),tet(K),tet(M)"
PDS000175068.20,PDT001454598.1,2017.0,Japan,livestock,Sus scrofa domesticus,,,True,"ant(9)-Ia,blaI,blaPC1,blaR1,dfrG,glpT_A100V=POINT,glpT_F3I=POINT,lnu(B),lsa(E),mecA,murA_D278E=POINT,murA_E291D=POINT,tet(38),tet(K),tet(M)"
PDS000175068.20,PDT001454600.1,2017.0,Japan,livestock,Sus scrofa domesticus,,,True,"ant(9)-Ia,blaI,blaPC1,blaR1,dfrG,glpT_A100V=POINT,glpT_F3I=POINT,lnu(B),lsa(E),mecA,murA_D278E=POINT,murA_E291D=POINT,tet(38),tet(K),tet(M)"
PDS000175068.20,PDT001454601.1,2018.0,Japan,livestock,Sus scrofa domesticus,,,True,"ant(9)-Ia,blaI,blaPC1,blaR1,dfrG,glpT_A100V=POINT,glpT_F3I=POINT,lnu(B),lsa(E),mecA,murA_D278E=POINT,murA_E291D=POINT,tet(38),tet(K),tet(M)"
PDS000175068.20,PDT001454602.1,2018.0,Japan,livestock,Sus scrofa domesticus,,,True,"ant(9)-Ia,blaI,blaPC1,blaR1,dfrG,fexA,glpT_A100V=POINT,glpT_F3I=POINT,lnu(B),lsa(E),mecA,murA_D278E=POINT,murA_E291D=POINT,tet(38),tet(K),tet(M)"
PDS000175068.20,PDT001454612.1,2019.0,Japan,livestock,Sus scrofa domesticus,,,True,"ant(9)-Ia,blaI,blaI=PARTIAL_END_OF_CONTIG,blaPC1,blaR1,dfrG,glpT_A100V=POINT,glpT_F3I=POINT,lnu(B),lsa(E),mecA,murA_D278E=POINT,murA_E291D=POINT,tet(38),tet(K),tet(M),vga(E),vga(E)=PARTIAL_END_OF_CONTIG"
PDS000175068.20,PDT001454613.1,2019.0,Japan,livestock,Sus scrofa domesticus,,,True,"ant(9)-Ia,blaI,blaPC1,blaR1,dfrG,glpT_A100V=POINT,glpT_F3I=POINT,lnu(B),lsa(E),mecA,murA_D278E=POINT,murA_E291D=POINT,tet(38),tet(K),tet(M),vga(E),vga(E)=PARTIAL_END_OF_CONTIG"
PDS000175068.20,PDT001454614.1,2019.0,Japan,livestock,Sus scrofa domesticus,,,True,"ant(9)-Ia,blaI,blaPC1,blaR1,dfrG,glpT_A100V=POINT,glpT_F3I=POINT,lnu(B),lsa(E),mecA,murA_D278E=POINT,murA_E291D=POINT,tet(38),tet(K),tet(M),vga(E),vga(E)=PARTIAL_END_OF_CONTIG"
PDS000175068.20,PDT001454617.1,2019.0,Japan,livestock,Sus scrofa domesticus,,,True,"ant(9)-Ia,blaI,blaI=PARTIAL_END_OF_CONTIG,blaPC1,blaR1,blaR1=PARTIAL_END_OF_CONTIG,dfrG,glpT_A100V=POINT,glpT_F3I=POINT,lnu(B),lsa(E),mecA,murA_D278E=POINT,murA_E291D=POINT,str,tet(38),tet(K),tet(M)"
PDS000175068.20,PDT001454621.1,2019.0,Japan,livestock,Sus scrofa domesticus,,,True,"ant(9)-Ia,blaI,blaPC1,blaR1=PARTIAL_END_OF_CONTIG,dfrG,glpT_A100V=POINT,glpT_F3I=POINT,lnu(B),lsa(E),mecA,murA_D278E=POINT,murA_E291D=POINT,str,tet(38),tet(K),tet(M)"
PDS000175068.20,PDT001454622.1,2019.0,Japan,livestock,Sus scrofa domesticus,,,True,"ant(9)-Ia,blaI,blaPC1,blaR1,blaR1=PARTIAL_END_OF_CONTIG,blaZ=PARTIAL_END_OF_CONTIG,dfrG,glpT_A100V=POINT,glpT_F3I=POINT,lnu(B),lsa(E),mecA,murA_D278E=POINT,murA_E291D=POINT,str,tet(38),tet(K),tet(M)"
PDS000175068.20,PDT001454627.1,2016.0,Japan,livestock,Sus scrofa domesticus,,,True,"ant(9)-Ia,blaI,blaPC1,blaR1,dfrG,glpT_A100V=POINT,glpT_F3I=POINT,lnu(B),lsa(E),mecA,murA_D278E=POINT,murA_E291D=POINT,str,tet(38),tet(K),tet(M)"
PDS000175068.20,PDT001454628.1,2016.0,Japan,livestock,Sus scrofa domesticus,,,True,"ant(9)-Ia,blaI,blaPC1,blaR1,dfrG,glpT_A100V=POINT,glpT_F3I=POINT,lnu(B),lsa(E),mecA,murA_D278E=POINT,murA_E291D=POINT,str,tet(38),tet(K)"
PDS000175068.20,PDT001454633.1,2016.0,Japan,livestock,Sus scrofa domesticus,,,True,"ant(9)-Ia,blaI,blaPC1,blaR1,dfrG,glpT_A100V=POINT,glpT_F3I=POINT,lnu(B),lsa(E),mecA,murA_D278E=POINT,murA_E291D=POINT,str,tet(38),tet(K),tet(M)"
PDS000175068.20,PDT001454635.1,2016.0,Japan,livestock,Sus scrofa domesticus,,,True,"ant(9)-Ia,blaI,blaPC1,blaR1,dfrG,glpT_A100V=POINT,glpT_F3I=POINT,lnu(B),lsa(E),mecA,murA_D278E=POINT,murA_E291D=POINT,str,tet(38),tet(K),tet(M)"
PDS000175068.20,PDT001454636.1,2016.0,Japan,livestock,Sus scrofa domesticus,,,True,"ant(9)-Ia,blaI,blaPC1,blaR1,dfrG,glpT_A100V=POINT,glpT_F3I=POINT,lnu(B),lsa(E),mecA,murA_D278E=POINT,murA_E291D=POINT,str,tet(38),tet(K),tet(M)"
PDS000175068.20,PDT001454637.1,2016.0,Japan,livestock,Sus scrofa domesticus,,,True,"ant(9)-Ia,blaI,blaPC1,blaR1,dfrG,glpT_A100V=POINT,glpT_F3I=POINT,lnu(B),lsa(E),mecA,murA_D278E=POINT,murA_E291D=POINT,tet(38),tet(K),tet(M)"
PDS000175068.20,PDT001454638.1,2016.0,Japan,livestock,Sus scrofa domesticus,,,True,"ant(9)-Ia,blaI,blaPC1,blaR1,dfrG,glpT_A100V=POINT,glpT_F3I=POINT,lnu(B),lsa(E),mecA,murA_D278E=POINT,murA_E291D=POINT,tet(38),tet(K)"
PDS000175068.20,PDT001454641.1,2017.0,Japan,livestock,Sus scrofa domesticus,,,True,"ant(9)-Ia,blaI,blaPC1,blaR1,dfrG,glpT_A100V=POINT,glpT_F3I=POINT,lnu(B),lsa(E),mecA,murA_D278E=POINT,murA_E291D=POINT,tet(38),tet(K),tet(M)"
PDS000175068.20,PDT001454642.1,2017.0,Japan,livestock,Sus scrofa domesticus,,,True,"ant(9)-Ia,blaI,blaPC1,blaR1,dfrG,glpT_A100V=POINT,glpT_F3I=POINT,lnu(B),lsa(E),mecA,murA_D278E=POINT,murA_E291D=POINT,str,tet(38),tet(K),tet(M)"
PDS000175068.20,PDT001454650.1,2018.0,Japan,livestock,Sus scrofa domesticus,,,True,"ant(9)-Ia,blaI,blaPC1,blaR1,dfrG,glpT_A100V=POINT,glpT_F3I=POINT,lnu(B),lsa(E),mecA,murA_D278E=POINT,murA_E291D=POINT,str,tet(38),tet(K),tet(M)"
PDS000175068.20,PDT001500829.1,2017.0,Denmark,human_or_clinical,Homo sapiens,,,True,"ant(9)-Ia,blaI,blaPC1,blaR1,dfrG,glpT_A100V=POINT,glpT_F3I=POINT,lnu(B),lsa(E),mecA,murA_D278E=POINT,murA_E291D=POINT,tet(38),tet(K),tet(M)"
PDS000175068.20,PDT001500832.1,2017.0,Denmark,human_or_clinical,Homo sapiens,,,True,"ant(9)-Ia,blaI,blaPC1,blaR1,dfrG,erm(C),glpT_A100V=POINT,glpT_F3I=POINT,lnu(B),lsa(E),mecA,murA_D278E=POINT,murA_E291D=POINT,tet(38),tet(K),tet(M)"
PDS000175068.20,PDT001500851.1,2018.0,Denmark,human_or_clinical,Homo sapiens,,,True,"ant(9)-Ia,blaI,blaPC1,blaR1,dfrG,erm(C),glpT_A100V=POINT,glpT_F3I=POINT,lnu(B),lsa(E),mecA,murA_D278E=POINT,murA_E291D=POINT,str,tet(38),tet(K),tet(M)"
PDS000175068.20,PDT001500894.1,2018.0,Denmark,human_or_clinical,Homo sapiens,,,True,"ant(9)-Ia,blaI,blaPC1,blaR1,dfrG,erm(C),glpT_A100V=POINT,glpT_F3I=POINT,lnu(B),lsa(E),mecA,murA_D278E=POINT,murA_E291D=POINT,tet(38),tet(K),tet(M)"
PDS000175068.20,PDT001500905.1,2018.0,Denmark,human_or_clinical,Homo sapiens,,,True,"ant(9)-Ia,blaI,blaPC1,blaR1,dfrG,glpT_A100V=POINT,glpT_F3I=POINT,lnu(B),lsa(E),mecA,murA_D278E=POINT,murA_E291D=POINT,str,str=PARTIAL_END_OF_CONTIG,tet(38),tet(K),tet(M)"
PDS000175068.20,PDT001500906.1,2017.0,Denmark,human_or_clinical,Homo sapiens,,,True,"ant(9)-Ia,blaI,blaPC1,blaR1,dfrG,glpT_A100V=POINT,glpT_F3I=POINT,lnu(B),lsa(E),mecA,murA_D278E=POINT,murA_E291D=POINT,tet(38),tet(K),tet(M)"
PDS000175068.20,PDT001500907.1,2018.0,Denmark,human_or_clinical,Homo sapiens,,,True,"aac(6')-Ie/aph(2'')-Ia,ant(9)-Ia,blaI,blaPC1,blaR1,dfrG,erm(C),glpT_A100V=POINT,glpT_F3I=POINT,lnu(B),lsa(E),mecA,murA_D278E=POINT,murA_E291D=POINT,tet(38),tet(K),tet(M)"
PDS000175068.20,PDT001500910.1,2018.0,Denmark,human_or_clinical,Homo sapiens,skin and soft tissue infection,,True,"ant(9)-Ia,blaI,blaPC1,blaR1,dfrG,erm(C),glpT_A100V=POINT,glpT_F3I=POINT,lnu(B),lsa(E),mecA,murA_D278E=POINT,murA_E291D=POINT,tet(38),tet(K),tet(M)"
PDS000238066.5,PDT000175315.2,2015.0,Finland,livestock,Pig,Farm,,True,"ant(9)-Ia,blaI,blaR1=HMM,blaZ,erm(B),glpT_A100V=POINT,glpT_F3I=POINT,lnu(B),lsa(E),mecA,murA_D278E=POINT,murA_E291D=POINT,tet(38),tet(K),tet(M)"
PDS000238066.5,PDT000175316.2,2015.0,Finland,livestock,Pig,Farm,,True,"ant(9)-Ia,blaI,blaR1=HMM,blaZ,erm(B),glpT_A100V=POINT,glpT_F3I=POINT,lnu(B),lsa(E),mecA,murA_D278E=POINT,murA_E291D=POINT,tet(38),tet(K),tet(M)"
PDS000238066.5,PDT000202144.2,2015.0,Germany,unknown,,,,True,"ant(9)-Ia,blaI,blaZ,erm(A),glpT_A100V=POINT,glpT_F3I=POINT,mecA,murA_D278E=POINT,murA_E291D=POINT,tet(38),tet(K),tet(M),vga(E)"
PDS000238066.5,PDT000202155.2,2015.0,Germany,unknown,,,,True,"blaI,blaZ,glpT_A100V=POINT,glpT_F3I=POINT,mecA,murA_D278E=POINT,murA_E291D=POINT,str,tet(38),tet(K),tet(M)"
PDS000238066.5,PDT000202363.2,2015.0,Germany,unknown,,,,True,"apmA,blaI,blaZ,blaZ=PARTIAL_END_OF_CONTIG,erm(B),glpT_A100V=POINT,glpT_F3I=POINT,mecA,murA_D278E=POINT,murA_E291D=POINT,tet(38),tet(K),tet(M)"
PDS000238066.5,PDT000202476.2,2015.0,Germany,unknown,,,,True,"blaI,blaZ,glpT_A100V=POINT,glpT_F3I=POINT,mecA,murA_D278E=POINT,murA_E291D=POINT,tet(38),tet(K),tet(M)"
PDS000238066.5,PDT000202501.2,2015.0,Germany,unknown,,,,True,"aadD1,apmA,blaI,blaZ,dfrK,erm(B),erm(B)=PARTIAL_END_OF_CONTIG,glpT_A100V=POINT,glpT_F3I=POINT,mecA,murA_D278E=POINT,murA_E291D=POINT,str,tet(38),tet(K),tet(L),tet(M)"
PDS000238066.5,PDT000204631.2,2016.0,Denmark,livestock,Bos taurus,Udder,,True,"ant(9)-Ia,blaI=PARTIAL_END_OF_CONTIG,blaZ,erm(B),glpT_A100V=POINT,glpT_F3I=POINT,lnu(B),lsa(E),mecA,murA_D278E=POINT,murA_E291D=POINT,tet(K),tet(M)"
PDS000238066.5,PDT000654981.2,2015.0,Denmark,human_or_clinical,Homo sapiens,nose swab,,True,"ant(9)-Ia,blaI,blaZ,erm(B),glpT_A100V=POINT,glpT_F3I=POINT,lnu(B),lsa(E),mecA,murA_D278E=POINT,murA_E291D=POINT,str,tet(38),tet(K),tet(M)"
PDS000238066.5,PDT000654984.2,2015.0,Denmark,human_or_clinical,Homo sapiens,Tissue from foot,,True,"blaI,blaR1=HMM,blaZ,glpT_A100V=POINT,glpT_F3I=POINT,lnu(B),lsa(E),mecA,murA_D278E=POINT,murA_E291D=POINT,spw=PARTIAL,tet(K),tet(M)"
PDS000238066.5,PDT000654990.2,2015.0,Denmark,human_or_clinical,Homo sapiens,nose swab,,True,"blaI,blaR1=HMM,blaZ,glpT_A100V=POINT,glpT_F3I=POINT,mecA,murA_D278E=POINT,murA_E291D=POINT,tet(38),tet(K),tet(M)"
PDS000238066.5,PDT000654999.2,2015.0,Denmark,human_or_clinical,Homo sapiens,Wound swab,,True,"ant(9)-Ia,blaZ,erm(B),glpT_A100V=POINT,glpT_F3I=POINT,lnu(B),lsa(E),mecA,murA_D278E=POINT,murA_E291D=POINT,tet(K),tet(M)"
PDS000238066.5,PDT001219079.1,2018.0,Germany,human_or_clinical,Homo sapiens,hospital,,True,"blaI,blaR1=HMM,blaZ,glpT_A100V=POINT,glpT_F3I=POINT,mecA,murA_D278E=POINT,murA_E291D=POINT,tet(38),tet(K),tet(M)"
PDS000238066.5,PDT001292753.1,2018.0,Italy,livestock,Sus scrofa,SWAB FROM SKIN TISSUE,,True,"aadD1,apmA,blaI,blaR1=HMM,blaZ,dfrK,erm(B),glpT_A100V=POINT,glpT_F3I=POINT,lnu(B),lsa(E),mecA,murA_D278E=POINT,murA_E291D=POINT,spw,tet(38),tet(K),tet(L),tet(M)"
PDS000238066.5,PDT001294503.1,2019.0,Germany,livestock,Sus scrofa,,,True,"glpT_A100V=POINT,glpT_F3I=POINT,mecA,murA_D278E=POINT,murA_E291D=POINT,tet(38),tet(K),tet(M)"
PDS000238066.5,PDT001294513.1,2017.0,Germany,livestock,Sus scrofa,,,True,"aadD1,apmA,blaI,blaZ,dfrK,erm(B),glpT_A100V=POINT,glpT_F3I=POINT,mecA,murA_D278E=POINT,murA_E291D=POINT,str,tet(38),tet(K),tet(L),tet(M)"
PDS000238066.5,PDT001294517.1,2018.0,Germany,livestock,Sus scrofa,,,True,"blaI,blaZ,glpT_A100V=POINT,glpT_F3I=POINT,mecA,murA_D278E=POINT,murA_E291D=POINT,tet(38),tet(K),tet(M)"
PDS000238066.5,PDT001294525.1,2016.0,Germany,livestock,Sus scrofa,,,True,"aadD1,apmA,blaI,blaZ,dfrK,erm(B),glpT_A100V=POINT,glpT_F3I=POINT,mecA,murA_D278E=POINT,murA_E291D=POINT,str,tet(38),tet(K),tet(L),tet(M),vga(A)"
PDS000238066.5,PDT001294534.1,2016.0,Germany,livestock,Sus scrofa,,,True,"ant(9)-Ia,blaI,blaZ,erm(A),glpT_A100V=POINT,glpT_F3I=POINT,mecA,murA_D278E=POINT,murA_E291D=POINT,str,tet(38),tet(K),tet(M),vga(E)"
PDS000238066.5,PDT001294539.1,2015.0,Germany,livestock,Sus scrofa,,,True,"blaI,blaZ,glpT_A100V=POINT,glpT_F3I=POINT,mecA,murA_D278E=POINT,murA_E291D=POINT,str=PARTIAL_END_OF_CONTIG,tet(38),tet(K),tet(M)"
PDS000238066.5,PDT001294540.1,2015.0,Germany,livestock,Sus scrofa,,,True,"blaI,blaZ,glpT_A100V=POINT,glpT_F3I=POINT,lnu(A),mecA,murA_D278E=POINT,murA_E291D=POINT,tet(38),tet(K),tet(M)"
PDS000238066.5,PDT001336415.1,2019.0,Italy,livestock,Sus scrofa,SWAB FROM SKIN TISSUE,,True,"blaI,blaR1=HMM,blaZ,glpT_A100V=POINT,glpT_F3I=POINT,lnu(B),lsa(E),mecA,murA_D278E=POINT,murA_E291D=POINT,spw,tet(38),tet(K),tet(M)"
PDS000238066.5,PDT001336422.1,2020.0,Italy,human_or_clinical,Homo sapiens,,,True,"blaI,blaR1=HMM,blaZ,glpT_A100V=POINT,glpT_F3I=POINT,lnu(B),lsa(E),mecA,murA_D278E=POINT,murA_E291D=POINT,spw,str,tet(38),tet(K),tet(M)"
PDS000238066.5,PDT001501244.1,2018.0,Denmark,human_or_clinical,Homo sapiens,,,True,"ant(9)-Ia,blaZ,blaZ=PARTIAL_END_OF_CONTIG,erm(B),glpT_A100V=POINT,glpT_F3I=POINT,lnu(B),lsa(E),mecA,murA_D278E=POINT,murA_E291D=POINT,tet(38),tet(K),tet(M)"
PDS000238066.5,PDT001501712.1,2017.0,Denmark,human_or_clinical,Homo sapiens,,,True,"ant(9)-Ia,blaI,blaR1=HMM,blaZ,blaZ=PARTIAL,dfrG,glpT_A100V=POINT,glpT_F3I=POINT,lnu(B),lsa(E),mecA,murA_D278E=POINT,murA_E291D=POINT,tet(38),tet(K),tet(M)"
PDS000238066.5,PDT001557571.1,2016.0,Denmark,livestock,Bos taurus,Foremilk,,True,"ant(9)-Ia,blaI=PARTIAL_END_OF_CONTIG,blaZ,erm(B),glpT_A100V=POINT,glpT_F3I=POINT,lnu(B),lsa(E),mecA,murA_D278E=POINT,murA_E291D=POINT,tet(38),tet(K),tet(M)"
PDS000238066.5,PDT001559204.1,2017.0,Netherlands,human_or_clinical,Homo sapiens,not collected,,True,"aadD1,apmA,blaI,blaR1=HMM,blaZ,dfrK,erm(B),glpT_A100V=POINT,glpT_F3I=POINT,mecA,murA_D278E=POINT,murA_E291D=POINT,tet(38),tet(K),tet(L),tet(M)"
PDS000238066.5,PDT001559286.1,2017.0,Netherlands,human_or_clinical,Homo sapiens,not collected,,True,"blaI,blaR1=HMM,blaZ,glpT_A100V=POINT,glpT_F3I=POINT,mecA,murA_D278E=POINT,murA_E291D=POINT,tet(38),tet(K),tet(M)"
PDS000238066.5,PDT001559334.1,2018.0,Netherlands,human_or_clinical,Homo sapiens,not collected,,True,"blaI,blaR1=HMM,blaZ,glpT_A100V=POINT,glpT_F3I=POINT,mecA,murA_D278E=POINT,murA_E291D=POINT,tet(38),tet(K),tet(M)"
PDS000238066.5,PDT001559506.1,2017.0,Netherlands,human_or_clinical,Homo sapiens,not collected,,True,"blaI,blaR1=HMM,blaZ,glpT_A100V=POINT,glpT_F3I=POINT,mecA,murA_D278E=POINT,murA_E291D=POINT,tet(38),tet(K),tet(M)"
PDS000238066.5,PDT001559508.1,2017.0,Netherlands,human_or_clinical,Homo sapiens,not collected,,True,"blaI,blaR1=HMM,blaZ,glpT_A100V=POINT,glpT_F3I=POINT,mecA,murA_D278E=POINT,murA_E291D=POINT,tet(38),tet(K),tet(M)"
PDS000238066.5,PDT001559543.1,2017.0,Netherlands,human_or_clinical,Homo sapiens,not collected,,True,"blaI,blaR1=HMM,blaZ,glpT_A100V=POINT,glpT_F3I=POINT,mecA,murA_D278E=POINT,murA_E291D=POINT,tet(38),tet(K),tet(M)"
PDS000238066.5,PDT001559643.1,2018.0,Netherlands,human_or_clinical,Homo sapiens,not collected,,True,"blaI,blaR1=HMM,blaZ,glpT_A100V=POINT,glpT_F3I=POINT,mecA,murA_D278E=POINT,murA_E291D=POINT,str,tet(38),tet(K),tet(M)"
PDS000238066.5,PDT001559709.1,2017.0,Netherlands,human_or_clinical,Homo sapiens,not collected,,True,"blaI,blaR1=HMM,blaZ,glpT_A100V=POINT,glpT_F3I=POINT,mecA,murA_D278E=POINT,murA_E291D=POINT,tet(38),tet(K),tet(M)"
PDS000238066.5,PDT001559716.1,2017.0,Netherlands,human_or_clinical,Homo sapiens,not collected,,True,"blaI,blaR1=HMM,blaZ,glpT_A100V=POINT,glpT_F3I=POINT,mecA,murA_D278E=POINT,murA_E291D=POINT,tet(38),tet(K),tet(M)"
PDS000238066.5,PDT001559830.1,2018.0,Netherlands,human_or_clinical,Homo sapiens,not collected,,True,"blaI,blaR1=HMM,blaZ,glpT_A100V=POINT,glpT_F3I=POINT,mecA,murA_D278E=POINT,murA_E291D=POINT,tet(38),tet(K),tet(M)"
PDS000238066.5,PDT001559845.1,2018.0,Netherlands,human_or_clinical,Homo sapiens,not collected,,True,"blaI,blaR1=HMM,blaZ,glpT_A100V=POINT,glpT_F3I=POINT,mecA,murA_D278E=POINT,murA_E291D=POINT,tet(38),tet(K),tet(M)"
PDS000238066.5,PDT001559884.1,2017.0,Netherlands,human_or_clinical,Homo sapiens,not collected,,True,"blaI,blaR1=HMM,blaZ,glpT_A100V=POINT,glpT_F3I=POINT,mecA,murA_D278E=POINT,murA_E291D=POINT,tet(38),tet(K),tet(M)"
PDS000238066.5,PDT001559901.1,2017.0,Netherlands,human_or_clinical,Homo sapiens,not collected,,True,"blaI,blaR1=HMM,blaZ,glpT_A100V=POINT,glpT_F3I=POINT,mecA,murA_D278E=POINT,murA_E291D=POINT,tet(38),tet(K),tet(M)"
PDS000238066.5,PDT001559914.1,2017.0,Netherlands,human_or_clinical,Homo sapiens,not collected,,True,"blaI,blaR1=HMM,blaZ,glpT_A100V=POINT,glpT_F3I=POINT,mecA,murA_D278E=POINT,murA_E291D=POINT,tet(38),tet(K),tet(M)"
PDS000238066.5,PDT001559938.1,2017.0,Netherlands,human_or_clinical,Homo sapiens,not collected,,True,"ant(9)-Ia,blaI,blaR1=HMM,blaZ,erm(B),glpT_A100V=POINT,glpT_F3I=POINT,lnu(B),lsa(E),mecA,murA_D278E=POINT,murA_E291D=POINT,tet(38),tet(K),tet(M)"
PDS000238066.5,PDT001560964.1,2019.0,Netherlands,human_or_clinical,Homo sapiens,not collected,,True,"apmA,blaI,blaR1=HMM,blaZ,erm(B),glpT_A100V=POINT,glpT_F3I=POINT,mecA,murA_D278E=POINT,murA_E291D=POINT,tet(38),tet(K),tet(M)"
PDS000238066.5,PDT001561026.1,2020.0,Netherlands,human_or_clinical,Homo sapiens,not collected,,True,"blaI,blaR1=HMM,blaZ,fexA,glpT_A100V=POINT,glpT_F3I=POINT,mecA,murA_D278E=POINT,murA_E291D=POINT,tet(38),tet(K),tet(M)"
PDS000238066.5,PDT001561086.1,2019.0,Netherlands,human_or_clinical,Homo sapiens,not collected,,True,"blaI,blaR1=HMM,blaZ,dfrK,fexA,glpT_A100V=POINT,glpT_F3I=POINT,mecA,murA_D278E=POINT,murA_E291D=POINT,tet(38),tet(K),tet(L),tet(M)"
PDS000238066.5,PDT001561099.1,2019.0,Netherlands,human_or_clinical,Homo sapiens,not collected,,True,"blaI,blaR1=HMM,blaZ,glpT_A100V=POINT,glpT_F3I=POINT,mecA,murA_D278E=POINT,murA_E291D=POINT,tet(38),tet(K),tet(M)"
PDS000238066.5,PDT001561174.1,2019.0,Netherlands,human_or_clinical,Homo sapiens,not collected,,True,"blaI,blaR1=HMM,blaZ,glpT_A100V=POINT,glpT_F3I=POINT,mecA,murA_D278E=POINT,murA_E291D=POINT,tet(38),tet(K),tet(M)"
PDS000238066.5,PDT001561216.1,2019.0,Netherlands,human_or_clinical,Homo sapiens,not collected,,True,"blaI,blaR1=HMM,blaZ,glpT_A100V=POINT,glpT_F3I=POINT,mecA,murA_D278E=POINT,murA_E291D=POINT,tet(38),tet(K),tet(M)"
PDS000238066.5,PDT001561356.1,2019.0,Netherlands,human_or_clinical,Homo sapiens,not collected,,True,"blaI,blaR1=HMM,blaZ,glpT_A100V=POINT,glpT_F3I=POINT,mecA,murA_D278E=POINT,murA_E291D=POINT,tet(38),tet(K),tet(M)"
PDS000238066.5,PDT001561388.1,2019.0,Netherlands,human_or_clinical,Homo sapiens,not collected,,True,"dfrK,glpT_A100V=POINT,glpT_F3I=POINT,mecA,murA_D278E=POINT,murA_E291D=POINT,tet(38),tet(K),tet(M)"
PDS000238066.5,PDT001561481.1,2020.0,Netherlands,human_or_clinical,Homo sapiens,not collected,,True,"blaI,blaR1=HMM,blaZ,glpT_A100V=POINT,glpT_F3I=POINT,mecA,murA_D278E=POINT,murA_E291D=POINT,tet(38),tet(K),tet(M)"
PDS000093745.10,PDT001099918.1,2017.0,Canada,human_or_clinical,Equus caballus,left hindlimb fetlock wound,,True,"aac(6')-Ie/aph(2'')-Ia,blaI,blaR1,blaZ=PARTIAL,dfrS1,erm(C),folP_E208K=POINT,folP_F17L=POINT,fosB,gyrA_S84L=POINT,mecA,mecR1=PARTIAL,murA_G257D=POINT,parC_S80Y=POINT,rpoB_H481N=POINT,rpoB_I527M=POINT,tet(38),tet(M)"
PDS000093745.10,PDT001099920.1,2017.0,Canada,human_or_clinical,Equus caballus,chronic wound,,True,"folP_E208K=POINT,folP_F17L=POINT,fosB,gyrA_S84L=POINT,mecA,mecR1=PARTIAL,murA_G257D=POINT,parC_S80Y=POINT,rpoB_H481N=POINT,rpoB_I527M=POINT,tet(38),tet(M)"
PDS000093745.10,PDT001566586.1,2021.0,Netherlands,human_or_clinical,Homo sapiens,not collected,,True,"aac(6')-Ie/aph(2'')-Ia,blaI,blaPC1,blaR1,blaZ=PARTIAL_END_OF_CONTIG,dfrS1,folP_E208K=POINT,folP_F17L=POINT,fosB,gyrA_S84L=POINT,mecA,mecR1=PARTIAL,murA_G257D=POINT,parC_S80Y=POINT,rpoB_H481N=POINT,rpoB_I527M=POINT,tet(38),tet(M)"
PDS000093745.10,PDT002383574.1,2022.0,Netherlands,environment,,environment,,True,"aac(6')-Ie/aph(2'')-Ia,blaI,blaPC1,blaR1,blaZ=PARTIAL,dfrS1,erm(C),folP_E208K=POINT,folP_F17L=POINT,fosB,gyrA_S84L=POINT,mecA,mecR1=PARTIAL,murA_G257D=POINT,parC_S80Y=POINT,rpoB_H481N=POINT,rpoB_I527M=POINT,tet(38),tet(M)"
PDS000093745.10,PDT002383576.1,2022.0,Netherlands,environment,,environment,,True,"aac(6')-Ie/aph(2'')-Ia,blaI,blaPC1,blaR1,blaZ=PARTIAL,dfrS1,erm(C),folP_E208K=POINT,folP_F17L=POINT,fosB,gyrA_S84L=POINT,mecA,mecR1=PARTIAL,murA_G257D=POINT,parC_S80Y=POINT,rpoB_H481N=POINT,rpoB_I527M=POINT,tet(38),tet(M)"
PDS000093745.10,PDT002383577.1,2022.0,Netherlands,companion_animal,,equine,,True,"aac(6')-Ie/aph(2'')-Ia,blaI,blaPC1,blaR1,blaZ=PARTIAL,dfrS1,erm(C),folP_E208K=POINT,folP_F17L=POINT,fosB,gyrA_S84L=POINT,mecA,mecR1=PARTIAL,murA_G257D=POINT,parC_S80Y=POINT,rpoB_H481N=POINT,rpoB_I527M=POINT,tet(38),tet(M)"
PDS000093745.10,PDT002383578.1,2022.0,Netherlands,companion_animal,,equine,,True,"aac(6')-Ie/aph(2'')-Ia,blaI,blaPC1,blaR1,blaZ=PARTIAL,dfrS1,erm(C)=PARTIAL_END_OF_CONTIG,folP_E208K=POINT,folP_F17L=POINT,fosB,gyrA_S84L=POINT,mecA,mecR1=PARTIAL,murA_G257D=POINT,parC_S80Y=POINT,rpoB_H481N=POINT,rpoB_I527M=POINT,tet(38),tet(M)"
PDS000093745.10,PDT002383579.1,2022.0,Netherlands,environment,,environment,,True,"aac(6')-Ie/aph(2'')-Ia,blaI,blaPC1,blaR1,blaZ=PARTIAL,dfrS1,erm(C),erm(C)=PARTIAL_END_OF_CONTIG,folP_E208K=POINT,folP_F17L=POINT,fosB,gyrA_S84L=POINT,mecA,mecR1=PARTIAL,murA_G257D=POINT,parC_S80Y=POINT,rpoB_H481N=POINT,rpoB_I527M=POINT,tet(38),tet(M)"
PDS000093745.10,PDT002611048.1,2023.0,France,companion_animal,horse,,,True,"aac(6')-Ie/aph(2'')-Ia,blaI,blaR1,blaZ=PARTIAL_END_OF_CONTIG,dfrS1,erm(C),folP_E208K=POINT,folP_F17L=POINT,fosB,gyrA_S84L=POINT,mecA,mecR1=PARTIAL,murA_G257D=POINT,parC_S80Y=POINT,rpoB_H481N=POINT,rpoB_I527M=POINT,tet(38),tet(M)"
PDS000093745.10,PDT002611051.1,2023.0,France,companion_animal,horse,,,True,"aac(6')-Ie/aph(2'')-Ia,blaI,blaR1,blaZ=PARTIAL_END_OF_CONTIG,dfrS1,erm(C),folP_E208K=POINT,folP_F17L=POINT,fosB,gyrA_S84L=POINT,mecA,mecR1=PARTIAL,murA_G257D=POINT,parC_S80Y=POINT,rpoB_H481N=POINT,rpoB_I527M=POINT,tet(38),tet(M)"
PDS000093745.10,PDT002611066.1,2022.0,France,companion_animal,dog,,,True,"aac(6')-Ie/aph(2'')-Ia,blaI,blaR1,blaZ=PARTIAL_END_OF_CONTIG,dfrS1,folP_E208K=POINT,folP_F17L=POINT,fosB,gyrA_S84L=POINT,mecA,mecR1=PARTIAL,murA_G257D=POINT,parC_S80Y=POINT,rpoB_H481N=POINT,rpoB_I527M=POINT,tet(38),tet(M)"
PDS000093745.10,PDT002611073.1,2022.0,France,companion_animal,horse,,,True,"aac(6')-Ie/aph(2'')-Ia,blaI,blaR1,blaZ=PARTIAL_END_OF_CONTIG,dfrS1,erm(C),folP_E208K=POINT,folP_F17L=POINT,fosB,gyrA_S84L=POINT,mecA,mecR1=PARTIAL,murA_G257D=POINT,parC_S80Y=POINT,rpoB_H481N=POINT,rpoB_I527M=POINT,tet(38),tet(M)"
PDS000093745.10,PDT002611086.1,2022.0,France,companion_animal,horse,,,True,"aac(6')-Ie/aph(2'')-Ia,blaI,blaR1,blaZ=PARTIAL_END_OF_CONTIG,dfrS1,erm(C),folP_E208K=POINT,folP_F17L=POINT,fosB,gyrA_S84L=POINT,mecA,mecR1=PARTIAL,murA_G257D=POINT,parC_S80Y=POINT,rpoB_H481N=POINT,rpoB_I527M=POINT,tet(38),tet(K),tet(M)"
PDS000093745.10,PDT002611088.1,2022.0,France,companion_animal,dog,,,True,"aac(6')-Ie/aph(2'')-Ia,blaI,blaR1,blaZ=PARTIAL_END_OF_CONTIG,dfrS1,erm(C),folP_E208K=POINT,folP_F17L=POINT,fosB,gyrA_S84L=POINT,mecA,mecR1=PARTIAL,murA_G257D=POINT,parC_S80Y=POINT,rpoB_H481N=POINT,rpoB_I527M=POINT,tet(38),tet(K),tet(M)"
PDS000093745.10,PDT002611089.1,2022.0,France,companion_animal,dog,,,True,"aac(6')-Ie/aph(2'')-Ia,blaI,blaR1,blaZ=PARTIAL_END_OF_CONTIG,dfrS1,erm(C),folP_E208K=POINT,folP_F17L=POINT,fosB,gyrA_S84L=POINT,mecA,mecR1=PARTIAL,murA_G257D=POINT,parC_S80Y=POINT,rpoB_H481N=POINT,rpoB_I527M=POINT,tet(38),tet(M)"
PDS000093745.10,PDT002611091.1,2022.0,France,companion_animal,horse,,,True,"aac(6')-Ie/aph(2'')-Ia,blaI,blaR1,blaZ=PARTIAL_END_OF_CONTIG,dfrS1,erm(C),folP_E208K=POINT,folP_F17L=POINT,fosB,gyrA_S84L=POINT,mecA,mecR1=PARTIAL,murA_G257D=POINT,parC_S80Y=POINT,rpoB_H481N=POINT,rpoB_I527M=POINT,tet(38),tet(M)"
PDS000093745.10,PDT002611094.1,2022.0,France,companion_animal,horse,,,True,"aac(6')-Ie/aph(2'')-Ia,blaI,blaR1,blaZ=PARTIAL_END_OF_CONTIG,dfrS1,erm(C),folP_E208K=POINT,folP_F17L=POINT,fosB,gyrA_S84L=POINT,mecA,mecR1=PARTIAL,murA_G257D=POINT,parC_S80Y=POINT,rpoB_H481N=POINT,rpoB_I527M=POINT,tet(38),tet(K),tet(M)"
PDS000093745.10,PDT002611096.1,2022.0,France,companion_animal,horse,,,True,"aac(6')-Ie/aph(2'')-Ia,blaI,blaR1,blaZ=PARTIAL_END_OF_CONTIG,dfrS1,folP_E208K=POINT,folP_F17L=POINT,fosB,gyrA_S84L=POINT,mecA,mecR1=PARTIAL,murA_G257D=POINT,parC_S80Y=POINT,rpoB_H481N=POINT,rpoB_I527M=POINT,tet(38),tet(M)"
PDS000093745.10,PDT002611097.1,2022.0,France,companion_animal,horse,,,True,"aac(6')-Ie/aph(2'')-Ia,blaI,blaR1,blaZ=PARTIAL_END_OF_CONTIG,dfrS1,erm(C),folP_E208K=POINT,folP_F17L=POINT,fosB,gyrA_S84L=POINT,mecA,mecR1=PARTIAL,murA_G257D=POINT,parC_S80Y=POINT,rpoB_H481N=POINT,rpoB_I527M=POINT,tet(38),tet(M)"
PDS000093745.10,PDT002611098.1,2022.0,France,companion_animal,horse,,,True,"aac(6')-Ie/aph(2'')-Ia,blaI,blaR1,blaZ=PARTIAL_END_OF_CONTIG,dfrS1,erm(C),folP_E208K=POINT,folP_F17L=POINT,fosB,gyrA_S84L=POINT,mecA,mecR1=PARTIAL,murA_G257D=POINT,parC_S80Y=POINT,rpoB_H481N=POINT,rpoB_I527M=POINT,tet(38),tet(M)"
PDS000093745.10,PDT002611099.1,2022.0,France,companion_animal,horse,,,True,"aac(6')-Ie/aph(2'')-Ia,blaI,blaR1,blaZ=PARTIAL_END_OF_CONTIG,dfrS1,folP_E208K=POINT,folP_F17L=POINT,fosB,gyrA_S84L=POINT,mecA,mecR1=PARTIAL,murA_G257D=POINT,parC_S80Y=POINT,rpoB_H481N=POINT,rpoB_I527M=POINT,tet(38),tet(M)"
PDS000093745.10,PDT002611101.1,2022.0,France,companion_animal,horse,,,True,"aac(6')-Ie/aph(2'')-Ia,blaI,blaR1,blaZ=PARTIAL_END_OF_CONTIG,dfrS1,erm(C)=PARTIAL_END_OF_CONTIG,folP_E208K=POINT,folP_F17L=POINT,fosB,gyrA_S84L=POINT,mecA,mecR1=PARTIAL,murA_G257D=POINT,parC_S80Y=POINT,rpoB_H481N=POINT,rpoB_I527M=POINT,tet(38),tet(M)"
PDS000093745.10,PDT002611102.1,2022.0,France,companion_animal,horse,,,True,"aac(6')-Ie/aph(2'')-Ia,blaI,blaR1,blaZ=PARTIAL_END_OF_CONTIG,dfrS1,erm(C),folP_E208K=POINT,folP_F17L=POINT,fosB,gyrA_S84L=POINT,mecA,mecR1=PARTIAL,murA_G257D=POINT,parC_S80Y=POINT,rpoB_H481N=POINT,rpoB_I527M=POINT,tet(38),tet(M)"
PDS000093745.10,PDT002611104.1,2022.0,France,companion_animal,horse,,,True,"aac(6')-Ie/aph(2'')-Ia,blaI,blaR1,blaZ=PARTIAL_END_OF_CONTIG,dfrS1,folP_E208K=POINT,folP_F17L=POINT,fosB,gyrA_S84L=POINT,mecA,mecR1=PARTIAL,murA_G257D=POINT,parC_S80Y=POINT,rpoB_H481N=POINT,rpoB_I527M=POINT,tet(38),tet(M)"
PDS000093745.10,PDT002611110.1,2022.0,France,companion_animal,horse,,,True,"aac(6')-Ie/aph(2'')-Ia,blaI,blaR1,blaZ=PARTIAL_END_OF_CONTIG,dfrS1,erm(C)=PARTIAL_END_OF_CONTIG,folP_E208K=POINT,folP_F17L=POINT,fosB,gyrA_S84L=POINT,mecA,mecR1=PARTIAL,murA_G257D=POINT,parC_S80Y=POINT,rpoB_H481N=POINT,rpoB_I527M=POINT,tet(38),tet(M)"
PDS000093745.10,PDT002611111.1,2022.0,France,companion_animal,horse,,,True,"aac(6')-Ie/aph(2'')-Ia,blaI,blaR1,blaZ=PARTIAL_END_OF_CONTIG,dfrS1,erm(C),folP_E208K=POINT,folP_F17L=POINT,fosB,gyrA_S84L=POINT,mecA,mecR1=PARTIAL,murA_G257D=POINT,parC_S80Y=POINT,rpoB_H481N=POINT,rpoB_I527M=POINT,tet(38),tet(M)"
PDS000093745.10,PDT002611114.1,2022.0,France,companion_animal,horse,,,True,"aac(6')-Ie/aph(2'')-Ia,blaI,blaR1,blaZ=PARTIAL_END_OF_CONTIG,dfrS1,erm(C),folP_E208K=POINT,folP_F17L=POINT,fosB,gyrA_S84L=POINT,mecA,mecR1=PARTIAL,murA_G257D=POINT,parC_S80Y=POINT,rpoB_H481N=POINT,rpoB_I527M=POINT,tet(38),tet(M)"
PDS000093745.10,PDT002611118.1,2022.0,France,companion_animal,horse,,,True,"aac(6')-Ie/aph(2'')-Ia,blaI,blaR1,blaZ=PARTIAL_END_OF_CONTIG,dfrS1,erm(C),folP_E208K=POINT,folP_F17L=POINT,fosB,gyrA_S84L=POINT,mecA,mecR1=PARTIAL,murA_G257D=POINT,parC_S80Y=POINT,rpoB_H481N=POINT,rpoB_I527M=POINT,tet(38),tet(M)"
PDS000093745.10,PDT002611120.1,2022.0,France,companion_animal,horse,,,True,"aac(6')-Ie/aph(2'')-Ia,blaI,blaR1,blaZ=PARTIAL_END_OF_CONTIG,dfrS1,folP_E208K=POINT,folP_F17L=POINT,fosB,gyrA_S84L=POINT,mecA,mecR1=PARTIAL,murA_G257D=POINT,parC_S80Y=POINT,rpoB_H481N=POINT,rpoB_I527M=POINT,tet(38),tet(M)"
PDS000093745.10,PDT002611121.1,2022.0,France,companion_animal,horse,,,True,"aac(6')-Ie/aph(2'')-Ia,blaI,blaR1,blaZ=PARTIAL_END_OF_CONTIG,dfrS1,erm(C)=PARTIAL_END_OF_CONTIG,folP_E208K=POINT,folP_F17L=POINT,fosB,gyrA_S84L=POINT,mecA,mecR1=PARTIAL,murA_G257D=POINT,parC_S80Y=POINT,rpoB_H481N=POINT,rpoB_I527M=POINT,tet(38),tet(M)"
PDS000093745.10,PDT002611122.1,2022.0,France,companion_animal,horse,,,True,"aac(6')-Ie/aph(2'')-Ia,blaI,blaR1,blaZ=PARTIAL_END_OF_CONTIG,dfrS1,erm(C),folP_E208K=POINT,folP_F17L=POINT,fosB,gyrA_S84L=POINT,mecA,mecR1=PARTIAL,murA_G257D=POINT,parC_S80Y=POINT,rpoB_H481N=POINT,rpoB_I527M=POINT,tet(38),tet(M)"
PDS000093745.10,PDT002611124.1,2022.0,France,companion_animal,horse,,,True,"aac(6')-Ie/aph(2'')-Ia,blaI,blaR1,blaZ=PARTIAL_END_OF_CONTIG,dfrS1,folP_E208K=POINT,folP_F17L=POINT,fosB,gyrA_S84L=POINT,mecA,mecR1=PARTIAL,murA_G257D=POINT,parC_S80Y=POINT,rpoB_H481N=POINT,rpoB_I527M=POINT,tet(38),tet(M)"
PDS000093745.10,PDT002611125.1,2022.0,France,companion_animal,horse,,,True,"aac(6')-Ie/aph(2'')-Ia,blaI,blaR1,blaZ=PARTIAL_END_OF_CONTIG,dfrS1,erm(C),folP_E208K=POINT,folP_F17L=POINT,fosB,gyrA_S84L=POINT,mecA,mecR1=PARTIAL,murA_G257D=POINT,parC_S80Y=POINT,rpoB_H481N=POINT,rpoB_I527M=POINT,tet(38),tet(M)"
PDS000093745.10,PDT002611127.1,2022.0,France,companion_animal,horse,,,True,"aac(6')-Ie/aph(2'')-Ia,blaI,blaR1,blaZ=PARTIAL_END_OF_CONTIG,dfrS1,erm(C),folP_E208K=POINT,folP_F17L=POINT,fosB,gyrA_S84L=POINT,mecA,mecR1=PARTIAL,murA_G257D=POINT,parC_S80Y=POINT,rpoB_H481N=POINT,rpoB_I527M=POINT,tet(38),tet(M)"
PDS000093745.10,PDT002611128.1,2022.0,France,companion_animal,horse,,,True,"aac(6')-Ie/aph(2'')-Ia,blaI,blaR1,blaZ=PARTIAL_END_OF_CONTIG,dfrS1,erm(C),folP_E208K=POINT,folP_F17L=POINT,fosB,gyrA_S84L=POINT,mecA,mecR1=PARTIAL,murA_G257D=POINT,parC_S80Y=POINT,rpoB_H481N=POINT,rpoB_I527M=POINT,tet(38),tet(M)"
PDS000093745.10,PDT002611129.1,2022.0,France,companion_animal,horse,,,True,"aac(6')-Ie/aph(2'')-Ia,blaI,blaR1,blaZ=PARTIAL_END_OF_CONTIG,dfrS1,erm(C),folP_E208K=POINT,folP_F17L=POINT,fosB,gyrA_S84L=POINT,mecA,mecR1=PARTIAL,murA_G257D=POINT,parC_S80Y=POINT,rpoB_H481N=POINT,rpoB_I527M=POINT,tet(38),tet(M)"
PDS000093745.10,PDT002650701.1,2023.0,Netherlands,companion_animal,,equine,,True,"aac(6')-Ie/aph(2'')-Ia,blaI,blaPC1,blaR1,blaZ=PARTIAL,dfrS1,folP_E208K=POINT,folP_F17L=POINT,fosB,gyrA_S84L=POINT,mecA,mecR1=PARTIAL,murA_G257D=POINT,parC_S80Y=POINT,rpoB_H481N=POINT,rpoB_I527M=POINT,tet(38),tet(M)"
PDS000093745.10,PDT002650702.1,2023.0,Netherlands,companion_animal,,equine,,True,"blaI,blaPC1,blaR1,erm(C),folP_E208K=POINT,folP_F17L=POINT,fosB,gyrA_S84L=POINT,mecA,mecR1=PARTIAL,murA_G257D=POINT,parC_S80Y=POINT,rpoB_H481N=POINT,rpoB_I527M=POINT,tet(38),tet(M)"
PDS000093745.10,PDT002650703.1,2023.0,Netherlands,companion_animal,,equine,,True,"aac(6')-Ie/aph(2'')-Ia,blaI,blaPC1,blaR1,blaZ=PARTIAL,dfrS1,folP_E208K=POINT,folP_F17L=POINT,fosB,gyrA_S84L=POINT,mecA,mecR1=PARTIAL,murA_G257D=POINT,parC_S80Y=POINT,rpoB_H481N=POINT,rpoB_I527M=POINT,tet(38),tet(M)"
PDS000093745.10,PDT002650704.1,2023.0,Netherlands,companion_animal,,equine,,True,"aac(6')-Ie/aph(2'')-Ia,blaI,blaPC1,blaR1,blaZ=PARTIAL,dfrS1,folP_E208K=POINT,folP_F17L=POINT,fosB,gyrA_S84L=POINT,mecA,mecR1=PARTIAL,murA_G257D=POINT,parC_S80Y=POINT,rpoB_H481N=POINT,rpoB_I527M=POINT,tet(38),tet(M)"
PDS000093745.10,PDT002650705.1,2023.0,Netherlands,environment,,environment,,True,"aac(6')-Ie/aph(2'')-Ia,blaI,blaPC1,blaR1,blaZ=PARTIAL,dfrS1,folP_E208K=POINT,folP_F17L=POINT,fosB,gyrA_S84L=POINT,mecA,mecR1=PARTIAL,murA_G257D=POINT,parC_S80Y=POINT,rpoB_H481N=POINT,rpoB_I527M=POINT,tet(38),tet(M)"
PDS000093745.10,PDT002650706.1,2023.0,Netherlands,companion_animal,,equine,,True,"aac(6')-Ie/aph(2'')-Ia,blaI,blaPC1,blaR1,blaZ=PARTIAL,dfrS1,folP_E208K=POINT,folP_F17L=POINT,fosB,gyrA_S84L=POINT,mecA,mecR1=PARTIAL,murA_G257D=POINT,parC_S80Y=POINT,rpoB_H481N=POINT,rpoB_I527M=POINT,tet(38),tet(M)"
PDS000093745.10,PDT002650707.1,2023.0,Netherlands,companion_animal,,equine,,True,"aac(6')-Ie/aph(2'')-Ia,blaI,blaPC1,blaR1,blaZ=PARTIAL_END_OF_CONTIG,dfrS1,erm(C)=PARTIAL_END_OF_CONTIG,folP_E208K=POINT,folP_F17L=POINT,fosB,gyrA_S84L=POINT,mecA,mecR1=PARTIAL,murA_G257D=POINT,parC_S80Y=POINT,rpoB_H481N=POINT,rpoB_I527M=POINT,tet(38),tet(M)"
PDS000093745.10,PDT002650708.1,2023.0,Netherlands,companion_animal,,equine,,True,"aac(6')-Ie/aph(2'')-Ia,blaI,blaPC1,blaR1,blaZ=PARTIAL,dfrS1,folP_E208K=POINT,folP_F17L=POINT,fosB,gyrA_S84L=POINT,mecA,mecR1=PARTIAL,murA_G257D=POINT,parC_S80Y=POINT,rpoB_H481N=POINT,rpoB_I527M=POINT,tet(38),tet(M)"
PDS000093745.10,PDT002650709.1,2022.0,Netherlands,companion_animal,,equine,,True,"aac(6')-Ie/aph(2'')-Ia,blaI,blaPC1,blaR1,blaZ=PARTIAL,dfrS1,erm(C),folP_E208K=POINT,folP_F17L=POINT,fosB,gyrA_S84L=POINT,mecA,mecR1=PARTIAL,murA_G257D=POINT,parC_S80Y=POINT,rpoB_H481N=POINT,rpoB_I527M=POINT,tet(38),tet(M)"
PDS000093745.10,PDT002650710.1,2022.0,Netherlands,environment,,environment,,True,"aac(6')-Ie/aph(2'')-Ia,blaI,blaPC1,blaR1,blaZ=PARTIAL,dfrS1,erm(C),erm(C)=PARTIAL_END_OF_CONTIG,folP_E208K=POINT,folP_F17L=POINT,fosB,gyrA_S84L=POINT,mecA,mecR1=PARTIAL,murA_G257D=POINT,parC_S80Y=POINT,rpoB_H481N=POINT,rpoB_I527M=POINT,tet(38),tet(M)"
PDS000093745.10,PDT002650711.1,2023.0,Netherlands,companion_animal,,equine,,True,"aac(6')-Ie/aph(2'')-Ia,blaI,blaPC1,blaR1,blaZ=PARTIAL,dfrS1,erm(C),folP_E208K=POINT,folP_F17L=POINT,fosB,gyrA_S84L=POINT,mecA,mecR1=PARTIAL,murA_G257D=POINT,parC_S80Y=POINT,rpoB_H481N=POINT,rpoB_I527M=POINT,tet(38),tet(M)"
PDS000093745.10,PDT002650712.1,2023.0,Netherlands,companion_animal,,equine,,True,"aac(6')-Ie/aph(2'')-Ia,blaI,blaPC1,blaR1,blaZ=PARTIAL,dfrS1,folP_E208K=POINT,folP_F17L=POINT,fosB,gyrA_S84L=POINT,mecA,mecR1=PARTIAL,murA_G257D=POINT,parC_S80Y=POINT,rpoB_H481N=POINT,rpoB_I527M=POINT,tet(38),tet(M)"
PDS000093745.10,PDT002650713.1,2023.0,Netherlands,companion_animal,,equine,,True,"aac(6')-Ie/aph(2'')-Ia,blaI,blaPC1,blaR1,blaZ=PARTIAL,dfrS1,folP_E208K=POINT,folP_F17L=POINT,fosB,gyrA_S84L=POINT,mecA,mecR1=PARTIAL,murA_G257D=POINT,parC_S80Y=POINT,rpoB_H481N=POINT,rpoB_I527M=POINT,tet(38),tet(M)"
PDS000093745.10,PDT002650714.1,2023.0,Netherlands,companion_animal,,equine,,True,"aac(6')-Ie/aph(2'')-Ia,blaI,blaPC1,blaR1,blaZ=PARTIAL,dfrS1,erm(C)=PARTIAL_END_OF_CONTIG,folP_E208K=POINT,folP_F17L=POINT,fosB,gyrA_S84L=POINT,mecA,mecR1=PARTIAL,murA_G257D=POINT,parC_S80Y=POINT,rpoB_H481N=POINT,rpoB_I527M=POINT,tet(38),tet(M)"
PDS000069649.42,PDT001000790.1,2016.0,United States,human_or_clinical,Homo sapiens,Corneal Scraping,,False,"fosB,tet(38)"
PDS000069649.42,PDT001002086.1,2016.0,South Africa,environment,,water,,False,"blaI,blaR1,blaZ,fosB"
PDS000069649.42,PDT001224363.1,2015.0,China,food,,food,,False,"blaI,blaR1,blaZ,fosB,tet(38)"
PDS000069649.42,PDT001224428.1,2015.0,China,food,,food,,False,"blaI,blaR1,blaZ,fosB,tet(38)"
PDS000069649.42,PDT001224432.1,2015.0,China,food,,food,,False,"blaI,blaR1,blaZ,fosB,tet(38)"
PDS000069649.42,PDT001224435.1,2015.0,China,food,,food,,False,"blaI,blaR1,blaZ,fosB,tet(38)"
PDS000069649.42,PDT001224437.1,2015.0,China,food,,food,,False,"blaI,blaR1,blaZ,fosB,tet(38)"
PDS000069649.42,PDT001224605.1,2017.0,China,food,,food,,False,"blaI,blaR1,blaZ,fosB,tet(38)"
PDS000069649.42,PDT001224627.1,2017.0,China,food,,food,,False,"blaI,blaR1,blaZ,fosB,tet(38)"
PDS000069649.42,PDT001224629.1,2017.0,China,food,,food,,False,"blaI,blaR1,blaZ,fosB,tet(38)"
PDS000069649.42,PDT001224637.1,2017.0,China,food,,food,,False,"fosB,tet(38)"
PDS000069649.42,PDT001409754.1,2018.0,China,livestock,,duck,,False,"blaI,blaR1,blaZ,erm(C)=PARTIAL_END_OF_CONTIG,fosB,tet(38)"
PDS000069649.42,PDT001592260.1,2019.0,Algeria,unknown,,ready-to-eat foods,,False,"blaI,blaR1,blaZ,fosB,tet(38)"
PDS000069649.42,PDT001613055.1,2021.0,Denmark,human_or_clinical,Homo sapiens,,,False,"blaI,blaR1,blaZ,fosB"
PDS000069649.42,PDT002031954.1,2019.0,Saudi Arabia,human_or_clinical,Homo sapiens,env,,False,"blaI,blaR1,blaZ,fosB,tet(38)"
PDS000069649.42,PDT002099906.1,2022.0,Hungary,unknown,,,,False,"blaI,blaR1,blaZ,fosB,tet(38)"
PDS000069649.42,PDT002099907.1,2022.0,Hungary,unknown,,,,False,"blaI,blaR1,blaZ,fosB,tet(38)"
PDS000069649.42,PDT002099908.1,2022.0,Hungary,unknown,,,,False,"blaI,blaR1,blaZ,fosB,tet(38)"
PDS000069649.42,PDT002099909.1,2022.0,Hungary,unknown,,,,False,"blaI,blaR1,blaZ,fosB,tet(38)"
PDS000069649.42,PDT002099910.1,2022.0,Hungary,unknown,,,,False,"blaI,blaR1,blaZ,fosB,tet(38)"
PDS000069649.42,PDT002099911.1,2022.0,Hungary,unknown,,,,False,"blaI,blaR1,blaTEM=PARTIAL_END_OF_CONTIG,blaZ,fosB,tet(38)"
PDS000069649.42,PDT002099912.1,2022.0,Hungary,unknown,,,,False,"fosB,tet(38)"
PDS000069649.42,PDT002099913.1,2022.0,Hungary,unknown,,,,False,"blaTEM=PARTIAL_END_OF_CONTIG,fosB,tet(38)"
PDS000069649.42,PDT002099914.1,2022.0,Hungary,unknown,,,,False,"fosB,tet(38)"
PDS000069649.42,PDT002099915.1,2022.0,Hungary,unknown,,,,False,"fosB,tet(38)"
PDS000069649.42,PDT002099916.1,2022.0,Hungary,unknown,,,,False,"fosB,tet(38)"
PDS000069649.42,PDT002099917.1,2022.0,Hungary,unknown,,,,False,"fosB,tet(38)"
PDS000069649.42,PDT002099918.1,2022.0,Hungary,unknown,,,,False,"fosB,tet(38)"
PDS000069649.42,PDT002099919.1,2022.0,Hungary,unknown,,,,False,"fosB,tet(38)"
PDS000069649.42,PDT002099920.1,2022.0,Hungary,unknown,,,,False,"fosB,tet(38)"
PDS000069649.42,PDT002099921.1,2022.0,Hungary,unknown,,,,False,"blaTEM=PARTIAL_END_OF_CONTIG,fosB,tet(38)"
PDS000069649.42,PDT002099922.1,2022.0,Hungary,unknown,,,,False,"fosB,tet(38)"
PDS000069649.42,PDT002099923.1,2022.0,Hungary,unknown,,,,False,"blaTEM=PARTIAL_END_OF_CONTIG,fosB,tet(38)"
PDS000069649.42,PDT002099924.1,2022.0,Hungary,unknown,,,,False,"fosB,tet(38)"
PDS000069649.42,PDT002099925.1,2022.0,Hungary,unknown,,,,False,"fosB,tet(38)"
PDS000069649.42,PDT002099926.1,2022.0,Hungary,unknown,,,,False,"fosB,tet(38)"
PDS000069649.42,PDT002099927.1,2022.0,Hungary,unknown,,,,False,"fosB,tet(38)"
PDS000069649.42,PDT002099928.1,2022.0,Hungary,unknown,,,,False,"blaI,blaZ,cls_F60S=POINT,fosB,mprF_S337L=POINT,tet(38)"
PDS000069649.42,PDT002099929.1,2022.0,Hungary,unknown,,,,False,"blaI,blaR1,blaR1=PARTIAL_END_OF_CONTIG,blaZ,cls_A23V=POINT,fosB,mprF_P314L=POINT,tet(38)"
PDS000069649.42,PDT002099930.1,2022.0,Hungary,unknown,,,,False,"blaI,blaR1,blaTEM=PARTIAL_END_OF_CONTIG,blaZ,fosB,mprF_P314L=POINT,tet(38)"
PDS000069649.42,PDT002099931.1,2022.0,Hungary,unknown,,,,False,"blaI,blaR1,blaZ,cls_A23V=POINT,fosB,mprF_S295L=POINT,tet(38)"
PDS000069649.42,PDT002099932.1,2022.0,Hungary,unknown,,,,False,"fosB,mprF_L826F=POINT,tet(38)"
PDS000069649.42,PDT002099933.1,2022.0,Hungary,unknown,,,,False,"blaI,blaR1,blaTEM=PARTIAL_END_OF_CONTIG,blaZ,fosB,mprF_L826F=POINT,tet(38)"
PDS000069649.42,PDT002099934.1,2022.0,Hungary,unknown,,,,False,"blaI,blaR1,blaR1=PARTIAL_END_OF_CONTIG,blaZ,cls_L52F=POINT,fosB,mprF_L826F=POINT,tet(38)"
PDS000069649.42,PDT002099935.1,2022.0,Hungary,unknown,,,,False,"cls_A23V=POINT,fosB,mprF_P314L=POINT,tet(38)"
PDS000069649.42,PDT002099936.1,2022.0,Hungary,unknown,,,,False,"fosB,mprF_P314L=POINT,tet(38)"
PDS000069649.42,PDT002099937.1,2022.0,Hungary,unknown,,,,False,"blaI,blaR1,blaZ,cls_F60S=POINT,fosB,mprF_P314L=POINT,tet(38)"
PDS000069649.42,PDT002099938.1,2022.0,Hungary,unknown,,,,False,"blaI,blaR1,blaZ,fosB,tet(38)"
PDS000069649.42,PDT002099939.1,2022.0,Hungary,unknown,,,,False,"blaI,blaR1,blaZ,fosB,tet(38)"
PDS000069649.42,PDT002099940.1,2022.0,Hungary,unknown,,,,False,"blaI,blaR1,blaZ,fosB,tet(38)"
PDS000069053.33,PDT001325068.1,2019.0,China,unknown,,,,False,"fosB,glpT_A100V=POINT,glpT_V213I=POINT,murA_D278E=POINT,murA_E291D=POINT,tet(38)"
PDS000069053.33,PDT001325069.1,2019.0,China,unknown,,,,False,"fosB,glpT_A100V=POINT,glpT_V213I=POINT,murA_D278E=POINT,murA_E291D=POINT,tet(38)"
PDS000069053.33,PDT001325070.1,2019.0,China,unknown,,,,False,"fosB,glpT_A100V=POINT,glpT_V213I=POINT,murA_D278E=POINT,murA_E291D=POINT,rpoB_D471G=POINT,rpoB_S486L=POINT,tet(38)"
PDS000069053.33,PDT001613054.1,2022.0,United States,unknown,,,,False,"fosB,glpT_A100V=POINT,glpT_V213I=POINT,murA_D278E=POINT,murA_E291D=POINT"
PDS000069053.33,PDT001834725.1,2017.0,Tanzania,human_or_clinical,Homo sapiens,,,False,"fosB,glpT_A100V=POINT,glpT_V213I=POINT,murA_D278E=POINT,murA_E291D=POINT,tet(38),tet(K)=PARTIAL_END_OF_CONTIG"
PDS000069053.33,PDT001925618.1,2023.0,United States,unknown,,WVDA control strain,other,False,"fosB,glpT_A100V=POINT,glpT_V213I=POINT,murA_D278E=POINT,murA_E291D=POINT,tet(38)"
PDS000069053.33,PDT001955999.1,2022.0,South Africa,livestock,cow,milk,animal,False,"fosB,glpT_A100V=POINT,glpT_V213I=POINT,murA_D278E=POINT,murA_E291D=POINT"
PDS000069053.33,PDT002101140.1,2024.0,United States,unknown,,new culture swab,other,False,"fosB,glpT_A100V=POINT,glpT_V213I=POINT,murA_D278E=POINT,murA_E291D=POINT,tet(38)"
PDS000069053.33,PDT002132549.1,2021.0,Sri Lanka,human_or_clinical,Homo sapiens,,,False,"blaI,blaR1=MISTRANSLATION,blaZ=PARTIAL_END_OF_CONTIG,fosB,glpT_A100V=POINT,glpT_V213I=POINT,murA_D278E=POINT,murA_E291D=POINT"
PDS000069053.33,PDT002132600.1,2021.0,Sri Lanka,human_or_clinical,Homo sapiens,,,False,"fosB,glpT_A100V=POINT,glpT_V213I=POINT,murA_D278E=POINT,murA_E291D=POINT"
PDS000069053.33,PDT002132612.1,2021.0,Sri Lanka,human_or_clinical,Homo sapiens,,,False,"fosB,glpT_A100V=POINT,glpT_V213I=POINT,murA_D278E=POINT,murA_E291D=POINT"
PDS000069053.33,PDT002391984.1,2024.0,United States,unknown,,laboratory control strain,,False,"fosB,glpT_A100V=POINT,glpT_V213I=POINT,murA_D278E=POINT,murA_E291D=POINT,tet(38)"
PDS000069053.33,PDT002529266.1,2022.0,South Africa,food,,food,,False,"fosB,glpT_A100V=POINT,glpT_V213I=POINT,murA_D278E=POINT,murA_E291D=POINT,tet(38)"
PDS000069053.33,PDT002529267.1,2022.0,South Africa,food,,food,,False,"fosB,glpT_A100V=POINT,glpT_V213I=POINT,murA_D278E=POINT,murA_E291D=POINT,tet(38)"
PDS000069053.33,PDT002529268.1,2022.0,South Africa,food,,food,,False,"fosB,glpT_A100V=POINT,glpT_V213I=POINT,murA_D278E=POINT,murA_E291D=POINT,tet(38)"
PDS000069053.33,PDT002653656.1,2016.0,France,human_or_clinical,Homo sapiens sapiens,perioperative sample,,False,"fosB,glpT_A100V=POINT,glpT_V213I=POINT,murA_D278E=POINT,murA_E291D=POINT,tet(38)"
PDS000069053.33,PDT002658243.1,2023.0,United States,livestock,Bos taurus,teat apex,,False,"fosB,glpT_A100V=POINT,glpT_V213I=POINT,murA_D278E=POINT,murA_E291D=POINT,tet(38)"
PDS000069053.33,PDT002759110.1,2023.0,China,human_or_clinical,Homo sapiens,Bronchoalveolar lavage fluid,,False,"fosB,glpT_A100V=POINT,glpT_V213I=POINT,murA_D278E=POINT,murA_E291D=POINT"
PDS000069053.33,PDT002775418.1,2023.0,China,food,fish,gut,,False,"fosB,glpT_A100V=POINT,glpT_V213I=POINT,murA_D278E=POINT,murA_E291D=POINT"
PDS000069053.33,PDT003032534.1,2020.0,South Africa,human_or_clinical,Homo sapiens,Blood culture,,False,"fosB,glpT_A100V=POINT,glpT_V213I=POINT,murA_D278E=POINT,murA_E291D=POINT,tet(38)"
PDS000069053.33,PDT003061217.1,2023.0,South Africa,environment,,wastewater treatment plant,,False,"fosB,glpT_A100V=POINT,glpT_V213I=POINT,murA_D278E=POINT,murA_E291D=POINT,tet(38)"
PDS000069053.33,PDT003130919.1,2024.0,China,unknown,,BeNa Culture Collection,,False,"fosB,glpT_A100V=POINT,glpT_V213I=POINT,murA_D278E=POINT,murA_E291D=POINT,tet(38)"
PDS000144312.8,PDT000601392.2,2015.0,Australia,human_or_clinical,Homo sapiens,Farm workers,,True,"erm(C),fexA,glpT_A100V=POINT,mecA,mecR1=PARTIAL,murA_E291D=POINT,murA_T396N=POINT,tet(L)"
PDS000144312.8,PDT000601393.2,2015.0,Australia,human_or_clinical,Homo sapiens,Farm workers,,True,"blaI,blaR1,blaZ,erm(C),fexA,glpT_A100V=POINT,mecA,mecR1=PARTIAL,murA_E291D=POINT,murA_T396N=POINT,tet(L)"
PDS000144312.8,PDT000601394.2,2015.0,Australia,human_or_clinical,Homo sapiens,Farm workers,,True,"blaI,blaR1,blaZ,fexA,glpT_A100V=POINT,mecA,mecR1=PARTIAL,murA_E291D=POINT,murA_T396N=POINT"
PDS000144312.8,PDT000601395.2,2015.0,Australia,human_or_clinical,Homo sapiens,Farm workers,,True,"blaI,blaR1,blaZ,fexA,glpT_A100V=POINT,mecA,mecR1=PARTIAL,murA_E291D=POINT,murA_T396N=POINT,tet(L)=PARTIAL_END_OF_CONTIG"
PDS000144312.8,PDT000601396.2,2015.0,Australia,human_or_clinical,Homo sapiens,Farm workers,,True,"blaI,blaR1,blaZ,erm(C),fexA,glpT_A100V=POINT,mecA,mecR1=PARTIAL,murA_E291D=POINT,murA_T396N=POINT"
PDS000144312.8,PDT000601397.2,2015.0,Australia,human_or_clinical,Homo sapiens,Farm workers,,True,"blaI,blaR1,blaZ=PARTIAL_END_OF_CONTIG,erm(C),fexA,glpT_A100V=POINT,mecA,mecR1=PARTIAL,murA_E291D=POINT,murA_T396N=POINT,tet(K)=PARTIAL_END_OF_CONTIG"
PDS000144312.8,PDT000601398.2,2015.0,Australia,human_or_clinical,Homo sapiens,Farm workers,,True,"blaI,blaR1,blaZ,erm(C),fexA,glpT_A100V=POINT,mecA,mecR1=PARTIAL,murA_E291D=POINT,murA_T396N=POINT"
PDS000144312.8,PDT000601399.2,2015.0,Australia,human_or_clinical,Homo sapiens,Farm workers,,True,"blaI,blaR1,blaZ,fexA,glpT_A100V=POINT,mecA,mecR1=PARTIAL,murA_E291D=POINT,murA_T396N=POINT"
PDS000144312.8,PDT000601400.2,2015.0,Australia,human_or_clinical,Homo sapiens,Farm workers,,True,"blaI,blaR1,blaZ,erm(C),fexA,glpT_A100V=POINT,mecA,mecR1=PARTIAL,murA_E291D=POINT,murA_T396N=POINT"
PDS000144312.8,PDT000601401.2,2015.0,Australia,human_or_clinical,Homo sapiens,Farm workers,,True,"blaI,blaR1,blaZ,erm(C),fexA,glpT_A100V=POINT,mecA,mecR1=PARTIAL,murA_E291D=POINT,murA_T396N=POINT"
PDS000144312.8,PDT000601402.2,2015.0,Australia,human_or_clinical,Homo sapiens,Farm workers,,True,"blaI,blaR1,blaZ,erm(C),fexA,glpT_A100V=POINT,mecA,mecR1=PARTIAL,murA_E291D=POINT,murA_T396N=POINT"
PDS000144312.8,PDT000601403.2,2015.0,Australia,human_or_clinical,Homo sapiens,Farm workers,,True,"blaI,blaR1,blaZ,erm(C),fexA,glpT_A100V=POINT,mecA,mecR1=PARTIAL,murA_E291D=POINT,murA_T396N=POINT"
PDS000144312.8,PDT000601404.2,2015.0,Australia,human_or_clinical,Homo sapiens,Farm workers,,True,"blaI,blaR1,blaZ=PARTIAL_END_OF_CONTIG,fexA,glpT_A100V=POINT,mecA,mecR1=PARTIAL,murA_E291D=POINT,murA_T396N=POINT"
PDS000144312.8,PDT000601405.2,2015.0,Australia,human_or_clinical,Homo sapiens,Farm workers,,True,"blaI,blaR1,blaZ,erm(C),fexA,glpT_A100V=POINT,mecA=MISTRANSLATION,mecR1=PARTIAL,murA_E291D=POINT,murA_T396N=POINT,tet(L)"
PDS000144312.8,PDT000601406.2,2015.0,Australia,human_or_clinical,Homo sapiens,Farm workers,,True,"blaI,blaR1,blaZ,erm(C),fexA,glpT_A100V=POINT,mecA,mecR1=PARTIAL,murA_E291D=POINT,murA_T396N=POINT,tet(38)"
PDS000144312.8,PDT000601407.2,2015.0,Australia,human_or_clinical,Homo sapiens,Farm workers,,True,"blaI,blaR1,blaZ,erm(C),fexA,glpT_A100V=POINT,mecA,mecR1=PARTIAL,murA_E291D=POINT,murA_T396N=POINT"
PDS000144312.8,PDT000601409.2,2015.0,Australia,human_or_clinical,Homo sapiens,Farm workers,,True,"blaI,blaR1,blaZ,erm(C),fexA,glpT_A100V=POINT,mecA,mecR1=PARTIAL,murA_E291D=POINT,murA_T396N=POINT"
PDS000144312.8,PDT000601410.2,2015.0,Australia,human_or_clinical,Homo sapiens,Farm workers,,True,"aadD1,blaI,blaR1,blaZ,erm(C),fexA,glpT_A100V=POINT,mecA,mecR1=PARTIAL,murA_E291D=POINT,murA_T396N=POINT,tet(L)"
PDS000144312.8,PDT000601411.2,2015.0,Australia,human_or_clinical,Homo sapiens,Farm workers,,True,"blaI,blaR1,blaZ,fexA,glpT_A100V=POINT,mecA,mecR1=PARTIAL,murA_E291D=POINT,murA_T396N=POINT"
PDS000144312.8,PDT000601412.2,2015.0,Australia,human_or_clinical,Homo sapiens,Farm workers,,True,"blaI,blaR1,blaZ=PARTIAL_END_OF_CONTIG,erm(C),fexA,glpT_A100V=POINT,mecA,mecR1=PARTIAL,murA_E291D=POINT,murA_T396N=POINT"
PDS000144312.8,PDT000601413.2,2015.0,Australia,human_or_clinical,Homo sapiens,Farm workers,,True,"blaI,blaR1,blaZ,erm(C),fexA,glpT_A100V=POINT,mecA,mecR1=PARTIAL,murA_E291D=POINT,murA_T396N=POINT"
PDS000144312.8,PDT000601414.2,2015.0,Australia,human_or_clinical,Homo sapiens,Farm workers,,True,"blaI,blaR1,blaZ,fexA,glpT_A100V=POINT,mecA,mecR1=PARTIAL,murA_E291D=POINT,murA_T396N=POINT"
PDS000144312.8,PDT000601415.2,2015.0,Australia,human_or_clinical,Homo sapiens,Farm workers,,True,"blaI,blaR1,blaZ,erm(C),fexA,glpT_A100V=POINT,mecA,mecR1=PARTIAL,murA_E291D=POINT,murA_T396N=POINT"
PDS000144312.8,PDT000601416.2,2015.0,Australia,human_or_clinical,Homo sapiens,Farm workers,,True,"blaI,blaR1,blaZ,erm(C),fexA,glpT_A100V=POINT,mecA,mecR1=PARTIAL,murA_E291D=POINT,murA_T396N=POINT"
PDS000144312.8,PDT000601417.2,2015.0,Australia,human_or_clinical,Homo sapiens,Farm workers,,True,"aadD1,blaI,blaR1,blaZ,erm(C),fexA,glpT_A100V=POINT,mecA,mecR1=PARTIAL,murA_E291D=POINT,murA_T396N=POINT,tet(38),tet(L)=PARTIAL_END_OF_CONTIG"
PDS000144312.8,PDT000601418.2,2015.0,Australia,human_or_clinical,Homo sapiens,Farm workers,,True,"blaI,blaR1,blaZ,fexA,glpT_A100V=POINT,mecA,mecR1=PARTIAL,murA_E291D=POINT,murA_T396N=POINT"
PDS000144312.8,PDT000601420.2,2015.0,Australia,human_or_clinical,Homo sapiens,Farm workers,,True,"blaI,blaR1,blaZ=PARTIAL_END_OF_CONTIG,erm(C)=PARTIAL_END_OF_CONTIG,fexA,glpT_A100V=POINT,mecA,mecR1=PARTIAL,murA_E291D=POINT,murA_T396N=POINT"
PDS000144312.8,PDT000601421.2,2015.0,Australia,human_or_clinical,Homo sapiens,Farm workers,,True,"blaI,blaR1=PARTIAL_END_OF_CONTIG,blaZ,erm(C),fexA,glpT_A100V=POINT,mecA,murA_E291D=POINT,murA_T396N=POINT"
PDS000144312.8,PDT000601422.2,2015.0,Australia,human_or_clinical,Homo sapiens,Farm workers,,True,"blaI,blaR1,blaZ=PARTIAL_END_OF_CONTIG,erm(C),fexA,glpT_A100V=POINT,mecA,mecR1=PARTIAL,murA_E291D=POINT,murA_T396N=POINT"
PDS000144312.8,PDT000601423.2,2015.0,Australia,human_or_clinical,Homo sapiens,Farm workers,,True,"blaI,blaR1,blaZ,erm(C),fexA,glpT_A100V=POINT,mecA,mecR1=PARTIAL,murA_E291D=POINT,murA_T396N=POINT,tet(L)=PARTIAL_END_OF_CONTIG"
PDS000144312.8,PDT000601425.2,2015.0,Australia,human_or_clinical,Homo sapiens,Farm workers,,True,"blaI,blaR1,blaZ,fexA,glpT_A100V=POINT,mecA,mecR1=PARTIAL,murA_E291D=POINT,murA_T396N=POINT"
PDS000144312.8,PDT000601426.2,2015.0,Australia,human_or_clinical,Homo sapiens,Farm workers,,True,"blaI,blaR1=PARTIAL_END_OF_CONTIG,blaZ=PARTIAL_END_OF_CONTIG,erm(C),fexA,glpT_A100V=POINT,mecA,mecR1=PARTIAL,murA_E291D=POINT,murA_T396N=POINT"
PDS000144312.8,PDT000601427.2,2015.0,Australia,human_or_clinical,Homo sapiens,Farm workers,,True,"blaI,blaR1,blaZ,erm(C),fexA,glpT_A100V=POINT,mecA,mecR1=PARTIAL,murA_E291D=POINT,murA_T396N=POINT"
PDS000144312.8,PDT000601428.2,2015.0,Australia,human_or_clinical,Homo sapiens,Farm workers,,True,"blaI,blaR1,blaZ,erm(C),fexA,glpT_A100V=POINT,mecA,mecR1=PARTIAL,murA_E291D=POINT,murA_T396N=POINT"
PDS000144312.8,PDT000601429.2,2015.0,Australia,human_or_clinical,Homo sapiens,Farm workers,,True,"blaI,blaR1,blaZ,erm(C),fexA,glpT_A100V=POINT,mecA,mecR1=PARTIAL,murA_E291D=POINT,murA_T396N=POINT,tet(L)"
PDS000144312.8,PDT000601430.2,2015.0,Australia,human_or_clinical,Homo sapiens,Farm workers,,True,"blaI,blaR1,blaZ=PARTIAL_END_OF_CONTIG,erm(C),fexA,glpT_A100V=POINT,mecA,mecR1=PARTIAL,murA_E291D=POINT,murA_T396N=POINT,tet(K)"
PDS000144312.8,PDT000601431.2,2015.0,Australia,livestock,Homo sapiens,Pig farm,,True,"blaI,blaR1,blaZ,erm(C),fexA,glpT_A100V=POINT,mecA,mecR1=PARTIAL,murA_E291D=POINT,murA_T396N=POINT"
PDS000144312.8,PDT000601432.2,2015.0,Australia,human_or_clinical,Homo sapiens,Farm workers,,True,"blaI,blaR1,blaZ,erm(C),fexA,glpT_A100V=POINT,mecA,mecR1=PARTIAL,murA_E291D=POINT,murA_T396N=POINT"
PDS000144312.8,PDT000601433.2,2015.0,Australia,human_or_clinical,Homo sapiens,Farm workers,,True,"blaI,blaR1,blaZ=PARTIAL_END_OF_CONTIG,erm(C),fexA,glpT_A100V=POINT,mecA,mecR1=PARTIAL,murA_E291D=POINT,murA_T396N=POINT,tet(L)=PARTIAL_END_OF_CONTIG"
PDS000144312.8,PDT000601434.2,2015.0,Australia,livestock,Homo sapiens,Pig farm,,True,"blaI,blaR1,blaZ,erm(C),fexA,glpT_A100V=POINT,mecA,mecR1=PARTIAL,murA_E291D=POINT,murA_T396N=POINT,tet(L)"
PDS000144312.8,PDT000601437.2,2015.0,Australia,livestock,Homo sapiens,Pig farm,,True,"blaI=PARTIAL_END_OF_CONTIG,blaR1,blaZ,erm(C),fexA,glpT_A100V=POINT,mecA,mecR1=PARTIAL,murA_E291D=POINT,murA_T396N=POINT"
PDS000144312.8,PDT000618932.1,2017.0,Australia,human_or_clinical,Homo sapiens,,,True,"blaI,blaR1,blaZ,blaZ=PARTIAL_END_OF_CONTIG,glpT_A100V=POINT,mecA,mecR1=PARTIAL,murA_E291D=POINT,murA_T396N=POINT,tet(38)"
PDS000144312.8,PDT000619002.1,2017.0,Australia,human_or_clinical,Homo sapiens,,,True,"blaI,blaR1,blaZ,blaZ=PARTIAL_END_OF_CONTIG,glpT_A100V=POINT,mecA,mecR1=PARTIAL,murA_E291D=POINT,murA_T396N=POINT,tet(38)"
PDS000144312.8,PDT000619007.1,2017.0,Australia,human_or_clinical,Homo sapiens,,,True,"blaI,blaR1,blaZ,blaZ=PARTIAL_END_OF_CONTIG,glpT_A100V=POINT,mecA,mecR1=PARTIAL,murA_E291D=POINT,murA_T396N=POINT,tet(38)"
PDS000144312.8,PDT000974333.1,2018.0,Australia,human_or_clinical,Homo sapiens,swab,,True,"blaI,blaR1,blaZ,blaZ=PARTIAL_END_OF_CONTIG,erm(C),glpT_A100V=POINT,mecA,mecR1=PARTIAL,murA_E291D=POINT,murA_T396N=POINT,tet(38)"
PDS000144312.8,PDT000974360.1,2018.0,Australia,human_or_clinical,Homo sapiens,Finger Swab,,True,"blaI,blaR1,blaZ,glpT_A100V=POINT,mecA,mecR1=PARTIAL,murA_E291D=POINT,murA_T396N=POINT,tet(38)"
PDS000144312.8,PDT000974377.1,2018.0,Australia,human_or_clinical,Homo sapiens,Chest Fluid,,True,"blaI,blaR1,blaZ,blaZ=PARTIAL_END_OF_CONTIG,glpT_A100V=POINT,mecA,mecR1=PARTIAL,murA_E291D=POINT,murA_T396N=POINT,tet(38)"
PDS000144312.8,PDT000974381.1,2018.0,Australia,human_or_clinical,Homo sapiens,Knee Swab,,True,"blaI,blaR1,blaZ,blaZ=PARTIAL_END_OF_CONTIG,glpT_A100V=POINT,mecA,mecR1=PARTIAL,murA_E291D=POINT,murA_T396N=POINT,tet(38)"
PDS000144312.8,PDT000974510.1,2018.0,Australia,human_or_clinical,Homo sapiens,swab,,True,"blaI,blaR1,blaZ,blaZ=PARTIAL_END_OF_CONTIG,glpT_A100V=POINT,mecA,mecR1=PARTIAL,murA_E291D=POINT,murA_T396N=POINT,tet(38)"
PDS000144312.8,PDT000974749.1,2018.0,Australia,human_or_clinical,Homo sapiens,Buttock Abscess,,True,"blaI,blaR1,blaZ,blaZ=PARTIAL_END_OF_CONTIG,glpT_A100V=POINT,mecA,mecR1=PARTIAL,murA_E291D=POINT,murA_T396N=POINT,tet(38)"
PDS000067777.38,PDT000202426.2,2015.0,Germany,unknown,,,,True,"aadD1,ant(6)-Ia,blaI,blaR1,blaZ,dfrG,erm(C),glpT_A100V=POINT,glpT_F3I=POINT,gyrA_S84L=POINT,lnu(B),lsa(E),mecA,murA_D278E=POINT,murA_E291D=POINT,parC_S80Y=POINT,spw,tet(38),tet(K),tet(M)"
PDS000067777.38,PDT000202500.2,2015.0,Germany,unknown,,,,True,"blaI,blaR1,blaZ,dfrG,glpT_A100V=POINT,glpT_F3I=POINT,gyrA_S84L=POINT,mecA,murA_D278E=POINT,murA_E291D=POINT,parC_S80Y=POINT,tet(38),tet(M)"
PDS000067777.38,PDT000355148.2,2016.0,Germany,livestock,pig,nose swab,,True,"aadD1,ant(6)-Ia,blaI,blaR1,blaZ,dfrG,fexA,glpT_A100V=POINT,glpT_F3I=POINT,gyrA_S84L=POINT,lnu(B),lsa(E),mecA,murA_D278E=POINT,murA_E291D=POINT,parC_S80Y=POINT,spw,tet(K),tet(M)"
PDS000067777.38,PDT000355151.2,2016.0,Germany,livestock,pig,nose swab,,False,"aadD1,ant(6)-Ia,blaI,blaR1,blaZ,dfrG,fexA,glpT_A100V=POINT,glpT_F3I=POINT,gyrA_S84L=POINT,lnu(B),lsa(E),murA_D278E=POINT,murA_E291D=POINT,parC_S80Y=POINT,spw,tet(K),tet(M)"
PDS000067777.38,PDT000655002.2,2015.0,Denmark,human_or_clinical,Homo sapiens,nose swab,,True,"aadD1,ant(6)-Ia,dfrG,glpT_A100V=POINT,glpT_F3I=POINT,gyrA_S84L=POINT,lnu(B),lsa(E),mecA,murA_D278E=POINT,murA_E291D=POINT,parC_S80Y=POINT,spw,tet(K),tet(M)"
PDS000067777.38,PDT000800494.2,2019.0,Germany,food,,dairy farm,,True,"blaI,blaR1,blaZ,dfrG,fexA,glpT_A100V=POINT,glpT_F3I=POINT,gyrA_S84L=POINT,mecA,murA_D278E=POINT,murA_E291D=POINT,parC_S80Y=POINT,tet(38),tet(K),tet(M)"
PDS000067777.38,PDT001117040.1,2017.0,Germany,human_or_clinical,Homo sapiens,wound from soft tissue infection (SSTI),,True,"blaI,blaR1,blaZ,dfrG,glpT_A100V=POINT,glpT_F3I=POINT,gyrA_S84L=POINT,mecA,murA_D278E=POINT,murA_E291D=POINT,parC_S80Y=POINT,tet(38),tet(K),tet(M)"
PDS000067777.38,PDT001294510.1,2018.0,Germany,livestock,Sus scrofa,,,True,"blaI,blaR1,blaZ,dfrG,fexA,glpT_A100V=POINT,glpT_F3I=POINT,gyrA_S84L=POINT,mecA,murA_D278E=POINT,murA_E291D=POINT,parC_S80Y=POINT,str,tet(38),tet(K),tet(M)"
PDS000067777.38,PDT001294512.1,2018.0,Germany,livestock,Sus scrofa,,,True,"aadD1,ant(6)-Ia,blaI,blaR1,blaZ,dfrG,erm(C),glpT_A100V=POINT,glpT_F3I=POINT,gyrA_S84L=POINT,lnu(B),lsa(E),mecA,murA_D278E=POINT,murA_E291D=POINT,parC_S80Y=POINT,spw,tet(38),tet(K),tet(M)"
PDS000067777.38,PDT001294515.1,2016.0,Germany,livestock,Sus scrofa,,,True,"blaI,blaR1,blaZ,dfrG,erm(C),glpT_A100V=POINT,glpT_F3I=POINT,gyrA_S84L=POINT,mecA,murA_D278E=POINT,murA_E291D=POINT,parC_S80Y=POINT,tet(38),tet(K),tet(M)"
PDS000067777.38,PDT001294516.1,2017.0,Germany,livestock,Sus scrofa,,,True,"aadD1,ant(6)-Ia,blaI,blaR1,blaZ,dfrG,glpT_A100V=POINT,glpT_F3I=POINT,gyrA_S84L=POINT,lnu(B),lsa(E),mecA,murA_D278E=POINT,murA_E291D=POINT,parC_S80Y=POINT,spw,tet(38),tet(K),tet(M)"
PDS000067777.38,PDT001294530.1,2016.0,Germany,livestock,Sus scrofa,,,True,"blaI,blaR1,blaZ,dfrG,erm(C)=PARTIAL_END_OF_CONTIG,glpT_A100V=POINT,glpT_F3I=POINT,gyrA_S84L=POINT,mecA,murA_D278E=POINT,murA_E291D=POINT,parC_S80Y=POINT,tet(38),tet(K),tet(M)"
PDS000067777.38,PDT001294532.1,2016.0,Germany,livestock,Sus scrofa,,,True,"blaI,blaR1,blaZ,dfrG,erm(C),fexA,glpT_A100V=POINT,glpT_F3I=POINT,gyrA_S84L=POINT,mecA,murA_D278E=POINT,murA_E291D=POINT,parC_S80Y=POINT,tet(38),tet(K),tet(M)"
PDS000067777.38,PDT001294533.1,2016.0,Germany,livestock,Sus scrofa,,,True,"aadD1,ant(6)-Ia,blaI,blaR1,blaZ,dfrG,fexA,glpT_A100V=POINT,glpT_F3I=POINT,gyrA_S84L=POINT,lnu(B),lsa(E),mecA,murA_D278E=POINT,murA_E291D=POINT,parC_S80Y=POINT,spw,tet(38),tet(K),tet(M)"
PDS000067777.38,PDT001294541.1,2016.0,Germany,livestock,Sus scrofa,,,True,"blaI,blaR1,blaZ,dfrG,erm(C)=PARTIAL_END_OF_CONTIG,glpT_A100V=POINT,glpT_F3I=POINT,gyrA_S84L=POINT,mecA,murA_D278E=POINT,murA_E291D=POINT,parC_S80Y=POINT,tet(38),tet(K),tet(M)"
PDS000067777.38,PDT001500960.1,2018.0,Denmark,human_or_clinical,Homo sapiens,,,True,"aadD1,ant(6)-Ia,blaI,blaR1,blaR1=PARTIAL_END_OF_CONTIG,blaZ,dfrG,glpT_A100V=POINT,glpT_F3I=POINT,gyrA_S84L=POINT,lnu(B),lsa(E),mecA,murA_D278E=POINT,murA_E291D=POINT,parC_S80Y=POINT,spw,tet(38),tet(K),tet(M)"
PDS000067777.38,PDT001501000.1,2018.0,Denmark,human_or_clinical,Homo sapiens,skin and soft tissue infection,,True,"aadD1,ant(6)-Ia,blaI,blaR1,blaZ,dfrG,glpT_A100V=POINT,glpT_F3I=POINT,gyrA_S84L=POINT,lnu(B),lsa(E),mecA,murA_D278E=POINT,murA_E291D=POINT,parC_S80Y=POINT,spw,tet(38),tet(K),tet(M)"
PDS000067777.38,PDT001501580.1,2017.0,Denmark,human_or_clinical,Homo sapiens,,,True,"aadD1,ant(6)-Ia,blaI,blaR1,blaZ,dfrG,glpT_A100V=POINT,glpT_F3I=POINT,gyrA_S84L=POINT,lnu(B),lsa(E),mecA,murA_D278E=POINT,murA_E291D=POINT,parC_S80Y=POINT,spw,tet(38),tet(K),tet(M)"
PDS000067777.38,PDT001506619.1,2018.0,Netherlands,human_or_clinical,Homo sapiens,Pus,,True,"aadD1,ant(6)-Ia,blaI,blaR1,blaZ,cfr,dfrG,erm(B),fexA,glpT_A100V=POINT,glpT_F3I=POINT,gyrA_S84L=POINT,lnu(B),lsa(E),mecA,murA_D278E=POINT,murA_E291D=POINT,parC_S80Y=POINT,spw,tet(K),tet(L),tet(M)"
PDS000067777.38,PDT001535851.1,2020.0,Denmark,human_or_clinical,Homo sapiens,Nasal cavity,,True,"aadD1,ant(6)-Ia,blaI,blaR1,blaZ,dfrG,glpT_A100V=POINT,glpT_F3I=POINT,gyrA_S84L=POINT,lnu(B),lsa(E),mecA,murA_D278E=POINT,murA_E291D=POINT,parC_S80Y=POINT,spw,tet(38),tet(K),tet(M)"
PDS000067777.38,PDT001559509.1,2017.0,Netherlands,human_or_clinical,Homo sapiens,not collected,,True,"blaI,blaR1,blaZ,dfrG,erm(C),glpT_A100V=POINT,glpT_F3I=POINT,gyrA_S84L=POINT,mecA,murA_D278E=POINT,murA_E291D=POINT,parC_S80Y=POINT,tet(38),tet(K),tet(M)"
PDS000067777.38,PDT001559523.1,2017.0,Netherlands,human_or_clinical,Homo sapiens,not collected,,True,"blaI,blaR1,blaZ,dfrG,glpT_A100V=POINT,glpT_F3I=POINT,gyrA_S84L=POINT,mecA,murA_D278E=POINT,murA_E291D=POINT,parC_S80Y=POINT,tet(38),tet(K),tet(M)"
PDS000067777.38,PDT001559532.1,2017.0,Netherlands,human_or_clinical,Homo sapiens,not collected,,True,"blaI,blaR1,blaZ,dfrG,erm(C),glpT_A100V=POINT,glpT_F3I=POINT,gyrA_S84L=POINT,mecA,murA_D278E=POINT,murA_E291D=POINT,parC_S80Y=POINT,tet(38),tet(K),tet(M)"
PDS000067777.38,PDT001559754.1,2017.0,Netherlands,human_or_clinical,Homo sapiens,not collected,,True,"blaI,blaR1,blaZ,dfrG,erm(C),glpT_A100V=POINT,glpT_F3I=POINT,gyrA_S84L=POINT,mecA,murA_D278E=POINT,murA_E291D=POINT,parC_S80Y=POINT,tet(38),tet(K),tet(M)"
PDS000067777.38,PDT001559794.1,2018.0,Netherlands,human_or_clinical,Homo sapiens,not collected,,True,"blaI,blaR1,blaZ,dfrG,glpT_A100V=POINT,glpT_F3I=POINT,gyrA_S84L=POINT,mecA,murA_D278E=POINT,murA_E291D=POINT,parC_S80Y=POINT,tet(38),tet(K),tet(M)"
PDS000067777.38,PDT001561115.1,2019.0,Netherlands,human_or_clinical,Homo sapiens,not collected,,True,"aadD1,ant(6)-Ia,blaI,blaR1,blaZ,dfrG,erm(C),fexA,glpT_A100V=POINT,glpT_F3I=POINT,gyrA_S84L=POINT,lnu(B),lsa(E),mecA,murA_D278E=POINT,murA_E291D=POINT,parC_S80Y=POINT,spw,tet(38),tet(K),tet(M)"
PDS000067777.38,PDT001561396.1,2019.0,Netherlands,human_or_clinical,Homo sapiens,not collected,,True,"aadD1,ant(6)-Ia,blaI,blaR1,blaZ,dfrG,erm(C),glpT_A100V=POINT,glpT_F3I=POINT,gyrA_S84L=POINT,lnu(B),lsa(E),mecA,murA_D278E=POINT,murA_E291D=POINT,parC_S80Y=POINT,spw,tet(38),tet(K),tet(M)"
PDS000067777.38,PDT001561521.1,2019.0,Netherlands,human_or_clinical,Homo sapiens,not collected,,True,"blaI,blaR1,blaZ,dfrG,fexA,glpT_A100V=POINT,glpT_F3I=POINT,gyrA_S84L=POINT,mecA,murA_D278E=POINT,murA_E291D=POINT,parC_S80Y=POINT,tet(38),tet(K),tet(M)"
PDS000067777.38,PDT001561547.1,2019.0,Netherlands,human_or_clinical,Homo sapiens,not collected,,True,"blaI,blaR1,blaZ,dfrG,glpT_A100V=POINT,glpT_F3I=POINT,gyrA_S84L=POINT,mecA,murA_D278E=POINT,murA_E291D=POINT,parC_S80Y=POINT,str,tet(38),tet(K),tet(M)"
PDS000067777.38,PDT001561574.1,2019.0,Netherlands,human_or_clinical,Homo sapiens,not collected,,True,"aadD1,ant(6)-Ia,blaI,blaR1,blaZ,dfrG,erm(C),fexA,glpT_A100V=POINT,glpT_F3I=POINT,gyrA_S84L=POINT,lnu(B),lsa(E),mecA,murA_D278E=POINT,murA_E291D=POINT,parC_S80Y=POINT,spw,tet(38),tet(K),tet(M)"
PDS000067777.38,PDT001561733.1,2019.0,Netherlands,human_or_clinical,Homo sapiens,not collected,,True,"aadD1,ant(6)-Ia,blaI,blaR1,blaZ,dfrG,dfrG=PARTIAL,dfrG=PARTIAL_END_OF_CONTIG,erm(C),glpT_A100V=POINT,glpT_F3I=POINT,gyrA_S84L=POINT,lnu(B),lsa(E),mecA,murA_D278E=POINT,murA_E291D=POINT,parC_S80Y=POINT,spw,tet(38),tet(K),tet(M)"
PDS000067777.38,PDT001562158.1,2020.0,Netherlands,human_or_clinical,Homo sapiens,not collected,,True,"aadD1,ant(6)-Ia,dfrG,glpT_A100V=POINT,glpT_F3I=POINT,gyrA_S84L=POINT,lnu(B),lsa(E),mecA,murA_D278E=POINT,murA_E291D=POINT,parC_S80Y=POINT,spw,tet(38),tet(K),tet(M)"
PDS000067777.38,PDT001562389.1,2020.0,Netherlands,human_or_clinical,Homo sapiens,not collected,,True,"aadD1,ant(6)-Ia,blaI,blaR1,blaZ,dfrG,erm(C),fexA,glpT_A100V=POINT,glpT_F3I=POINT,gyrA_S84L=POINT,lnu(B),lsa(E),mecA,murA_D278E=POINT,murA_E291D=POINT,parC_S80Y=POINT,spw,tet(38),tet(K),tet(M)"
PDS000067777.38,PDT001562511.1,2020.0,Netherlands,human_or_clinical,Homo sapiens,not collected,,True,"aadD1,ant(6)-Ia,blaI,blaR1,blaZ,dfrG,dfrG=PARTIAL,erm(C),glpT_A100V=POINT,glpT_F3I=POINT,gyrA_S84L=POINT,lnu(B),lsa(E),mecA,murA_D278E=POINT,murA_E291D=POINT,parC_S80Y=POINT,spw,tet(38),tet(K),tet(M)"
PDS000067777.38,PDT001562640.1,2020.0,Netherlands,human_or_clinical,Homo sapiens,not collected,,True,"aadD1,ant(6)-Ia,blaI,blaR1,blaZ,dfrG,glpT_A100V=POINT,glpT_F3I=POINT,gyrA_S84L=POINT,lnu(B),lsa(E),mecA,murA_D278E=POINT,murA_E291D=POINT,parC_S80Y=POINT,spw,tet(38),tet(K),tet(M)"
PDS000067777.38,PDT001562768.1,2020.0,Netherlands,human_or_clinical,Homo sapiens,not collected,,True,"aadD1,ant(6)-Ia,blaI,blaR1,blaZ,dfrG,glpT_A100V=POINT,glpT_F3I=POINT,gyrA_S84L=POINT,lnu(B),lsa(E),mecA,murA_D278E=POINT,murA_E291D=POINT,parC_S80Y=POINT,spw,tet(38),tet(K),tet(M)"
PDS000067777.38,PDT001562795.1,2020.0,Netherlands,human_or_clinical,Homo sapiens,not collected,,True,"blaI,blaR1,blaZ,dfrG,erm(C),glpT_A100V=POINT,glpT_F3I=POINT,gyrA_S84L=POINT,mecA,murA_D278E=POINT,murA_E291D=POINT,parC_S80Y=POINT,tet(38),tet(K),tet(M)"
PDS000067777.38,PDT001562845.1,2020.0,Netherlands,human_or_clinical,Homo sapiens,not collected,,True,"aadD1,ant(6)-Ia,blaI,blaR1,blaZ,dfrG,glpT_A100V=POINT,glpT_F3I=POINT,gyrA_S84L=POINT,lnu(B),lsa(E),mecA,murA_D278E=POINT,murA_E291D=POINT,parC_S80Y=POINT,spw,tet(38),tet(K),tet(M)"
PDS000067777.38,PDT001563186.1,2017.0,Netherlands,human_or_clinical,Homo sapiens,not collected,,True,"aadD1,ant(6)-Ia,blaI,blaR1,blaZ,dfrG,glpT_A100V=POINT,glpT_F3I=POINT,gyrA_S84L=POINT,lnu(B),lsa(E),mecA,murA_D278E=POINT,murA_E291D=POINT,parC_S80Y=POINT,spw,tet(38),tet(K),tet(M)"
PDS000067777.38,PDT001563235.1,2017.0,Netherlands,human_or_clinical,Homo sapiens,not collected,,True,"aadD1,ant(6)-Ia,blaI,blaR1,blaZ,dfrG,fexA,glpT_A100V=POINT,glpT_F3I=POINT,gyrA_S84L=POINT,lnu(B),lsa(E),mecA,murA_D278E=POINT,murA_E291D=POINT,parC_S80Y=POINT,spw,tet(38),tet(K),tet(M)"
PDS000067777.38,PDT001563292.1,2017.0,Netherlands,human_or_clinical,Homo sapiens,not collected,,True,"dfrG,fexA,glpT_A100V=POINT,glpT_F3I=POINT,gyrA_S84L=POINT,mecA,murA_D278E=POINT,murA_E291D=POINT,parC_S80Y=POINT,tet(38),tet(K),tet(M)"
PDS000067777.38,PDT001563520.1,2017.0,Netherlands,human_or_clinical,Homo sapiens,not collected,,True,"blaI,blaR1,blaZ,dfrG,erm(C),fexA,glpT_A100V=POINT,glpT_F3I=POINT,gyrA_S84L=POINT,mecA,murA_D278E=POINT,murA_E291D=POINT,parC_S80Y=POINT,tet(38),tet(K),tet(M)"
PDS000067777.38,PDT001563532.1,2017.0,Netherlands,human_or_clinical,Homo sapiens,not collected,,True,"aadD1,ant(6)-Ia,blaI,blaR1,blaZ,dfrG,erm(C),glpT_A100V=POINT,glpT_F3I=POINT,gyrA_S84L=POINT,lnu(B),lsa(E),mecA,murA_D278E=POINT,murA_E291D=POINT,parC_S80Y=POINT,spw,tet(38),tet(K),tet(M)"
PDS000067777.38,PDT001563545.1,2017.0,Netherlands,human_or_clinical,Homo sapiens,not collected,,True,"blaI,blaR1,blaZ,dfrG,erm(C),glpT_A100V=POINT,glpT_F3I=POINT,gyrA_S84L=POINT,mecA,murA_D278E=POINT,murA_E291D=POINT,parC_S80Y=POINT,tet(38),tet(K),tet(M)"
PDS000067777.38,PDT001563613.1,2017.0,Netherlands,human_or_clinical,Homo sapiens,not collected,,True,"blaI,blaR1,blaZ,dfrG,erm(C),glpT_A100V=POINT,glpT_F3I=POINT,gyrA_S84L=POINT,mecA,murA_D278E=POINT,murA_E291D=POINT,parC_S80Y=POINT,tet(38),tet(K),tet(M)"
PDS000067777.38,PDT001563718.1,2017.0,Netherlands,human_or_clinical,Homo sapiens,not collected,,True,"aadD1,ant(6)-Ia,blaI,blaR1,blaZ,dfrG,erm(C),glpT_A100V=POINT,glpT_F3I=POINT,gyrA_S84L=POINT,lnu(B),lsa(E),mecA,murA_D278E=POINT,murA_E291D=POINT,parC_S80Y=POINT,spw,tet(38),tet(K),tet(M)"
PDS000067777.38,PDT001563733.1,2017.0,Netherlands,human_or_clinical,Homo sapiens,not collected,,True,"aadD1,ant(6)-Ia,blaI,blaR1,blaZ,dfrG,erm(C),fexA,glpT_A100V=POINT,glpT_F3I=POINT,gyrA_S84L=POINT,lnu(B),lsa(E),mecA,murA_D278E=POINT,murA_E291D=POINT,parC_S80Y=POINT,spw,tet(38),tet(K),tet(M)"
PDS000067777.38,PDT001564033.1,2016.0,Netherlands,human_or_clinical,Homo sapiens,not collected,,True,"aadD1,ant(6)-Ia,blaI,blaR1,blaZ,dfrG,fexA,glpT_A100V=POINT,glpT_F3I=POINT,gyrA_S84L=POINT,lnu(B),lsa(E),mecA,murA_D278E=POINT,murA_E291D=POINT,parC_S80Y=POINT,spw,tet(38),tet(K),tet(M)"
PDS000067777.38,PDT001564109.1,2015.0,Netherlands,human_or_clinical,Homo sapiens,not collected,,True,"aadD1,ant(6)-Ia,blaI,blaR1,blaZ,dfrG,glpT_A100V=POINT,glpT_F3I=POINT,gyrA_S84L=POINT,lnu(B),lsa(E),mecA,murA_D278E=POINT,murA_E291D=POINT,parC_S80Y=POINT,spw,tet(38),tet(K),tet(M)"
PDS000067777.38,PDT001564183.1,2016.0,Netherlands,human_or_clinical,Homo sapiens,not collected,,True,"aadD1,ant(6)-Ia,blaI,blaR1,blaZ,dfrG,erm(C),fexA,glpT_A100V=POINT,glpT_F3I=POINT,gyrA_S84L=POINT,lnu(B),lsa(E),mecA,murA_D278E=POINT,murA_E291D=POINT,parC_S80Y=POINT,spw,tet(38),tet(K),tet(M)"
PDS000226212.9,PDT001501739.1,2017.0,Denmark,human_or_clinical,Homo sapiens,skin and soft tissue infection,,True,"aac(6')-Ie/aph(2'')-Ia,blaI,blaR1=HMM,blaZ,dfrK,glpT_A100V=POINT,glpT_F3I=POINT,mecA,mecR1=PARTIAL,murA_D278E=POINT,murA_E291D=POINT,tet(38),tet(M)"
PDS000226212.9,PDT001559229.1,2018.0,Netherlands,human_or_clinical,Homo sapiens,not collected,,True,"aac(6')-Ie/aph(2'')-Ia,blaI,blaR1=HMM,blaZ,dfrK,glpT_A100V=POINT,glpT_F3I=POINT,mecA,mecR1=PARTIAL,murA_D278E=POINT,murA_E291D=POINT,tet(38),tet(M)"
PDS000226212.9,PDT001559454.1,2018.0,Netherlands,human_or_clinical,Homo sapiens,not collected,,True,"aac(6')-Ie/aph(2'')-Ia,blaI,blaR1=HMM,blaZ,dfrK,glpT_A100V=POINT,glpT_F3I=POINT,mecA,mecR1=PARTIAL,murA_D278E=POINT,murA_E291D=POINT,tet(38),tet(M)"
PDS000226212.9,PDT001559669.1,2017.0,Netherlands,human_or_clinical,Homo sapiens,not collected,,True,"aac(6')-Ie/aph(2'')-Ia,blaI,blaR1=HMM,blaZ,dfrK,erm(T),fusA_H457Y=POINT,glpT_A100V=POINT,glpT_F3I=POINT,mecA,mecR1=PARTIAL,murA_D278E=POINT,murA_E291D=POINT,tet(38),tet(L),tet(M)"
PDS000226212.9,PDT001559697.1,2017.0,Netherlands,human_or_clinical,Homo sapiens,not collected,,True,"aac(6')-Ie/aph(2'')-Ia,blaI,blaR1=HMM,blaZ,cfr,dfrK,fexA,glpT_A100V=POINT,glpT_F3I=POINT,mecA,mecR1=PARTIAL,murA_D278E=POINT,murA_E291D=POINT,tet(38),tet(M)"
PDS000226212.9,PDT001559738.1,2017.0,Netherlands,human_or_clinical,Homo sapiens,not collected,,True,"aac(6')-Ie/aph(2'')-Ia,blaI,blaR1=HMM,blaZ,dfrK,glpT_A100V=POINT,glpT_F3I=POINT,mecA,mecR1=PARTIAL,murA_D278E=POINT,murA_E291D=POINT,tet(38),tet(M)"
PDS000226212.9,PDT001559826.1,2018.0,Netherlands,human_or_clinical,Homo sapiens,not collected,,True,"aac(6')-Ie/aph(2'')-Ia,blaI,blaR1=HMM,blaZ,dfrK,glpT_A100V=POINT,glpT_F3I=POINT,mecA,mecR1=PARTIAL,murA_D278E=POINT,murA_E291D=POINT,tet(38),tet(M)"
PDS000226212.9,PDT001561389.1,2019.0,Netherlands,human_or_clinical,Homo sapiens,not collected,,True,"aac(6')-Ie/aph(2'')-Ia,blaI,blaR1=HMM,blaZ,dfrK,glpT_A100V=POINT,glpT_F3I=POINT,mecA,mecR1=PARTIAL,murA_D278E=POINT,murA_E291D=POINT,tet(38),tet(M)"
PDS000226212.9,PDT001561600.1,2019.0,Netherlands,human_or_clinical,Homo sapiens,not collected,,True,"aac(6')-Ie/aph(2'')-Ia,blaI,blaR1=HMM,blaZ,dfrK,glpT_A100V=POINT,glpT_F3I=POINT,mecA,mecR1=PARTIAL,murA_D278E=POINT,murA_E291D=POINT,tet(38),tet(M)"
PDS000226212.9,PDT001561766.1,2019.0,Netherlands,human_or_clinical,Homo sapiens,not collected,,True,"aac(6')-Ie=HMM,aac(6')-Ie/aph(2'')-Ia,blaI,blaR1=HMM,blaZ,dfrK,glpT_A100V=POINT,glpT_F3I=POINT,mecA,mecR1=PARTIAL,murA_D278E=POINT,murA_E291D=POINT,tet(38),tet(M)"
PDS000226212.9,PDT001562037.1,2020.0,Netherlands,human_or_clinical,Homo sapiens,not collected,,True,"aac(6')-Ie/aph(2'')-Ia,blaI,blaR1=HMM,blaZ,dfrK,erm(T),glpT_A100V=POINT,glpT_F3I=POINT,mecA,mecR1=PARTIAL,murA_D278E=POINT,murA_E291D=POINT,tet(38),tet(L),tet(M)"
PDS000226212.9,PDT001562222.1,2020.0,Netherlands,human_or_clinical,Homo sapiens,not collected,,True,"aac(6')-Ie/aph(2'')-Ia,aac(6')-Ie/aph(2'')-Ia=MISTRANSLATION,blaI,blaR1=HMM,blaZ,dfrK,glpT_A100V=POINT,glpT_F3I=POINT,mecA,mecR1=PARTIAL,murA_D278E=POINT,murA_E291D=POINT,tet(38),tet(M)"
PDS000226212.9,PDT001562223.1,2020.0,Netherlands,human_or_clinical,Homo sapiens,not collected,,True,"aac(6')-Ie/aph(2'')-Ia,blaI,blaR1=HMM,blaZ,dfrK,glpT_A100V=POINT,glpT_F3I=POINT,mecA,mecR1=PARTIAL,murA_D278E=POINT,murA_E291D=POINT,tet(38),tet(M)"
PDS000226212.9,PDT001562289.1,2020.0,Netherlands,human_or_clinical,Homo sapiens,not collected,,True,"aac(6')-Ie/aph(2'')-Ia,blaI,blaR1=HMM,blaZ,dfrK,glpT_A100V=POINT,glpT_F3I=POINT,lnu(A),mecA,mecR1=PARTIAL,murA_D278E=POINT,murA_E291D=POINT,tet(38),tet(M)"
PDS000226212.9,PDT001562624.1,2020.0,Netherlands,human_or_clinical,Homo sapiens,not collected,,True,"aac(6')-Ie/aph(2'')-Ia,blaI,blaR1=HMM,blaZ,dfrK,glpT_A100V=POINT,glpT_F3I=POINT,mecA,mecR1=PARTIAL,murA_D278E=POINT,murA_E291D=POINT,tet(38),tet(M)"
PDS000226212.9,PDT001562999.1,2017.0,Netherlands,human_or_clinical,Homo sapiens,not collected,,True,"aac(6')-Ie/aph(2'')-Ia,blaI,blaR1=HMM,blaZ,dfrK,glpT_A100V=POINT,glpT_F3I=POINT,mecA,mecR1=PARTIAL,murA_D278E=POINT,murA_E291D=POINT,tet(38),tet(M)"
PDS000226212.9,PDT001563008.1,2017.0,Netherlands,human_or_clinical,Homo sapiens,not collected,,True,"aac(6')-Ie/aph(2'')-Ia,blaI,blaR1=HMM,blaZ,dfrK,glpT_A100V=POINT,glpT_F3I=POINT,mecA,mecR1=PARTIAL,murA_D278E=POINT,murA_E291D=POINT,tet(38),tet(M)"
PDS000226212.9,PDT001563124.1,2017.0,Netherlands,human_or_clinical,Homo sapiens,not collected,,True,"aac(6')-Ie/aph(2'')-Ia,blaI,blaR1=HMM,blaZ,dfrK,erm(C),glpT_A100V=POINT,glpT_F3I=POINT,mecA,mecR1=PARTIAL,murA_D278E=POINT,murA_E291D=POINT,tet(38),tet(M)"
PDS000226212.9,PDT001563226.1,2017.0,Netherlands,human_or_clinical,Homo sapiens,not collected,,True,"aac(6')-Ie/aph(2'')-Ia,blaI,blaZ,dfrK,glpT_A100V=POINT,glpT_F3I=POINT,mecA,mecR1=PARTIAL,murA_D278E=POINT,murA_E291D=POINT,tet(38),tet(M)"
PDS000226212.9,PDT001563387.1,2017.0,Netherlands,human_or_clinical,Homo sapiens,not collected,,True,"aac(6')-Ie/aph(2'')-Ia,aadD1,blaI,blaR1=HMM,blaZ,dfrK,erm(T),glpT_A100V=POINT,glpT_F3I=POINT,mecA,mecR1=PARTIAL,murA_D278E=POINT,murA_E291D=POINT,tet(38),tet(L),tet(M)"
PDS000226212.9,PDT001563416.1,2017.0,Netherlands,human_or_clinical,Homo sapiens,not collected,,True,"aac(6')-Ie/aph(2'')-Ia,aac(6')-Ie/aph(2'')-Ia=MISTRANSLATION,blaI,blaR1=HMM,blaZ,dfrK,glpT_A100V=POINT,glpT_F3I=POINT,mecA,mecR1=PARTIAL,murA_D278E=POINT,murA_E291D=POINT,tet(38),tet(M)"
PDS000226212.9,PDT001563494.1,2017.0,Netherlands,human_or_clinical,Homo sapiens,not collected,,True,"aac(6')-Ie=HMM,aph(2'')-Ia=HMM,blaI,blaR1=HMM,blaZ,dfrK,glpT_A100V=POINT,glpT_F3I=POINT,mecA,mecR1=PARTIAL,murA_D278E=POINT,murA_E291D=POINT,tet(38),tet(M)"
PDS000226212.9,PDT001563610.1,2017.0,Netherlands,human_or_clinical,Homo sapiens,not collected,,True,"aac(6')-Ie/aph(2'')-Ia,blaI,blaR1=HMM,blaZ,dfrK,glpT_A100V=POINT,glpT_F3I=POINT,mecA,mecR1=PARTIAL,murA_D278E=POINT,murA_E291D=POINT,tet(38),tet(M)"
PDS000226212.9,PDT001563768.1,2017.0,Netherlands,human_or_clinical,Homo sapiens,not collected,,True,"aadD1,blaI,blaR1=HMM,blaZ,dfrK,erm(T),glpT_A100V=POINT,glpT_F3I=POINT,mecA,mecR1=PARTIAL,murA_D278E=POINT,murA_E291D=POINT,tet(38),tet(L),tet(M)"
PDS000226212.9,PDT001564010.1,2016.0,Netherlands,human_or_clinical,Homo sapiens,not collected,,True,"aac(6')-Ie/aph(2'')-Ia,blaI,blaR1=HMM,blaZ,dfrK,erm(C),glpT_A100V=POINT,glpT_F3I=POINT,mecA,mecR1=PARTIAL,murA_D278E=POINT,murA_E291D=POINT,tet(38),tet(M)"
PDS000226212.9,PDT001564043.1,2016.0,Netherlands,human_or_clinical,Homo sapiens,not collected,,True,"aac(6')-Ie/aph(2'')-Ia,blaI,blaR1=HMM,blaZ,dfrK,glpT_A100V=POINT,glpT_F3I=POINT,mecA,mecR1=PARTIAL,murA_D278E=POINT,murA_E291D=POINT,tet(38),tet(M)"
PDS000226212.9,PDT001564167.1,2016.0,Netherlands,human_or_clinical,Homo sapiens,not collected,,True,"aac(6')-Ie/aph(2'')-Ia,blaI,blaR1=HMM,blaZ,dfrK,glpT_A100V=POINT,glpT_F3I=POINT,mecA,mecR1=PARTIAL,murA_D278E=POINT,murA_E291D=POINT,tet(38),tet(M)"
PDS000226212.9,PDT001564181.1,2016.0,Netherlands,human_or_clinical,Homo sapiens,not collected,,True,"aac(6')-Ie/aph(2'')-Ia,blaI,blaR1=HMM,blaZ,dfrK,glpT_A100V=POINT,glpT_F3I=POINT,mecA,mecR1=PARTIAL,murA_D278E=POINT,murA_E291D=POINT,tet(38),tet(M)"
PDS000226212.9,PDT001564200.1,2016.0,Netherlands,human_or_clinical,Homo sapiens,not collected,,True,"aac(6')-Ie/aph(2'')-Ia,blaI,blaR1=HMM,blaZ,dfrK,glpT_A100V=POINT,glpT_F3I=POINT,mecA,mecR1=PARTIAL,murA_D278E=POINT,murA_E291D=POINT,tet(38),tet(M)"
PDS000226212.9,PDT001564476.1,2016.0,Netherlands,human_or_clinical,Homo sapiens,not collected,,True,"aac(6')-Ie/aph(2'')-Ia,blaI,blaZ,dfrK,glpT_A100V=POINT,glpT_F3I=POINT,mecA,mecR1=PARTIAL,murA_D278E=POINT,murA_E291D=POINT,tet(38),tet(M)"
PDS000226212.9,PDT001564719.1,2015.0,Netherlands,human_or_clinical,Homo sapiens,not collected,,True,"aac(6')-Ie/aph(2'')-Ia,blaI,blaR1=HMM,blaZ,dfrK,glpT_A100V=POINT,glpT_F3I=POINT,mecA,mecR1=PARTIAL,murA_D278E=POINT,murA_E291D=POINT,tet(38),tet(M)"
PDS000226212.9,PDT001564904.1,2018.0,Netherlands,human_or_clinical,Homo sapiens,not collected,,True,"aac(6')-Ie/aph(2'')-Ia,blaI,blaR1=HMM,blaZ,dfrK,erm(C),glpT_A100V=POINT,glpT_F3I=POINT,mecA,mecR1=PARTIAL,murA_D278E=POINT,murA_E291D=POINT,tet(38),tet(M)"
PDS000226212.9,PDT001565037.1,2018.0,Netherlands,human_or_clinical,Homo sapiens,not collected,,True,"aac(6')-Ie/aph(2'')-Ia,blaI,blaR1=HMM,blaZ,dfrK,glpT_A100V=POINT,glpT_F3I=POINT,mecA,mecR1=PARTIAL,murA_D278E=POINT,murA_E291D=POINT,tet(38),tet(M)"
PDS000226212.9,PDT001565221.1,2018.0,Netherlands,human_or_clinical,Homo sapiens,not collected,,True,"aac(6')-Ie/aph(2'')-Ia,blaI,blaR1=HMM,blaZ,dfrK,glpT_A100V=POINT,glpT_F3I=POINT,mecA,mecR1=PARTIAL,murA_D278E=POINT,murA_E291D=POINT,tet(38),tet(M)"
PDS000226212.9,PDT001565332.1,2018.0,Netherlands,human_or_clinical,Homo sapiens,not collected,,True,"aac(6')-Ie/aph(2'')-Ia,blaI,blaR1=HMM,blaZ,dfrK,erm(T),glpT_A100V=POINT,glpT_F3I=POINT,mecA,mecR1=PARTIAL,murA_D278E=POINT,murA_E291D=POINT,tet(38),tet(L),tet(M)"
PDS000226212.9,PDT001565398.1,2018.0,Netherlands,human_or_clinical,Homo sapiens,not collected,,True,"aac(6')-Ie/aph(2'')-Ia,blaI,dfrK,glpT_A100V=POINT,glpT_F3I=POINT,mecA,mecR1=PARTIAL,murA_D278E=POINT,murA_E291D=POINT,tet(38),tet(M)"
PDS000226212.9,PDT001565415.1,2018.0,Netherlands,human_or_clinical,Homo sapiens,not collected,,True,"aac(6')-Ie/aph(2'')-Ia,aadD1,blaI,blaR1=HMM,blaZ,dfrK,erm(T),glpT_A100V=POINT,glpT_F3I=POINT,mecA,mecR1=PARTIAL,murA_D278E=POINT,murA_E291D=POINT,tet(38),tet(L),tet(M)"
PDS000226212.9,PDT001565746.1,2020.0,Netherlands,human_or_clinical,Homo sapiens,not collected,,True,"aac(6')-Ie=HMM,aac(6')-Ie/aph(2'')-Ia,blaI,blaR1=HMM,blaZ,dfrK,glpT_A100V=POINT,glpT_F3I=POINT,mecA,mecR1=PARTIAL,murA_D278E=POINT,murA_E291D=POINT,tet(38),tet(M)"
PDS000226212.9,PDT001566002.1,2020.0,Netherlands,human_or_clinical,Homo sapiens,not collected,,True,"aac(6')-Ie/aph(2'')-Ia,blaI,blaR1=HMM,blaZ,dfrK,glpT_A100V=POINT,glpT_F3I=POINT,mecA,mecR1=PARTIAL,murA_D278E=POINT,murA_E291D=POINT,tet(38),tet(M)"
PDS000226212.9,PDT001566101.1,2021.0,Netherlands,human_or_clinical,Homo sapiens,not collected,,True,"aac(6')-Ie/aph(2'')-Ia,blaI,blaR1=HMM,blaZ,dfrK,glpT_A100V=POINT,glpT_F3I=POINT,mecA,mecR1=PARTIAL,murA_D278E=POINT,murA_E291D=POINT,tet(38),tet(M)"
PDS000226212.9,PDT001566226.1,2021.0,Netherlands,human_or_clinical,Homo sapiens,not collected,,True,"aac(6')-Ie/aph(2'')-Ia,blaI,blaR1=HMM,blaZ,dfrK,erm(C),glpT_A100V=POINT,glpT_F3I=POINT,mecA,mecR1=PARTIAL,murA_D278E=POINT,murA_E291D=POINT,tet(38),tet(K),tet(M)"
PDS000226212.9,PDT001571796.1,2020.0,Switzerland,human_or_clinical,Equus caballus,nasal mucosa,,True,"aac(6')-Ie/aph(2'')-Ia,blaI,blaR1=HMM,blaZ,dfrK,glpT_A100V=POINT,glpT_F3I=POINT,mecA,mecR1=PARTIAL,murA_D278E=POINT,murA_E291D=POINT,tet(38),tet(M)"
PDS000226212.9,PDT001571807.1,2020.0,Switzerland,human_or_clinical,Equus caballus,nasal mucosa,,True,"aac(6')-Ie/aph(2'')-Ia,blaI,blaR1=HMM,blaZ,dfrK,glpT_A100V=POINT,glpT_F3I=POINT,mecA,mecR1=PARTIAL,murA_D278E=POINT,murA_E291D=POINT,tet(38),tet(M)"
PDS000226212.9,PDT001571808.1,2020.0,Switzerland,human_or_clinical,Equus caballus,pastern skin,,True,"aac(6')-Ie/aph(2'')-Ia,blaI,blaR1=HMM,blaZ,dfrK,glpT_A100V=POINT,glpT_F3I=POINT,mecA,mecR1=PARTIAL,murA_D278E=POINT,murA_E291D=POINT,tet(38),tet(M)"
PDS000226212.9,PDT001571810.1,2020.0,Switzerland,human_or_clinical,Equus caballus,nasal mucosa,,True,"aac(6')-Ie/aph(2'')-Ia,blaI,blaR1=HMM,blaZ,dfrK,glpT_A100V=POINT,glpT_F3I=POINT,mecA,mecR1=PARTIAL,murA_D278E=POINT,murA_E291D=POINT,tet(38),tet(M)"
PDS000226212.9,PDT001571811.1,2020.0,Switzerland,human_or_clinical,Equus caballus,nasal mucosa,,True,"aac(6')-Ie/aph(2'')-Ia,blaI,blaR1=HMM,blaZ,dfrK,glpT_A100V=POINT,glpT_F3I=POINT,mecA,mecR1=PARTIAL,murA_D278E=POINT,murA_E291D=POINT,tet(38),tet(M)"
PDS000226212.9,PDT001607803.1,2017.0,Switzerland,companion_animal,Equus caballus,horse lung,,True,"aac(6')-Ie/aph(2'')-Ia,blaI,blaR1=HMM,blaZ,dfrK,glpT_A100V=POINT,glpT_F3I=POINT,mecA,mecR1=PARTIAL,murA_D278E=POINT,murA_E291D=POINT,tet(38),tet(M)"
PDS000226212.9,PDT001607805.1,2017.0,Switzerland,companion_animal,Equus caballus,horse wound,,True,"aac(6')-Ie/aph(2'')-Ia,blaI,blaR1=HMM,blaZ,dfrK,glpT_A100V=POINT,glpT_F3I=POINT,mecA,mecR1=PARTIAL,murA_D278E=POINT,murA_E291D=POINT,tet(38),tet(M)"
PDS000226212.9,PDT001607812.1,2017.0,Switzerland,human_or_clinical,Homo sapiens,human nose,,True,"aac(6')-Ie/aph(2'')-Ia,blaI=PARTIAL_END_OF_CONTIG,blaR1=HMM,blaZ,dfrK,glpT_A100V=POINT,glpT_F3I=POINT,mecA,mecR1=PARTIAL,murA_D278E=POINT,murA_E291D=POINT,tet(38),tet(M)"
PDS000226212.9,PDT001975876.1,2016.0,Switzerland,unknown,,,,True,"aac(6')-Ie/aph(2'')-Ia,blaI,blaR1=HMM,blaZ,dfrK,glpT_A100V=POINT,glpT_F3I=POINT,mecA,mecR1=PARTIAL,murA_D278E=POINT,murA_E291D=POINT,tet(38),tet(M)"
PDS000239414.3,PDT000629169.2,2018.0,China,livestock,,chicken,,True,"aac(6')-Ie/aph(2'')-Ia,aadD1,ant(9)-Ia,blaI,blaR1,blaZ=PARTIAL,bleO,erm(A),fosB,fosD,gyrA_E88G=POINT,gyrA_S84L=POINT,ileS_V588F=POINT,mecA,mecI,mecR1,parC_E84K=POINT,parC_S80Y=POINT,tet(38),tet(M)"
PDS000239414.3,PDT001357625.1,2016.0,China,human_or_clinical,Homo sapiens,sputum,,True,"aac(6')-Ie/aph(2'')-Ia,aadD1,ant(9)-Ia,blaI,blaR1,blaZ=PARTIAL,bleO,erm(A),fosB,fosD,gyrA_E88G=POINT,gyrA_S84L=POINT,ileS_V588F=POINT,mecA,mecI,mecR1,parC_E84K=POINT,parC_S80Y=POINT,tet(38),tet(M)"
PDS000239414.3,PDT001549846.1,2018.0,China,human_or_clinical,Homo sapiens,Pus,,True,"ant(9)-Ia,blaI,blaR1,blaZ=PARTIAL_END_OF_CONTIG,erm(A),fosB,fosD,gyrA_E88G=POINT,gyrA_S84L=POINT,ileS_V588F=POINT,mecA,mecI,mecR1,parC_E84K=POINT,parC_S80Y=POINT,tet(38),tet(M)"
PDS000239414.3,PDT001549848.1,2019.0,China,human_or_clinical,Homo sapiens,Pus,,True,"aac(6')-Ie/aph(2'')-Ia,ant(9)-Ia,blaI,blaR1,blaZ=PARTIAL_END_OF_CONTIG,erm(A),fosB,fosD,gyrA_E88G=POINT,gyrA_S84L=POINT,ileS_V588F=POINT,mecA,mecI,mecR1,parC_E84K=POINT,parC_S80Y=POINT,tet(38),tet(M)"
PDS000239414.3,PDT001549849.1,2019.0,China,human_or_clinical,Homo sapiens,Pus,,True,"aac(6')-Ie/aph(2'')-Ia,ant(9)-Ia,blaI,blaR1,blaZ=PARTIAL_END_OF_CONTIG,erm(A),fosB,fosD,gyrA_E88G=POINT,gyrA_S84L=POINT,ileS_V588F=POINT,mecA,mecI,mecR1,parC_E84K=POINT,parC_S80Y=POINT,tet(38),tet(M)"
PDS000239414.3,PDT001549852.1,2018.0,China,human_or_clinical,Homo sapiens,sputum,,True,"aac(6')-Ie/aph(2'')-Ia,aadD1,ant(9)-Ia,blaI,blaR1,blaZ=PARTIAL_END_OF_CONTIG,bleO,erm(A),fosB,fosD,gyrA_E88G=POINT,gyrA_S84L=POINT,ileS_V588F=POINT,mecA,mecI,mecR1,parC_E84K=POINT,parC_S80Y=POINT,tet(38),tet(M)"
PDS000239414.3,PDT001549853.1,2017.0,China,human_or_clinical,Homo sapiens,blood,,True,"aac(6')-Ie/aph(2'')-Ia,aadD1,ant(9)-Ia,blaI,blaR1,blaZ=PARTIAL_END_OF_CONTIG,bleO,erm(A),fosB,fosD,gyrA_E88G=POINT,gyrA_S84L=POINT,ileS_V588F=POINT,mecA,mecI,mecR1,parC_E84K=POINT,parC_S80Y=POINT,tet(38),tet(M)"
PDS000239414.3,PDT001549854.1,2018.0,China,human_or_clinical,Homo sapiens,sputum,,True,"aac(6')-Ie/aph(2'')-Ia,aadD1,ant(9)-Ia,blaI,blaR1,blaZ=PARTIAL_END_OF_CONTIG,bleO,erm(A),erm(C),fosB,fosD,gyrA_E88G=POINT,gyrA_S84L=POINT,ileS_V588F=POINT,mecA,mecI,mecR1,parC_E84K=POINT,parC_S80Y=POINT,tet(38),tet(M)"
PDS000239414.3,PDT001549855.1,2017.0,China,human_or_clinical,Homo sapiens,sputum,,True,"aac(6')-Ie/aph(2'')-Ia,aadD1,ant(9)-Ia,blaI,blaR1,blaZ=PARTIAL,bleO,erm(A),fosB,fosD,gyrA_E88G=POINT,gyrA_S84L=POINT,ileS_V588F=POINT,mecA,mecI,mecR1,parC_E84K=POINT,parC_S80Y=POINT,tet(38),tet(M)"
PDS000239414.3,PDT001549856.1,2017.0,China,human_or_clinical,Homo sapiens,sputum,,True,"aac(6')-Ie/aph(2'')-Ia,aadD1,ant(9)-Ia,blaI,blaR1,blaZ=PARTIAL_END_OF_CONTIG,bleO,erm(A),fosB,fosD,gyrA_E88G=POINT,gyrA_S84L=POINT,ileS_V588F=POINT,mecA,mecI,mecR1,parC_E84K=POINT,parC_S80Y=POINT,tet(38),tet(M)"
PDS000239414.3,PDT001549857.1,2018.0,China,human_or_clinical,Homo sapiens,sputum,,True,"aac(6')-Ie/aph(2'')-Ia,ant(9)-Ia,blaI,blaR1,blaZ=PARTIAL_END_OF_CONTIG,erm(A),fosB,fosD,gyrA_E88G=POINT,gyrA_S84L=POINT,ileS_V588F=POINT,mecA,mecI,mecR1,parC_E84K=POINT,parC_S80Y=POINT,tet(38),tet(M)"
PDS000239414.3,PDT001549859.1,2018.0,China,human_or_clinical,Homo sapiens,sputum,,True,"aac(6')-Ie/aph(2'')-Ia,aadD1,ant(9)-Ia,blaI,blaR1,blaZ=PARTIAL_END_OF_CONTIG,bleO,erm(A),fosB,gyrA_E88G=POINT,gyrA_S84L=POINT,ileS_V588F=POINT,mecA,mecI,mecR1,parC_E84K=POINT,parC_S80Y=POINT,tet(38),tet(M)"
PDS000239414.3,PDT001549860.1,2017.0,China,human_or_clinical,Homo sapiens,Pus,,True,"aac(6')-Ie/aph(2'')-Ia,aadD1,ant(9)-Ia,blaI,blaR1,blaZ=PARTIAL_END_OF_CONTIG,bleO,erm(A),fosB,fosD,gyrA_E88G=POINT,gyrA_S84L=POINT,ileS_V588F=POINT,mecA,mecI,mecR1,parC_E84K=POINT,parC_S80Y=POINT,tet(38),tet(M)"
PDS000239414.3,PDT001549888.1,2018.0,China,human_or_clinical,Homo sapiens,sputum,,True,"aac(6')-Ie/aph(2'')-Ia,aadD1,ant(9)-Ia,blaI,blaR1,blaZ=PARTIAL_END_OF_CONTIG,bleO,erm(A),erm(C),fosB,fosD,gyrA_E88G=POINT,gyrA_S84L=POINT,ileS_V588F=POINT,mecA,mecI,mecR1,parC_E84K=POINT,parC_S80Y=POINT,tet(38),tet(M)"
PDS000239414.3,PDT001607332.1,2021.0,China,human_or_clinical,Homo sapiens,,,True,"aac(6')-Ie/aph(2'')-Ia,aadD1,ant(9)-Ia,blaI,blaR1,blaZ=PARTIAL,blaZ=PARTIAL_END_OF_CONTIG,bleO,erm(A),fosB,gyrA_E88G=POINT,gyrA_S84L=POINT,ileS_V588F=POINT,mecA,mecI,mecR1,parC_E84K=POINT,parC_S80Y=POINT,tet(38),tet(M)"
PDS000239414.3,PDT001607334.1,2021.0,China,human_or_clinical,Homo sapiens,,,True,"aac(6')-Ie/aph(2'')-Ia,aadD1,ant(9)-Ia,blaI,blaR1,blaZ=PARTIAL,blaZ=PARTIAL_END_OF_CONTIG,bleO,erm(A),fosB,fosD,gyrA_E88G=POINT,gyrA_S84L=POINT,ileS_V588F=POINT,mecA,mecI,mecR1,parC_E84K=POINT,parC_S80Y=POINT,tet(38),tet(M)"
PDS000239414.3,PDT001607335.1,2021.0,China,human_or_clinical,Homo sapiens,,,True,"aac(6')-Ie/aph(2'')-Ia,aadD1,ant(9)-Ia,blaI,blaR1,blaZ=PARTIAL,blaZ=PARTIAL_END_OF_CONTIG,bleO,erm(A),fosB,fosD,gyrA_E88G=POINT,gyrA_S84L=POINT,ileS_V588F=POINT,mecA,mecI,mecR1,parC_E84K=POINT,parC_S80Y=POINT,tet(38),tet(M)"
PDS000239414.3,PDT001607337.1,2021.0,China,human_or_clinical,Homo sapiens,,,True,"aac(6')-Ie/aph(2'')-Ia,aadD1,ant(9)-Ia,blaI,blaR1,blaZ=PARTIAL,blaZ=PARTIAL_END_OF_CONTIG,bleO,erm(A),fosB,fosD,gyrA_E88G=POINT,gyrA_S84L=POINT,ileS_V588F=POINT,mecA,mecI,mecR1,parC_E84K=POINT,parC_S80Y=POINT,tet(38),tet(M)"
PDS000239414.3,PDT001607338.1,2021.0,China,human_or_clinical,Homo sapiens,,,True,"aac(6')-Ie/aph(2'')-Ia,aadD1,ant(9)-Ia,blaI,blaR1,blaZ=PARTIAL,blaZ=PARTIAL_END_OF_CONTIG,bleO,erm(A),fosB,fosD,gyrA_E88G=POINT,gyrA_S84L=POINT,ileS_V588F=POINT,mecA,mecI,mecR1,parC_E84K=POINT,parC_S80Y=POINT,tet(38),tet(M)"
PDS000239414.3,PDT001607340.1,2021.0,China,human_or_clinical,Homo sapiens,,,True,"aac(6')-Ie/aph(2'')-Ia,aadD1,ant(9)-Ia,blaI,blaR1,blaZ=PARTIAL,blaZ=PARTIAL_END_OF_CONTIG,bleO,erm(A),fosB,fosD,gyrA_E88G=POINT,gyrA_S84L=POINT,ileS_V588F=POINT,mecA,mecI,mecR1,parC_E84K=POINT,parC_S80Y=POINT,tet(38),tet(M)"
PDS000239414.3,PDT001607341.1,2021.0,China,human_or_clinical,Homo sapiens,,,True,"ant(9)-Ia,blaI,blaR1,blaZ=PARTIAL,blaZ=PARTIAL_END_OF_CONTIG,erm(A),fosB,fosD,gyrA_E88G=POINT,gyrA_S84L=POINT,ileS_V588F=POINT,mecA,mecI,mecR1,parC_E84K=POINT,parC_S80Y=POINT,tet(38),tet(M)"
PDS000239414.3,PDT001607344.1,2020.0,China,human_or_clinical,Homo sapiens,,,True,"aac(6')-Ie/aph(2'')-Ia,ant(9)-Ia,blaI,blaR1,blaZ=PARTIAL,blaZ=PARTIAL_END_OF_CONTIG,erm(A),fosB,fosD,gyrA_E88G=POINT,gyrA_S84L=POINT,ileS_V588F=POINT,mecA,mecI,mecR1,parC_E84K=POINT,parC_S80Y=POINT,tet(38),tet(M)"
PDS000239414.3,PDT001607345.1,2020.0,China,human_or_clinical,Homo sapiens,,,True,"aac(6')-Ie/aph(2'')-Ia,aadD1,ant(9)-Ia,ant(9)-Ia=PARTIAL,ant(9)-Ia=PARTIAL_END_OF_CONTIG,blaI,blaR1,blaZ=PARTIAL,blaZ=PARTIAL_END_OF_CONTIG,bleO,erm(A),erm(C),fosB,fosD,gyrA_E88G=POINT,gyrA_S84L=POINT,ileS_V588F=POINT,mecA,mecI,mecR1,parC_E84K=POINT,parC_S80Y=POINT,tet(38),tet(38)=PARTIAL_END_OF_CONTIG,tet(M)"
PDS000239414.3,PDT001607346.1,2020.0,China,human_or_clinical,Homo sapiens,,,True,"aac(6')-Ie/aph(2'')-Ia,aadD1,ant(9)-Ia,blaI,blaR1,blaZ=PARTIAL,blaZ=PARTIAL_END_OF_CONTIG,bleO,erm(A),erm(C),fosB,fosD,gyrA_E88G=POINT,gyrA_S84L=POINT,ileS_V588F=POINT,mecA,mecI,mecR1,parC_E84K=POINT,parC_S80Y=POINT,tet(38),tet(M)"
PDS000239414.3,PDT001607348.1,2020.0,China,human_or_clinical,Homo sapiens,,,True,"aac(6')-Ie/aph(2'')-Ia,ant(9)-Ia,blaI,blaR1,blaZ=PARTIAL,blaZ=PARTIAL_END_OF_CONTIG,erm(A),fosB,fosD,gyrA_E88G=POINT,gyrA_S84L=POINT,ileS_V588F=POINT,mecA,mecI,mecR1,parC_E84K=POINT,parC_S80Y=POINT,tet(38),tet(M)"
PDS000239414.3,PDT001607349.1,2020.0,China,human_or_clinical,Homo sapiens,,,True,"aac(6')-Ie/aph(2'')-Ia,ant(9)-Ia,blaI,blaR1,blaZ=PARTIAL,blaZ=PARTIAL_END_OF_CONTIG,erm(A),fosB,fosD,gyrA_E88G=POINT,gyrA_S84L=POINT,ileS_V588F=POINT,mecA,mecI,mecR1,parC_E84K=POINT,parC_S80Y=POINT,tet(38),tet(M)"
PDS000239414.3,PDT002884616.1,2023.0,China,human_or_clinical,Homo sapiens,oral swab,,True,"aac(6')-Ie/aph(2'')-Ia,aadD1,ant(9)-Ia,blaI,blaR1,blaZ=PARTIAL,bleO,erm(A),fosB,fosD,gyrA_E88G=POINT,gyrA_S84L=POINT,ileS_V588F=POINT,mecA,mecI,mecR1,mupA,parC_E84K=POINT,parC_S80Y=POINT,tet(38),tet(M)"
PDS000239414.3,PDT002884619.1,2023.0,China,human_or_clinical,Homo sapiens,oral swab,,True,"aac(6')-Ie/aph(2'')-Ia,aadD1,ant(9)-Ia,blaI,blaR1,blaZ=PARTIAL,bleO,erm(A),fosB,fosD,gyrA_E88G=POINT,gyrA_S84L=POINT,ileS_V588F=POINT,mecA,mecI,mecR1,mupA,parC_E84K=POINT,parC_S80Y=POINT,tet(38),tet(M)"
PDS000239414.3,PDT002884629.1,2023.0,China,human_or_clinical,Homo sapiens,oral swab,,True,"aac(6')-Ie/aph(2'')-Ia,aadD1,ant(9)-Ia,blaI,blaR1,blaZ=PARTIAL,bleO,erm(A),fosB,fosD,gyrA_E88G=POINT,gyrA_S84L=POINT,ileS_V588F=POINT,mecA,mecI,mecR1,mupA,parC_E84K=POINT,parC_S80Y=POINT,tet(38),tet(M)"
PDS000239414.3,PDT002884630.1,2023.0,China,human_or_clinical,Homo sapiens,rectal swab,,True,"aac(6')-Ie/aph(2'')-Ia,aadD1,ant(9)-Ia,blaI,blaR1,blaZ=PARTIAL,bleO,erm(A),fosB,fosD,gyrA_E88G=POINT,gyrA_S84L=POINT,ileS_V588F=POINT,mecA,mecI,mecR1,mupA,parC_E84K=POINT,parC_S80Y=POINT,tet(38),tet(M)"
PDS000239414.3,PDT002884631.1,2023.0,China,human_or_clinical,Homo sapiens,oral swab,,True,"aac(6')-Ie/aph(2'')-Ia,aadD1,ant(9)-Ia,blaI,blaR1,blaZ=PARTIAL,bleO,erm(A),fosB,fosD,gyrA_E88G=POINT,gyrA_S84L=POINT,ileS_V588F=POINT,mecA,mecI,mecR1,mupA,parC_E84K=POINT,parC_S80Y=POINT,tet(38),tet(M)"
PDS000239414.3,PDT002884644.1,2022.0,China,human_or_clinical,Homo sapiens,rectal swab,,True,"aac(6')-Ie/aph(2'')-Ia,aadD1,ant(9)-Ia,blaI,blaR1,blaZ=PARTIAL,bleO,erm(A),fosB,fosD,gyrA_E88G=POINT,gyrA_S84L=POINT,ileS_V588F=POINT,mecA,mecI,mecR1,mupA,parC_E84K=POINT,parC_S80Y=POINT,tet(38),tet(M)"
PDS000239414.3,PDT002884646.1,2022.0,China,human_or_clinical,Homo sapiens,oral swab,,True,"aac(6')-Ie/aph(2'')-Ia,aadD1,ant(9)-Ia,blaI,blaR1,blaZ=PARTIAL,bleO,erm(A),fosB,fosD,gyrA_E88G=POINT,gyrA_S84L=POINT,ileS_V588F=POINT,mecA,mecI,mecR1,mupA,parC_E84K=POINT,parC_S80Y=POINT,tet(38),tet(M)"
PDS000239414.3,PDT002884649.1,2022.0,China,human_or_clinical,Homo sapiens,oral swab,,True,"aac(6')-Ie/aph(2'')-Ia,aadD1,ant(9)-Ia,blaI,blaR1,blaZ=PARTIAL,bleO,erm(A),fosB,fosD,gyrA_E88G=POINT,gyrA_S84L=POINT,ileS_V588F=POINT,mecA,mecI,mecR1,mupA,parC_E84K=POINT,parC_S80Y=POINT,tet(38),tet(M)"
PDS000239414.3,PDT002884650.1,2022.0,China,human_or_clinical,Homo sapiens,oral swab,,True,"aac(6')-Ie/aph(2'')-Ia,aadD1,ant(9)-Ia,blaI,blaR1,blaZ=PARTIAL,bleO,erm(A),fosB,fosD,gyrA_E88G=POINT,gyrA_S84L=POINT,ileS_V588F=POINT,mecA,mecI,mecR1,mupA,parC_E84K=POINT,parC_S80Y=POINT,tet(38),tet(M)"
PDS000239414.3,PDT002884651.1,2022.0,China,human_or_clinical,Homo sapiens,oral swab,,True,"aac(6')-Ie/aph(2'')-Ia,aadD1,ant(9)-Ia,blaI,blaR1,blaZ=PARTIAL,bleO,erm(A),fosB,fosD,gyrA_E88G=POINT,gyrA_S84L=POINT,ileS_V588F=POINT,mecA,mecI,mecR1,mupA,parC_E84K=POINT,parC_S80Y=POINT,tet(38),tet(M)"
PDS000239414.3,PDT002884652.1,2022.0,China,human_or_clinical,Homo sapiens,oral swab,,True,"aac(6')-Ie/aph(2'')-Ia,aadD1,ant(9)-Ia,blaI,blaR1,blaZ=PARTIAL,bleO,erm(A),fosB,fosD,gyrA_E88G=POINT,gyrA_S84L=POINT,ileS_V588F=POINT,mecA,mecI,mecR1,mupA,parC_E84K=POINT,parC_S80Y=POINT,tet(38),tet(M)"
PDS000239414.3,PDT002884656.1,2022.0,China,human_or_clinical,Homo sapiens,rectal swab,,True,"aac(6')-Ie/aph(2'')-Ia,aadD1,ant(9)-Ia,blaI,blaR1,blaZ=PARTIAL,bleO,erm(A),fosB,fosD,gyrA_E88G=POINT,gyrA_S84L=POINT,ileS_V588F=POINT,mecA,mecI,mecR1,mupA,parC_E84K=POINT,parC_S80Y=POINT,tet(38),tet(M)"
PDS000239414.3,PDT002884657.1,2022.0,China,human_or_clinical,Homo sapiens,oral swab,,True,"aac(6')-Ie/aph(2'')-Ia,aadD1,ant(9)-Ia,blaI,blaR1,blaZ=PARTIAL,bleO,erm(A),fosB,fosD,gyrA_E88G=POINT,gyrA_S84L=POINT,ileS_V588F=POINT,mecA,mecI,mecR1,mupA,parC_E84K=POINT,parC_S80Y=POINT,tet(38),tet(M)"
PDS000239414.3,PDT002884670.1,2023.0,China,environment,environmental sample,Medical hoist tower related instruments,,True,"aac(6')-Ie/aph(2'')-Ia,aadD1,ant(9)-Ia,blaI,blaR1,blaZ=PARTIAL,bleO,erm(A),fosB,fosD,gyrA_E88G=POINT,gyrA_S84L=POINT,ileS_V588F=POINT,mecA,mecI,mecR1,mupA,parC_E84K=POINT,parC_S80Y=POINT,tet(38),tet(M)"
PDS000239414.3,PDT002884673.1,2023.0,China,environment,environmental sample,Dispensing table,,True,"aac(6')-Ie/aph(2'')-Ia,aadD1,ant(9)-Ia,blaI,blaR1,blaZ=PARTIAL,bleO,erm(A),fosB,fosD,gyrA_E88G=POINT,gyrA_S84L=POINT,ileS_V588F=POINT,mecA,mecI,mecR1,mupA,parC_E84K=POINT,parC_S80Y=POINT,tet(38),tet(M)"
PDS000239414.3,PDT002884676.1,2023.0,China,environment,environmental sample,Medical hoist tower related instruments,,True,"aac(6')-Ie/aph(2'')-Ia,aadD1,ant(9)-Ia,blaI,blaR1,blaZ=PARTIAL,bleO,erm(A),fosB,fosD,gyrA_E88G=POINT,gyrA_S84L=POINT,ileS_V588F=POINT,mecA,mecI,mecR1,mupA,parC_E84K=POINT,parC_S80Y=POINT,tet(38),tet(M)"
PDS000239414.3,PDT002884679.1,2023.0,China,environment,environmental sample,Bed rails and adjustors,,True,"aac(6')-Ie/aph(2'')-Ia,aadD1,ant(9)-Ia,blaI,blaR1,blaZ=PARTIAL,bleO,erm(A),fosB,fosD,gyrA_E88G=POINT,gyrA_S84L=POINT,ileS_V588F=POINT,mecA,mecI,mecR1,mupA,parC_E84K=POINT,parC_S80Y=POINT,tet(38),tet(M)"
PDS000239414.3,PDT002884691.1,2023.0,China,environment,environmental sample,Dispensing table,,True,"aac(6')-Ie/aph(2'')-Ia,aadD1,ant(9)-Ia,blaI,blaR1,blaZ=PARTIAL,bleO,erm(A),fosB,fosD,gyrA_E88G=POINT,gyrA_S84L=POINT,ileS_V588F=POINT,mecA,mecI,mecR1,mupA,parC_E84K=POINT,parC_S80Y=POINT,tet(38),tet(M)"
PDS000239414.3,PDT002884695.1,2023.0,China,environment,environmental sample,Medical hoist tower related instruments,,True,"aac(6')-Ie/aph(2'')-Ia,aadD1,ant(9)-Ia,blaI,blaR1,blaZ=PARTIAL,bleO,erm(A),fosB,fosD,gyrA_E88G=POINT,gyrA_S84L=POINT,ileS_V588F=POINT,mecA,mecI,mecR1,mupA,parC_E84K=POINT,parC_S80Y=POINT,tet(38),tet(M)"
PDS000239414.3,PDT002884699.1,2023.0,China,environment,environmental sample,Dispensing table,,True,"aac(6')-Ie/aph(2'')-Ia,aadD1,ant(9)-Ia,blaI,blaR1,blaZ=PARTIAL,bleO,erm(A),fosB,fosD,gyrA_E88G=POINT,gyrA_S84L=POINT,ileS_V588F=POINT,mecA,mecI,mecR1,mupA,parC_E84K=POINT,parC_S80Y=POINT,tet(38),tet(M)"
PDS000239414.3,PDT002884709.1,2022.0,China,environment,environmental sample,Bed rails and adjustors,,True,"aac(6')-Ie/aph(2'')-Ia,aadD1,ant(9)-Ia,blaI,blaR1,blaZ=PARTIAL,bleO,erm(A),fosB,fosD,gyrA_E88G=POINT,gyrA_S84L=POINT,ileS_V588F=POINT,mecA,mecI,mecR1,mupA,parC_E84K=POINT,parC_S80Y=POINT,tet(38),tet(M)"
PDS000239414.3,PDT002884710.1,2022.0,China,environment,environmental sample,Bed rails and adjustors,,True,"aac(6')-Ie/aph(2'')-Ia,aadD1,ant(9)-Ia,blaI,blaR1,blaZ=PARTIAL,bleO,erm(A),fosB,fosD,gyrA_E88G=POINT,gyrA_S84L=POINT,ileS_V588F=POINT,mecA,mecI,mecR1,mupA,parC_E84K=POINT,parC_S80Y=POINT,tet(38),tet(M)"
PDS000239414.3,PDT002884712.1,2022.0,China,environment,environmental sample,Office computer,,True,"aac(6')-Ie/aph(2'')-Ia,aadD1,ant(9)-Ia,blaI,blaR1,blaZ=PARTIAL,bleO,erm(A),fosB,fosD,gyrA_E88G=POINT,gyrA_S84L=POINT,ileS_V588F=POINT,mecA,mecI,mecR1,mupA,parC_E84K=POINT,parC_S80Y=POINT,tet(38),tet(M)"
PDS000239414.3,PDT002884713.1,2022.0,China,environment,environmental sample,Medical hoist tower related instruments,,True,"aac(6')-Ie/aph(2'')-Ia,aadD1,ant(9)-Ia,blaI,blaR1,blaZ=PARTIAL,bleO,erm(A),fosB,fosD,gyrA_E88G=POINT,gyrA_S84L=POINT,ileS_V588F=POINT,mecA,mecI,mecR1,mupA,parC_E84K=POINT,parC_S80Y=POINT,tet(38),tet(M)"
PDS000226510.6,PDT000202117.2,2015.0,Germany,unknown,,,,True,"ant(9)-Ia,blaI,blaPC1,blaR1,dfrG,erm(A),glpT_A100V=POINT,glpT_F3I=POINT,mecA,murA_D278E=POINT,murA_E291D=POINT,tet(38),tet(K),tet(M),vga(E)"
PDS000226510.6,PDT000202136.2,2015.0,Germany,unknown,,,,True,"ant(9)-Ia,blaI,blaPC1,blaR1,dfrG,erm(A),glpT_A100V=POINT,glpT_F3I=POINT,mecA,murA_D278E=POINT,murA_E291D=POINT,tet(38),tet(K),tet(M),vga(E)"
PDS000226510.6,PDT000202411.2,2015.0,Germany,unknown,,,,True,"ant(9)-Ia,blaI,blaPC1,blaR1,dfrG,erm(A),glpT_A100V=POINT,glpT_F3I=POINT,mecA,murA_D278E=POINT,murA_E291D=POINT,str,tet(38),tet(K),tet(M),vga(E)"
PDS000226510.6,PDT000202468.2,2015.0,Germany,unknown,,,,True,"ant(9)-Ia,blaI,blaPC1,blaR1,dfrG,erm(A),glpT_A100V=POINT,glpT_F3I=POINT,mecA,murA_D278E=POINT,murA_E291D=POINT,tet(38),tet(K),tet(M),vga(E)"
PDS000226510.6,PDT000202472.2,2015.0,Germany,unknown,,,,True,"ant(9)-Ia,blaI,blaPC1,blaR1,dfrG,erm(A),glpT_A100V=POINT,glpT_F3I=POINT,mecA,murA_D278E=POINT,murA_E291D=POINT,parC_S80F=POINT,tet(38),tet(K),tet(M),vga(E)"
PDS000226510.6,PDT000202478.2,2015.0,Germany,unknown,,,,True,"ant(9)-Ia,blaI,blaPC1,blaR1,dfrG,erm(A),glpT_A100V=POINT,glpT_F3I=POINT,mecA,murA_D278E=POINT,murA_E291D=POINT,tet(38),tet(K),tet(M),vga(E)"
PDS000226510.6,PDT000202487.2,2015.0,Germany,unknown,,,,True,"ant(9)-Ia,blaI,blaPC1,blaR1,dfrG,erm(A),erm(C),glpT_A100V=POINT,glpT_F3I=POINT,mecA,murA_D278E=POINT,murA_E291D=POINT,tet(38),tet(K),tet(M),vga(E)"
PDS000226510.6,PDT000538359.1,2015.0,Germany,human_or_clinical,Homo sapiens,,,True,"ant(9)-Ia,blaI,blaPC1,blaR1,dfrG,erm(A),glpT_A100V=POINT,glpT_F3I=POINT,mecA,murA_D278E=POINT,murA_E291D=POINT,tet(38),tet(K),tet(M),vga(E)"
PDS000226510.6,PDT000538370.1,2016.0,Germany,human_or_clinical,Homo sapiens,,,True,"ant(9)-Ia,blaI,blaPC1,blaR1=PARTIAL_END_OF_CONTIG,dfrG,erm(A),glpT_A100V=POINT,glpT_F3I=POINT,mecA,murA_D278E=POINT,murA_E291D=POINT,tet(38),tet(K),tet(M),vga(E)"
PDS000226510.6,PDT000538455.1,2017.0,Germany,human_or_clinical,Homo sapiens,,,True,"ant(9)-Ia,blaI,blaPC1,blaR1=PARTIAL_END_OF_CONTIG,dfrG,erm(A),glpT_A100V=POINT,glpT_F3I=POINT,mecA,murA_D278E=POINT,murA_E291D=POINT,tet(38),tet(K),tet(M),vga(E)"
PDS000226510.6,PDT001117030.1,2018.0,Germany,human_or_clinical,Homo sapiens,wound from soft tissue infection (SSTI),,True,"ant(9)-Ia,blaI,blaPC1,blaR1,dfrG,erm(A),glpT_A100V=POINT,glpT_F3I=POINT,mecA,murA_D278E=POINT,murA_E291D=POINT,tet(38),tet(K),tet(M),vga(E)"
PDS000226510.6,PDT001294520.1,2017.0,Germany,livestock,Sus scrofa,,,True,"ant(9)-Ia,blaI,blaPC1,blaR1,dfrG,erm(A),glpT_A100V=POINT,glpT_F3I=POINT,mecA,murA_D278E=POINT,murA_E291D=POINT,tet(38),tet(K),tet(M),vga(E)"
PDS000226510.6,PDT001294536.1,2016.0,Germany,livestock,Sus scrofa,,,True,"ant(9)-Ia,blaI,blaPC1,blaR1=PARTIAL_END_OF_CONTIG,dfrG,erm(A),glpT_A100V=POINT,glpT_F3I=POINT,mecA,murA_D278E=POINT,murA_E291D=POINT,parC_S80F=POINT,tet(38),tet(K),tet(M),vga(E)"
PDS000226510.6,PDT001501555.1,2017.0,Denmark,human_or_clinical,Homo sapiens,,,True,"aac(6')-Ie/aph(2'')-Ia,ant(9)-Ia,blaI,blaPC1,blaR1,dfrG,erm(A),glpT_A100V=POINT,glpT_F3I=POINT,lnu(A),mecA,murA_D278E=POINT,murA_E291D=POINT,tet(38),tet(K),tet(M),vga(E)"
PDS000226510.6,PDT001534948.1,2019.0,Denmark,human_or_clinical,Homo sapiens,Pharynx,,True,"ant(9)-Ia,blaI,blaPC1,blaR1,dfrG,erm(A),glpT_A100V=POINT,glpT_F3I=POINT,mecA,murA_D278E=POINT,murA_E291D=POINT,tet(38),tet(K),tet(M),vga(E)"
PDS000226510.6,PDT001535018.1,2019.0,Denmark,human_or_clinical,Homo sapiens,Nasal cavity,,True,"aac(6')-Ie/aph(2'')-Ia,ant(9)-Ia,blaI,blaPC1,blaR1,dfrG,erm(A),glpT_A100V=POINT,glpT_F3I=POINT,mecA,murA_D278E=POINT,murA_E291D=POINT,str,tet(38),tet(K),tet(M),vga(E)"
PDS000226510.6,PDT001536033.1,2020.0,Denmark,human_or_clinical,Homo sapiens,Perineum,,True,"aac(6')-Ie/aph(2'')-Ia,ant(9)-Ia,blaI,blaPC1,blaR1,dfrG,erm(A),glpT_A100V=POINT,glpT_F3I=POINT,lnu(A),mecA,murA_D278E=POINT,murA_E291D=POINT,tet(38),tet(K),tet(M),vga(E)"
PDS000226510.6,PDT001559300.1,2018.0,Netherlands,human_or_clinical,Homo sapiens,not collected,,True,"ant(9)-Ia,blaI,blaPC1,blaR1,dfrG,erm(A),erm(B),glpT_A100V=POINT,glpT_F3I=POINT,mecA,murA_D278E=POINT,murA_E291D=POINT,tet(38),tet(K),tet(M),vga(E)"
PDS000226510.6,PDT001559382.1,2018.0,Netherlands,human_or_clinical,Homo sapiens,not collected,,True,"ant(9)-Ia,blaI,blaPC1,blaR1,dfrG,erm(A),glpT_A100V=POINT,glpT_F3I=POINT,mecA,murA_D278E=POINT,murA_E291D=POINT,tet(38),tet(K),tet(M),vga(E)"
PDS000226510.6,PDT001559434.1,2018.0,Netherlands,human_or_clinical,Homo sapiens,not collected,,True,"ant(9)-Ia,blaI,blaPC1,blaR1,dfrG,erm(A),glpT_A100V=POINT,glpT_F3I=POINT,mecA,murA_D278E=POINT,murA_E291D=POINT,tet(38),tet(K),tet(M),vga(E)"
PDS000226510.6,PDT001559567.1,2017.0,Netherlands,human_or_clinical,Homo sapiens,not collected,,True,"ant(9)-Ia,blaI,blaPC1,blaR1,dfrG,erm(A),erm(B),glpT_A100V=POINT,glpT_F3I=POINT,mecA,murA_D278E=POINT,murA_E291D=POINT,tet(38),tet(K),tet(M),vga(E)"
PDS000226510.6,PDT001559601.1,2017.0,Netherlands,human_or_clinical,Homo sapiens,not collected,,True,"ant(9)-Ia,blaI,blaPC1,blaR1,dfrG,erm(A),glpT_A100V=POINT,glpT_F3I=POINT,mecA,murA_D278E=POINT,murA_E291D=POINT,tet(38),tet(K),tet(M),vga(E)"
PDS000226510.6,PDT001559645.1,2018.0,Netherlands,human_or_clinical,Homo sapiens,not collected,,True,"ant(9)-Ia,blaI,blaPC1,blaR1,dfrG,erm(A),glpT_A100V=POINT,glpT_F3I=POINT,mecA,murA_D278E=POINT,murA_E291D=POINT,tet(38),tet(K),tet(M),vga(E)"
PDS000226510.6,PDT001559846.1,2018.0,Netherlands,human_or_clinical,Homo sapiens,not collected,,True,"ant(9)-Ia,blaI,blaPC1,blaR1,dfrG,erm(A),glpT_A100V=POINT,glpT_F3I=POINT,mecA,murA_D278E=POINT,murA_E291D=POINT,tet(38),tet(K),tet(M),vga(E)"
PDS000226510.6,PDT001561108.1,2019.0,Netherlands,human_or_clinical,Homo sapiens,not collected,,True,"ant(9)-Ia,blaI,blaPC1,blaR1,dfrG,erm(A),glpT_A100V=POINT,glpT_F3I=POINT,mecA,murA_D278E=POINT,murA_E291D=POINT,tet(38),tet(K),tet(M),vga(E)"
PDS000226510.6,PDT001561296.1,2019.0,Netherlands,human_or_clinical,Homo sapiens,not collected,,True,"ant(9)-Ia,blaI,blaPC1,blaR1,dfrG,erm(A),glpT_A100V=POINT,glpT_F3I=POINT,mecA,murA_D278E=POINT,murA_E291D=POINT,tet(38),tet(K),tet(M),vga(E)"
PDS000226510.6,PDT001561369.1,2019.0,Netherlands,human_or_clinical,Homo sapiens,not collected,,True,"ant(9)-Ia,blaI,blaPC1,blaR1,dfrG,erm(A),glpT_A100V=POINT,glpT_F3I=POINT,mecA,murA_D278E=POINT,murA_E291D=POINT,tet(38),tet(K),tet(M),vga(E)"
PDS000226510.6,PDT001561462.1,2019.0,Netherlands,human_or_clinical,Homo sapiens,not collected,,True,"ant(9)-Ia,blaI,blaPC1,blaR1,dfrG,erm(A),glpT_A100V=POINT,glpT_F3I=POINT,mecA,murA_D278E=POINT,murA_E291D=POINT,tet(38),tet(M),vga(E)"
PDS000226510.6,PDT001561530.1,2019.0,Netherlands,human_or_clinical,Homo sapiens,not collected,,True,"ant(9)-Ia,blaI,blaPC1,blaR1,dfrG,erm(A),glpT_A100V=POINT,glpT_F3I=POINT,mecA,murA_D278E=POINT,murA_E291D=POINT,tet(38),tet(K),tet(M),vga(E)"
PDS000226510.6,PDT001561617.1,2019.0,Netherlands,human_or_clinical,Homo sapiens,not collected,,True,"ant(9)-Ia,blaI,blaPC1,blaR1,dfrG,erm(A),glpT_A100V=POINT,glpT_F3I=POINT,mecA,murA_D278E=POINT,murA_E291D=POINT,tet(38),tet(K),tet(M),vga(E)"
PDS000226510.6,PDT001561688.1,2019.0,Netherlands,human_or_clinical,Homo sapiens,not collected,,True,"ant(9)-Ia,blaI,blaPC1,blaR1,dfrG,erm(A),glpT_A100V=POINT,glpT_F3I=POINT,lnu(A),mecA,murA_D278E=POINT,murA_E291D=POINT,tet(38),tet(K),tet(M),vga(E)"
PDS000226510.6,PDT001561826.1,2020.0,Netherlands,human_or_clinical,Homo sapiens,not collected,,True,"ant(9)-Ia,blaI,blaPC1,blaR1,dfrG,erm(A),erm(B),glpT_A100V=POINT,glpT_F3I=POINT,mecA,murA_D278E=POINT,murA_E291D=POINT,tet(38),tet(K),tet(M),vga(E)"
PDS000226510.6,PDT001562073.1,2020.0,Netherlands,human_or_clinical,Homo sapiens,not collected,,True,"ant(9)-Ia,blaI,blaPC1,blaR1,dfrG,erm(A),glpT_A100V=POINT,glpT_F3I=POINT,mecA,murA_D278E=POINT,murA_E291D=POINT,tet(38),tet(K),tet(M),vga(E)"
PDS000226510.6,PDT001562279.1,2020.0,Netherlands,human_or_clinical,Homo sapiens,not collected,,True,"ant(9)-Ia,blaI,blaPC1,blaR1,dfrG,erm(A),glpT_A100V=POINT,glpT_F3I=POINT,mecA,murA_D278E=POINT,murA_E291D=POINT,tet(38),tet(K),tet(M),vga(E)"
PDS000226510.6,PDT001562409.1,2020.0,Netherlands,human_or_clinical,Homo sapiens,not collected,,True,"ant(9)-Ia,blaI,blaPC1,blaR1,dfrG,erm(A),glpT_A100V=POINT,glpT_F3I=POINT,mecA,murA_D278E=POINT,murA_E291D=POINT,tet(38),tet(K),tet(M),vga(E)"
PDS000226510.6,PDT001562412.1,2020.0,Netherlands,human_or_clinical,Homo sapiens,not collected,,True,"ant(9)-Ia,blaI,blaPC1,blaR1,dfrG,erm(A),erm(B),glpT_A100V=POINT,glpT_F3I=POINT,mecA,murA_D278E=POINT,murA_E291D=POINT,tet(38),tet(K),tet(M),vga(E)"
PDS000226510.6,PDT001562544.1,2020.0,Netherlands,human_or_clinical,Homo sapiens,not collected,,True,"ant(9)-Ia,blaI,blaPC1,blaR1,dfrG,erm(A),glpT_A100V=POINT,glpT_F3I=POINT,mecA,murA_D278E=POINT,murA_E291D=POINT,tet(38),tet(K),tet(M),vga(E)"
PDS000226510.6,PDT001563228.1,2017.0,Netherlands,human_or_clinical,Homo sapiens,not collected,,True,"ant(9)-Ia,blaI,blaPC1,blaR1,dfrG,erm(A),glpT_A100V=POINT,glpT_F3I=POINT,mecA,murA_D278E=POINT,murA_E291D=POINT,tet(38),tet(K),tet(M),vga(E)"
PDS000226510.6,PDT001563424.1,2017.0,Netherlands,human_or_clinical,Homo sapiens,not collected,,True,"ant(9)-Ia,blaI,blaPC1,blaR1,dfrG,erm(A),glpT_A100V=POINT,glpT_F3I=POINT,mecA,murA_D278E=POINT,murA_E291D=POINT,tet(38),tet(K),tet(M),vga(E)"
PDS000226510.6,PDT001563472.1,2017.0,Netherlands,human_or_clinical,Homo sapiens,not collected,,True,"ant(9)-Ia,blaI,blaPC1,blaR1,dfrG,erm(A),glpT_A100V=POINT,glpT_F3I=POINT,mecA,murA_D278E=POINT,murA_E291D=POINT,str,tet(38),tet(M),vga(E)"
PDS000226510.6,PDT001563568.1,2017.0,Netherlands,human_or_clinical,Homo sapiens,not collected,,True,"ant(9)-Ia,blaI,blaPC1,blaR1,dfrG,erm(A),glpT_A100V=POINT,glpT_F3I=POINT,mecA,murA_D278E=POINT,murA_E291D=POINT,tet(38),tet(K),tet(M),vga(E)"
PDS000226510.6,PDT001563569.1,2017.0,Netherlands,human_or_clinical,Homo sapiens,not collected,,True,"ant(9)-Ia,blaI,blaPC1,blaR1,dfrG,erm(A),glpT_A100V=POINT,glpT_F3I=POINT,mecA,murA_D278E=POINT,murA_E291D=POINT,tet(38),tet(K),tet(M),vga(E)"
PDS000226510.6,PDT001563708.1,2017.0,Netherlands,human_or_clinical,Homo sapiens,not collected,,True,"ant(9)-Ia,blaI,blaPC1,blaR1,dfrG,erm(A),glpT_A100V=POINT,glpT_F3I=POINT,mecA,murA_D278E=POINT,murA_E291D=POINT,tet(38),tet(K),tet(M),vga(E)"
PDS000226510.6,PDT001564005.1,2016.0,Netherlands,human_or_clinical,Homo sapiens,not collected,,True,"ant(9)-Ia,blaI,blaPC1,blaR1,dfrG,erm(A),glpT_A100V=POINT,glpT_F3I=POINT,mecA,murA_D278E=POINT,murA_E291D=POINT,tet(38),tet(K),tet(M),vga(E)"
PDS000226510.6,PDT001564107.1,2015.0,Netherlands,human_or_clinical,Homo sapiens,not collected,,True,"ant(9)-Ia,blaI,blaPC1,blaR1,dfrG,erm(A),glpT_A100V=POINT,glpT_F3I=POINT,mecA,murA_D278E=POINT,murA_E291D=POINT,tet(38),tet(K),tet(M),vga(E)"
PDS000226510.6,PDT001564205.1,2016.0,Netherlands,human_or_clinical,Homo sapiens,not collected,,True,"ant(9)-Ia,blaI,blaPC1,blaR1,dfrG,erm(A),erm(B),glpT_A100V=POINT,glpT_F3I=POINT,mecA,murA_D278E=POINT,murA_E291D=POINT,tet(38),tet(K),tet(M),vga(E)"
PDS000226510.6,PDT001564271.1,2015.0,Netherlands,human_or_clinical,Homo sapiens,not collected,,True,"ant(9)-Ia,blaI,blaPC1,blaR1,dfrG,erm(A),glpT_A100V=POINT,glpT_F3I=POINT,mecA,murA_D278E=POINT,murA_E291D=POINT,tet(38),tet(K),tet(M),vga(E)"
PDS000226510.6,PDT001564712.1,2015.0,Netherlands,human_or_clinical,Homo sapiens,not collected,,True,"ant(9)-Ia,blaI,blaPC1,blaR1,dfrG,erm(A),glpT_A100V=POINT,glpT_F3I=POINT,mecA,murA_D278E=POINT,murA_E291D=POINT,tet(38),tet(K),tet(M),vga(E)"
PDS000226510.6,PDT001564888.1,2018.0,Netherlands,human_or_clinical,Homo sapiens,not collected,,True,"ant(9)-Ia,blaI,blaPC1,blaR1,dfrG,erm(A),glpT_A100V=POINT,glpT_F3I=POINT,mecA,murA_D278E=POINT,murA_E291D=POINT,tet(38),tet(K),tet(M),vga(E)"
PDS000226510.6,PDT001565007.1,2018.0,Netherlands,human_or_clinical,Homo sapiens,not collected,,True,"ant(9)-Ia,blaI,blaPC1,blaR1,dfrG,erm(A),erm(C),glpT_A100V=POINT,glpT_F3I=POINT,mecA,murA_D278E=POINT,murA_E291D=POINT,tet(38),tet(K),tet(M),vga(E)"
PDS000090674.17,PDT001049397.1,2018.0,Australia,human_or_clinical,Homo sapiens,swab,,True,"blaI,blaR1,blaZ,blaZ=PARTIAL_END_OF_CONTIG,glpT_A100V=POINT,glpT_F3I=POINT,mecA,murA_D278E=POINT,murA_E291D=POINT,tet(38)"
PDS000090674.17,PDT001049399.1,2018.0,Australia,human_or_clinical,Homo sapiens,swab,,True,"blaI,blaR1,blaZ,blaZ=PARTIAL_END_OF_CONTIG,glpT_A100V=POINT,glpT_F3I=POINT,mecA,murA_D278E=POINT,murA_E291D=POINT,tet(38)"
PDS000090674.17,PDT001049400.1,2018.0,Australia,human_or_clinical,Homo sapiens,Right chest Wound swab,,True,"blaI,blaR1,blaZ,blaZ=PARTIAL_END_OF_CONTIG,glpT_A100V=POINT,glpT_F3I=POINT,mecA,murA_D278E=POINT,murA_E291D=POINT,tet(38)"
PDS000090674.17,PDT001049401.1,2018.0,Australia,human_or_clinical,Homo sapiens,Finger Swab,,True,"blaI,blaR1,blaZ,glpT_A100V=POINT,glpT_F3I=POINT,mecA,murA_D278E=POINT,murA_E291D=POINT,tet(38)"
PDS000090674.17,PDT001049402.1,2018.0,Australia,human_or_clinical,Homo sapiens,Toe Tissue,,True,"blaI,blaR1,blaZ,blaZ=PARTIAL_END_OF_CONTIG,glpT_A100V=POINT,glpT_F3I=POINT,mecA,murA_D278E=POINT,murA_E291D=POINT,tet(38)"
PDS000090674.17,PDT001049403.1,2017.0,Australia,human_or_clinical,Homo sapiens,Elbow Fluid,,True,"blaI,blaR1,blaZ,glpT_A100V=POINT,glpT_F3I=POINT,mecA,murA_D278E=POINT,murA_E291D=POINT,tet(38)"
PDS000090674.17,PDT001224694.1,2016.0,China,food,,food,,True,"blaI,blaR1,blaZ,erm(C),glpT_A100V=POINT,glpT_F3I=POINT,mecA,murA_D278E=POINT,murA_E291D=POINT,tet(38)"
PDS000090674.17,PDT001342322.1,2017.0,China,human_or_clinical,Homo sapiens,not collected,,True,"blaI,blaR1,blaZ,erm(C),glpT_A100V=POINT,glpT_F3I=POINT,mecA,murA_D278E=POINT,murA_E291D=POINT,tet(38)"
PDS000090674.17,PDT001342328.1,2017.0,China,human_or_clinical,Homo sapiens,not collected,,True,"blaI,blaR1,blaZ,glpT_A100V=POINT,glpT_F3I=POINT,mecA,murA_D278E=POINT,murA_E291D=POINT,tet(38)"
PDS000090674.17,PDT001378863.2,2015.0,China,human_or_clinical,Homo sapiens,sputum,,True,"blaI,blaR1,blaZ,glpT_A100V=POINT,glpT_F3I=POINT,mecA,murA_D278E=POINT,murA_E291D=POINT,tet(38)"
PDS000090674.17,PDT001443948.1,2018.0,China,human_or_clinical,,patient,,True,"blaI,blaR1,blaZ,erm(C),glpT_A100V=POINT,glpT_F3I=POINT,mecA,murA_D278E=POINT,murA_E291D=POINT,tet(38)"
PDS000090674.17,PDT001444020.1,2018.0,China,environment,,Environment,,True,"glpT_A100V=POINT,glpT_F3I=POINT,mecA,murA_D278E=POINT,murA_E291D=POINT,tet(38)"
PDS000090674.17,PDT001444087.1,2017.0,China,human_or_clinical,,patient,,True,"blaI,blaR1,blaZ,glpT_A100V=POINT,glpT_F3I=POINT,mecA,murA_D278E=POINT,murA_E291D=POINT,tet(38)"
PDS000090674.17,PDT001444098.1,2018.0,China,human_or_clinical,,patient,,True,"blaI,blaR1,blaZ,glpT_A100V=POINT,glpT_F3I=POINT,mecA,murA_D278E=POINT,murA_E291D=POINT,tet(38)"
PDS000090674.17,PDT001444104.1,2017.0,China,environment,,Environment,,True,"blaI,blaR1,blaZ,glpT_A100V=POINT,glpT_F3I=POINT,mecA,murA_D278E=POINT,murA_E291D=POINT,tet(38)"
PDS000090674.17,PDT001501538.1,2018.0,Denmark,human_or_clinical,Homo sapiens,skin and soft tissue infection,,True,"blaI,blaI=PARTIAL_END_OF_CONTIG,blaR1,blaR1=PARTIAL_END_OF_CONTIG,blaZ,glpT_A100V=POINT,glpT_F3I=POINT,mecA,murA_D278E=POINT,murA_E291D=POINT,tet(38)"
PDS000090674.17,PDT001501987.1,2015.0,China,human_or_clinical,Homo sapiens,,,True,"blaI,blaR1,blaZ,glpT_A100V=POINT,glpT_F3I=POINT,lnu(A),mecA,murA_D278E=POINT,murA_E291D=POINT,tet(38)"
PDS000090674.17,PDT001502014.1,2017.0,China,human_or_clinical,Homo sapiens,,,True,"blaI,blaR1,blaZ,blaZ=PARTIAL_END_OF_CONTIG,glpT_A100V=POINT,glpT_F3I=POINT,mecA,murA_D278E=POINT,murA_E291D=POINT,tet(38)"
PDS000090674.17,PDT001502148.1,2019.0,China,human_or_clinical,Homo sapiens,,,True,"blaI,blaR1,blaZ,blaZ=PARTIAL_END_OF_CONTIG,glpT_A100V=POINT,glpT_F3I=POINT,mecA,murA_D278E=POINT,murA_E291D=POINT,tet(38)"
PDS000090674.17,PDT001502171.1,2017.0,China,human_or_clinical,Homo sapiens,,,True,"erm(C),glpT_A100V=POINT,glpT_F3I=POINT,mecA,murA_D278E=POINT,murA_E291D=POINT,tet(38)"
PDS000090674.17,PDT001502522.1,2018.0,China,human_or_clinical,Homo sapiens,,,True,"blaI,blaR1,blaZ,blaZ=PARTIAL_END_OF_CONTIG,erm(C),glpT_A100V=POINT,glpT_F3I=POINT,mecA,murA_D278E=POINT,murA_E291D=POINT,tet(38)"
PDS000090674.17,PDT001607012.1,2017.0,China,human_or_clinical,Homo sapiens,skin,,True,"blaI,blaR1,blaZ,blaZ=PARTIAL_END_OF_CONTIG,glpT_A100V=POINT,glpT_F3I=POINT,mecA,murA_D278E=POINT,murA_E291D=POINT,tet(38)"
PDS000090674.17,PDT001607018.1,2017.0,China,human_or_clinical,Homo sapiens,skin,,True,"blaI,blaR1,blaZ,blaZ=PARTIAL_END_OF_CONTIG,glpT_A100V=POINT,glpT_F3I=POINT,mecA,murA_D278E=POINT,murA_E291D=POINT,tet(38)"
PDS000090674.17,PDT001607022.1,2016.0,China,human_or_clinical,Homo sapiens,skin,,True,"blaI,blaR1,blaZ,erm(C),glpT_A100V=POINT,glpT_F3I=POINT,mecA,murA_D278E=POINT,murA_E291D=POINT,tet(38)"
PDS000090674.17,PDT001607034.1,2015.0,China,human_or_clinical,Homo sapiens,respiratory tract,,True,"blaI,blaR1,blaZ,erm(C),glpT_A100V=POINT,glpT_F3I=POINT,mecA,murA_D278E=POINT,murA_E291D=POINT,tet(38)"
PDS000090674.17,PDT001607035.1,2018.0,China,human_or_clinical,Homo sapiens,skin,,True,"blaI,blaR1,blaZ,glpT_A100V=POINT,glpT_F3I=POINT,mecA,murA_D278E=POINT,murA_E291D=POINT,tet(38)"
PDS000090674.17,PDT001707188.1,2017.0,Australia,human_or_clinical,Homo sapiens,Patient's blood,,True,"blaI,blaR1,blaZ,blaZ=PARTIAL_END_OF_CONTIG,glpT_A100V=POINT,glpT_F3I=POINT,mecA,murA_D278E=POINT,murA_E291D=POINT,tet(38)"
PDS000090674.17,PDT001707189.1,2018.0,Australia,human_or_clinical,Homo sapiens,Patient's blood,,True,"blaI,blaR1,blaZ,blaZ=PARTIAL_END_OF_CONTIG,erm(C),glpT_A100V=POINT,glpT_F3I=POINT,mecA,murA_D278E=POINT,murA_E291D=POINT,tet(38)"
PDS000090674.17,PDT001707241.1,2016.0,China,human_or_clinical,Homo sapiens,Hospital patients,,True,"erm(C),glpT_A100V=POINT,glpT_F3I=POINT,mecA,murA_D278E=POINT,murA_E291D=POINT,tet(38)"
PDS000090674.17,PDT001707242.1,2016.0,China,human_or_clinical,Homo sapiens,Hospital patients,,True,"blaI,blaR1,blaZ,blaZ=PARTIAL_END_OF_CONTIG,fosB,glpT_A100V=POINT,glpT_F3I=POINT,mecA,murA_D278E=POINT,murA_E291D=POINT,tet(38)"
PDS000090674.17,PDT001707247.1,2016.0,China,human_or_clinical,Homo sapiens,Hospital patients,,True,"fosB,glpT_A100V=POINT,glpT_F3I=POINT,mecA,murA_D278E=POINT,murA_E291D=POINT,tet(38)"
PDS000090674.17,PDT002100150.1,2020.0,China,human_or_clinical,Homo sapiens,blood,,True,"blaI,blaR1,blaZ,erm(C),glpT_A100V=POINT,glpT_F3I=POINT,mecA,murA_D278E=POINT,murA_E291D=POINT,tet(38)"
PDS000090674.17,PDT002100228.1,2016.0,China,human_or_clinical,Homo sapiens,blood,,True,"blaI,blaR1,blaZ,erm(C),glpT_A100V=POINT,glpT_F3I=POINT,mecA,murA_D278E=POINT,murA_E291D=POINT,tet(38)"
PDS000090674.17,PDT002653756.1,2020.0,China,human_or_clinical,Homo sapiens,Ear discharge,,True,"glpT_A100V=POINT,glpT_F3I=POINT,mecA,murA_D278E=POINT,murA_E291D=POINT,tet(38)"
PDS000090674.17,PDT002653767.1,2020.0,China,human_or_clinical,Homo sapiens,Ear discharge,,True,"glpT_A100V=POINT,glpT_F3I=POINT,mecA,murA_D278E=POINT,murA_E291D=POINT,tet(38)"
PDS000090674.17,PDT002679773.1,2019.0,China,human_or_clinical,Homo sapiens,Wound discharge,,True,"glpT_A100V=POINT,glpT_F3I=POINT,lnu(A),mecA,murA_D278E=POINT,murA_E291D=POINT,tet(38)"
PDS000090674.17,PDT002737193.1,2017.0,China,human_or_clinical,Homo sapiens,SP,,True,"blaI,blaR1,blaR1=MISTRANSLATION,blaZ,glpT_A100V=POINT,glpT_F3I=POINT,mecA,murA_D278E=POINT,murA_E291D=POINT"
PDS000090674.17,PDT002737206.1,2016.0,China,human_or_clinical,Homo sapiens,SP,,True,"blaI,blaR1,blaZ,blaZ=PARTIAL_END_OF_CONTIG,glpT_A100V=POINT,glpT_F3I=POINT,mecA,murA_D278E=POINT,murA_E291D=POINT"
PDS000090674.17,PDT002737223.1,2015.0,China,human_or_clinical,Homo sapiens,sp,,True,"blaI,blaI=PARTIAL_END_OF_CONTIG,blaR1,blaZ,blaZ=PARTIAL_END_OF_CONTIG,glpT_A100V=POINT,glpT_F3I=POINT,mecA,murA_D278E=POINT,murA_E291D=POINT"
PDS000090674.17,PDT002737321.1,2017.0,China,human_or_clinical,Homo sapiens,SP,,True,"blaI,blaI=PARTIAL_END_OF_CONTIG,blaR1,blaR1=MISTRANSLATION,blaZ,erm(C),glpT_A100V=POINT,glpT_F3I=POINT,mecA,mecA=MISTRANSLATION,murA_D278E=POINT,murA_E291D=POINT"
PDS000090674.17,PDT002737324.1,2017.0,China,human_or_clinical,Homo sapiens,ST,,True,"blaI,blaR1,blaZ,glpT_A100V=POINT,glpT_F3I=POINT,mecA,murA_D278E=POINT,murA_E291D=POINT"
PDS000090674.17,PDT002737341.1,2017.0,China,human_or_clinical,Homo sapiens,sb,,True,"blaI,blaR1,blaZ,glpT_A100V=POINT,glpT_F3I=POINT,mecA,murA_D278E=POINT,murA_E291D=POINT"
PDS000090674.17,PDT002737342.1,2017.0,China,human_or_clinical,Homo sapiens,SP,,True,"blaI,blaR1,blaZ,blaZ=PARTIAL_END_OF_CONTIG,glpT_A100V=POINT,glpT_F3I=POINT,mecA,murA_D278E=POINT,murA_E291D=POINT"
PDS000090674.17,PDT002737366.1,2015.0,China,human_or_clinical,Homo sapiens,sp,,True,"blaI,blaI=PARTIAL_END_OF_CONTIG,blaR1,blaZ,erm(C),glpT_A100V=POINT,glpT_F3I=POINT,lnu(A),mecA,murA_D278E=POINT,murA_E291D=POINT"
PDS000090674.17,PDT002737370.1,2015.0,China,human_or_clinical,Homo sapiens,sp,,True,"blaI,blaI=PARTIAL_END_OF_CONTIG,blaR1,blaZ,blaZ=PARTIAL_END_OF_CONTIG,glpT_A100V=POINT,glpT_F3I=POINT,mecA,murA_D278E=POINT,murA_E291D=POINT"
PDS000090674.17,PDT002737422.1,2020.0,China,human_or_clinical,Homo sapiens,PS,,True,"blaI,blaR1,blaZ,blaZ=PARTIAL_END_OF_CONTIG,glpT_A100V=POINT,glpT_F3I=POINT,mecA,murA_D278E=POINT,murA_E291D=POINT"
PDS000090674.17,PDT002737475.1,2016.0,China,human_or_clinical,Homo sapiens,sp,,True,"blaI,blaI=PARTIAL_END_OF_CONTIG,blaR1,blaR1=MISTRANSLATION,blaZ,blaZ=PARTIAL_END_OF_CONTIG,glpT_A100V=POINT,glpT_F3I=POINT,mecA,murA_D278E=POINT,murA_E291D=POINT"
PDS000090674.17,PDT002737542.1,2020.0,China,human_or_clinical,Homo sapiens,sp,,True,"erm(C),glpT_A100V=POINT,glpT_F3I=POINT,mecA,murA_D278E=POINT,murA_E291D=POINT"
PDS000090674.17,PDT002737559.1,2018.0,China,human_or_clinical,Homo sapiens,sp,,True,"blaI,blaI=PARTIAL_END_OF_CONTIG,blaR1,blaR1=MISTRANSLATION,blaZ,glpT_A100V=POINT,glpT_F3I=POINT,mecA,murA_D278E=POINT,murA_E291D=POINT"
PDS000090674.17,PDT002737560.1,2018.0,China,human_or_clinical,Homo sapiens,sp,,True,"blaI,blaI=PARTIAL_END_OF_CONTIG,blaR1,blaZ,glpT_A100V=POINT,glpT_F3I=POINT,mecA,murA_D278E=POINT,murA_E291D=POINT"
PDS000068767.4,PDT000349419.2,2016.0,China,livestock,Sus scrofa,,,True,"aac(6')-Ie/aph(2'')-Ia,aadD1,ant(6)-Ia,blaI,blaPC1,blaR1,blaR1=HMM,blaZ,dfrG,fexA,fosB,gyrA_S84A=POINT,lnu(B),lsa(E),mecA,parC_S80F=POINT,rpsJ_Y58D=POINT,spw,tet(L)"
PDS000068767.4,PDT000349420.2,2016.0,China,environment,,environment,,True,"aac(6')-Ie/aph(2'')-Ia,aadD1,ant(6)-Ia,blaI,blaPC1,blaR1,blaR1=HMM,blaZ,dfrG,fexA,fosB,gyrA_S84A=POINT,lnu(B),lsa(E),mecA,parC_S80F=POINT,rpsJ_Y58D=POINT,spw,str,tet(L)"
PDS000068767.4,PDT000349449.2,2016.0,China,livestock,Sus scrofa,,,True,"aac(6')-Ie/aph(2'')-Ia,aadD1,ant(6)-Ia,blaI,blaPC1,blaR1,blaR1=HMM,blaZ,dfrG,erm(C),fexA,fosB,gyrA_S84A=POINT,lnu(B),lsa(E),mecA,parC_S80F=POINT,rpsJ_Y58D=POINT,spw,tet(L)"
PDS000068767.4,PDT000349452.2,2016.0,China,livestock,Sus scrofa,,,True,"aac(6')-Ie/aph(2'')-Ia,aadD1,ant(6)-Ia,blaI,blaPC1,blaR1,blaR1=HMM,blaZ,dfrG,erm(C),fexA,fosB,gyrA_S84A=POINT,lnu(B),lsa(E),mecA,parC_S80F=POINT,rpsJ_Y58D=POINT,spw,tet(L)"
PDS000068767.4,PDT000349453.2,2016.0,China,livestock,Sus scrofa,,,True,"aac(6')-Ie/aph(2'')-Ia,aadD1,ant(6)-Ia,blaI,blaPC1,blaR1,blaR1=HMM,blaZ,dfrG,erm(C),fexA,fosB,gyrA_S84A=POINT,lnu(B),lsa(E),mecA,parC_S80F=POINT,rpsJ_Y58D=POINT,spw,tet(L)"
PDS000068767.4,PDT000349454.2,2016.0,China,livestock,Sus scrofa,,,True,"aac(6')-Ie/aph(2'')-Ia,aadD1,ant(6)-Ia,blaI,blaPC1,blaR1,blaR1=HMM,blaZ,dfrG,fexA,fosB,gyrA_S84A=POINT,lnu(B),lsa(E),mecA,parC_S80F=POINT,rpsJ_Y58D=POINT,spw,tet(L)"
PDS000068767.4,PDT000349455.2,2016.0,China,livestock,Sus scrofa,,,True,"aac(6')-Ie/aph(2'')-Ia,aadD1,ant(6)-Ia,blaI,blaPC1,blaR1,blaR1=HMM,blaZ,dfrG,fexA,fosB,gyrA_S84A=POINT,lnu(B),lsa(E),mecA,parC_S80F=POINT,rpsJ_Y58D=POINT,spw,tet(L)"
PDS000068767.4,PDT000349456.2,2016.0,China,livestock,Sus scrofa,,,True,"aac(6')-Ie/aph(2'')-Ia,aadD1,ant(6)-Ia,blaI,blaPC1,blaR1,blaR1=HMM,blaZ,dfrG,fexA,fosB,gyrA_S84A=POINT,lnu(B),lsa(E),mecA,parC_S80F=POINT,rpsJ_Y58D=POINT,spw,tet(L)"
PDS000068767.4,PDT000349457.2,2016.0,China,livestock,Sus scrofa,,,True,"aac(6')-Ie/aph(2'')-Ia,aadD1,ant(6)-Ia,blaI,blaPC1,blaR1,blaR1=HMM,blaZ,dfrG,erm(C),fexA,fosB,gyrA_S84A=POINT,lnu(B),lsa(E),mecA,parC_S80F=POINT,rpsJ_Y58D=POINT,spw,tet(L)"
PDS000068767.4,PDT000349458.2,2016.0,China,livestock,Sus scrofa,,,True,"aac(6')-Ie/aph(2'')-Ia,aadD1,ant(6)-Ia,blaI,blaPC1,blaR1,blaR1=HMM,blaZ,dfrG,fexA,fosB,gyrA_S84A=POINT,lnu(B),lsa(E),mecA,parC_S80F=POINT,rpsJ_Y58D=POINT,spw,tet(L)"
PDS000068767.4,PDT000349459.2,2016.0,China,livestock,Sus scrofa,,,True,"aac(6')-Ie/aph(2'')-Ia,aadD1,ant(6)-Ia,blaI,blaPC1,blaR1,blaZ,dfrG,erm(C),fexA,fosB,gyrA_S84A=POINT,lnu(B),lsa(E),mecA,parC_S80F=POINT,rpsJ_Y58D=POINT,spw,tet(L)"
PDS000068767.4,PDT000349460.2,2016.0,China,livestock,Sus scrofa,,,True,"aac(6')-Ie/aph(2'')-Ia,aadD1,ant(6)-Ia,blaI,blaPC1,blaR1,blaR1=HMM,blaZ,dfrG,fexA,fosB,gyrA_S84A=POINT,lnu(B),lsa(E),mecA,parC_S80F=POINT,rpsJ_Y58D=POINT,spw,tet(L)"
PDS000068767.4,PDT000349461.2,2016.0,China,livestock,Sus scrofa,,,True,"aac(6')-Ie/aph(2'')-Ia,aadD1,ant(6)-Ia,blaI,blaPC1,blaR1,blaR1=HMM,blaZ,dfrG,erm(C),fexA,fosB,gyrA_S84A=POINT,lnu(B),lsa(E),mecA,parC_S80F=POINT,rpsJ_Y58D=POINT,spw,tet(L)"
PDS000068767.4,PDT000349462.2,2016.0,China,livestock,Sus scrofa,,,True,"aac(6')-Ie/aph(2'')-Ia,aadD1,ant(6)-Ia,blaI,blaPC1,blaR1,blaR1=HMM,blaZ,dfrG,fexA,fosB,gyrA_S84A=POINT,lnu(B),lsa(E),mecA,parC_S80F=POINT,rpsJ_Y58D=POINT,spw,tet(L)"
PDS000068767.4,PDT000349463.2,2016.0,China,livestock,Sus scrofa,,,True,"aac(6')-Ie/aph(2'')-Ia,aadD1,ant(6)-Ia,blaI,blaPC1,blaR1,blaR1=HMM,blaZ,dfrG,fexA,fosB,gyrA_S84A=POINT,lnu(B),lsa(E),mecA,parC_S80F=POINT,rpsJ_Y58D=POINT,spw,tet(L)"
PDS000068767.4,PDT000349464.2,2016.0,China,livestock,Sus scrofa,,,True,"aac(6')-Ie/aph(2'')-Ia,aadD1,ant(6)-Ia,blaI,blaR1,blaR1=HMM,blaZ,dfrG,fexA,fosB,gyrA_S84A=POINT,lnu(B),lsa(E),mecA,parC_S80F=POINT,rpsJ_Y58D=POINT,spw,tet(L)"
PDS000068767.4,PDT000349465.2,2016.0,China,livestock,Sus scrofa,,,True,"aac(6')-Ie/aph(2'')-Ia,aadD1,ant(6)-Ia,blaI,blaPC1,blaR1,blaR1=HMM,blaZ,dfrG,erm(C),fexA,fosB,gyrA_S84A=POINT,lnu(B),lsa(E),mecA,parC_S80F=POINT,rpsJ_Y58D=POINT,spw,tet(L)"
PDS000068767.4,PDT000349473.2,2016.0,China,livestock,Sus scrofa,,,True,"aac(6')-Ie/aph(2'')-Ia,aadD1,ant(6)-Ia,blaI,blaPC1,blaR1,blaR1=HMM,blaZ,dfrG,erm(C),fexA,fosB,gyrA_S84A=POINT,lnu(B),lsa(E),mecA,parC_S80F=POINT,rpsJ_Y58D=POINT,spw,tet(L)"
PDS000068767.4,PDT000349475.2,2016.0,China,livestock,Sus scrofa,,,True,"aac(6')-Ie/aph(2'')-Ia,aadD1,ant(6)-Ia,blaI,blaPC1,blaR1,blaR1=HMM,blaZ,dfrG,erm(C),fexA,fosB,gyrA_S84A=POINT,lnu(B),lsa(E),mecA,parC_S80F=POINT,rpsJ_Y58D=POINT,spw,str=PARTIAL_END_OF_CONTIG,tet(L)"
PDS000068767.4,PDT000349477.2,2016.0,China,livestock,Sus scrofa,,,True,"aac(6')-Ie/aph(2'')-Ia,aadD1,ant(6)-Ia,blaI,blaPC1,blaR1,blaR1=HMM,blaZ,dfrG,erm(B)=PARTIAL_END_OF_CONTIG,fexA,fosB,gyrA_S84A=POINT,lnu(A),lnu(B),lsa(E),mecA,parC_S80F=POINT,rpsJ_Y58D=POINT,spw,str,tet(K)=PARTIAL_END_OF_CONTIG,tet(L)"
PDS000068767.4,PDT000349478.2,2016.0,China,livestock,Sus scrofa,,,True,"aac(6')-Ie/aph(2'')-Ia,aadD1,ant(6)-Ia,blaI,blaPC1,blaR1,blaR1=HMM,blaZ,dfrG,fexA,fosB,gyrA_S84A=POINT,lnu(B),lsa(E),mecA,parC_S80F=POINT,rpsJ_Y58D=POINT,spw,tet(L)"
PDS000068767.4,PDT000349480.2,2016.0,China,livestock,Sus scrofa,,,True,"aac(6')-Ie/aph(2'')-Ia,aadD1,ant(6)-Ia,blaI,blaR1,blaR1=HMM,blaZ=PARTIAL_END_OF_CONTIG,dfrG,erm(C),fexA,fosB,gyrA_S84A=POINT,lnu(B),lsa(E),mecA,parC_S80F=POINT,rpsJ_Y58D=POINT,spw,tet(L)"
PDS000068767.4,PDT000349481.2,2016.0,China,livestock,Sus scrofa,,,True,"aac(6')-Ie/aph(2'')-Ia,aadD1,ant(6)-Ia,blaI,blaPC1,blaR1,blaR1=HMM,blaZ,dfrG,erm(C),fexA,fosB,gyrA_S84A=POINT,lnu(B),lsa(E),mecA,parC_S80F=POINT,rpsJ_Y58D=POINT,spw,tet(L)"
PDS000068767.4,PDT000349482.2,2016.0,China,livestock,Sus scrofa,,,True,"aac(6')-Ie/aph(2'')-Ia,aadD1,ant(6)-Ia,blaI,blaPC1,blaR1,blaR1=HMM,blaZ=PARTIAL,dfrG,erm(C),fexA,fosB,gyrA_S84A=POINT,lnu(A),lnu(B),lsa(E),mecA,parC_S80F=POINT,rpsJ_Y58D=POINT,spw,tet(L)"
PDS000068767.4,PDT000349483.2,2016.0,China,livestock,Sus scrofa,,,True,"aac(6')-Ie/aph(2'')-Ia,aadD1,ant(6)-Ia,blaI,blaPC1,blaR1,blaR1=HMM,blaZ,dfrG,erm(C),fexA,fosB,gyrA_S84A=POINT,lnu(A),lnu(B),lsa(E),mecA,parC_S80F=POINT,rpsJ_Y58D=POINT,spw,str,tet(K)=PARTIAL_END_OF_CONTIG,tet(L)"
PDS000068767.4,PDT000349484.2,2016.0,China,livestock,Sus scrofa,,,True,"aac(6')-Ie/aph(2'')-Ia,aadD1,ant(6)-Ia,blaI,blaPC1,blaR1,blaR1=HMM,blaZ,dfrG,fexA,fosB,gyrA_S84A=POINT,lnu(B),lsa(E),mecA,parC_S80F=POINT,rpsJ_Y58D=POINT,spw,tet(L)"
PDS000068767.4,PDT000349485.2,2016.0,China,livestock,Sus scrofa,,,True,"aac(6')-Ie/aph(2'')-Ia,aadD1,ant(6)-Ia,blaI,blaPC1,blaR1,blaR1=HMM,blaZ,dfrG,erm(C),fexA,fosB,gyrA_S84A=POINT,lnu(B),lsa(E),mecA,parC_S80F=POINT,rpsJ_Y58D=POINT,spw,tet(L)"
PDS000068767.4,PDT000349486.2,2016.0,China,livestock,Sus scrofa,,,True,"aac(6')-Ie/aph(2'')-Ia,aadD1,ant(6)-Ia,blaI,blaPC1,blaR1,blaR1=HMM,blaZ,dfrG,erm(C),fexA,fosB,gyrA_S84A=POINT,lnu(B),lsa(E),mecA,parC_S80F=POINT,rpsJ_Y58D=POINT,spw,tet(L)"
PDS000068767.4,PDT000349487.2,2016.0,China,livestock,Sus scrofa,,,True,"aac(6')-Ie/aph(2'')-Ia,aadD1,ant(6)-Ia,blaI,blaPC1,blaR1,blaR1=HMM,blaZ,dfrG,erm(C),fexA,fosB,gyrA_S84A=POINT,lnu(B),lsa(E),mecA,parC_S80F=POINT,rpsJ_Y58D=POINT,spw,tet(L)"
PDS000068767.4,PDT000349498.2,2016.0,China,human_or_clinical,Homo sapiens,,,True,"aac(6')-Ie/aph(2'')-Ia,aadD1,ant(6)-Ia,blaI,blaPC1,blaR1,blaR1=HMM,blaZ,dfrG,fexA,fosB,gyrA_S84A=POINT,lnu(B),lsa(E),mecA,parC_S80F=POINT,rpsJ_Y58D=POINT,spw,tet(L)"
PDS000068767.4,PDT000349499.2,2016.0,China,livestock,Sus scrofa,,,True,"aac(6')-Ie/aph(2'')-Ia,aadD1,ant(6)-Ia,blaI,blaPC1,blaR1,blaR1=HMM,blaZ,dfrG,fexA,fosB,gyrA_S84A=POINT,lnu(B),lsa(E),mecA,parC_S80F=POINT,rpsJ_Y58D=POINT,spw,tet(L)"
PDS000068767.4,PDT000349500.2,2016.0,China,livestock,Sus scrofa,,,True,"aac(6')-Ie/aph(2'')-Ia,aadD1,ant(6)-Ia,blaI,blaPC1,blaR1,blaR1=HMM,blaZ,dfrG,fexA,fosB,gyrA_S84A=POINT,lnu(B),lsa(E),mecA,parC_S80F=POINT,rpsJ_Y58D=POINT,spw,tet(L)"
PDS000068767.4,PDT000349501.2,2016.0,China,livestock,Sus scrofa,,,True,"aac(6')-Ie/aph(2'')-Ia,aadD1,ant(6)-Ia,blaI,blaPC1,blaR1,blaR1=HMM,blaZ,dfrG,erm(C),fexA,fosB,gyrA_S84A=POINT,lnu(B),lsa(E),mecA,parC_S80F=POINT,rpsJ_Y58D=POINT,spw,tet(L)"
PDS000068767.4,PDT000349502.2,2016.0,China,livestock,Sus scrofa,,,True,"aac(6')-Ie/aph(2'')-Ia,aadD1,ant(6)-Ia,blaI,blaPC1,blaR1,blaR1=HMM,blaZ,dfrG,erm(C),fexA,fosB,gyrA_S84A=POINT,lnu(B),lsa(E),mecA,parC_S80F=POINT,rpsJ_Y58D=POINT,spw,tet(L)"
PDS000068767.4,PDT000349503.2,2016.0,China,livestock,Sus scrofa,,,True,"aac(6')-Ie/aph(2'')-Ia,aadD1,blaI,blaPC1,blaR1,blaR1=HMM,blaZ,dfrG,erm(C),fexA,fosB,gyrA_S84A=POINT,mecA,parC_S80F=POINT,rpsJ_Y58D=POINT,tet(L)"
PDS000068767.4,PDT000349504.2,2016.0,China,livestock,Sus scrofa,,,True,"aac(6')-Ie/aph(2'')-Ia,aadD1,ant(6)-Ia,blaI,blaPC1,blaR1,blaR1=HMM,blaZ,dfrG,erm(C),fexA,fosB,gyrA_S84A=POINT,lnu(B),lsa(E),mecA,parC_S80F=POINT,rpsJ_Y58D=POINT,spw,tet(L)"
PDS000068767.4,PDT000349505.2,2016.0,China,livestock,Sus scrofa,,,True,"aac(6')-Ie/aph(2'')-Ia,aadD1,ant(6)-Ia,blaI,blaPC1,blaR1,blaR1=HMM,blaTEM-116,blaZ,dfrG,erm(C),fexA,fosB,gyrA_S84A=POINT,lnu(B),lsa(E),mecA,parC_S80F=POINT,rpsJ_Y58D=POINT,spw,tet(L)"
PDS000068767.4,PDT000349506.2,2016.0,China,livestock,Sus scrofa,,,True,"aac(6')-Ie/aph(2'')-Ia,ant(6)-Ia,blaI,blaPC1,blaR1,blaR1=HMM,blaZ,dfrG,erm(C),fexA,fosB,gyrA_S84A=POINT,lnu(B),lsa(E),mecA,parC_S80F=POINT,rpsJ_Y58D=POINT,spw,tet(L)"
PDS000068767.4,PDT000349507.2,2016.0,China,livestock,Sus scrofa,,,True,"aac(6')-Ie/aph(2'')-Ia,aadD1,ant(6)-Ia,blaI,blaPC1,blaR1,blaR1=HMM,blaZ,dfrG,erm(C),fexA,fosB,gyrA_S84A=POINT,lnu(B),lsa(E),mecA,parC_S80F=POINT,rpsJ_Y58D=POINT,spw,tet(L)"
PDS000068767.4,PDT000349508.2,2016.0,China,livestock,Sus scrofa,,,True,"aac(6')-Ie/aph(2'')-Ia,aadD1,ant(6)-Ia,blaI,blaPC1,blaR1,blaR1=HMM,blaZ,dfrG,erm(C),fexA,fosB,gyrA_S84A=POINT,lnu(A)=PARTIAL_END_OF_CONTIG,lnu(B),lsa(E),mecA,parC_S80F=POINT,rpsJ_Y58D=POINT,spw,tet(L)"
PDS000068767.4,PDT000349509.2,2016.0,China,livestock,Sus scrofa,,,True,"aac(6')-Ie/aph(2'')-Ia,aadD1,blaI,blaPC1,blaR1,blaR1=HMM,blaZ,dfrG,erm(C),fexA,fosB,gyrA_S84A=POINT,mecA,parC_S80F=POINT,rpsJ_Y58D=POINT,tet(L)"
PDS000068767.4,PDT000349510.2,2016.0,China,livestock,Sus scrofa,,,True,"aac(6')-Ie/aph(2'')-Ia,aadD1,ant(6)-Ia,blaI,blaPC1,blaR1,blaR1=HMM,blaZ,dfrG,fexA,fosB,gyrA_S84A=POINT,lnu(B),lsa(E),mecA,parC_S80F=POINT,rpsJ_Y58D=POINT,spw,tet(L)"
PDS000068767.4,PDT000349511.2,2016.0,China,livestock,Sus scrofa,,,True,"aac(6')-Ie/aph(2'')-Ia,aadD1,ant(6)-Ia,blaI,blaPC1,blaR1,blaR1=HMM,blaZ,dfrG,erm(C),fexA,fosB,gyrA_S84A=POINT,lnu(B),lsa(E),mecA,parC_S80F=POINT,rpsJ_Y58D=POINT,spw,tet(L)"
PDS000068767.4,PDT000349512.2,2016.0,China,livestock,Sus scrofa,,,True,"aac(6')-Ie/aph(2'')-Ia,aadD1,ant(6)-Ia,blaI,blaPC1,blaR1,blaR1=HMM,blaZ,dfrG,fexA,fosB,gyrA_S84A=POINT,lnu(B),lsa(E),mecA,parC_S80F=POINT,rpsJ_Y58D=POINT,spw,tet(L)"
PDS000068767.4,PDT000349513.2,2016.0,China,livestock,Sus scrofa,,,True,"aac(6')-Ie/aph(2'')-Ia,aadD1,ant(6)-Ia,blaI,blaPC1,blaR1,blaR1=HMM,blaZ,dfrG,fexA,fosB,gyrA_S84A=POINT,lnu(B),lsa(E),mecA,parC_S80F=POINT,rpsJ_Y58D=POINT,spw,tet(L)"
PDS000068767.4,PDT000349514.2,2016.0,China,human_or_clinical,Homo sapiens,,,True,"aac(6')-Ie/aph(2'')-Ia,aadD1,ant(6)-Ia,blaI,blaPC1,blaR1,blaR1=HMM,blaZ,dfrG,erm(C),fexA,fosB,gyrA_S84A=POINT,lnu(B),lsa(E),mecA,parC_S80F=POINT,rpsJ_Y58D=POINT,spw,tet(L)"
PDS000068767.4,PDT000349515.2,2016.0,China,human_or_clinical,Homo sapiens,,,True,"aac(6')-Ie/aph(2'')-Ia,aadD1,ant(6)-Ia,blaI,blaPC1,blaR1,blaR1=HMM,blaZ,dfrG,fexA,fosB,gyrA_S84A=POINT,lnu(A),lnu(B),lsa(E),mecA,parC_S80F=POINT,rpsJ_Y58D=POINT,spw,tet(L)"
PDS000068767.4,PDT000349516.2,2016.0,China,human_or_clinical,Homo sapiens,,,True,"aac(6')-Ie/aph(2'')-Ia,aadD1,ant(6)-Ia,blaI,blaPC1,blaR1,blaR1=HMM,blaZ,dfrG,erm(C),fexA,fosB,gyrA_S84A=POINT,lnu(B),lsa(E),mecA,parC_S80F=POINT,rpsJ_Y58D=POINT,spw,tet(L)"
PDS000068767.4,PDT000349517.2,2016.0,China,human_or_clinical,Homo sapiens,,,True,"aac(6')-Ie/aph(2'')-Ia,aadD1,ant(6)-Ia,blaI,blaPC1,blaR1,blaR1=HMM,blaZ,dfrG,erm(B),erm(C),fexA,fosB,gyrA_S84A=POINT,lnu(B),lsa(E),mecA,parC_S80F=POINT,rpsJ_Y58D=POINT,spw,str,tet(K),tet(L)"
PDS000068767.4,PDT000349518.2,2016.0,China,human_or_clinical,Homo sapiens,,,True,"aac(6')-Ie/aph(2'')-Ia,aadD1,ant(6)-Ia,blaI,blaPC1,blaR1,blaR1=HMM,blaZ,dfrG,fexA,fosB,gyrA_S84A=POINT,lnu(B),lsa(E),mecA,parC_S80F=POINT,rpsJ_Y58D=POINT,spw,tet(L)"
PDS000068755.17,PDT000202309.2,2015.0,Germany,unknown,,,,True,"aac(6')-Ie/aph(2'')-Ia,blaI,blaZ,dfrK,glpT_A100V=POINT,glpT_F3I=POINT,gyrA_S84L=POINT,mecA,mecR1=PARTIAL,murA_D278E=POINT,murA_E291D=POINT,parC_S80F=POINT,tet(38),tet(M)"
PDS000068755.17,PDT000202492.2,2015.0,Germany,unknown,,,,True,"aac(6')-Ie/aph(2'')-Ia,blaI,blaZ,dfrK,glpT_A100V=POINT,glpT_F3I=POINT,gyrA_S84L=POINT,mecA,mecR1=PARTIAL,murA_D278E=POINT,murA_E291D=POINT,parC_S80F=POINT,tet(38),tet(M)"
PDS000068755.17,PDT000295416.2,2015.0,Germany,companion_animal,horse,,,True,"aac(6')-Ie/aph(2'')-Ia,blaI,blaR1=HMM,blaZ,dfrK,glpT_A100V=POINT,glpT_F3I=POINT,gyrA_S84L=POINT,mecA,mecR1=PARTIAL,murA_D278E=POINT,murA_E291D=POINT,parC_S80F=POINT,str,tet(38),tet(M)"
PDS000068755.17,PDT000355153.2,2016.0,Germany,companion_animal,horse,ocular surface swab,,True,"aac(6')-Ie/aph(2'')-Ia,blaI,blaR1=HMM,blaZ,dfrK,glpT_A100V=POINT,glpT_F3I=POINT,gyrA_S84L=POINT,mecA,mecR1=PARTIAL,murA_D278E=POINT,murA_E291D=POINT,parC_S80F=POINT,tet(M)"
PDS000068755.17,PDT000355156.2,2016.0,Germany,companion_animal,horse,ocular surface swab,,True,"aac(6')-Ie/aph(2'')-Ia,blaI,blaR1=HMM,blaZ,dfrK,glpT_A100V=POINT,glpT_F3I=POINT,gyrA_S84L=POINT,mecA,mecR1=PARTIAL,murA_D278E=POINT,murA_E291D=POINT,parC_S80F=POINT,tet(M)"
PDS000068755.17,PDT000355158.2,2016.0,Germany,companion_animal,horse,ocular surface swab,,True,"aac(6')-Ie/aph(2'')-Ia,blaI,blaR1=HMM,blaZ,dfrK,glpT_A100V=POINT,glpT_F3I=POINT,gyrA_S84L=POINT,mecA,mecR1=PARTIAL,murA_D278E=POINT,murA_E291D=POINT,parC_S80F=POINT,str,tet(M)"
PDS000068755.17,PDT000357969.2,2015.0,Germany,human_or_clinical,Homo sapiens,human,,True,"aac(6')-Ie/aph(2'')-Ia,blaI,blaR1=HMM,blaZ,dfrK,glpT_A100V=POINT,glpT_F3I=POINT,gyrA_S84L=POINT,mecA,mecR1=PARTIAL,murA_D278E=POINT,murA_E291D=POINT,parC_S80F=POINT,tet(38),tet(M)"
PDS000068755.17,PDT001534398.1,2019.0,Denmark,human_or_clinical,Homo sapiens,Pharynx,,True,"aac(6')-Ie/aph(2'')-Ia,blaI,blaR1=HMM,blaZ,dfrK,glpT_A100V=POINT,glpT_F3I=POINT,gyrA_S84L=POINT,mecA,mecR1=PARTIAL,murA_D278E=POINT,murA_E291D=POINT,parC_S80F=POINT,tet(38),tet(M)"
PDS000068755.17,PDT001535105.1,2020.0,Denmark,human_or_clinical,Homo sapiens,Pharynx,,True,"aac(6')-Ie/aph(2'')-Ia,blaI,blaR1=HMM,blaZ,blaZ=PARTIAL_END_OF_CONTIG,dfrK,glpT_A100V=POINT,glpT_F3I=POINT,gyrA_S84L=POINT,mecA,mecR1=PARTIAL,murA_D278E=POINT,murA_E291D=POINT,parC_S80F=POINT,tet(38),tet(M)"
PDS000068755.17,PDT001559892.1,2017.0,Netherlands,human_or_clinical,Homo sapiens,not collected,,True,"aac(6')-Ie/aph(2'')-Ia,blaI,blaR1=HMM,blaZ,dfrK,erm(C),glpT_A100V=POINT,glpT_F3I=POINT,gyrA_S84L=POINT,mecA,mecR1=PARTIAL,murA_D278E=POINT,murA_E291D=POINT,parC_S80F=POINT,tet(38),tet(M)"
PDS000068755.17,PDT001559906.1,2017.0,Netherlands,human_or_clinical,Homo sapiens,not collected,,True,"aac(6')-Ie/aph(2'')-Ia,aadD1,blaI,blaR1=HMM,blaZ,dfrK,erm(T),glpT_A100V=POINT,glpT_F3I=POINT,gyrA_S84L=POINT,mecA,mecR1=PARTIAL,murA_D278E=POINT,murA_E291D=POINT,parC_S80F=POINT,tet(38),tet(L),tet(M)"
PDS000068755.17,PDT001561406.1,2019.0,Netherlands,human_or_clinical,Homo sapiens,not collected,,True,"aac(6')-Ie/aph(2'')-Ia,blaI,blaR1=HMM,blaZ,dfrK,glpT_A100V=POINT,glpT_F3I=POINT,gyrA_S84L=POINT,mecA,mecR1=PARTIAL,murA_D278E=POINT,murA_E291D=POINT,parC_S80F=POINT,tet(38),tet(M)"
PDS000068755.17,PDT001561769.1,2019.0,Netherlands,human_or_clinical,Homo sapiens,not collected,,True,"aac(6')-Ie/aph(2'')-Ia,blaI,blaR1=HMM,blaZ,dfrK,glpT_A100V=POINT,glpT_F3I=POINT,gyrA_S84L=POINT,mecA,mecR1=PARTIAL,murA_D278E=POINT,murA_E291D=POINT,parC_S80F=POINT,str,str=PARTIAL_END_OF_CONTIG,tet(38),tet(M)"
PDS000068755.17,PDT001563184.1,2017.0,Netherlands,human_or_clinical,Homo sapiens,not collected,,True,"aac(6')-Ie/aph(2'')-Ia,blaI,blaR1=HMM,blaZ,dfrK,glpT_A100V=POINT,glpT_F3I=POINT,gyrA_S84L=POINT,mecA,mecR1=PARTIAL,murA_D278E=POINT,murA_E291D=POINT,parC_S80F=POINT,tet(38),tet(M)"
PDS000068755.17,PDT001563256.1,2017.0,Netherlands,human_or_clinical,Homo sapiens,not collected,,True,"aac(6')-Ie/aph(2'')-Ia,aadD1,blaI,blaR1=HMM,blaZ,dfrK,erm(T),glpT_A100V=POINT,glpT_F3I=POINT,gyrA_S84L=POINT,mecA,mecR1=PARTIAL,murA_D278E=POINT,murA_E291D=POINT,parC_S80F=POINT,tet(38),tet(L),tet(M)"
PDS000068755.17,PDT001564268.1,2015.0,Netherlands,human_or_clinical,Homo sapiens,not collected,,True,"aac(6')-Ie/aph(2'')-Ia,blaI,blaR1=HMM,blaZ,dfrK,glpT_A100V=POINT,glpT_F3I=POINT,gyrA_S84L=POINT,mecA,mecR1=PARTIAL,murA_D278E=POINT,murA_E291D=POINT,parC_S80F=POINT,str,tet(38),tet(M)"
PDS000068755.17,PDT001564473.1,2016.0,Netherlands,human_or_clinical,Homo sapiens,not collected,,True,"aac(6')-Ie/aph(2'')-Ia,blaI,blaR1=HMM,blaZ,dfrK,glpT_A100V=POINT,glpT_F3I=POINT,gyrA_S84L=POINT,mecA,mecR1=PARTIAL,murA_D278E=POINT,murA_E291D=POINT,parC_S80F=POINT,tet(38),tet(M)"
PDS000068755.17,PDT001564995.1,2018.0,Netherlands,human_or_clinical,Homo sapiens,not collected,,True,"aac(6')-Ie/aph(2'')-Ia,blaI,blaR1=HMM,blaZ,dfrK,glpT_A100V=POINT,glpT_F3I=POINT,gyrA_S84L=POINT,mecA,mecR1=PARTIAL,murA_D278E=POINT,murA_E291D=POINT,parC_S80F=POINT,tet(38),tet(M)"
PDS000068755.17,PDT001566356.1,2021.0,Netherlands,human_or_clinical,Homo sapiens,not collected,,True,"aac(6')-Ie/aph(2'')-Ia,blaI,blaR1=HMM,blaZ,dfrK,glpT_A100V=POINT,glpT_F3I=POINT,gyrA_S84L=POINT,mecA,mecR1=PARTIAL,murA_D278E=POINT,murA_E291D=POINT,parC_S80F=POINT,tet(38),tet(M)"
PDS000068755.17,PDT001578927.1,2018.0,Denmark,human_or_clinical,Homo sapiens,,,True,"aac(6')-Ie=HMM,aac(6')-Ie/aph(2'')-Ia,blaI,blaR1=HMM,blaZ,dfrK,glpT_A100V=POINT,glpT_F3I=POINT,gyrA_S84L=POINT,mecA,mecR1=PARTIAL,murA_D278E=POINT,murA_E291D=POINT,parC_S80F=POINT,str,tet(38),tet(M)"
PDS000068755.17,PDT001607313.1,2017.0,France,companion_animal,Horse,,,True,"aac(6')-Ie/aph(2'')-Ia,blaI,blaR1=HMM,blaZ,dfrK,glpT_A100V=POINT,glpT_F3I=POINT,gyrA_S84L=POINT,mecA,mecR1=PARTIAL,murA_D278E=POINT,murA_E291D=POINT,parC_S80F=POINT,tet(38),tet(M)"
PDS000068755.17,PDT001607322.1,2018.0,France,companion_animal,Dog,,,True,"aac(6')-Ie/aph(2'')-Ia,blaI,blaR1=HMM,blaZ,dfrK,glpT_A100V=POINT,glpT_F3I=POINT,gyrA_S84L=POINT,mecA,mecR1=PARTIAL,murA_D278E=POINT,murA_E291D=POINT,parC_S80F=POINT,tet(38),tet(M)"
PDS000068755.17,PDT001607800.1,2017.0,Switzerland,livestock,Sus scrofa,pig nose,,True,"aac(6')-Ie/aph(2'')-Ia,blaI,blaR1=HMM,blaZ,dfrK,glpT_A100V=POINT,glpT_F3I=POINT,gyrA_S84L=POINT,mecA,mecR1=PARTIAL,murA_D278E=POINT,murA_E291D=POINT,parC_S80F=POINT,tet(38),tet(M)"
PDS000068755.17,PDT001607802.1,2017.0,Switzerland,companion_animal,Equus caballus,horse wound,,True,"aac(6')-Ie/aph(2'')-Ia,blaI,blaZ,dfrK,glpT_A100V=POINT,glpT_F3I=POINT,gyrA_S84L=POINT,mecA,mecR1=PARTIAL,murA_D278E=POINT,murA_E291D=POINT,parC_S80F=POINT,str,tet(M)"
PDS000068755.17,PDT001607816.1,2017.0,Switzerland,human_or_clinical,Homo sapiens,human nose,,True,"aac(6')-Ie/aph(2'')-Ia,blaI,blaR1=HMM,blaZ,dfrK,glpT_A100V=POINT,glpT_F3I=POINT,gyrA_S84L=POINT,mecA,mecR1=PARTIAL,murA_D278E=POINT,murA_E291D=POINT,parC_S80F=POINT,str,tet(38),tet(M)"
PDS000068755.17,PDT001607817.1,2017.0,Switzerland,human_or_clinical,Homo sapiens,human nose,,True,"aac(6')-Ie/aph(2'')-Ia,blaR1=HMM,blaZ,dfrK,glpT_A100V=POINT,glpT_F3I=POINT,gyrA_S84L=POINT,mecA,mecR1=PARTIAL,murA_D278E=POINT,murA_E291D=POINT,parC_S80F=POINT,str,tet(38),tet(M)"
PDS000068755.17,PDT001976177.1,2021.0,Switzerland,human_or_clinical,Homo sapiens,stool sample,,True,"aac(6')-Ie/aph(2'')-Ia,blaI,blaR1=HMM,blaZ,dfrK,glpT_A100V=POINT,glpT_F3I=POINT,gyrA_S84L=POINT,mecA,mecR1=PARTIAL,murA_D278E=POINT,murA_E291D=POINT,parC_S80F=POINT,spd,str,tet(38),tet(M)"
PDS000068755.17,PDT001977369.1,2015.0,Switzerland,unknown,,,,True,"aac(6')-Ie/aph(2'')-Ia,blaI,blaR1=HMM,blaZ,dfrK,glpT_A100V=POINT,glpT_F3I=POINT,gyrA_S84L=POINT,mecA,mecR1=PARTIAL,murA_D278E=POINT,murA_E291D=POINT,parC_S80F=POINT,spd,str,tet(38),tet(M)"
PDS000068755.17,PDT002090502.1,2019.0,Netherlands,human_or_clinical,Homo sapiens,not collected,,True,"aac(6')-Ie/aph(2'')-Ia,blaI,blaR1=HMM,blaZ,dfrK,glpT_A100V=POINT,glpT_F3I=POINT,gyrA_S84L=POINT,mecA,mecR1=PARTIAL,murA_D278E=POINT,murA_E291D=POINT,parC_S80F=POINT,spd,str,tet(38),tet(M)"
PDS000068755.17,PDT002231076.1,2018.0,Czechia,human_or_clinical,Equus caballus,surgical wound swab,,True,"aac(6')-Ie/aph(2'')-Ia,blaI,blaR1=HMM,blaZ,dfrK,glpT_A100V=POINT,glpT_F3I=POINT,gyrA_S84L=POINT,mecA,mecR1=PARTIAL,murA_D278E=POINT,murA_E291D=POINT,parC_S80F=POINT,str,tet(38),tet(M)"
PDS000068755.17,PDT002231077.1,2016.0,Czechia,human_or_clinical,Homo sapiens,palm swab,,True,"aac(6')-Ie/aph(2'')-Ia,blaI,blaR1=HMM,blaZ,dfrK,glpT_A100V=POINT,glpT_F3I=POINT,gyrA_S84L=POINT,mecA,mecR1=PARTIAL,murA_D278E=POINT,murA_E291D=POINT,parC_S80F=POINT,str,tet(38),tet(M)"
PDS000068755.17,PDT002231079.1,2016.0,Czechia,unknown,,Surfaces - hospitalization,,True,"aac(6')-Ie/aph(2'')-Ia,blaI,blaR1=HMM,blaZ,dfrK,glpT_A100V=POINT,glpT_F3I=POINT,gyrA_S84L=POINT,mecA,mecR1=PARTIAL,murA_D278E=POINT,murA_E291D=POINT,parC_S80F=POINT,str,tet(38),tet(M)"
PDS000068755.17,PDT002231080.1,2019.0,Czechia,human_or_clinical,Equus caballus,Surgical wound swab,,True,"aac(6')-Ie/aph(2'')-Ia,blaI,blaR1=HMM,blaZ,dfrK,glpT_A100V=POINT,glpT_F3I=POINT,gyrA_S84L=POINT,mecA,mecR1=PARTIAL,murA_D278E=POINT,murA_E291D=POINT,parC_S80F=POINT,tet(38),tet(M)"
PDS000068755.17,PDT002256590.1,2021.0,Czechia,unknown,Equus caballus,Omphalitis - swab,,True,"aac(6')-Ie=HMM,aac(6')-Ie/aph(2'')-Ia,blaI,blaR1=HMM,blaZ,dfrK,glpT_A100V=POINT,glpT_F3I=POINT,gyrA_S84L=POINT,mecA,mecR1=PARTIAL,murA_D278E=POINT,murA_E291D=POINT,parC_S80F=POINT,tet(38),tet(M)"
PDS000068755.17,PDT002256592.1,2019.0,Czechia,human_or_clinical,Equus caballus,Surgical wound swab,,True,"blaI,blaR1=HMM,blaZ,dfrK,glpT_A100V=POINT,glpT_F3I=POINT,gyrA_S84L=POINT,mecA,mecR1=PARTIAL,murA_D278E=POINT,murA_E291D=POINT,parC_S80F=POINT,str,tet(38),tet(M)"
PDS000068755.17,PDT002256593.1,2015.0,Czechia,unknown,Equus caballus,Abdominal punctate,,True,"aac(6')-Ie=HMM,blaZ,dfrK,glpT_A100V=POINT,glpT_F3I=POINT,gyrA_S84L=POINT,mecA,mecR1=PARTIAL,murA_D278E=POINT,murA_E291D=POINT,parC_S80F=POINT,str,tet(38),tet(M)"
PDS000068755.17,PDT002256594.1,2019.0,Czechia,human_or_clinical,Equus caballus,Surgical wound swab,,True,"aac(6')-Ie/aph(2'')-Ia,blaI,dfrK,glpT_A100V=POINT,glpT_F3I=POINT,gyrA_S84L=POINT,mecA,mecR1=PARTIAL,murA_D278E=POINT,murA_E291D=POINT,parC_S80F=POINT,tet(38),tet(M)"
PDS000068755.17,PDT002256595.1,2018.0,Czechia,human_or_clinical,Equus caballus,Surgical wound swab,,True,"aac(6')-Ie/aph(2'')-Ia,blaI,blaR1=HMM,blaZ,dfrK,glpT_A100V=POINT,glpT_F3I=POINT,gyrA_S84L=POINT,mecA,mecR1=PARTIAL,murA_D278E=POINT,murA_E291D=POINT,parC_S80F=POINT,str,tet(38),tet(M)"
PDS000068755.17,PDT002256596.1,2016.0,Czechia,unknown,,Sink - examination room,,True,"aac(6')-Ie/aph(2'')-Ia,blaI,blaZ,dfrK,glpT_A100V=POINT,glpT_F3I=POINT,gyrA_S84L=POINT,mecA,mecR1=PARTIAL,murA_D278E=POINT,murA_E291D=POINT,parC_S80F=POINT,str,tet(38),tet(M)"
PDS000068755.17,PDT002256597.1,2016.0,Czechia,human_or_clinical,Homo sapiens,palm swab,,True,"aac(6')-Ie/aph(2'')-Ia,blaI,blaR1=HMM,blaZ,dfrK,glpT_A100V=POINT,glpT_F3I=POINT,gyrA_S84L=POINT,mecA,mecR1=PARTIAL,murA_D278E=POINT,murA_E291D=POINT,parC_S80F=POINT,str,tet(38),tet(M)"
PDS000068755.17,PDT002256598.1,2016.0,Czechia,human_or_clinical,Homo sapiens,palm swab,,True,"aac(6')-Ie/aph(2'')-Ia,blaI,blaR1=HMM,blaZ,dfrK,glpT_A100V=POINT,glpT_F3I=POINT,gyrA_S84L=POINT,mecA,mecR1=PARTIAL,murA_D278E=POINT,murA_E291D=POINT,parC_S80F=POINT,tet(38),tet(M)"
PDS000068755.17,PDT002256599.1,2016.0,Czechia,unknown,,Sink - intensive care unit,,True,"aac(6')-Ie/aph(2'')-Ia,blaI,blaR1=HMM,blaZ,dfrK,glpT_A100V=POINT,glpT_F3I=POINT,gyrA_S84L=POINT,mecA,mecR1=PARTIAL,murA_D278E=POINT,murA_E291D=POINT,parC_S80F=POINT,str,tet(38),tet(M)"
PDS000068755.17,PDT002256600.1,2016.0,Czechia,unknown,,Surfaces - tools,,True,"aac(6')-Ie/aph(2'')-Ia,blaI,blaR1=HMM,blaZ,dfrK,glpT_A100V=POINT,glpT_F3I=POINT,gyrA_S84L=POINT,mecA,mecR1=PARTIAL,murA_D278E=POINT,murA_E291D=POINT,parC_S80F=POINT,str,tet(38),tet(M)"
PDS000068755.17,PDT002256601.1,2021.0,Czechia,human_or_clinical,Equus caballus,Surgical wound swab,,True,"aac(6')-Ie/aph(2'')-Ia,blaI,blaR1=HMM,blaZ,dfrK,glpT_A100V=POINT,glpT_F3I=POINT,gyrA_S84L=POINT,mecA,mecR1=PARTIAL,murA_D278E=POINT,murA_E291D=POINT,parC_S80F=POINT,tet(38),tet(M)"
PDS000068755.17,PDT002876950.1,2015.0,Switzerland,human_or_clinical,Equus caballus,nasal carriage,,True,"aac(6')-Ie/aph(2'')-Ia,blaI,blaR1=HMM,blaZ,dfrK,glpT_A100V=POINT,glpT_F3I=POINT,gyrA_S84L=POINT,mecA,mecR1=PARTIAL,murA_D278E=POINT,murA_E291D=POINT,parC_S80F=POINT,spd,str,tet(38),tet(M)"
PDS000068755.17,PDT002876959.1,2021.0,Switzerland,human_or_clinical,Homo sapiens,clinical,,True,"aac(6')-Ie/aph(2'')-Ia,blaI,blaR1=HMM,blaZ,dfrK,glpT_A100V=POINT,glpT_F3I=POINT,gyrA_S84L=POINT,mecA,mecR1=PARTIAL,murA_D278E=POINT,murA_E291D=POINT,parC_S80F=POINT,spd,str,tet(38),tet(M)"
PDS000068755.17,PDT003061238.1,2023.0,Czechia,human_or_clinical,Homo sapiens,urine,,True,"aac(6')-Ie/aph(2'')-Ia,blaI,blaR1=HMM,blaZ,dfrK,glpT_A100V=POINT,glpT_F3I=POINT,gyrA_S84L=POINT,mecA,mecR1=PARTIAL,murA_D278E=POINT,murA_E291D=POINT,parC_S80F=POINT,tet(38),tet(M)"
PDS000068755.17,PDT003061241.1,2023.0,Czechia,human_or_clinical,Homo sapiens,urine,,True,"aac(6')-Ie/aph(2'')-Ia,blaI,blaR1=HMM,blaZ,dfrK,glpT_A100V=POINT,glpT_F3I=POINT,gyrA_S84L=POINT,mecA,mecR1=PARTIAL,murA_D278E=POINT,murA_E291D=POINT,parC_S80F=POINT,str,tet(38),tet(M)"
PDS000068755.17,PDT003061243.1,2023.0,Czechia,human_or_clinical,Homo sapiens,nose swab,,True,"aac(6')-Ie/aph(2'')-Ia,blaI,blaZ,dfrK,glpT_A100V=POINT,glpT_F3I=POINT,gyrA_S84L=POINT,mecA,mecR1=PARTIAL,murA_D278E=POINT,murA_E291D=POINT,parC_S80F=POINT,str,tet(38),tet(M)"
PDS000068755.17,PDT003061247.1,2022.0,Czechia,human_or_clinical,Homo sapiens,Wound swab,,True,"aac(6')-Ie/aph(2'')-Ia,blaI,blaR1=HMM,blaZ,dfrK,glpT_A100V=POINT,glpT_F3I=POINT,gyrA_S84L=POINT,mecA,mecR1=PARTIAL,murA_D278E=POINT,murA_E291D=POINT,parC_S80F=POINT,str,tet(38),tet(M)"
PDS000170130.2,PDT002029711.1,2016.0,China,unknown,,basin,,False,tet(38)
PDS000170130.2,PDT002029716.1,2016.0,China,human_or_clinical,Homo sapiens,Anal swab,,False,tet(38)
PDS000170130.2,PDT002029727.1,2016.0,China,human_or_clinical,Homo sapiens,Anal swab,,False,tet(38)
PDS000170130.2,PDT002029728.1,2016.0,China,human_or_clinical,Homo sapiens,Anal swab,,False,tet(38)
PDS000170130.2,PDT002029729.1,2016.0,China,human_or_clinical,Homo sapiens,Anal swab,,False,tet(38)
PDS000170130.2,PDT002029730.1,2016.0,China,food,Homo sapiens,food,,False,tet(38)
PDS000170130.2,PDT002029731.1,2016.0,China,human_or_clinical,Homo sapiens,Anal swab,,False,tet(38)
PDS000170130.2,PDT002029732.1,2016.0,China,human_or_clinical,Homo sapiens,Anal swab,,False,tet(38)
PDS000170130.2,PDT002029733.1,2016.0,China,human_or_clinical,Homo sapiens,Anal swab,,False,tet(38)
PDS000170130.2,PDT002029734.1,2016.0,China,human_or_clinical,Homo sapiens,Anal swab,,False,tet(38)
PDS000170130.2,PDT002029735.1,2016.0,China,food,,food,,False,tet(38)
PDS000170130.2,PDT002029736.1,2016.0,China,food,,food,,False,tet(38)
PDS000170130.2,PDT002029737.1,2016.0,China,food,,food,,False,tet(38)
PDS000170130.2,PDT002029739.1,2016.0,China,human_or_clinical,Homo sapiens,Anal swab,,False,tet(38)
PDS000170130.2,PDT002029750.1,2016.0,China,human_or_clinical,Homo sapiens,Anal swab,,False,tet(38)
PDS000170130.2,PDT002029759.1,2016.0,China,human_or_clinical,Homo sapiens,Anal swab,,False,tet(38)
PDS000170130.2,PDT002029766.1,2016.0,China,human_or_clinical,Homo sapiens,Anal swab,,False,tet(38)
PDS000170130.2,PDT002029767.1,2016.0,China,human_or_clinical,Homo sapiens,Anal swab,,False,tet(38)
PDS000170130.2,PDT002029770.1,2016.0,China,human_or_clinical,Homo sapiens,Anal swab,,False,tet(38)
PDS000170130.2,PDT002029771.1,2016.0,China,human_or_clinical,Homo sapiens,Anal swab,,False,tet(38)
PDS000170130.2,PDT002029772.1,2016.0,China,human_or_clinical,Homo sapiens,Anal swab,,False,tet(38)
PDS000170130.2,PDT002029773.1,2016.0,China,food,,food,,False,tet(38)
PDS000170130.2,PDT002029774.1,2016.0,China,human_or_clinical,Homo sapiens,Anal swab,,False,tet(38)
PDS000170130.2,PDT002029775.1,2016.0,China,food,,food,,False,tet(38)
PDS000170130.2,PDT002029776.1,2016.0,China,human_or_clinical,Homo sapiens,Anal swab,,False,tet(38)
PDS000170130.2,PDT002029777.1,2016.0,China,human_or_clinical,Homo sapiens,Anal swab,,False,tet(38)
PDS000170130.2,PDT002029778.1,2016.0,China,human_or_clinical,Homo sapiens,Anal swab,,False,tet(38)
PDS000170130.2,PDT002029780.1,2016.0,China,human_or_clinical,Homo sapiens,Anal swab,,False,tet(38)
PDS000170130.2,PDT002029781.1,2016.0,China,human_or_clinical,Homo sapiens,Anal swab,,False,tet(38)
PDS000170130.2,PDT002029782.1,2016.0,China,human_or_clinical,Homo sapiens,Anal swab,,False,tet(38)
PDS000170130.2,PDT002029783.1,2016.0,China,human_or_clinical,Homo sapiens,Anal swab,,False,tet(38)
PDS000170130.2,PDT002029784.1,2016.0,China,human_or_clinical,Homo sapiens,Anal swab,,False,tet(38)
PDS000170130.2,PDT002029785.1,2016.0,China,human_or_clinical,Homo sapiens,Anal swab,,False,tet(38)
PDS000170130.2,PDT002029786.1,2016.0,China,human_or_clinical,Homo sapiens,Anal swab,,False,tet(38)
PDS000170130.2,PDT002029787.1,2016.0,China,food,,food,,False,tet(38)
PDS000170130.2,PDT002029788.1,2016.0,China,human_or_clinical,Homo sapiens,Anal swab,,False,tet(38)
PDS000170130.2,PDT002029789.1,2016.0,China,human_or_clinical,Homo sapiens,Anal swab,,False,tet(38)
PDS000170130.2,PDT002029790.1,2016.0,China,human_or_clinical,Homo sapiens,Anal swab,,False,tet(38)
PDS000170130.2,PDT002029793.1,2016.0,China,human_or_clinical,Homo sapiens,Anal swab,,False,tet(38)
PDS000170130.2,PDT002029794.1,2016.0,China,human_or_clinical,Homo sapiens,Anal swab,,False,tet(38)
PDS000170130.2,PDT002679336.1,2019.0,China,human_or_clinical,Homo sapiens,feces,,False,tet(38)
PDS000170130.2,PDT002679548.1,2019.0,China,human_or_clinical,Homo sapiens,feces,,False,tet(38)
PDS000170130.2,PDT002679847.1,2019.0,China,livestock,,Braised pork chops (burst),,False,tet(38)
PDS000221219.5,PDT001362612.1,2018.0,Spain,livestock,Sus scrofa,,,True,"ant(9)-Ia,blaI,blaZ,dfrG,erm(B),glpT_A100V=POINT,glpT_F3I=POINT,lnu(B),lsa(E),mecA,murA_D278E=POINT,murA_E291D=POINT,tet(38),tet(K),tet(M)"
PDS000221219.5,PDT001362613.1,2018.0,Spain,unknown,,,,True,"ant(9)-Ia,blaI,blaZ,dfrG,erm(B),glpT_A100V=POINT,glpT_F3I=POINT,lnu(B),lsa(E),mecA,murA_D278E=POINT,murA_E291D=POINT,tet(38),tet(K),tet(M)"
PDS000221219.5,PDT001385658.1,2021.0,China,livestock,swine,,,True,"ant(9)-Ia,blaI,blaR1=HMM,blaZ,cfr,dfrG,erm(C),fexA,glpT_A100V=POINT,glpT_F3I=POINT,lnu(B),lsa(E),mecA,murA_D278E=POINT,murA_E291D=POINT,tet(K),tet(M)"
PDS000221219.5,PDT001385659.1,2021.0,China,livestock,swine,,,True,"ant(9)-Ia,blaI,blaR1=HMM,blaZ,cfr,dfrG,erm(C),fexA,glpT_A100V=POINT,glpT_F3I=POINT,lnu(B),lsa(E),mecA,murA_D278E=POINT,murA_E291D=POINT,tet(K),tet(M)"
PDS000221219.5,PDT001385665.1,2021.0,China,livestock,swine,,,True,"ant(9)-Ia,blaI,blaR1=HMM,blaZ,cfr,dfrG,erm(C),fexA,glpT_A100V=POINT,glpT_F3I=POINT,lnu(B),lsa(E),mecA,murA_D278E=POINT,murA_E291D=POINT,tet(K),tet(M)"
PDS000221219.5,PDT001385674.1,2021.0,China,livestock,swine,,,True,"ant(9)-Ia,blaI,blaR1=HMM,blaZ,cfr,dfrG,erm(C),fexA,glpT_A100V=POINT,glpT_F3I=POINT,lnu(B),lsa(E),mecA,murA_D278E=POINT,murA_E291D=POINT,tet(K),tet(M)"
PDS000221219.5,PDT001385676.1,2021.0,China,livestock,swine,,,True,"ant(9)-Ia,blaI,blaR1=HMM,blaZ,dfrG,erm(C),glpT_A100V=POINT,glpT_F3I=POINT,lnu(B),lsa(E),mecA,murA_D278E=POINT,murA_E291D=POINT,tet(K),tet(M)"
PDS000221219.5,PDT001454644.1,2017.0,Japan,livestock,Sus scrofa domesticus,,,True,"ant(9)-Ia,blaI,blaR1=HMM,blaZ,dfrG,erm(B),erm(C),glpT_A100V=POINT,glpT_F3I=POINT,lnu(B),lsa(E),mecA,murA_D278E=POINT,murA_E291D=POINT,str,tet(38),tet(K),tet(M)"
PDS000221219.5,PDT001597962.2,2017.0,,food,,food,,True,"ant(9)-Ia,blaI,blaR1=HMM,blaZ,dfrG,erm(B),glpT_A100V=POINT,glpT_F3I=POINT,lnu(B),lsa(E),mecA,murA_D278E=POINT,murA_E291D=POINT,tet(38),tet(K),tet(M)"
PDS000221219.5,PDT001597963.1,2017.0,,food,,food,,True,"ant(9)-Ia,blaI,blaZ,erm(B),glpT_A100V=POINT,glpT_F3I=POINT,lnu(B),lsa(E),mecA,mecA=PARTIAL,murA_D278E=POINT,murA_E291D=POINT,str,tet(38),tet(K),tet(M)"
PDS000221219.5,PDT001601588.1,2019.0,Hungary,livestock,,pig farm environment,,True,"aac(6')-Ie/aph(2'')-Ia,ant(9)-Ia,blaI,blaR1,blaR1=HMM,blaR1=PARTIAL_END_OF_CONTIG,blaZ,erm(B),glpT_A100V=POINT,glpT_F3I=POINT,lnu(B),lsa(E),mecA,murA_D278E=POINT,murA_E291D=POINT,tet(38),tet(K),tet(M)"
PDS000221219.5,PDT001612092.1,2016.0,Belgium,livestock,Pig,nasal swab,,True,"ant(9)-Ia,blaZ,dfrG,erm(B),glpT_A100V=POINT,glpT_F3I=POINT,lnu(B),lsa(E),mecA,murA_D278E=POINT,murA_E291D=POINT,tet(38),tet(K),tet(M)"
PDS000221219.5,PDT001906415.1,2020.0,China,livestock,,raw ground pork,,True,"ant(9)-Ia,blaI,blaR1=HMM,blaZ,dfrG,erm(B),glpT_A100V=POINT,glpT_F3I=POINT,lnu(B),lsa(E),mecA,murA_D278E=POINT,murA_E291D=POINT,str,tet(38),tet(K),tet(M)"
PDS000221219.5,PDT001906425.1,2019.0,China,livestock,,raw ground pork,,True,"ant(9)-Ia,blaI,blaR1=HMM,blaZ,dfrG,glpT_A100V=POINT,glpT_F3I=POINT,lnu(B),lsa(E),mecA,murA_D278E=POINT,murA_E291D=POINT,tet(38),tet(K),tet(M)"
PDS000221219.5,PDT001906458.1,2020.0,China,livestock,,frozen whole chicken carcasses,,True,"ant(9)-Ia,blaI,blaR1=HMM,blaZ,dfrG,erm(B),glpT_A100V=POINT,glpT_F3I=POINT,lnu(B),lsa(E),mecA,murA_D278E=POINT,murA_E291D=POINT,str,tet(38),tet(K),tet(M)"
PDS000221219.5,PDT002937938.1,2021.0,Japan,unknown,,,,True,"ant(9)-Ia,blaI,blaR1=HMM,blaZ,dfrG,erm(C),glpT_A100V=POINT,glpT_F3I=POINT,lnu(B),lsa(E),mecA,murA_D278E=POINT,murA_E291D=POINT,tet(38),tet(K),tet(M)"
PDS000221219.5,PDT003061270.1,2018.0,Czechia,human_or_clinical,Homo sapiens,Wound swab,,True,"ant(9)-Ia,blaI,blaR1=HMM,blaZ,blaZ=PARTIAL,dfrG,erm(B),glpT_A100V=POINT,glpT_F3I=POINT,lnu(B),lsa(E),mecA,murA_D278E=POINT,murA_E291D=POINT,tet(38),tet(K),tet(M)"
PDS000221219.5,PDT003061271.1,2018.0,Czechia,human_or_clinical,Homo sapiens,Wound swab,,True,"ant(9)-Ia,blaI,blaZ,dfrG,erm(B),glpT_A100V=POINT,glpT_F3I=POINT,lnu(B),lsa(E),mecA,murA_D278E=POINT,murA_E291D=POINT,tet(38),tet(K),tet(M)"
PDS000221219.5,PDT003216275.1,2021.0,China,human_or_clinical,Homo sapiens,secretion,,True,"ant(9)-Ia,blaI,blaR1=HMM,blaZ,cfr,dfrG,erm(C),fexA,glpT_A100V=POINT,glpT_F3I=POINT,lnu(B),lsa(E),mecA,murA_D278E=POINT,murA_E291D=POINT,tet(K),tet(M)"
PDS000112001.4,PDT001342551.1,2017.0,China,livestock,Sus scrofa,nasal cavity,,True,"aac(6')-Ie/aph(2'')-Ia,aadD1,ant(6)-Ia,blaI,blaPC1,blaR1,blaZ,dfrG,erm(C),fexA,fosB,gyrA_S84A=POINT,lnu(B),lsa(E),mecA,parC_S80F=POINT,rpsJ_Y58D=POINT,spw,tet(38),tet(L)"
PDS000112001.4,PDT001342552.1,2017.0,China,livestock,Sus scrofa,nasal cavity,,True,"aac(6')-Ie/aph(2'')-Ia,aadD1,ant(6)-Ia,blaI,blaPC1,blaR1,blaZ,dfrG,erm(C),fexA,fosB,gyrA_S84A=POINT,lnu(B),lsa(E),mecA,parC_S80F=POINT,rpsJ_Y58D=POINT,spw,tet(38),tet(L)"
PDS000112001.4,PDT001342563.1,2017.0,China,livestock,Sus scrofa,nasal cavity,,True,"aac(6')-Ie/aph(2'')-Ia,aadD1,ant(6)-Ia,blaI,blaPC1,blaR1,blaZ,dfrG,erm(C),fexA,fosB,gyrA_S84A=POINT,lnu(B),lsa(E),mecA,parC_S80F=POINT,rpsJ_Y58D=POINT,spw,tet(38),tet(L)"
PDS000112001.4,PDT001342564.1,2017.0,China,livestock,Sus scrofa,nasal cavity,,True,"aac(6')-Ie/aph(2'')-Ia,aadD1,ant(6)-Ia,blaI,blaR1,blaZ=PARTIAL_END_OF_CONTIG,dfrG,erm(C),fexA,fosB,gyrA_S84A=POINT,lnu(B),lsa(E),mecA,parC_S80F=POINT,rpsJ_Y58D=POINT,spw,tet(38),tet(L)"
PDS000112001.4,PDT001342568.1,2017.0,China,livestock,Sus scrofa,nasal cavity,,True,"aac(6')-Ie/aph(2'')-Ia,aadD1,ant(6)-Ia,blaI,blaPC1,blaR1,blaZ,dfrG,erm(C),fexA,fosB,gyrA_S84A=POINT,lnu(B),lsa(E),mecA,parC_S80F=POINT,rpsJ_Y58D=POINT,spw,tet(38),tet(L)"
PDS000112001.4,PDT001443905.1,2017.0,China,livestock,Sus scrofa,nasal cavity,,True,"aac(6')-Ie/aph(2'')-Ia,aadD1,ant(6)-Ia,blaI,blaPC1,blaR1,blaZ,dfrG,erm(C),fexA,fosB,gyrA_S84A=POINT,lnu(B),lsa(E),mecA,parC_S80F=POINT,rpsJ_Y58D=POINT,spw,tet(38),tet(L)"
PDS000112001.4,PDT001443906.1,2017.0,China,livestock,Sus scrofa,nasal cavity,,True,"aac(6')-Ie/aph(2'')-Ia,aadD1,ant(6)-Ia,blaI,blaPC1,blaR1,blaZ,dfrG,erm(C),fexA,fosB,gyrA_S84A=POINT,lnu(B),lsa(E),mecA,parC_S80F=POINT,rpsJ_Y58D=POINT,spw,tet(38),tet(L)"
PDS000112001.4,PDT001443910.1,2017.0,China,livestock,Sus scrofa,nasal cavity,,True,"aac(6')-Ie/aph(2'')-Ia,aadD1,ant(6)-Ia,blaI,blaPC1,blaR1,blaZ,dfrG,erm(C),fexA,fosB,gyrA_S84A=POINT,lnu(B),lsa(E),mecA,parC_S80F=POINT,rpsJ_Y58D=POINT,spw,tet(38),tet(L)"
PDS000112001.4,PDT001820311.1,2019.0,China,livestock,pig,nasal swab,,True,"aac(6')-Ie/aph(2'')-Ia,ant(6)-Ia=PARTIAL_END_OF_CONTIG,blaI,blaPC1,blaR1,blaZ,dfrG,fosB,gyrA_S84A=POINT,mecA,parC_S80F=POINT,rpsJ_Y58D=POINT,tet(38)"
PDS000112001.4,PDT001820312.1,2019.0,China,livestock,pig,carcass swab,,True,"blaI,blaZ,dfrG,fosB,gyrA_S84A=POINT,mecA,parC_S80F=POINT,rpsJ_Y58D=POINT,tet(38)"
PDS000112001.4,PDT001820317.1,2019.0,China,livestock,pig,carcass swab,,True,"aac(6')-Ie/aph(2'')-Ia,aadD1,ant(6)-Ia,apmA,blaI,blaPC1,blaR1,blaZ,dfrG,erm(C),fexA,fosB,gyrA_S84A=POINT,lnu(B),lsa(E),mecA,parC_S80F=POINT,rpsJ_Y58D=POINT,spw,tet(38),tet(L)"
PDS000112001.4,PDT001820336.1,2019.0,China,livestock,pig,nasal swab,,True,"aac(6')-Ie/aph(2'')-Ia,aadD1,ant(6)-Ia,apmA,blaI,blaPC1,blaR1,blaZ,dfrG,erm(C),fexA,fosB,gyrA_S84A=POINT,lnu(B),lsa(E),mecA,parC_S80F=POINT,rpsJ_Y58D=POINT,spw,tet(38),tet(L)"
PDS000112001.4,PDT003105374.1,2025.0,China,food,,carcass swab,,True,"aac(6')-Ie/aph(2'')-Ia,aadD1,ant(6)-Ia,apmA,blaI,blaPC1,blaR1,blaR1=HMM,blaZ,dfrG,erm(C),fexA,fosB,gyrA_S84A=POINT,lnu(B),lsa(E),mecA,parC_S80F=POINT,rpsJ_Y58D=POINT,spw,tet(38),tet(L)"
PDS000112001.4,PDT003105375.1,2025.0,China,human_or_clinical,,nasal swab,,True,"aac(6')-Ie/aph(2'')-Ia,aadD1,ant(6)-Ia,apmA,blaI,blaPC1,blaR1,blaR1=HMM,blaZ,dfrG,erm(C),fexA,fosB,gyrA_S84A=POINT,lnu(B),lsa(E),mecA,parC_S80F=POINT,rpsJ_Y58D=POINT,spw,tet(38),tet(L)"
PDS000112001.4,PDT003105377.1,2025.0,China,human_or_clinical,,nasal swab,,True,"aac(6')-Ie/aph(2'')-Ia,aadD1,ant(6)-Ia,blaI,blaPC1,blaR1,blaR1=HMM,blaZ,dfrG,erm(C),fexA,fosB,gyrA_S84A=POINT,lnu(B),lsa(E),mecA,parC_S80F=POINT,rpsJ_Y58D=POINT,spw,tet(38),tet(L)"
PDS000115307.14,PDT001385644.1,2021.0,China,livestock,,pork rinsed after slaughter,,True,"aac(6')-Ie/aph(2'')-Ia,aadD1,ant(6)-Ia,blaI,blaPC1,blaR1,blaR1=HMM,blaZ,bleO,cfr,dfrG,erm(C),erm(T),fexA,glpT_A100V=POINT,glpT_F3I=POINT,gyrA_S84L=POINT,lnu(B),lsa(E),mecA,murA_D278E=POINT,murA_E291D=POINT,nms,optrA,parC_S80Y=POINT,spw,tet(L),tet(M)"
PDS000115307.14,PDT001385654.1,2021.0,China,human_or_clinical,Homo sapiens,abattoir employee,,True,"apmA,blaI,blaR1=HMM,blaZ,dfrG,erm(C),fexA,glpT_A100V=POINT,glpT_F3I=POINT,gyrA_S84L=POINT,mecA,murA_D278E=POINT,murA_E291D=POINT,parC_S80Y=POINT,tet(M)"
PDS000115307.14,PDT001385655.1,2021.0,China,livestock,swine,,,True,"aac(6')-Ie/aph(2'')-Ia,aadD1,ant(6)-Ia,blaI,blaPC1,blaR1,blaR1=HMM,blaZ,dfrG,erm(C),erm(T),fexA,fosB1,glpT_A100V=POINT,glpT_F3I=POINT,gyrA_S84L=POINT,lnu(B),lsa(E),mecA,murA_D278E=POINT,murA_E291D=POINT,nms,parC_S80Y=POINT,spw,str,tet(L),tet(M)"
PDS000115307.14,PDT001385656.1,2021.0,China,unknown,,carrier vehicle,,True,"aac(6')-Ie/aph(2'')-Ia,aadD1,ant(6)-Ia,apmA,blaI,blaPC1,blaR1,blaR1=HMM,blaZ,dfrG,erm(C),erm(T),fexA,glpT_A100V=POINT,glpT_F3I=POINT,gyrA_S84L=POINT,lnu(B),lsa(E),mecA,murA_D278E=POINT,murA_E291D=POINT,nms,parC_S80Y=POINT,spw,tet(L),tet(M)=PARTIAL"
PDS000115307.14,PDT001385657.1,2021.0,China,livestock,swine,,,True,"aac(6')-Ie/aph(2'')-Ia,aadD1,ant(6)-Ia,blaI,blaPC1,blaR1,blaR1=HMM,blaZ,dfrG,erm(T),fexA,glpT_A100V=POINT,glpT_F3I=POINT,gyrA_S84L=POINT,lnu(B),lsa(E),mecA,murA_D278E=POINT,murA_E291D=POINT,nms,parC_S80Y=POINT,spw,tet(L),tet(M)"
PDS000115307.14,PDT001385661.1,2021.0,China,environment,,fishpond water,,True,"aac(6')-Ie/aph(2'')-Ia,aadD1,ant(6)-Ia,blaI,blaPC1,blaR1,blaR1=HMM,blaZ,dfrG,erm(C),erm(T)=PARTIAL_END_OF_CONTIG,fexA,glpT_A100V=POINT,glpT_F3I=POINT,gyrA_S84L=POINT,lnu(B),lsa(E),mecA,murA_D278E=POINT,murA_E291D=POINT,nms,parC_S80Y=POINT,spw,tet(L),tet(M)"
PDS000115307.14,PDT001385662.1,2021.0,China,livestock,swine,,,True,"aac(6')-Ie/aph(2'')-Ia,aadD1,ant(6)-Ia,blaI,blaPC1,blaR1,blaR1=HMM,blaZ,cfr,dfrG,fexA=PARTIAL,glpT_A100V=POINT,glpT_F3I=POINT,gyrA_S84L=POINT,lnu(B),lsa(E),mecA,murA_D278E=POINT,murA_E291D=POINT,nms,parC_S80Y=POINT,spw,tet(L),tet(M)"
PDS000115307.14,PDT001385666.1,2021.0,China,livestock,swine,,,True,"aac(6')-Ie/aph(2'')-Ia,aadD1,ant(6)-Ia,blaI,blaPC1,blaR1,blaR1=HMM,blaZ,dfrG,erm(T),fexA,glpT_A100V=POINT,glpT_F3I=POINT,gyrA_S84L=POINT,lnu(B),lsa(E),mecA,murA_D278E=POINT,murA_E291D=POINT,nms,parC_S80Y=POINT,spw,tet(L),tet(M)=PARTIAL"
PDS000115307.14,PDT001385680.1,2021.0,China,livestock,swine,,,True,"blaI,blaR1=HMM,blaZ,dfrG,fexA,glpT_A100V=POINT,glpT_F3I=POINT,gyrA_S84L=POINT,mecA,murA_D278E=POINT,murA_E291D=POINT,parC_S80Y=POINT,tet(M)"
PDS000115307.14,PDT001409712.1,2019.0,China,livestock,,pig,,False,"aac(6')-Ie/aph(2'')-Ia,aadD1,ant(6)-Ia,blaI,blaPC1,blaR1,blaR1=HMM,blaZ,dfrG,erm(C),erm(T)=PARTIAL,fexA,glpT_A100V=POINT,glpT_F3I=POINT,gyrA_S84L=POINT,lnu(B),lsa(E),murA_D278E=POINT,murA_E291D=POINT,nms,parC_S80Y=POINT,spw,tet(38),tet(L),tet(M)"
PDS000115307.14,PDT001409718.1,2019.0,China,livestock,,pig,,False,"blaI,blaR1=HMM,blaZ,erm(C),fexA,glpT_A100V=POINT,glpT_F3I=POINT,gyrA_S84L=POINT,murA_D278E=POINT,murA_E291D=POINT,parC_S80Y=POINT,tet(38),tet(M)"
PDS000115307.14,PDT001409719.1,2019.0,China,livestock,,pig,,True,"blaI,blaR1=HMM,blaZ,dfrG,fexA,glpT_A100V=POINT,glpT_F3I=POINT,gyrA_S84L=POINT,mecA,murA_D278E=POINT,murA_E291D=POINT,parC_S80Y=POINT,tet(38),tet(M)=PARTIAL"
PDS000115307.14,PDT001660522.1,2021.0,China,livestock,swine,pork,,True,"aac(6')-Ie/aph(2'')-Ia,aadD1,ant(6)-Ia,blaI,blaPC1,blaR1,blaR1=HMM,blaZ,bleO,cfr,dfrG,erm(T),fexA,fexA=PARTIAL,glpT_A100V=POINT,glpT_F3I=POINT,gyrA_S84L=POINT,lnu(B),lsa(E),mecA,murA_D278E=POINT,murA_E291D=POINT,nms,optrA,parC_S80Y=POINT,spw,tet(L),tet(M)"
PDS000115307.14,PDT002960500.1,2022.0,China,livestock,,pig,animal,True,"aac(6')-Ie/aph(2'')-Ia,aadD1,ant(6)-Ia,blaI,blaPC1,blaR1,blaR1=HMM,blaZ,dfrG,erm(C),erm(T),fexA,glpT_A100V=POINT,glpT_F3I=POINT,gyrA_S84L=POINT,lnu(B),lsa(E),mecA,murA_D278E=POINT,murA_E291D=POINT,nms,parC_S80Y=POINT,spw,tet(38),tet(L),tet(M)=PARTIAL"
PDS000115307.14,PDT002960503.1,2022.0,China,livestock,,pig,animal,True,"aac(6')-Ie/aph(2'')-Ia,aadD1,ant(6)-Ia,blaI,blaPC1,blaR1,blaR1=HMM,blaZ,dfrG,erm(T),fexA,glpT_A100V=POINT,glpT_F3I=POINT,gyrA_S84L=POINT,lnu(B),lsa(E),mecA,murA_D278E=POINT,murA_E291D=POINT,nms,parC_S80Y=POINT,spw,tet(38),tet(L),tet(M)=PARTIAL"
PDS000181740.1,PDT002154793.1,2020.0,China,livestock,cow,,,False,"erm(C),glpT_A100V=POINT,glpT_F3I=POINT,murA_D278E=POINT,murA_E291D=POINT,tet(38)"
PDS000181740.1,PDT002154794.1,2020.0,China,livestock,cow,,,False,"erm(C),glpT_A100V=POINT,glpT_F3I=POINT,murA_D278E=POINT,murA_E291D=POINT,tet(38)"
PDS000181740.1,PDT002154814.1,2020.0,China,livestock,cow,,,False,"erm(C),glpT_A100V=POINT,glpT_F3I=POINT,murA_D278E=POINT,murA_E291D=POINT,tet(38)"
PDS000181740.1,PDT002154822.1,2020.0,China,livestock,cow,,,False,"erm(C),glpT_A100V=POINT,glpT_F3I=POINT,murA_D278E=POINT,murA_E291D=POINT,tet(38)"
PDS000181740.1,PDT002154827.1,2020.0,China,environment,,air,,False,"erm(C),glpT_A100V=POINT,glpT_F3I=POINT,murA_D278E=POINT,murA_E291D=POINT,tet(38)"
PDS000181740.1,PDT002154828.1,2020.0,China,unknown,,Bedding,,False,"erm(C),glpT_A100V=POINT,glpT_F3I=POINT,murA_D278E=POINT,murA_E291D=POINT,tet(38)"
PDS000181740.1,PDT002154851.1,2020.0,China,livestock,cow,,,False,"erm(C),glpT_A100V=POINT,glpT_F3I=POINT,murA_D278E=POINT,murA_E291D=POINT,tet(38)"
PDS000181740.1,PDT002154860.1,2020.0,China,food,,Milk cup,,False,"erm(C),glpT_A100V=POINT,glpT_F3I=POINT,murA_D278E=POINT,murA_E291D=POINT,tet(38)"
PDS000181740.1,PDT002154863.1,2020.0,China,livestock,cow,,,False,"erm(C),glpT_A100V=POINT,glpT_F3I=POINT,murA_D278E=POINT,murA_E291D=POINT,tet(38)"
PDS000181740.1,PDT002154879.1,2020.0,China,food,,Milk tank,,False,"erm(C),glpT_A100V=POINT,glpT_F3I=POINT,murA_D278E=POINT,murA_E291D=POINT,tet(38)"
PDS000068724.24,PDT000499975.2,2015.0,Brazil,livestock,Bos taurus,milk,,False,tet(38)
PDS000068724.24,PDT001140298.1,2019.0,China,human_or_clinical,Homo sapiens,skin lesion,,False,tet(38)
PDS000068724.24,PDT001224280.1,2015.0,China,food,,food,,False,tet(38)
PDS000068724.24,PDT001224397.1,2015.0,China,food,,food,,False,tet(38)
PDS000068724.24,PDT001224420.1,2015.0,China,food,,food,,False,tet(38)
PDS000068724.24,PDT001299330.1,2017.0,China,human_or_clinical,Homo sapiens,wound,,False,"blaI,blaZ,tet(38)"
PDS000068724.24,PDT001370179.1,2021.0,China,livestock,Gallus gallus,lung,,False,tet(38)
PDS000068724.24,PDT001840101.1,2018.0,,unknown,,,,False,tet(38)
PDS000068724.24,PDT002325706.1,2018.0,,unknown,,,,False,tet(38)
PDS000068724.24,PDT002587050.1,2023.0,China,unknown,mice,Cecal contents,,False,tet(38)
PDS000068724.24,PDT002920844.1,2021.0,Russian Federation,human_or_clinical,Homo sapiens,Prostate gland secretion,,False,tet(38)
PDS000094049.1,PDT001105231.1,2020.0,China,human_or_clinical,Homo sapiens,,,False,"blaI,blaR1=MISTRANSLATION,blaZ,fosB=PARTIAL,tet(38)"
PDS000094049.1,PDT001105232.1,2020.0,China,human_or_clinical,Homo sapiens,,,False,"blaI,blaR1=MISTRANSLATION,blaZ,fosB=PARTIAL,tet(38)"
PDS000094049.1,PDT001105233.1,2020.0,China,human_or_clinical,Homo sapiens,,,False,"blaI,blaR1=MISTRANSLATION,blaZ,fosB=PARTIAL,tet(38)"
PDS000094049.1,PDT001105234.1,2020.0,China,human_or_clinical,Homo sapiens,,,False,"blaI,blaR1=MISTRANSLATION,blaZ,fosB=PARTIAL,tet(38)"
PDS000094049.1,PDT001105235.1,2020.0,China,environment,,environmental swab,,False,"blaI,blaR1=MISTRANSLATION,blaZ,fosB=PARTIAL,tet(38)"
PDS000094049.1,PDT001105237.1,2020.0,China,human_or_clinical,Homo sapiens,,,False,"blaI,blaR1=MISTRANSLATION,blaZ,fosB=PARTIAL,tet(38)"
PDS000094049.1,PDT001105238.1,2020.0,China,livestock,,Cooked pork,,False,"blaI,blaR1=MISTRANSLATION,blaZ,fosB=PARTIAL,tet(38)"
PDS000160894.1,PDT001224320.1,2015.0,China,food,,food,,True,"blaI,blaR1,blaZ,erm(C)=PARTIAL_END_OF_CONTIG,glpT_A100V=POINT,mecA,mecR1=PARTIAL,murA_E291D=POINT,murA_T396N=POINT,tet(38),tet(K)"
PDS000160894.1,PDT001906433.1,2015.0,China,human_or_clinical,Homo sapiens,,,True,"ant(6)-Ia,aph(3')-IIIa,blaI,blaR1,blaZ,erm(B),erm(C),glpT_A100V=POINT,mecA,mecR1=PARTIAL,murA_E291D=POINT,murA_T396N=POINT,tet(38),tet(K)"
PDS000160894.1,PDT001906438.1,2016.0,China,human_or_clinical,Homo sapiens,,,True,"ant(6)-Ia,aph(3')-IIIa,blaI,blaR1,blaZ,erm(B),glpT_A100V=POINT,mecA,mecR1=PARTIAL,murA_E291D=POINT,murA_T396N=POINT,tet(38),tet(K)"
PDS000160894.1,PDT001906453.1,2018.0,China,human_or_clinical,Homo sapiens,,,True,"blaI,blaR1,blaZ,glpT_A100V=POINT,mecA,mecR1=PARTIAL,murA_E291D=POINT,murA_T396N=POINT,tet(38),tet(K)"
PDS000160894.1,PDT001906466.1,2019.0,China,livestock,,frozen whole chicken carcasses,,True,"blaI,blaR1,blaZ,erm(C),glpT_A100V=POINT,mecA,mecR1=PARTIAL,murA_E291D=POINT,murA_T396N=POINT,tet(38)"
PDS000160894.1,PDT001906475.1,2019.0,China,human_or_clinical,Homo sapiens,,,True,"blaI,blaR1,blaZ,erm(C),glpT_A100V=POINT,mecA,mecR1=PARTIAL,murA_E291D=POINT,murA_T396N=POINT,tet(38),tet(K)"
PDS000069818.34,PDT000666972.2,2017.0,China,human_or_clinical,Homo sapiens,blood,,True,"aac(6')-Ie/aph(2'')-Ia,aadD1,ant(9)-Ia,bleO,erm(A),fosB,gyrA_S84L=POINT,lnu(A),mecA,mecI,mecR1,parC_E84K=POINT,parC_S80Y=POINT,tet(38)"
PDS000069818.34,PDT000666973.2,2017.0,China,human_or_clinical,Homo sapiens,blood,,True,"aac(6')-Ie/aph(2'')-Ia,aadD1,ant(9)-Ia,bleO,erm(A),fosB,gyrA_S84L=POINT,lnu(A),mecA,mecI,mecR1,parC_E84K=POINT,parC_S80Y=POINT"
PDS000069818.34,PDT000666974.2,2017.0,China,human_or_clinical,Homo sapiens,blood,,True,"aac(6')-Ie/aph(2'')-Ia,aadD1,ant(9)-Ia,bleO,erm(A),fosB,gyrA_S84L=POINT,lnu(A),mecA,mecI,mecR1,parC_E84K=POINT,parC_S80Y=POINT"
PDS000069818.34,PDT000667009.2,2017.0,China,human_or_clinical,Homo sapiens,blood,,True,"aac(6')-Ie/aph(2'')-Ia,aadD1,ant(9)-Ia,bleO,erm(A),fosB,gyrA_S84L=POINT,lnu(A),mecA,mecI,mecR1,parC_E84K=POINT,parC_S80Y=POINT,tet(38)"
PDS000069818.34,PDT000667011.2,2017.0,China,human_or_clinical,Homo sapiens,blood,,True,"aac(6')-Ie/aph(2'')-Ia,aadD1,ant(9)-Ia,bleO,erm(A),fosB,gyrA_S84L=POINT,lnu(A),mecA,mecI,mecR1,parC_E84K=POINT,parC_S80Y=POINT"
PDS000069818.34,PDT000667012.2,2017.0,China,human_or_clinical,Homo sapiens,blood,,True,"aac(6')-Ie/aph(2'')-Ia,aadD1,ant(9)-Ia,bleO,erm(A),fosB,gyrA_S84L=POINT,lnu(A),mecA,mecI,mecR1,parC_E84K=POINT,parC_S80Y=POINT"
PDS000069818.34,PDT000667013.2,2017.0,China,human_or_clinical,Homo sapiens,blood,,True,"aac(6')-Ie/aph(2'')-Ia,aadD1,ant(9)-Ia,bleO,erm(A),fosB,gyrA_S84L=POINT,lnu(A),mecA,mecI,mecR1,parC_E84K=POINT,parC_S80Y=POINT"
PDS000069818.34,PDT001082271.1,2015.0,China,human_or_clinical,Homo sapiens,not collected,,True,"aadD1,ant(9)-Ia,blaI,blaR1=MISTRANSLATION,blaZ,bleO,erm(A),fosB,gyrA_S84L=POINT,mecA,mecI,mecR1,parC_E84K=POINT,parC_S80Y=POINT,tet(38)"
PDS000069818.34,PDT001082274.1,2015.0,China,human_or_clinical,Homo sapiens,not collected,,True,"aac(6')-Ie/aph(2'')-Ia,aadD1,ant(9)-Ia,blaI,blaR1=MISTRANSLATION,blaZ,bleO,erm(A),fosB,gyrA_S84L=POINT,lnu(A),mecA,mecI,mecR1,parC_E84K=POINT,parC_S80Y=POINT,tet(38),tet(K)"
PDS000069818.34,PDT001082277.1,2015.0,China,human_or_clinical,Homo sapiens,not collected,,True,"aac(6')-Ie/aph(2'')-Ia,aadD1,ant(9)-Ia,blaI,blaR1=MISTRANSLATION,blaZ,bleO,erm(A),fosB,gyrA_S84L=POINT,lnu(A),mecA,mecI,mecR1,parC_E84K=POINT,parC_S80Y=POINT,tet(38),tet(K)"
PDS000069818.34,PDT001082278.1,2015.0,China,human_or_clinical,Homo sapiens,not collected,,True,"aac(6')-Ie/aph(2'')-Ia,aadD1,ant(9)-Ia,blaI,blaR1=MISTRANSLATION,blaZ,bleO,erm(A),fosB,gyrA_E88K=POINT,gyrA_S84L=POINT,lnu(A),mecA,mecI,mecR1,parC_E84K=POINT,parC_S80Y=POINT,tet(38)"
PDS000069818.34,PDT001082280.1,2015.0,China,human_or_clinical,Homo sapiens,not collected,,True,"aac(6')-Ie/aph(2'')-Ia,aadD1,ant(9)-Ia,blaI,blaR1=MISTRANSLATION,blaZ,bleO,erm(A),fosB,gyrA_S84L=POINT,lnu(A),mecA,mecI,mecR1,parC_E84K=POINT,parC_S80Y=POINT,tet(38),tet(K)"
PDS000069818.34,PDT001082281.1,2015.0,China,human_or_clinical,Homo sapiens,not collected,,True,"aadD1,ant(9)-Ia,blaI,blaR1=MISTRANSLATION,blaZ,bleO,erm(A),fosB,gyrA_S84L=POINT,mecA,mecI,mecR1,parC_E84K=POINT,parC_S80Y=POINT,tet(38)"
PDS000069818.34,PDT001082284.1,2015.0,China,human_or_clinical,Homo sapiens,not collected,,True,"aac(6')-Ie/aph(2'')-Ia,aadD1,ant(9)-Ia,blaI,blaR1=MISTRANSLATION,blaZ,bleO,erm(A),fosB,gyrA_S84L=POINT,lnu(A),mecA,mecI,mecR1,parC_E84K=POINT,parC_S80Y=POINT,tet(38),tet(K)"
PDS000069818.34,PDT001082285.1,2015.0,China,human_or_clinical,Homo sapiens,not collected,,True,"aadD1,ant(9)-Ia,blaI,blaR1=MISTRANSLATION,blaZ,bleO,erm(A),fosB,gyrA_S84L=POINT,lnu(A),mecA,mecI,mecR1,parC_E84K=POINT,parC_S80Y=POINT,tet(38),tet(K)"
PDS000069818.34,PDT001082286.1,2015.0,China,human_or_clinical,Homo sapiens,not collected,,True,"aac(6')-Ie/aph(2'')-Ia,aadD1,ant(9)-Ia,blaI,blaR1=MISTRANSLATION,blaZ,bleO,erm(A),fosB,gyrA_S84L=POINT,lnu(A),mecA,mecI,mecR1,parC_E84K=POINT,parC_S80Y=POINT,tet(38),tet(K)"
PDS000069818.34,PDT001082288.1,2015.0,China,human_or_clinical,Homo sapiens,not collected,,True,"aadD1,ant(9)-Ia,blaI,blaR1=MISTRANSLATION,blaZ,bleO,erm(A),fosB,gyrA_S84L=POINT,mecA,mecI,mecR1,parC_E84K=POINT,parC_S80Y=POINT,tet(38)"
PDS000069818.34,PDT001082290.1,2015.0,China,human_or_clinical,Homo sapiens,not collected,,True,"aac(6')-Ie/aph(2'')-Ia,aadD1,ant(9)-Ia,blaI,blaR1=MISTRANSLATION,blaZ,bleO,erm(A),fosB,gyrA_S84L=POINT,lnu(A),mecA,mecI,mecR1,parC_E84K=POINT,parC_S80Y=POINT,tet(38),tet(K)"
PDS000069818.34,PDT001082295.1,2015.0,China,human_or_clinical,Homo sapiens,not collected,,True,"aac(6')-Ie/aph(2'')-Ia,aadD1,ant(9)-Ia,blaI,blaR1=MISTRANSLATION,blaZ,bleO,erm(A),fosB,gyrA_S84L=POINT,gyrA_S85P=POINT,lnu(A),mecA,mecI,mecR1,parC_E84K=POINT,parC_S80Y=POINT,tet(38),tet(K)"
PDS000069818.34,PDT001082314.1,2015.0,China,human_or_clinical,Homo sapiens,not collected,,True,"aac(6')-Ie/aph(2'')-Ia,aadD1,ant(9)-Ia,blaI,blaR1=MISTRANSLATION,blaZ,bleO,erm(A),fosB,gyrA_S84L=POINT,lnu(A),mecA,mecI,mecR1,parC_E84K=POINT,parC_S80Y=POINT,tet(38),tet(K)"
PDS000069818.34,PDT001082315.1,2015.0,China,human_or_clinical,Homo sapiens,not collected,,True,"aac(6')-Ie/aph(2'')-Ia,aadD1,ant(9)-Ia,blaI,blaR1=MISTRANSLATION,blaZ,bleO,erm(A),fosB,gyrA_S84L=POINT,lnu(A),mecA,mecI,mecR1,parC_E84K=POINT,parC_S80Y=POINT,tet(38),tet(K)"
PDS000069818.34,PDT001082316.1,2015.0,China,human_or_clinical,Homo sapiens,not collected,,True,"aac(6')-Ie/aph(2'')-Ia,aadD1,ant(9)-Ia,blaI,blaR1=MISTRANSLATION,blaZ,bleO,catA,erm(A),fosB,fusA_T656K=POINT,gyrA_S84L=POINT,mecA,mecI,mecR1,mupA,parC_E84K=POINT,parC_S80Y=POINT,tet(38)"
PDS000069818.34,PDT001082658.1,2015.0,China,human_or_clinical,Homo sapiens,not collected,,True,"aac(6')-Ie/aph(2'')-Ia,aadD1,ant(9)-Ia,blaI,blaR1=MISTRANSLATION,blaZ,bleO,erm(A),fosB,gyrA_S84L=POINT,lnu(A),mecA,mecI,mecR1,parC_E84K=POINT,parC_S80Y=POINT,tet(38),tet(K)"
PDS000069818.34,PDT001082674.1,2015.0,China,human_or_clinical,Homo sapiens,not collected,,True,"aadD1,ant(9)-Ia,blaI,blaR1=MISTRANSLATION,blaZ,bleO,erm(A),fosB,gyrA_S84L=POINT,mecA,mecI,mecR1,parC_E84K=POINT,parC_S80Y=POINT,tet(38)"
PDS000069818.34,PDT001082675.1,2015.0,China,human_or_clinical,Homo sapiens,not collected,,True,"aadD1,ant(9)-Ia,blaI,blaR1=MISTRANSLATION,blaZ,bleO,erm(A),fosB,gyrA_S84L=POINT,mecA,mecI,mecR1,parC_E84K=POINT,parC_S80Y=POINT,tet(38)"
PDS000069818.34,PDT001082676.1,2015.0,China,human_or_clinical,Homo sapiens,not collected,,True,"aac(6')-Ie/aph(2'')-Ia,aadD1,ant(9)-Ia,blaI,blaR1=MISTRANSLATION,blaZ,bleO,erm(A),fosB,gyrA_S84L=POINT,lnu(A),mecA,mecI,mecR1,parC_E84K=POINT,parC_S80Y=POINT,tet(38),tet(K)"
PDS000069818.34,PDT001082677.1,2015.0,China,human_or_clinical,Homo sapiens,not collected,,True,"aac(6')-Ie/aph(2'')-Ia,aadD1,ant(9)-Ia,blaI,blaR1=MISTRANSLATION,blaZ,bleO,catA,erm(A),fosB,fusA_T656K=POINT,gyrA_S84L=POINT,mecA,mecI,mecR1,mupA,parC_E84K=POINT,parC_S80Y=POINT,tet(38)"
PDS000069818.34,PDT001082680.1,2015.0,China,human_or_clinical,Homo sapiens,not collected,,True,"aac(6')-Ie/aph(2'')-Ia,aadD1,ant(9)-Ia,blaI,blaR1=MISTRANSLATION,blaZ,bleO,erm(A),fosB,gyrA_S84L=POINT,gyrA_S85P=POINT,lnu(A),mecA,mecI,mecR1,parC_E84K=POINT,parC_S80Y=POINT,tet(38),tet(K)"
PDS000069818.34,PDT001299324.1,2017.0,China,human_or_clinical,Homo sapiens,urine,,True,"aac(6')-Ie/aph(2'')-Ia,aadD1,ant(9)-Ia,blaI,blaR1=MISTRANSLATION,blaZ,bleO,erm(A),fosB,gyrA_S84L=POINT,lnu(A),mecA,mecI,mecR1,parC_E84K=POINT,parC_S80Y=POINT,tet(38),tet(K)"
PDS000069818.34,PDT001360569.1,2018.0,China,human_or_clinical,Homo sapiens,sputum from old man,,True,"aac(6')-Ie/aph(2'')-Ia,aadD1,ant(9)-Ia,blaI,blaR1=MISTRANSLATION,blaZ,bleO,erm(A),fosB,gyrA_E88K=POINT,gyrA_S84L=POINT,lnu(A),mecA,mecI,mecR1,parC_E84K=POINT,parC_S80Y=POINT,tet(38),tet(K)"
PDS000069818.34,PDT001377164.1,2015.0,China,human_or_clinical,Homo sapiens,sputum,,True,"aac(6')-Ie/aph(2'')-Ia,aadD1,ant(9)-Ia,blaI,blaR1=MISTRANSLATION,blaZ,bleO,erm(A),fosB,gyrA_S84L=POINT,lnu(A),mecA,mecI,mecR1,parC_E84K=POINT,parC_S80Y=POINT,tet(38),tet(K)"
PDS000069818.34,PDT001378857.2,2015.0,China,human_or_clinical,Homo sapiens,sputum,,True,"aadD1,ant(9)-Ia,blaI,blaR1=MISTRANSLATION,blaZ,bleO,erm(A),fosB,gyrA_S84L=POINT,mecA,mecI,mecR1,parC_E84K=POINT,parC_S80Y=POINT,tet(38)"
PDS000069818.34,PDT001419922.1,2019.0,China,human_or_clinical,,patient,,True,"aac(6')-Ie/aph(2'')-Ia,aadD1,ant(9)-Ia,blaI,blaR1=MISTRANSLATION,blaZ,bleO,erm(A),fosB,gyrA_S84L=POINT,lnu(A),mecA,mecI,mecR1,parC_E84K=POINT,parC_S80Y=POINT,tet(38),tet(K)"
PDS000069818.34,PDT001443944.1,2018.0,China,human_or_clinical,,patient,,True,"aac(6')-Ie/aph(2'')-Ia,aadD1,ant(9)-Ia,blaI,blaR1=MISTRANSLATION,blaZ,bleO,erm(A),fosB,gyrA_S84L=POINT,lnu(A),mecA,mecI,mecR1,parC_E84K=POINT,parC_S80Y=POINT,tet(38),tet(K)"
PDS000069818.34,PDT001443953.1,2017.0,China,human_or_clinical,,patient,,True,"aac(6')-Ie/aph(2'')-Ia,aadD1,ant(9)-Ia,blaI,blaR1=MISTRANSLATION,blaZ,bleO,erm(A),fosB,gyrA_S84L=POINT,lnu(A),mecA,mecI,mecR1,parC_E84K=POINT,parC_S80Y=POINT,tet(38),tet(K)"
PDS000069818.34,PDT001443954.1,2017.0,China,human_or_clinical,,patient,,True,"aac(6')-Ie/aph(2'')-Ia,aadD1,ant(9)-Ia,blaI,blaR1=MISTRANSLATION,blaZ,bleO,erm(A),fosB,gyrA_S84L=POINT,lnu(A),mecA,mecI,mecR1,parC_E84K=POINT,parC_S80Y=POINT,tet(38),tet(K)"
PDS000069818.34,PDT001443966.1,2019.0,China,environment,,Environment,,True,"aac(6')-Ie/aph(2'')-Ia,aadD1,ant(9)-Ia,blaI,blaR1=MISTRANSLATION,blaZ,bleO,erm(A),fosB,gyrA_S84L=POINT,lnu(A),mecA,mecI,mecR1,parC_E84K=POINT,parC_S80Y=POINT,tet(38)"
PDS000069818.34,PDT001443967.1,2017.0,China,human_or_clinical,,patient,,True,"aac(6')-Ie/aph(2'')-Ia,aadD1,ant(9)-Ia,blaI,blaR1=MISTRANSLATION,blaZ,bleO,erm(A),fosB,gyrA_S84L=POINT,lnu(A),mecA,mecI,mecR1,parC_E84K=POINT,parC_S80Y=POINT,tet(38),tet(K)"
PDS000069818.34,PDT001443968.1,2019.0,China,human_or_clinical,,patient,,True,"aac(6')-Ie/aph(2'')-Ia,aadD1,ant(9)-Ia,blaI,blaR1=MISTRANSLATION,blaZ,bleO,erm(A),fosB,gyrA_S84L=POINT,lnu(A),mecA,mecI,mecR1,parC_E84K=POINT,parC_S80Y=POINT,tet(38)"
PDS000069818.34,PDT001443974.1,2018.0,China,human_or_clinical,,patient,,True,"aac(6')-Ie/aph(2'')-Ia,aadD1,ant(9)-Ia,blaI,blaR1=MISTRANSLATION,blaZ,bleO,erm(A),fosB,gyrA_S84L=POINT,lnu(A),mecA,mecI,mecR1,parC_E84K=POINT,parC_S80Y=POINT,tet(38)"
PDS000069818.34,PDT001443988.1,2018.0,China,human_or_clinical,,patient,,True,"aadD1,ant(9)-Ia,blaI,blaR1=MISTRANSLATION,blaZ,bleO,erm(A),fosB,gyrA_S84L=POINT,mecA,mecI,mecR1,parC_E84K=POINT,parC_S80Y=POINT,tet(38)"
PDS000069818.34,PDT001443999.1,2017.0,China,human_or_clinical,,patient,,True,"aac(6')-Ie/aph(2'')-Ia,aadD1,ant(9)-Ia,blaI,blaR1=MISTRANSLATION,blaZ,bleO,erm(A),fosB,gyrA_S84L=POINT,lnu(A),mecA,mecI,mecR1,parC_E84K=POINT,parC_S80Y=POINT,tet(38)"
PDS000069818.34,PDT001444000.1,2017.0,China,human_or_clinical,,patient,,True,"aac(6')-Ie/aph(2'')-Ia,aadD1,ant(9)-Ia,blaI,blaR1=MISTRANSLATION,blaZ,bleO,erm(A),fosB,gyrA_S84L=POINT,lnu(A),mecA,mecI,mecR1,parC_E84K=POINT,parC_S80Y=POINT,tet(38)"
PDS000069818.34,PDT001444001.1,2017.0,China,human_or_clinical,,patient,,True,"aadD1,ant(9)-Ia,blaI,blaR1=MISTRANSLATION,blaZ,bleO,erm(A),fosB,gyrA_S84L=POINT,mecA,mecI,mecR1,parC_E84K=POINT,parC_S80Y=POINT,tet(38)"
PDS000069818.34,PDT001444003.1,2017.0,China,human_or_clinical,,patient,,True,"aac(6')-Ie/aph(2'')-Ia,aadD1,ant(9)-Ia,blaI,blaR1=MISTRANSLATION,blaZ,bleO,erm(A),fosB,gyrA_S84L=POINT,lnu(A),mecA,mecI,mecR1,parC_E84K=POINT,parC_S80Y=POINT,tet(38)"
PDS000069818.34,PDT001444004.1,2017.0,China,human_or_clinical,,patient,,True,"aac(6')-Ie/aph(2'')-Ia,aadD1,ant(9)-Ia,blaI,blaR1=MISTRANSLATION,blaZ,bleO,erm(A),fosB,gyrA_S84L=POINT,lnu(A),mecA,mecI,mecR1,parC_E84K=POINT,parC_S80Y=POINT,tet(38)"
PDS000069818.34,PDT001444006.1,2017.0,China,human_or_clinical,,patient,,True,"aadD1,ant(9)-Ia,blaI,blaR1=MISTRANSLATION,blaZ,bleO,erm(A),fosB,gyrA_S84L=POINT,mecA,mecI,mecR1,parC_E84K=POINT,parC_S80Y=POINT,tet(38)"
PDS000069818.34,PDT001444008.1,2017.0,China,human_or_clinical,,patient,,True,"aac(6')-Ie/aph(2'')-Ia,aadD1,ant(9)-Ia,blaI,blaR1=MISTRANSLATION,blaZ,bleO,erm(A),fosB,gyrA_S84L=POINT,lnu(A),mecA,mecI,mecR1,parC_E84K=POINT,parC_S80Y=POINT,tet(38)"
PDS000069818.34,PDT001444009.1,2017.0,China,human_or_clinical,,patient,,True,"aac(6')-Ie/aph(2'')-Ia,aadD1,ant(9)-Ia,blaI,blaR1=MISTRANSLATION,blaZ,bleO,erm(A),fosB,gyrA_S84L=POINT,lnu(A),mecA,mecI,mecR1,parC_E84K=POINT,parC_S80Y=POINT,tet(38)"
PDS000069818.34,PDT001444048.1,2018.0,China,human_or_clinical,,patient,,True,"aadD1,ant(9)-Ia,blaI,blaR1=MISTRANSLATION,blaZ,bleO,erm(A),fosB,gyrA_S84L=POINT,mecA,mecI,mecR1,parC_E84K=POINT,parC_S80Y=POINT,tet(38)"
PDS000102109.33,PDT001214517.1,2020.0,China,human_or_clinical,Homo sapiens,sputum,,True,"aac(6')-Ie/aph(2'')-Ia,ant(9)-Ia,catA,erm(A),fosB,fosB4,fusA_H457Q=POINT,gyrA_E88G=POINT,gyrA_S84L=POINT,mecA,mecI,mecR1,parC_E84K=POINT,parC_S80Y=POINT,tet(M)"
PDS000102109.33,PDT001214518.1,2020.0,China,human_or_clinical,Homo sapiens,sputum,,True,"aac(6')-Ie/aph(2'')-Ia,aadD1,ant(9)-Ia,catA,erm(A),fosB,fosB4,fusA_H457Q=POINT,gyrA_E88G=POINT,gyrA_S84L=POINT,mecA=PARTIAL,mupA,parC_E84K=POINT,parC_S80Y=POINT,tet(M)"
PDS000102109.33,PDT001214519.1,2020.0,China,human_or_clinical,Homo sapiens,sputum,,True,"aac(6')-Ie/aph(2'')-Ia,ant(9)-Ia,catA=PARTIAL_END_OF_CONTIG,erm(A),fosB,fosB4,fusA_H457Q=POINT,gyrA_E88G=POINT,gyrA_S84L=POINT,mecA,mecI,mecR1,mupA,parC_E84K=POINT,parC_S80Y=POINT,tet(M)"
PDS000102109.33,PDT001299325.1,2017.0,China,human_or_clinical,Homo sapiens,nasopharyngeal swab,,True,"ant(9)-Ia,catA,erm(A),fosB,fosB4,gyrA_E88G=POINT,gyrA_S84L=POINT,mecA,mecI,mecR1,parC_E84K=POINT,parC_S80Y=POINT,tet(38),tet(M)"
PDS000102109.33,PDT001299339.1,2017.0,China,human_or_clinical,Homo sapiens,Secretions,,True,"aac(6')-Ie/aph(2'')-Ia,ant(9)-Ia,erm(A),fosB,gyrA_E88G=POINT,gyrA_S84L=POINT,mecA,mecI,mecR1,mupA,parC_E84K=POINT,parC_S80Y=POINT,tet(38),tet(M)"
PDS000102109.33,PDT001378838.2,2015.0,China,human_or_clinical,Homo sapiens,sputum,,True,"aac(6')-Ie/aph(2'')-Ia,aadD1,ant(9)-Ia,erm(A),fosB,gyrA_E88G=POINT,gyrA_S84L=POINT,mecA,mecI,mecR1,mupA,parC_E84K=POINT,parC_S80Y=POINT,tet(38),tet(M)"
PDS000102109.33,PDT001378842.2,2015.0,China,human_or_clinical,Homo sapiens,sputum,,True,"aac(6')-Ie/aph(2'')-Ia,ant(9)-Ia,erm(A),fosB,gyrA_E88G=POINT,gyrA_S84L=POINT,mecA,mecI,mecR1,parC_E84K=POINT,parC_S80Y=POINT,tet(38),tet(M)"
PDS000102109.33,PDT001378843.2,2015.0,China,human_or_clinical,Homo sapiens,sputum,,True,"aac(6')-Ie/aph(2'')-Ia,ant(9)-Ia,erm(A),fosB,gyrA_E88G=POINT,gyrA_S84L=POINT,mecA,mecI,mecR1,parC_E84K=POINT,parC_S80Y=POINT,tet(38),tet(M)"
PDS000102109.33,PDT001378847.2,2015.0,China,human_or_clinical,Homo sapiens,sputum,,True,"aac(6')-Ie/aph(2'')-Ia,ant(9)-Ia,erm(A),fosB,gyrA_E88G=POINT,gyrA_S84L=POINT,mecA,mecI,mecR1,parC_E84K=POINT,parC_S80Y=POINT,tet(38),tet(M)"
PDS000102109.33,PDT001416266.1,2019.0,China,human_or_clinical,Homo sapiens,patient nose,,True,"aac(6')-Ie/aph(2'')-Ia,ant(9)-Ia,erm=HMM,fosB,gyrA_E88G=POINT,gyrA_S84L=POINT,mecA,mecI,mecR1,parC_E84K=POINT,parC_S80Y=POINT,tet(38)"
PDS000102109.33,PDT001419920.1,2019.0,China,human_or_clinical,,patient,,True,"aac(6')-Ie/aph(2'')-Ia,ant(9)-Ia,erm(A),fosB,gyrA_E88G=POINT,gyrA_S84L=POINT,mecA,mecI,mecR1,mupA,parC_E84K=POINT,parC_S80Y=POINT,tet(38),tet(K),tet(M)"
PDS000102109.33,PDT001419924.1,2019.0,China,human_or_clinical,,patient,,True,"aac(6')-Ie/aph(2'')-Ia,ant(9)-Ia,erm(A),fosB,gyrA_E88G=POINT,gyrA_S84L=POINT,mecA,mecI,mecR1,mupA,parC_E84K=POINT,parC_S80Y=POINT,tet(38),tet(K),tet(M)"
PDS000102109.33,PDT001443951.1,2017.0,China,human_or_clinical,,patient,,True,"aac(6')-Ie/aph(2'')-Ia,ant(9)-Ia,erm(A),fosB,gyrA_E88G=POINT,gyrA_S84L=POINT,mecA,mecI,mecR1,parC_E84K=POINT,parC_S80Y=POINT,tet(38),tet(M)"
PDS000102109.33,PDT001443958.1,2017.0,China,human_or_clinical,,patient,,True,"ant(9)-Ia,erm(A),fosB,gyrA_E88G=POINT,gyrA_S84L=POINT,mecA,mecI,mecR1,parC_E84K=POINT,parC_S80Y=POINT,tet(38),tet(M)"
PDS000102109.33,PDT001443962.1,2019.0,China,human_or_clinical,,patient,,True,"aac(6')-Ie/aph(2'')-Ia,ant(9)-Ia,erm(A),fosB,gyrA_E88G=POINT,gyrA_S84L=POINT,mecA,mecI,mecR1,parC_E84K=POINT,parC_S80Y=POINT,tet(38),tet(M)"
PDS000102109.33,PDT001443989.1,2018.0,China,human_or_clinical,,patient,,True,"aac(6')-Ie/aph(2'')-Ia,aadD1,ant(9)-Ia,catA,erm(A),fosB,gyrA_E88G=POINT,gyrA_S84L=POINT,mecA,mecI,mecR1,mupA,parC_E84K=POINT,parC_S80Y=POINT,tet(38),tet(M)"
PDS000102109.33,PDT001444010.1,2017.0,China,human_or_clinical,,patient,,True,"aac(6')-Ie/aph(2'')-Ia,ant(9)-Ia,erm(A),fosB,gyrA_E88G=POINT,gyrA_S84L=POINT,mecA,mecI,mecR1,parC_E84K=POINT,parC_S80Y=POINT,tet(38)"
PDS000102109.33,PDT001444014.1,2018.0,China,environment,,Environment,,True,"aac(6')-Ie/aph(2'')-Ia,ant(9)-Ia,erm(A),fosB,gyrA_E88G=POINT,gyrA_S84L=POINT,mecA,mecI,mecR1,parC_E84K=POINT,parC_S80Y=POINT,tet(38),tet(M)"
PDS000102109.33,PDT001444015.1,2018.0,China,environment,,Environment,,True,"aac(6')-Ie/aph(2'')-Ia,ant(9)-Ia,erm(A),fosB,gyrA_E88G=POINT,gyrA_S84L=POINT,mecA,mecI,mecR1,parC_E84K=POINT,parC_S80Y=POINT,tet(38),tet(M)"
PDS000102109.33,PDT001444016.1,2018.0,China,environment,,Environment,,True,"aac(6')-Ie/aph(2'')-Ia,ant(9)-Ia,erm(A),fosB,gyrA_E88G=POINT,gyrA_S84L=POINT,mecA,mecI,mecR1,parC_E84K=POINT,parC_S80Y=POINT,tet(38),tet(M)"
PDS000102109.33,PDT001444018.1,2018.0,China,environment,,Environment,,True,"aac(6')-Ie/aph(2'')-Ia,ant(9)-Ia,erm(A),fosB,gyrA_E88G=POINT,gyrA_S84L=POINT,mecA,mecI,mecR1,parC_E84K=POINT,parC_S80Y=POINT,tet(38),tet(M)"
PDS000102109.33,PDT001444021.1,2018.0,China,environment,,Environment,,True,"aac(6')-Ie/aph(2'')-Ia,ant(9)-Ia,erm(A),fosB,gyrA_E88G=POINT,gyrA_S84L=POINT,mecA,mecI,mecR1,parC_E84K=POINT,parC_S80Y=POINT,tet(38),tet(M)"
PDS000102109.33,PDT001444027.1,2017.0,China,environment,,Environment,,True,"aac(6')-Ie/aph(2'')-Ia,ant(9)-Ia,erm(A),fosB,gyrA_E88G=POINT,gyrA_S84L=POINT,mecA,mecI,mecR1,parC_E84K=POINT,parC_S80Y=POINT,tet(38),tet(M)"
PDS000102109.33,PDT001444029.1,2017.0,China,environment,,Environment,,True,"aac(6')-Ie/aph(2'')-Ia,ant(9)-Ia,erm(A),fosB,gyrA_E88G=POINT,gyrA_S84L=POINT,mecA,mecI,mecR1,parC_E84K=POINT,parC_S80Y=POINT,tet(38),tet(M)"
PDS000102109.33,PDT001444030.1,2017.0,China,environment,,Environment,,True,"aac(6')-Ie/aph(2'')-Ia,ant(9)-Ia,erm(A),fosB,gyrA_E88G=POINT,gyrA_S84L=POINT,mecA,mecI,mecR1,parC_E84K=POINT,parC_S80Y=POINT,tet(38),tet(M)"
PDS000102109.33,PDT001444032.1,2017.0,China,environment,,Environment,,True,"aac(6')-Ie/aph(2'')-Ia,ant(9)-Ia,erm(A),fosB,gyrA_E88G=POINT,gyrA_S84L=POINT,mecA,mecI,mecR1,parC_E84K=POINT,parC_S80Y=POINT,tet(38),tet(M)"
PDS000102109.33,PDT001444044.1,2019.0,China,human_or_clinical,,patient,,True,"ant(9)-Ia,erm(A),fosB,gyrA_E88G=POINT,gyrA_S84L=POINT,mecA,mecI,mecR1,parC_E84K=POINT,parC_S80Y=POINT,tet(38),tet(M)"
PDS000102109.33,PDT001444046.1,2019.0,China,human_or_clinical,,patient,,True,"aac(6')-Ie/aph(2'')-Ia,ant(9)-Ia,erm(A),fosB,gyrA_E88G=POINT,gyrA_S84L=POINT,mecA,mecI,mecR1,mupA,parC_E84K=POINT,parC_S80Y=POINT,tet(38),tet(M)"
PDS000102109.33,PDT001444051.1,2018.0,China,human_or_clinical,,patient,,True,"ant(9)-Ia,erm(A),fosB,gyrA_E88G=POINT,gyrA_S84L=POINT,mecA,mecI,mecR1,parC_E84K=POINT,parC_S80Y=POINT,tet(38),tet(M)"
PDS000102109.33,PDT001444053.1,2017.0,China,human_or_clinical,,patient,,True,"ant(9)-Ia,erm(A),fosB,gyrA_E88G=POINT,gyrA_S84L=POINT,mecA,mecI,mecR1,parC_E84K=POINT,parC_S80Y=POINT,tet(38),tet(M)"
PDS000102109.33,PDT001444054.1,2017.0,China,human_or_clinical,,patient,,True,"aac(6')-Ie/aph(2'')-Ia,ant(9)-Ia,erm(A),fosB,gyrA_E88G=POINT,gyrA_S84L=POINT,mecA,mecI,mecR1,parC_E84K=POINT,parC_S80Y=POINT,tet(38),tet(M)"
PDS000102109.33,PDT001444060.1,2017.0,China,human_or_clinical,,patient,,True,"aac(6')-Ie/aph(2'')-Ia,ant(9)-Ia,erm(A),fosB,gyrA_E88G=POINT,gyrA_S84L=POINT,mecA,mecI,mecR1,mupA,parC_E84K=POINT,parC_S80Y=POINT,tet(38),tet(K),tet(M)"
PDS000102109.33,PDT001444064.1,2017.0,China,environment,,Environment,,True,"aac(6')-Ie/aph(2'')-Ia,ant(9)-Ia,erm(A),fosB,gyrA_E88G=POINT,gyrA_S84L=POINT,mecA,mecI,mecR1,parC_E84K=POINT,parC_S80Y=POINT,tet(38),tet(M)"
PDS000102109.33,PDT001444066.1,2017.0,China,environment,,Environment,,True,"aac(6')-Ie/aph(2'')-Ia,ant(9)-Ia,erm(A),fosB,gyrA_E88G=POINT,gyrA_S84L=POINT,mecA,mecI,mecR1,parC_E84K=POINT,parC_S80Y=POINT,tet(38),tet(M)"
PDS000102109.33,PDT001444067.1,2017.0,China,environment,,Environment,,True,"aac(6')-Ie/aph(2'')-Ia,ant(9)-Ia,erm(A),fosB,gyrA_E88G=POINT,gyrA_S84L=POINT,mecA,mecI,mecR1,parC_E84K=POINT,parC_S80Y=POINT,tet(38),tet(M)"
PDS000102109.33,PDT001444068.1,2017.0,China,environment,,Environment,,True,"aac(6')-Ie/aph(2'')-Ia,ant(9)-Ia,erm(A),fosB,gyrA_E88G=POINT,gyrA_S84L=POINT,mecA,mecI,mecR1,parC_E84K=POINT,parC_S80Y=POINT,tet(38),tet(M)"
PDS000102109.33,PDT001444070.1,2019.0,China,human_or_clinical,,patient,,True,"ant(9)-Ia,catA,erm(A),fosB,fosB4,gyrA_E88G=POINT,gyrA_S84L=POINT,mecA,mecI,mecR1,parC_E84K=POINT,parC_S80Y=POINT,tet(38),tet(M)"
PDS000102109.33,PDT001444075.1,2019.0,China,human_or_clinical,,patient,,True,"aac(6')-Ie/aph(2'')-Ia,ant(9)-Ia,erm(A),fosB,gyrA_E88G=POINT,gyrA_S84L=POINT,mecA,mecI,mecR1,parC_E84K=POINT,parC_S80Y=POINT,tet(38),tet(M)"
PDS000102109.33,PDT001444080.1,2018.0,China,human_or_clinical,,patient,,True,"aac(6')-Ie/aph(2'')-Ia,ant(9)-Ia,catA,erm(A),fosB,fosB4,gyrA_E88G=POINT,gyrA_S84L=POINT,mecA,mecI,mecR1,mupA,parC_E84K=POINT,parC_S80Y=POINT,tet(38),tet(M)"
PDS000102109.33,PDT001444082.1,2018.0,China,human_or_clinical,,patient,,True,"aac(6')-Ie/aph(2'')-Ia,ant(9)-Ia,erm(A),fosB,gyrA_E88G=POINT,gyrA_S84L=POINT,mecA,mecI,mecR1,parC_E84K=POINT,parC_S80Y=POINT,tet(38),tet(M)"
PDS000102109.33,PDT001444083.1,2018.0,China,human_or_clinical,,patient,,True,"aac(6')-Ie/aph(2'')-Ia,ant(9)-Ia,erm(A),fosB,gyrA_E88G=POINT,gyrA_S84L=POINT,mecA,mecI,mecR1,parC_E84K=POINT,parC_S80Y=POINT,tet(38),tet(M)"
PDS000102109.33,PDT001444099.1,2018.0,China,human_or_clinical,,patient,,False,"aac(6')-Ie/aph(2'')-Ia,ant(9)-Ia,erm(A),fosB,gyrA_E88G=POINT,gyrA_S84L=POINT,mupA,parC_E84K=POINT,parC_S80Y=POINT,tet(M)"
PDS000102109.33,PDT001444106.1,2017.0,China,human_or_clinical,,patient,,True,"aac(6')-Ie/aph(2'')-Ia,ant(9)-Ia,erm(A),fosB,gyrA_E88G=POINT,gyrA_S84L=POINT,mecA,mecI,mecR1,parC_E84K=POINT,parC_S80Y=POINT,tet(38),tet(M)"
PDS000102109.33,PDT001444113.1,2017.0,China,human_or_clinical,,patient,,True,"aac(6')-Ie/aph(2'')-Ia,ant(9)-Ia,erm(A),fosB,gyrA_E88G=POINT,gyrA_S84L=POINT,mecA,mecI,mecR1,parC_E84K=POINT,parC_S80Y=POINT,tet(38),tet(M)"
PDS000102109.33,PDT001444114.1,2017.0,China,human_or_clinical,,patient,,True,"aac(6')-Ie/aph(2'')-Ia,ant(9)-Ia,erm(A),fosB,gyrA_E88G=POINT,gyrA_S84L=POINT,mecA,mecI,mecR1,mupA,parC_E84K=POINT,parC_S80Y=POINT,tet(38),tet(M)"
PDS000102109.33,PDT001444115.1,2017.0,China,human_or_clinical,,patient,,True,"aac(6')-Ie/aph(2'')-Ia,ant(9)-Ia,erm(A),fosB,gyrA_E88G=POINT,gyrA_S84L=POINT,mecA,mecI,mecR1,parC_E84K=POINT,parC_S80Y=POINT,tet(38),tet(M)"
PDS000102109.33,PDT001444116.1,2017.0,China,human_or_clinical,,patient,,True,"aac(6')-Ie/aph(2'')-Ia,ant(9)-Ia,erm(A),fosB,gyrA_E88G=POINT,gyrA_S84L=POINT,mecA,mecI,mecR1,mupA,parC_E84K=POINT,parC_S80Y=POINT,tet(38),tet(M)"
PDS000102109.33,PDT001444119.1,2017.0,China,human_or_clinical,,patient,,True,"ant(9)-Ia,erm(A),fosB,gyrA_E88G=POINT,gyrA_S84L=POINT,mecA,mecI,mecR1,parC_E84K=POINT,parC_S80Y=POINT,tet(38),tet(M)"
PDS000102109.33,PDT001502273.1,2016.0,China,human_or_clinical,Homo sapiens,,,True,"aac(6')-Ie/aph(2'')-Ia,ant(9)-Ia,erm(A),fosB,gyrA_E88G=POINT,gyrA_S84L=POINT,mecA,mecI,mecR1,parC_E84K=POINT,parC_S80Y=POINT,tet(38),tet(M)"
PDS000102109.33,PDT001502591.1,2016.0,China,human_or_clinical,Homo sapiens,,,True,"aac(6')-Ie/aph(2'')-Ia,aadD1,ant(9)-Ia,catA,erm(A),fosB,fosB4,gyrA_E88G=POINT,gyrA_S84L=POINT,mecA,mecI,mecR1,mupA,parC_E84K=POINT,parC_S80Y=POINT,tet(38),tet(M)"
PDS000133861.10,PDT000974449.1,2018.0,Australia,human_or_clinical,Homo sapiens,Blood (whole),,True,"blaI,blaI=PARTIAL_END_OF_CONTIG,blaZ,dfrG,fosB,mecA,mecR1=PARTIAL,tet(38)"
PDS000133861.10,PDT000974666.1,2018.0,Australia,human_or_clinical,Homo sapiens,swab,,True,"blaI,blaZ,dfrG,fosB,mecA,mecR1=PARTIAL,tet(38)"
PDS000133861.10,PDT000974966.1,2018.0,Australia,human_or_clinical,Homo sapiens,Hand Swab,,True,"blaI,blaR1=HMM,blaZ,dfrG,fosB,mecA,mecR1=PARTIAL,tet(38)"
PDS000133861.10,PDT000995307.1,2018.0,Australia,human_or_clinical,Homo sapiens,Gluteal Abscess,,True,"blaI,blaZ,dfrG,fosB,mecA,mecR1=MISTRANSLATION,mecR1=PARTIAL,tet(38)"
PDS000133861.10,PDT001117060.1,2016.0,Germany,human_or_clinical,Homo sapiens,wound from soft tissue infection (SSTI),,True,"blaI,blaZ,dfrG,fosB,mecA,mecR1=PARTIAL,tet(38)"
PDS000133861.10,PDT001277905.1,2021.0,Australia,human_or_clinical,Homo sapiens,skin,,True,"blaI,blaR1=HMM,blaZ,dfrG,fosB,mecA,mecR1=PARTIAL"
PDS000133861.10,PDT001277906.1,2021.0,Australia,human_or_clinical,Homo sapiens,skin,,True,"blaI,blaR1=HMM,blaZ,dfrG,fosB,mecA,mecR1=PARTIAL"
PDS000133861.10,PDT001316606.1,2019.0,Australia,human_or_clinical,Homo sapiens,nasal swab,,True,"blaI,blaI=PARTIAL_END_OF_CONTIG,blaR1=HMM,blaZ,dfrG,fosB,mecA,mecR1=PARTIAL,tet(38)"
PDS000133861.10,PDT001316706.1,2019.0,Australia,human_or_clinical,Homo sapiens,nasal swab,,True,"blaI,dfrG,fosB,mecA,mecR1=PARTIAL,tet(38)"
PDS000133861.10,PDT001317662.1,2019.0,Australia,human_or_clinical,Homo sapiens,Perianal Swab,,True,"blaI,blaR1=HMM,blaZ,dfrG,fosB,mecA,mecR1=PARTIAL,tet(38)"
PDS000133861.10,PDT001317679.1,2019.0,Australia,human_or_clinical,Homo sapiens,Perianal Swab,,True,"blaI,blaR1=HMM,blaZ,dfrG,fosB,mecA,mecR1=PARTIAL,tet(38)"
PDS000133861.10,PDT001516315.1,2019.0,Australia,human_or_clinical,Homo sapiens,Swab cellulitis periorbital,,True,"bla=HMM,blaI,blaZ,dfrG,fosB,mecA,mecR1=PARTIAL,tet(38)"
PDS000133861.10,PDT001539939.1,2020.0,not provided,human_or_clinical,Homo sapiens,blood,,True,"blaI,blaZ,dfrG,fosB,mecA,mecR1=PARTIAL,tet(38)"
PDS000133861.10,PDT001539940.1,2020.0,not provided,human_or_clinical,Homo sapiens,blood,,True,"blaI,blaZ,dfrG,fosB,mecA,mecR1=PARTIAL,tet(38)"
PDS000133861.10,PDT001583447.1,2017.0,Australia,human_or_clinical,Homo sapiens,WYNDHAM,,True,"blaI,blaR1=HMM,blaZ,dfrG,fosB,mecA,mecR1=PARTIAL,tet(38)"
PDS000133861.10,PDT001583448.1,2017.0,Australia,human_or_clinical,Homo sapiens,LOMBADINA,,True,"blaI,blaR1=HMM,blaZ,dfrG,fosB,mecA,mecR1=PARTIAL,tet(38)"
PDS000133861.10,PDT001583450.1,2017.0,Australia,human_or_clinical,Homo sapiens,BROOME,,True,"blaI,blaR1=HMM,blaZ,dfrG,fosB,mecA,mecR1=PARTIAL,tet(38)"
PDS000133861.10,PDT001583451.1,2017.0,Australia,human_or_clinical,Homo sapiens,DERBY,,True,"blaI,blaR1=HMM,blaZ,dfrG,fosB,mecA,mecR1=PARTIAL,tet(38)"
PDS000133861.10,PDT001583452.1,2017.0,Australia,human_or_clinical,Homo sapiens,HALLS CREEK,,True,"blaI,blaR1=HMM,blaZ,dfrG,fosB,mecA,mecR1=PARTIAL,tet(38)"
PDS000133861.10,PDT001583453.1,2017.0,Australia,human_or_clinical,Homo sapiens,BROOME,,True,"blaI,blaI=PARTIAL_END_OF_CONTIG,blaR1=HMM,blaZ,dfrG,dfrG=PARTIAL_END_OF_CONTIG,fosB,mecA,mecR1=PARTIAL,tet(38)"
PDS000133861.10,PDT001583454.1,2017.0,Australia,human_or_clinical,Homo sapiens,KUNUNURRA,,True,"blaI,blaR1=HMM,blaZ,dfrG,fosB,mecA,mecA=PARTIAL_END_OF_CONTIG,mecR1=PARTIAL,tet(38)"
PDS000133861.10,PDT001583455.1,2017.0,Australia,human_or_clinical,Homo sapiens,DERBY,,True,"blaI,blaR1=HMM,blaZ,dfrG,fosB,mecA,mecR1=PARTIAL,tet(38)"
PDS000133861.10,PDT001583456.1,2017.0,Australia,human_or_clinical,Homo sapiens,WYNDHAM,,True,"blaI,blaR1=HMM,blaZ,dfrG,fosB,mecA,mecR1=PARTIAL,tet(38)"
PDS000133861.10,PDT001583457.1,2017.0,Australia,human_or_clinical,Homo sapiens,FITZROY CROSSING,,True,"blaI,blaR1=HMM,blaZ,dfrG,fosB,mecA,mecR1=PARTIAL,tet(38)"
PDS000133861.10,PDT001583458.1,2017.0,Australia,human_or_clinical,Homo sapiens,FITZROY CROSSING,,True,"blaI,blaR1=HMM,blaZ,dfrG,fosB,mecA,mecR1=PARTIAL,tet(38)"
PDS000133861.10,PDT001583459.1,2017.0,Australia,human_or_clinical,Homo sapiens,DERBY,,True,"blaI,blaR1=HMM,blaZ,dfrG,fosB,mecA,mecR1=PARTIAL,tet(38)"
PDS000133861.10,PDT001583461.1,2016.0,Australia,human_or_clinical,Homo sapiens,HALLS CRREK,,True,"blaI,blaR1=HMM,blaZ,dfrG,fosB,mecA,mecR1=PARTIAL,tet(38)"
PDS000133861.10,PDT001583462.1,2016.0,Australia,human_or_clinical,Homo sapiens,WARMUN,,True,"blaI,blaR1=HMM,blaZ,dfrG,fosB,mecA,mecR1=PARTIAL,tet(38)"
PDS000133861.10,PDT001583463.1,2016.0,Australia,human_or_clinical,Homo sapiens,KUNUNURRA,,True,"blaI,blaR1=HMM,blaZ,dfrG,fosB,mecA,mecR1=PARTIAL,tet(38)"
PDS000133861.10,PDT001583464.1,2016.0,Australia,human_or_clinical,Homo sapiens,HALLS CREEK,,True,"blaI,blaR1=HMM,blaZ,dfrG,fosB,mecA,mecR1=PARTIAL,tet(38)"
PDS000133861.10,PDT001583465.1,2016.0,Australia,human_or_clinical,Homo sapiens,MOANJUM COMMUNITY,,True,"blaI,blaR1=HMM,blaZ,dfrG,fosB,mecA,mecR1=PARTIAL,tet(38)"
PDS000133861.10,PDT001583466.1,2016.0,Australia,human_or_clinical,Homo sapiens,DERBY,,True,"blaI,blaR1=HMM,blaZ,dfrG,fosB,mecA,mecR1=PARTIAL,tet(38)"
PDS000133861.10,PDT001583467.1,2016.0,Australia,human_or_clinical,Homo sapiens,HALLS CREEK,,True,"blaI,blaI=PARTIAL_END_OF_CONTIG,blaR1=HMM,blaZ,dfrG,fosB,mecA,mecR1=PARTIAL,tet(38)"
PDS000133861.10,PDT001583468.1,2016.0,Australia,human_or_clinical,Homo sapiens,BROOME,,True,"blaI,blaR1=HMM,blaZ,dfrG,fosB,mecA,mecR1=PARTIAL,tet(38)"
PDS000133861.10,PDT001583469.1,2016.0,Australia,human_or_clinical,Homo sapiens,BROOME,,True,"blaI,blaR1=HMM,blaZ,dfrG,fosB,mecA,mecR1=PARTIAL,tet(38)"
PDS000133861.10,PDT001583470.1,2016.0,Australia,human_or_clinical,Homo sapiens,WYNDHAM,,True,"blaI,blaI=PARTIAL_END_OF_CONTIG,blaR1=HMM,blaZ,dfrG,fosB,mecA,mecR1=PARTIAL,tet(38)"
PDS000133861.10,PDT001583472.1,2016.0,Australia,human_or_clinical,Homo sapiens,DERBY,,True,"blaI,blaR1=HMM,blaZ,dfrG,fosB,mecA,mecR1=PARTIAL,tet(38)"
PDS000133861.10,PDT001583473.1,2016.0,Australia,human_or_clinical,Homo sapiens,FITZROY CROSSING,,True,"blaI,blaR1=HMM,blaZ,dfrG,fosB,mecA,mecR1=PARTIAL,tet(38)"
PDS000133861.10,PDT001583474.1,2016.0,Australia,human_or_clinical,Homo sapiens,BROOME,,True,"blaI,blaI=PARTIAL_END_OF_CONTIG,blaR1=HMM,blaZ,dfrG,fosB,mecA,mecR1=PARTIAL,tet(38)"
PDS000133861.10,PDT001583475.1,2016.0,Australia,human_or_clinical,Homo sapiens,KALUMBURU,,True,"blaI,blaR1=HMM,blaZ,dfrG,fosB,mecA,mecR1=PARTIAL,tet(38)"
PDS000133861.10,PDT001583476.1,2016.0,Australia,human_or_clinical,Homo sapiens,FITZROY CROSSING,,True,"blaI,blaR1=HMM,blaZ,dfrG,fosB,mecA,mecR1=PARTIAL,tet(38)"
PDS000133861.10,PDT001583477.1,2015.0,Australia,human_or_clinical,Homo sapiens,KUNUNURRA,,True,"blaI,blaR1=HMM,blaZ,dfrG,fosB,mecA,mecR1=PARTIAL,tet(38)"
PDS000133861.10,PDT001583478.1,2015.0,Australia,human_or_clinical,Homo sapiens,KUNUNURRA,,True,"blaI,blaR1=HMM,blaZ,dfrG,fosB,mecA,mecR1=PARTIAL,tet(38)"
PDS000133861.10,PDT001583479.1,2015.0,Australia,human_or_clinical,Homo sapiens,KALUMBURU,,True,"blaI,blaR1=HMM,blaZ,dfrG,fosB,mecA,mecR1=PARTIAL,tet(38)"
PDS000133861.10,PDT001583480.1,2015.0,Australia,human_or_clinical,Homo sapiens,DERBY,,True,"blaI,blaR1=HMM,blaZ,dfrG,fosB,mecA,mecR1=PARTIAL,tet(38)"
PDS000133861.10,PDT001583481.1,2015.0,Australia,human_or_clinical,Homo sapiens,DERBY,,True,"blaI,blaI=PARTIAL_END_OF_CONTIG,blaR1=HMM,blaZ,dfrG,fosB,mecA,mecA=PARTIAL_END_OF_CONTIG,mecR1=PARTIAL,tet(38)"
PDS000133861.10,PDT001583483.1,2015.0,Australia,human_or_clinical,Homo sapiens,BROOME,,True,"blaI,blaR1=HMM,blaZ,dfrG,fosB,mecA,mecR1=PARTIAL,tet(38)"
PDS000133861.10,PDT001583484.1,2015.0,Australia,human_or_clinical,Homo sapiens,HALLS CRREK,,True,"blaI,blaR1=HMM,blaZ,dfrG,fosB,mecA,mecR1=PARTIAL,tet(38)"
PDS000133861.10,PDT001583485.1,2015.0,Australia,human_or_clinical,Homo sapiens,FITZROY CROSSING,,True,"blaI,blaR1=HMM,blaZ,dfrG,fosB,mecA,mecR1=PARTIAL,tet(38)"
PDS000133861.10,PDT001583486.1,2015.0,Australia,human_or_clinical,Homo sapiens,FITZROY CROSSING,,True,"blaI,blaR1=HMM,blaZ,dfrG,fosB,mecA,mecA=PARTIAL_END_OF_CONTIG,mecR1=PARTIAL,tet(38)"
PDS000231984.12,PDT000313589.2,2015.0,Spain,unknown,,Individual compounds of essential oils,,True,"fosB,gyrA_S84L=POINT,mecA,mecR1=PARTIAL,murA_G257D=POINT,parC_S80Y=POINT,tet(38)"
PDS000231984.12,PDT000313590.2,2015.0,Spain,unknown,,Individual compounds of essential oils,,True,"fosB,gyrA_S84L=POINT,mecA,mecR1=PARTIAL,murA_G257D=POINT,parC_S80Y=POINT,tet(38)"
PDS000231984.12,PDT000313591.2,2015.0,Spain,unknown,,Individual compounds of essential oils,,True,"fosB,gyrA_S84L=POINT,mecA,mecR1=PARTIAL,murA_G257D=POINT,parC_S80Y=POINT,tet(38)"
PDS000231984.12,PDT000408045.2,2017.0,United States,human_or_clinical,Homo sapiens,,,True,"erm(C)=PARTIAL_END_OF_CONTIG,fosB,gyrA_S84L=POINT,mecA,mecR1=PARTIAL,murA_G257D=POINT,parC_S80Y=POINT,tet(38)"
PDS000231984.12,PDT000458461.2,2017.0,United States,human_or_clinical,Homo sapiens,blood,,True,"fosB,gyrA_S84L=POINT,mecA,mecR1=PARTIAL,murA_G257D=POINT,parC_S80Y=POINT,tet(38)"
PDS000231984.12,PDT000582636.2,2015.0,Australia,unknown,,,,True,"fosB,mecA,mecR1=PARTIAL,murA_G257D=POINT,parC_S80F=POINT,rpoB_H481N=POINT,tet(38),tet(K)"
PDS000231984.12,PDT000582637.2,2015.0,Australia,unknown,,,,True,"fosB,mecA,mecR1=PARTIAL,murA_G257D=POINT,parC_S80F=POINT,rpoB_H481N=POINT,tet(38),tet(K)"
PDS000231984.12,PDT001077323.1,2020.0,"Korea, Rep.",unknown,,vancomycin resistant strain up to 2 mg/L; adaptively evolved laboratory strain from parent strain S. aureus USA300 FPR3757,,True,"fosB,gyrA_S84L=POINT,mecA,mecR1=PARTIAL,murA_G257D=POINT,parC_S80Y=POINT"
PDS000231984.12,PDT001077381.1,2020.0,"Korea, Rep.",unknown,,vancomycin resistant strain up to 8 mg/L; adaptively evolved laboratory strain from parent strain S. aureus USA300 FPR3757,,True,"fosB,gyrA_S84L=POINT,mecA,mecR1=PARTIAL,murA_G257D=POINT,parC_S80Y=POINT"
PDS000231984.12,PDT001077382.1,2020.0,"Korea, Rep.",unknown,,vancomycin resistant strain up to 32 mg/L; adaptively evolved laboratory strain from parent strain S. aureus USA300 FPR3757,,True,"fosB,gyrA_S84L=POINT,mecA,mecR1=PARTIAL,murA_G257D=POINT,parC_S80Y=POINT"
PDS000231984.12,PDT001116499.1,2021.0,United States,human_or_clinical,Homo sapiens,,,True,"ant(6)-Ia=MISTRANSLATION,aph(3')-IIIa,blaI,blaR1,blaZ,fosB,gyrA_S84L=POINT,mecA,mecR1=PARTIAL,mph(C),msr(A),murA_G257D=POINT,parC_S80Y=POINT,sat4,tet(38)"
PDS000231984.12,PDT001370181.1,2021.0,United Kingdom,human_or_clinical,Homo sapiens,resistant mutant resulting from strain LAC passaged in increasing concentrations against the synthetic polyamine AHA-1394,,True,"ant(6)-Ia=MISTRANSLATION,aph(3')-IIIa,blaI,blaR1,blaZ,fosB,gyrA_S84L=POINT,mecA,mecR1=PARTIAL,mph(C),mprF_S337L=POINT,msr(A),murA_G257D=POINT,parC_S80Y=POINT,sat4,tet(38)"
PDS000231984.12,PDT001370182.1,2021.0,United Kingdom,human_or_clinical,Homo sapiens,strain LAC grown in TSB,,True,"ant(6)-Ia=MISTRANSLATION,aph(3')-IIIa,blaI,blaR1,blaZ,fosB,gyrA_S84L=POINT,mecA,mecR1=PARTIAL,mph(C),msr(A),murA_G257D=POINT,parC_S80Y=POINT,sat4,tet(38)"
PDS000231984.12,PDT001501604.1,2017.0,Denmark,human_or_clinical,Homo sapiens,skin and soft tissue infection,,True,"fosB,gyrA_S84L=POINT,mecA,mecR1=PARTIAL,murA_G257D=POINT,parC_S80Y=POINT,tet(38)"
PDS000231984.12,PDT001508962.1,2018.0,United States,human_or_clinical,Homo sapiens,blood,,True,"ant(6)-Ia=MISTRANSLATION,aph(3')-IIIa,blaI,blaR1,blaZ,fosB,gyrA_S84L=POINT,mecA,mecR1=PARTIAL,mph(C),msr(A),murA_G257D=POINT,parC_S80Y=POINT,sat4,tet(38)"
PDS000231984.12,PDT001509023.1,2018.0,United States,human_or_clinical,Homo sapiens,blood,,True,"ant(6)-Ia=MISTRANSLATION,aph(3')-IIIa,blaI,blaR1,blaZ,fosB,gyrA_S84L=POINT,mecA,mecR1=PARTIAL,mph(C),msr(A),murA_G257D=POINT,parC_S80Y=POINT,sat4,tet(38)"
PDS000231984.12,PDT001509150.1,2016.0,Canada,human_or_clinical,Homo sapiens,culture,,True,"ant(6)-Ia=MISTRANSLATION,aph(3')-IIIa,blaI,blaR1,blaZ,fosB,fusA_V90I=POINT,gyrA_S84L=POINT,mecA,mecR1=PARTIAL,mph(C),msr(A),murA_G257D=POINT,parC_S80Y=POINT,sat4,tet(38)"
PDS000231984.12,PDT001509211.1,2016.0,Canada,human_or_clinical,Homo sapiens,culture,,True,"ant(6)-Ia=MISTRANSLATION,aph(3')-IIIa,blaI,blaR1=PARTIAL_END_OF_CONTIG,blaZ,fosB,gyrA_S84L=POINT,ileS_V588F=POINT,mecA,mecR1=PARTIAL,mph(C),msr(A),murA_G257D=POINT,parC_S80Y=POINT,sat4,tet(38)"
PDS000231984.12,PDT001509230.1,2016.0,Canada,human_or_clinical,Homo sapiens,culture,,True,"ant(6)-Ia=MISTRANSLATION,aph(3')-IIIa,blaI,blaR1,blaZ,erm(C),fosB,fosB=PARTIAL,fusA_V90I=POINT,gyrA_S84L=POINT,mecA,mecR1=PARTIAL,mph(C),msr(A),murA_G257D=POINT,parC_S80Y=POINT,sat4,tet(38)"
PDS000231984.12,PDT001509264.1,2016.0,Canada,human_or_clinical,Homo sapiens,culture,,True,"blaI,blaR1,blaZ,erm(C),fosB,fusA_E444V=POINT,gyrA_S84L=POINT,mecA,mecR1=PARTIAL,mph(C),murA_G257D=POINT,parC_S80Y=POINT,tet(38)"
PDS000231984.12,PDT001509312.1,2016.0,Canada,human_or_clinical,Homo sapiens,culture,,True,"fosB,fusA_V90I=POINT,gyrA_S84L=POINT,mecA,mecR1=PARTIAL,murA_G257D=POINT,parC_S80Y=POINT,tet(38)"
PDS000231984.12,PDT001509327.1,2016.0,Canada,human_or_clinical,Homo sapiens,culture,,True,"ant(6)-Ia=MISTRANSLATION,aph(3')-IIIa,blaI,blaR1,blaR1=PARTIAL_END_OF_CONTIG,blaZ,erm(C),fosB,fusA_V90I=POINT,gyrA_S84L=POINT,mecA,mecR1=PARTIAL,mph(C),msr(A),murA_G257D=POINT,parC_S80Y=POINT,sat4,tet(38)"
PDS000231984.12,PDT001525485.1,2016.0,United States,human_or_clinical,Homo sapiens,groin,,True,"ant(6)-Ia=MISTRANSLATION,aph(3')-IIIa,blaI,blaR1,blaZ,fosB,mecA,mecR1=PARTIAL,mph(C),msr(A),murA_G257D=POINT,sat4,tet(38)"
PDS000231984.12,PDT001525672.1,2017.0,United States,human_or_clinical,Homo sapiens,groin,,True,"ant(6)-Ia=MISTRANSLATION,aph(3')-IIIa,blaI,blaR1,blaZ,erm(C),fosB,mecA,mecR1=PARTIAL,mph(C),msr(A),murA_G257D=POINT,sat4,tet(38)"
PDS000231984.12,PDT001538715.1,2016.0,United States,human_or_clinical,Homo sapiens,nose,,True,"aac(6')-Ie/aph(2'')-Ia,aadD1,ant(6)-Ia=MISTRANSLATION,aph(3')-IIIa,blaI,blaR1,blaZ,fosB,mecA,mecR1=PARTIAL,mph(C),msr(A),mupA,murA_G257D=POINT,sat4,tet(38)"
PDS000231984.12,PDT001538752.1,2017.0,United States,human_or_clinical,Homo sapiens,cxwnd,,True,"ant(6)-Ia=MISTRANSLATION,aph(3')-IIIa,blaI,blaR1,blaZ,erm(C),fosB,mecA,mecR1=PARTIAL,mph(C),msr(A),murA_G257D=POINT,sat4,tet(38)"
PDS000231984.12,PDT001538806.1,2016.0,United States,human_or_clinical,Homo sapiens,cxwnd,,True,"blaI,blaR1,blaZ,erm(C),fosB,mecA,mecR1=PARTIAL,mph(C)=PARTIAL,murA_G257D=POINT,tet(38)"
PDS000231984.12,PDT001538847.1,2016.0,United States,human_or_clinical,Homo sapiens,cxwnd,,True,"ant(6)-Ia=MISTRANSLATION,aph(3')-IIIa,blaI,blaR1,blaZ,fosB,mecA,mecR1=PARTIAL,mph(C),msr(A),murA_G257D=POINT,sat4,tet(38)"
PDS000231984.12,PDT001597588.1,2016.0,not collected,human_or_clinical,Homo sapiens,not collected,,True,"ant(6)-Ia=MISTRANSLATION,aph(3')-IIIa,blaI,blaR1,blaZ,fosB,mecA,mecR1=PARTIAL,mph(C),msr(A),murA_G257D=POINT,sat4,tet(38)"
PDS000231984.12,PDT001597590.1,2016.0,not collected,human_or_clinical,Homo sapiens,not collected,,True,"ant(6)-Ia=MISTRANSLATION,aph(3')-IIIa,blaI,blaR1,blaZ,fosB,mecA,mecR1=PARTIAL,mph(C),msr(A),murA_G257D=POINT,sat4,tet(38)"
PDS000231984.12,PDT001597609.1,2016.0,not collected,human_or_clinical,Homo sapiens,not collected,,True,"ant(6)-Ia=MISTRANSLATION,aph(3')-IIIa,blaI,blaR1,blaZ,fosB,mecA,mecR1=PARTIAL,mph(C),msr(A),murA_G257D=POINT,sat4,tet(38)"
PDS000231984.12,PDT001597617.1,2016.0,not collected,human_or_clinical,Homo sapiens,not collected,,True,"ant(6)-Ia=MISTRANSLATION,aph(3')-IIIa,blaI,blaR1,blaZ,erm(C),fosB,mecA,mecR1=PARTIAL,mph(C),msr(A),murA_G257D=POINT,sat4,tet(38)"
PDS000231984.12,PDT001597619.1,2016.0,not collected,human_or_clinical,Homo sapiens,not collected,,True,"blaI,blaR1,blaZ,fosB,gyrA_S84L=POINT,mecA,mecR1=PARTIAL,murA_G257D=POINT,parC_S80Y=POINT,tet(38)"
PDS000231984.12,PDT001597630.1,2016.0,not collected,human_or_clinical,Homo sapiens,not collected,,True,"blaI,blaR1,blaZ,fosB,gyrA_S84L=POINT,mecA,mecR1=PARTIAL,murA_G257D=POINT,parC_S80Y=POINT,tet(38)"
PDS000231984.12,PDT001597643.1,2016.0,not collected,human_or_clinical,Homo sapiens,not collected,,True,"ant(6)-Ia=MISTRANSLATION,aph(3')-IIIa,blaI,blaR1,blaZ,erm(C),fosB,mecA,mecR1=PARTIAL,mph(C),msr(A),murA_G257D=POINT,sat4,tet(38)"
PDS000231984.12,PDT001597644.1,2016.0,not collected,human_or_clinical,Homo sapiens,not collected,,True,"ant(6)-Ia=MISTRANSLATION,aph(3')-IIIa,blaI,blaR1,blaZ,erm(C),fosB,mecA,mecR1=PARTIAL,mph(C),msr(A),murA_G257D=POINT,sat4,tet(38)"
PDS000231984.12,PDT001597651.1,2016.0,not collected,human_or_clinical,Homo sapiens,not collected,,True,"ant(6)-Ia=MISTRANSLATION,aph(3')-IIIa,blaI,blaR1,blaZ,fosB,mecA,mecR1=PARTIAL,mph(C),msr(A),murA_G257D=POINT,sat4,tet(38)"
PDS000231984.12,PDT001597664.1,2016.0,not collected,human_or_clinical,Homo sapiens,not collected,,True,"blaI,blaR1,blaZ,erm(C),fosB,gyrA_S84L=POINT,mecA,mecR1=PARTIAL,murA_G257D=POINT,parC_S80Y=POINT,tet(38)"
PDS000231984.12,PDT001597665.1,2016.0,not collected,human_or_clinical,Homo sapiens,not collected,,True,"blaI,blaR1,blaZ,fosB,gyrA_S84L=POINT,mecA,mecR1=PARTIAL,murA_G257D=POINT,parC_S80Y=POINT,tet(38)"
PDS000231984.12,PDT001597667.1,2016.0,not collected,human_or_clinical,Homo sapiens,not collected,,True,"blaI,blaR1,blaZ,fosB,gyrA_S84L=POINT,mecA,mecR1=PARTIAL,murA_G257D=POINT,parC_S80Y=POINT,tet(38)"
PDS000231984.12,PDT001597669.1,2016.0,not collected,human_or_clinical,Homo sapiens,not collected,,True,"blaI,blaR1,blaZ,fosB,gyrA_S84L=POINT,mecA,mecR1=PARTIAL,murA_G257D=POINT,parC_S80Y=POINT,tet(38)"
PDS000231984.12,PDT001597671.1,2016.0,not collected,human_or_clinical,Homo sapiens,not collected,,True,"ant(6)-Ia=MISTRANSLATION,aph(3')-IIIa,blaI,blaR1,blaZ,fosB,mecA,mecR1=PARTIAL,mph(C),msr(A),murA_G257D=POINT,sat4,tet(38)"
PDS000231984.12,PDT001597672.1,2016.0,not collected,human_or_clinical,Homo sapiens,not collected,,True,"ant(6)-Ia=MISTRANSLATION,aph(3')-IIIa,blaI,blaR1,blaZ,erm(C),fosB,mecA,mecR1=PARTIAL,mph(C),msr(A),murA_G257D=POINT,sat4,tet(38)"
PDS000231984.12,PDT001597711.1,2015.0,United States,human_or_clinical,Homo sapiens,Nares swab,,True,"ant(6)-Ia=MISTRANSLATION,aph(3')-IIIa,blaI,blaR1,blaZ,erm(C),fosB,gyrA_S84L=POINT,mecA,mecR1=PARTIAL,mph(C),msr(A),murA_G257D=POINT,parC_S80Y=POINT,sat4,tet(38)"
PDS000231984.12,PDT001597964.2,2017.0,,food,,food,,True,"ant(6)-Ia=MISTRANSLATION,aph(3')-IIIa,blaI,blaR1,blaZ,fosB,mecA,mecR1=PARTIAL,mph(C),msr(A),murA_G257D=POINT,parC_S80F=POINT,sat4,tet(38)"
PDS000231984.12,PDT001597965.2,2017.0,,food,,food,,True,"ant(6)-Ia=MISTRANSLATION,aph(3')-IIIa,blaI,blaR1,blaZ,fosB,mecA,mecR1=PARTIAL,mph(C),msr(A),murA_G257D=POINT,parC_S80F=POINT,sat4,tet(38)"
PDS000231984.12,PDT001597967.2,2017.0,,food,,food,,True,"ant(6)-Ia=MISTRANSLATION,aph(3')-IIIa,blaI,blaR1,blaZ,fosB,mecA,mecR1=PARTIAL,mph(C),msr(A),murA_G257D=POINT,parC_S80F=POINT,sat4,tet(38)"
PDS000231984.12,PDT001707185.1,2019.0,Switzerland,human_or_clinical,,University Hospital Zurich,,True,"ant(6)-Ia=MISTRANSLATION,aph(3')-IIIa,blaI,blaR1,blaZ,fosB,mecA,mecR1=PARTIAL,mph(C),msr(A),murA_G257D=POINT,sat4,tet(38)"
PDS000231984.12,PDT001707186.1,2019.0,Switzerland,human_or_clinical,,University Hospital Zurich,,True,"fosB,gyrA_S84L=POINT,mecA,mecR1=PARTIAL,murA_G257D=POINT,parC_S80Y=POINT,tet(38)"
PDS000231984.12,PDT001948971.1,2021.0,Italy,human_or_clinical,Homo sapiens,University of Catania,,True,"erm(C),fosB,gyrA_S84L=POINT,mecA,mecR1=PARTIAL,mupA,murA_G257D=POINT,parC_S80Y=POINT,tet(38),tet(K)"
