label,asm_acc,biosample_acc,collection_date,geo_loc_name,host,isolation_source,source_type,target_acc,target_creation_date,computed_types,number_amr_genes,AMR_genotypes,AMR_genotypes_core,number_virulence_genes,virulence_genotypes,amrfinder_version,refgene_db_version
PDT000004532.3|SAMEA3138186|GCA_000009005.1|Staphylococcus aureus RF122||RF122|Generic,GCA_000009005.1,SAMEA3138186,,Ireland,Bos taurus (cow),,,PDT000004532.3,2011-02-17,,6,"glpT_A100V=POINT,glpT_L27F=POINT,mepA,murA_E291D=POINT,murA_T396N=POINT,tet(38)","glpT_A100V=POINT,glpT_L27F=POINT,murA_E291D=POINT,murA_T396N=POINT",18,"aur,hld,hlgA,hlgC,icaC,lukE,sec1,sei,sel,selX,selZ,sem=MISTRANSLATION,sen=MISTRANSLATION,seu,sey,splA=MISTRANSLATION,splB,tst",4.2.7,2026-03-24.1
PDT000004560.3|SAMD00061099|GCA_000009645.1|Staphylococcus aureus subsp. aureus N315||N315|Generic,GCA_000009645.1,SAMD00061099,,,,,,PDT000004560.3,2011-02-17,,13,"aadD1,ant(9)-Ia,blaI,blaR1,blaZ,bleO,erm(A),fosB,mecA,mecI,mecR1,mepA,tet(38)","aadD1,ant(9)-Ia,blaI,blaR1,blaZ,bleO,erm(A),fosB,mecA,mecI,mecR1,tet(38)",23,"aur,hld,hlgA,hlgB,hlgC,icaC,lukD,lukE,sak,sasG=PARTIAL,scn,sec3,sei,sel,selX,sem,sen=MISTRANSLATION,seo,sep,seu=PARTIAL,splA,splB,tst",4.0.23,2025-06-03.1
PDT000004561.3|SAMD00061098|GCA_000009665.1|Staphylococcus aureus subsp. aureus Mu50||Mu50|Generic,GCA_000009665.1,SAMD00061098,,,,,,PDT000004561.3,2011-02-17,,16,"aac(6')-Ie/aph(2'')-Ia,aadD1,ant(9)-Ia,bleO,erm(A),fosB,glpT_W355STOP=POINT,gyrA_S84L=POINT,mecA,mecI,mecR1,mepA,parC_S80F=POINT,rpoB_H481Y=POINT,tet(38),tet(M)","aac(6')-Ie/aph(2'')-Ia,aadD1,ant(9)-Ia,bleO,erm(A),fosB,glpT_W355STOP=POINT,gyrA_S84L=POINT,mecA,mecI,mecR1,parC_S80F=POINT,rpoB_H481Y=POINT,tet(38),tet(M)",23,"aur,hld,hlgA,hlgB,hlgC,icaC,lukD,lukE,sak,sasG=PARTIAL,scn,sea,sec3,sei,sel,selX,sem,sen=MISTRANSLATION,seo,seu=PARTIAL,splA,splB,tst",4.0.23,2025-07-16.1
PDT000004599.3|SAMD00060910|GCA_000010445.1|Staphylococcus aureus subsp. aureus Mu3||Mu3|Generic,GCA_000010445.1,SAMD00060910,,,,,,PDT000004599.3,2011-02-17,,14,"aadD1,ant(9)-Ia,bleO,erm(A),fosB,glpT_W355STOP=POINT,gyrA_S84L=POINT,mecA,mecI,mecR1,mepA,parC_S80F=POINT,tet(38),tet(M)","aadD1,ant(9)-Ia,bleO,erm(A),fosB,glpT_W355STOP=POINT,gyrA_S84L=POINT,mecA,mecI,mecR1,parC_S80F=POINT,tet(38),tet(M)",23,"aur,hld,hlgA,hlgB,hlgC,icaC,lukD,lukE,sak,sasG,scn,sea,sec3,sei,sel,selX,sem,sen=MISTRANSLATION,seo,seu=PARTIAL,splA,splB,tst",4.0.23,2025-06-03.1
PDT000004600.3|SAMD00060913|GCA_000010465.1|Staphylococcus aureus subsp. aureus str. Newman||Newman|Generic,GCA_000010465.1,SAMD00060913,,,,,,PDT000004600.3,2011-02-17,,5,"folP_E208K=POINT,folP_F17L=POINT,fosB,mepA,tet(38)","folP_E208K=POINT,folP_F17L=POINT,fosB,tet(38)",17,"aur,hld,hlgA,hlgB,hlgC,icaC,lukD,lukE,sak,sasG=PARTIAL,scn,sea,sel26,selX,splA,splB,splE",4.0.23,2025-06-03.1
PDT000004618.3|SAMD00061104|GCA_000011265.1|Staphylococcus aureus subsp. aureus MW2||MW2|Generic,GCA_000011265.1,SAMD00061104,,,,,,PDT000004618.3,2011-02-17,,4,"mecA,mecR1=PARTIAL,mepA,tet(38)","mecA,mecR1=PARTIAL,tet(38)",21,"aur,cna,hld,hlgA,hlgB,hlgC,icaC,lukD,lukE,lukF-PV,lukS-PV,sak,scn,sea,sec2,seh,sek,sel,seq,splA,splB",4.0.23,2025-06-03.1
PDT000004628.3|SAMEA1705935|GCA_000011505.1|Staphylococcus aureus subsp. aureus MRSA252|||Generic,GCA_000011505.1,SAMEA1705935,1998,,,,,PDT000004628.3,2011-02-17,,19,"aadD1,ant(9)-Ia,blaI,blaPC1,blaR1,bleO,erm(A),fosB,glpT_A100V=POINT,glpT_V213I=POINT,gyrA_S84L=POINT,mecA,mecI=MISTRANSLATION,mecR1,mepA,murA_D278E=POINT,murA_E291D=POINT,parC_S80F=POINT,tet(38)","aadD1,ant(9)-Ia,blaI,blaPC1,blaR1,bleO,erm(A),fosB,glpT_A100V=POINT,glpT_V213I=POINT,gyrA_S84L=POINT,mecA,mecI=MISTRANSLATION,mecR1,murA_D278E=POINT,murA_E291D=POINT,parC_S80F=POINT,tet(38)",15,"aur,cna,hld,hlgA,hlgB,hlgC,icaC,sak,scn,sea,sei,sem,sen=MISTRANSLATION,seu,splE",4.0.23,2025-06-03.1
PDT000004629.3|SAMEA1705922|GCA_000011525.1|Staphylococcus aureus subsp. aureus MSSA476|||Generic,GCA_000011525.1,SAMEA1705922,1997,,,,,PDT000004629.3,2011-02-17,,6,"blaI,blaR1,blaZ,fusC,mepA,tet(38)","blaI,blaR1,blaZ,fusC,tet(38)",17,"aur,cna,hld,hlgA,hlgB,hlgC,icaC,lukD,lukE,sak,scn,sea,seh,sek,seq,splA,splB",4.0.23,2025-06-03.1
PDT000004652.3|SAMN02603996|GCA_000012045.1|Staphylococcus aureus subsp. aureus COL||COL|Generic,GCA_000012045.1,SAMN02603996,,,,,,PDT000004652.3,2011-02-17,,8,"folP_E208K=POINT,folP_T51M=POINT,fosB,mecA,mecR1=PARTIAL,mepA,tet(38),tet(K)","folP_E208K=POINT,folP_T51M=POINT,fosB,mecA,mecR1=PARTIAL,tet(K)",17,"aur,hld,hlgA,hlgB,hlgC,icaC=PARTIAL,lukD,lukE,sasG=PARTIAL,seb,sek,sel26,selX,seq,splA,splB,splE",4.2.7,2026-03-24.1
PDT000004717.3|SAMN02604235|GCA_000013425.1|Staphylococcus aureus subsp. aureus NCTC 8325||NCTC 8325|Generic,GCA_000013425.1,SAMN02604235,,,,,,PDT000004717.3,2011-02-17,,3,"fosB,mepA,tet(38)","fosB,tet(38)",16,"aur,hld,hlgA,hlgB,hlgC,icaC,lukD,lukE,sak,sasG=PARTIAL,scn,sel26,selX,splA,splB,splE",4.0.23,2025-06-03.1
PDT000004718.3|SAMN02604150|GCA_000013465.1|Staphylococcus aureus subsp. aureus USA300_FPR3757||FPR3757|Generic,GCA_000013465.1,SAMN02604150,,,,,,PDT000004718.3,2011-02-17,,11,"erm(C),fosB,gyrA_S84L=POINT,mecA,mecR1=PARTIAL,mepA,mupA,murA_G257D=POINT,parC_S80Y=POINT,tet(38),tet(K)","erm(C),fosB,gyrA_S84L=POINT,mecA,mecR1=PARTIAL,mupA,murA_G257D=POINT,parC_S80Y=POINT,tet(38),tet(K)",20,"aur,hld,hlgA,hlgB,hlgC,icaC,lukD,lukE,lukF-PV,lukS-PV,sak,sasG=PARTIAL,scn,sek,sel26,selX,seq,splA,splB,splE",4.0.23,2025-06-03.1
PDT000004870.3|SAMN02598343|GCA_000016805.1|Staphylococcus aureus subsp. aureus JH9||JH9|Generic,GCA_000016805.1,SAMN02598343,,,,,,PDT000004870.3,2010-05-12,,17,"aac(6')-Ie/aph(2'')-Ia,ant(9)-Ia,blaI,blaR1,blaZ,erm(A),fosB,gyrA_S84L=POINT,mecA,mecI,mecR1,mepA,parC_E84G=POINT,parC_S80Y=POINT,rplC_G152D=POINT,rpoB_D471Y=POINT,tet(38)","aac(6')-Ie/aph(2'')-Ia,ant(9)-Ia,blaI,blaR1,blaZ,erm(A),fosB,gyrA_S84L=POINT,mecA,mecI,mecR1,parC_E84G=POINT,parC_S80Y=POINT,rplC_G152D=POINT,rpoB_D471Y=POINT,tet(38)",18,"aur,hld,hlgA,hlgB,hlgC,icaC,lukD,lukE,sak,scn,sei,selX,sem,sen=MISTRANSLATION,seo,seu=PARTIAL,splA,splB",4.0.23,2025-06-03.1
PDT000004884.3|SAMN00253845|GCA_000017085.1|Staphylococcus aureus subsp. aureus USA300_TCH1516||USA300_TCH1516|Generic,GCA_000017085.1,SAMN00253845,,,,,,PDT000004884.3,2010-05-12,,14,"ant(6)-Ia=MISTRANSLATION,aph(3')-IIIa,blaI,blaR1,blaZ,fosB,mecA,mecR1=PARTIAL,mepA,mph(C),msr(A),murA_G257D=POINT,sat4,tet(38)","ant(6)-Ia=MISTRANSLATION,aph(3')-IIIa,blaI,blaR1,blaZ,fosB,mecA,mecR1=PARTIAL,mph(C),msr(A),murA_G257D=POINT,sat4",20,"aur,hld,hlgA,hlgB,hlgC,icaC,lukD,lukE,lukF-PV,lukS-PV,sak,sasG=PARTIAL,scn,sek,sel26,selX,seq,splA,splB,splE",4.2.7,2026-03-24.1
PDT000005277.3|SAMN02604165|GCA_000024585.1|Staphylococcus aureus subsp. aureus ED98||ED98|Generic,GCA_000024585.1,SAMN02604165,,,,,,PDT000005277.3,2010-05-12,,5,"fosB,mepA,parC_S80F=POINT,tet(38),tet(K)","fosB,parC_S80F=POINT,tet(K)",16,"aur,hld,hlgA,hlgB,hlgC,icaC,lukD,lukE,sei,selX,sem,sen=MISTRANSLATION,seo,seu=PARTIAL,splA,splB",4.2.7,2026-03-24.1
PDT000005702.3|SAMN00001490|GCA_000159555.1|Staphylococcus aureus subsp. aureus TCH130||TCH130|MIGS Cultured Bacterial/Archaeal,GCA_000159555.1,SAMN00001490,missing,not determined,Homo sapiens,,,PDT000005702.3,2010-10-15,,7,"blaI,blaR1=HMM,blaZ,erm(C),fosB,mepA,tet(38)","blaI,blaR1=HMM,blaZ,erm(C),fosB,tet(38)",18,"aur,hld,hlgA,hlgB,hlgC,icaC,lukD,lukE,sak,scn,sei,sem,sen=MISTRANSLATION,seo,seu,splA,splB,splE",4.0.23,2025-06-03.1
PDT000005726.3|SAMN00001499|GCA_000160195.1|Staphylococcus aureus subsp. aureus MN8||MN8|MIGS Cultured Bacterial/Archaeal,GCA_000160195.1,SAMN00001499,missing,not determined,Homo sapiens,,,PDT000005726.3,2010-10-15,,10,"blaI,blaPC1,blaR1=MISTRANSLATION,fosB,glpT_A100V=POINT,glpT_V213I=POINT,mepA,murA_D278E=POINT,murA_E291D=POINT,tet(38)","blaI,blaPC1,blaR1=MISTRANSLATION,fosB,glpT_A100V=POINT,glpT_V213I=POINT,murA_D278E=POINT,murA_E291D=POINT,tet(38)",15,"aur,hld,hlgA,hlgB,hlgC,icaC,sak,scn,sea,sei,sem,sen=MISTRANSLATION,seu,splE,tst",4.0.23,2025-07-16.1
PDT000005732.3|SAMN02595313|GCA_000160355.1|Staphylococcus aureus subsp. aureus 65-1322||65-1322|Generic,GCA_000160355.1,SAMN02595313,,,,,,PDT000005732.3,2010-10-15,,15,"ant(9)-Ia,blaI,blaPC1,blaR1,erm(A),folP_E208K=POINT,folP_T51M=POINT,fosB,glpT_A100V=POINT,glpT_V213I=POINT,mepA,murA_D278E=POINT,murA_E291D=POINT,tet(38),tet(K)=PARTIAL","ant(9)-Ia,blaI,blaPC1,blaR1,erm(A),folP_E208K=POINT,folP_T51M=POINT,fosB,glpT_A100V=POINT,glpT_V213I=POINT,murA_D278E=POINT,murA_E291D=POINT,tet(38),tet(K)=PARTIAL",13,"aur,hld,hlgA,hlgB,hlgC,icaC=PARTIAL,sak,scn,sei,sem,sen=MISTRANSLATION,seu,splE=PARTIAL_END_OF_CONTIG",4.0.23,2025-07-16.1
PDT000005733.3|SAMN02595314|GCA_000160375.1|Staphylococcus aureus subsp. aureus 68-397||68-397|Generic,GCA_000160375.1,SAMN02595314,,,,,,PDT000005733.3,2010-10-15,,14,"ant(9)-Ia,blaI,blaR1,blaZ=PARTIAL,erm(A),folP_E208K=POINT,folP_T51M=POINT,fosB,glpT_A100V=POINT,glpT_V213I=POINT,mepA,murA_D278E=POINT,murA_E291D=POINT,tet(38)","ant(9)-Ia,blaI,blaR1,blaZ=PARTIAL,erm(A),folP_E208K=POINT,folP_T51M=POINT,fosB,glpT_A100V=POINT,glpT_V213I=POINT,murA_D278E=POINT,murA_E291D=POINT,tet(38)",15,"aur,hld,hlgA,hlgB,hlgC,icaC=PARTIAL,lukF-PV,lukS-PV,sak,scn,sei,sem,sen=MISTRANSLATION,seu,splE",4.0.23,2025-06-03.1
PDT000005734.3|SAMN02595315|GCA_000160395.1|Staphylococcus aureus subsp. aureus E1410||E1410|Generic,GCA_000160395.1,SAMN02595315,,,,,,PDT000005734.3,2010-10-15,,12,"blaI,blaPC1,blaR1,folP_E208K=POINT,folP_T51M=POINT,fosB,glpT_A100V=POINT,glpT_V213I=POINT,mepA,murA_D278E=POINT,murA_E291D=POINT,tet(38)","blaI,blaPC1,blaR1,folP_E208K=POINT,folP_T51M=POINT,fosB,glpT_A100V=POINT,glpT_V213I=POINT,murA_D278E=POINT,murA_E291D=POINT,tet(38)",13,"aur,hld,hlgA,hlgB,hlgC,icaC=PARTIAL,sak,scn,sei,sem,sen=MISTRANSLATION,seu,splE",4.0.23,2025-07-16.1
PDT000005735.3|SAMN02595316|GCA_000160415.1|Staphylococcus aureus subsp. aureus M876||M876|Generic,GCA_000160415.1,SAMN02595316,,,,,,PDT000005735.3,2010-10-15,,12,"blaI,blaPC1,blaR1,folP_E208K=POINT,folP_T51M=POINT,fosB,glpT_A100V=POINT,glpT_V213I=POINT,mepA,murA_D278E=POINT,murA_E291D=POINT,tet(38)","blaI,blaPC1,blaR1,folP_E208K=POINT,folP_T51M=POINT,fosB,glpT_A100V=POINT,glpT_V213I=POINT,murA_D278E=POINT,murA_E291D=POINT,tet(38)",16,"aur,cna=PARTIAL,hld,hlgA,hlgB,hlgC,icaC=PARTIAL,lukF-PV,lukS-PV,sak,scn,sei,sem,sen=MISTRANSLATION,seu,splE",4.0.23,2025-07-16.1
PDT000005833.3|SAMN02595338|GCA_000162595.1|Staphylococcus aureus subsp. aureus C101||C101|Generic,GCA_000162595.1,SAMN02595338,,,,,,PDT000005833.3,2010-10-15,,13,"blaI,blaPC1,blaR1,folP_E208K=POINT,folP_T51M=POINT,fosB,glpT_A100V=POINT,glpT_V213I=POINT,mepA,murA_D278E=POINT,murA_E291D=POINT,tet(38),tet(K)","blaI,blaPC1,blaR1,folP_E208K=POINT,folP_T51M=POINT,fosB,glpT_A100V=POINT,glpT_V213I=POINT,murA_D278E=POINT,murA_E291D=POINT,tet(38),tet(K)",15,"aur,hld,hlgA,hlgB,hlgC,icaC=PARTIAL,lukF-PV,lukS-PV,sak,scn,sei,sem,sen=MISTRANSLATION,seu,splE",4.0.23,2025-07-16.1
PDT000005834.3|SAMN02595339|GCA_000162615.1|Staphylococcus aureus subsp. aureus C427||C427|Generic,GCA_000162615.1,SAMN02595339,,,,,,PDT000005834.3,2010-10-15,,10,"blaI,blaR1=HMM,blaZ,fosB,glpT_A100V=POINT,glpT_V213I=POINT,mepA,murA_D278E=POINT,murA_E291D=POINT,tet(38)","blaI,blaR1=HMM,blaZ,fosB,glpT_A100V=POINT,glpT_V213I=POINT,murA_D278E=POINT,murA_E291D=POINT,tet(38)",16,"aur,hld,hlgA,hlgB,hlgC,icaC=PARTIAL,sak,scn,seb,seh,sei,sem,sen=MISTRANSLATION,seu,splE,tst",4.0.23,2025-06-03.1
PDT000005835.3|SAMN02595340|GCA_000162635.1|Staphylococcus aureus subsp. aureus D139||D139|Generic,GCA_000162635.1,SAMN02595340,,,,,,PDT000005835.3,2010-10-15,,5,"glpT_A100V=POINT,mepA,murA_E291D=POINT,murA_T396N=POINT,tet(38)","glpT_A100V=POINT,murA_E291D=POINT,murA_T396N=POINT,tet(38)",18,"aur,hld=MISTRANSLATION,hlgA,hlgB,hlgC,icaC,lukE,sak,scn,seb=PARTIAL,seh,sei,selX,sem,sen=MISTRANSLATION,seu,splA,splE",4.0.23,2025-06-03.1
PDT000005836.3|SAMN02595341|GCA_000162655.1|Staphylococcus aureus subsp. aureus H19||H19|Generic,GCA_000162655.1,SAMN02595341,,,,,,PDT000005836.3,2010-10-15,,8,"blaI,blaR1=HMM,blaZ,glpT_A100V=POINT,mepA,murA_E291D=POINT,murA_T396N=POINT,tet(38)","blaI,blaR1=HMM,blaZ,glpT_A100V=POINT,murA_E291D=POINT,murA_T396N=POINT,tet(38)",19,"aur,hld,hlgA,hlgB,hlgC,icaC,lukE,sak,scn,sec1,seh,sei,sel,selX,sem,sen=MISTRANSLATION,seu=PARTIAL,splA,splE",4.0.23,2025-07-16.1
PDT000005837.3|SAMN02595342|GCA_000162675.1|Staphylococcus aureus subsp. aureus M1015||M1015|Generic,GCA_000162675.1,SAMN02595342,,,,,,PDT000005837.3,2010-10-15,,12,"blaI,blaPC1,blaR1,folP_E208K=POINT,folP_T51M=POINT,fosB,glpT_A100V=POINT,glpT_V213I=POINT,mepA,murA_D278E=POINT,murA_E291D=POINT,tet(38)","blaI,blaPC1,blaR1,folP_E208K=POINT,folP_T51M=POINT,fosB,glpT_A100V=POINT,glpT_V213I=POINT,murA_D278E=POINT,murA_E291D=POINT,tet(38)",15,"aur,hld,hlgA,hlgB,hlgC,icaC=PARTIAL,lukF-PV,lukS-PV,sak,scn,sei,sem,sen=MISTRANSLATION,seu,splE",4.0.23,2025-06-03.1
PDT000005838.3|SAMN02595343|GCA_000162695.1|Staphylococcus aureus subsp. aureus M899||M899|Generic,GCA_000162695.1,SAMN02595343,,,,,,PDT000005838.3,2010-10-15,,13,"blaI,blaPC1,blaR1,folP_E208K=POINT,folP_T51M=POINT,fosB,glpT_A100V=POINT,glpT_V213I=POINT,mepA,murA_D278E=POINT,murA_E291D=POINT,tet(38),tet(K)","blaI,blaPC1,blaR1,folP_E208K=POINT,folP_T51M=POINT,fosB,glpT_A100V=POINT,glpT_V213I=POINT,murA_D278E=POINT,murA_E291D=POINT,tet(38),tet(K)",15,"aur,hld,hlgA,hlgB,hlgC,icaC=PARTIAL,lukF-PV,lukS-PV,sak,scn,sei,sem,sen=MISTRANSLATION,seu,splE",4.0.23,2025-07-16.1
PDT000005839.3|SAMN02595344|GCA_000162715.1|Staphylococcus aureus subsp. aureus WBG10049||WBG10049|Generic,GCA_000162715.1,SAMN02595344,,,,,,PDT000005839.3,2010-10-15,,12,"blaI,blaPC1,blaR1,fosB,glpT_A100V=POINT,glpT_V213I=POINT,mecA=MISTRANSLATION,mecR1=PARTIAL,mepA,murA_D278E=POINT,murA_E291D=POINT,tet(38)","blaI,blaPC1,blaR1,fosB,glpT_A100V=POINT,glpT_V213I=POINT,mecA=MISTRANSLATION,mecR1=PARTIAL,murA_D278E=POINT,murA_E291D=POINT,tet(38)",15,"aur,hld,hlgA=PARTIAL,hlgB,hlgC,icaC,lukF-PV,lukS-PV,sak,scn,sei,sem,sen=MISTRANSLATION,seu=PARTIAL,splE",4.0.23,2025-07-16.1
PDT000005840.3|SAMN02595345|GCA_000162735.1|Staphylococcus aureus subsp. aureus WW2703/97||WW2703/97|Generic,GCA_000162735.1,SAMN02595345,,,,,,PDT000005840.3,2010-10-15,,12,"blaI=PARTIAL,blaPC1,blaR1,fosB,glpT_A100V=POINT,glpT_V213I=POINT,mecA,mecR1=PARTIAL,mepA,murA_D278E=POINT,murA_E291D=POINT,tet(38)","blaI=PARTIAL,blaPC1,blaR1,fosB,glpT_A100V=POINT,glpT_V213I=POINT,mecA,mecR1=PARTIAL,murA_D278E=POINT,murA_E291D=POINT,tet(38)",13,"aur,hld,hlgA,hlgB,hlgC,icaC,sak,scn,sei,sem,sen=MISTRANSLATION,seu,splE",4.0.23,2025-06-03.1
PDT000005842.3|SAMN02595350|GCA_000162795.1|Staphylococcus aureus subsp. aureus M809||M809|Generic,GCA_000162795.1,SAMN02595350,,,,,,PDT000005842.3,2010-10-15,,12,"blaI,blaPC1,blaR1,folP_E208K=POINT,folP_T51M=POINT,fosB,glpT_A100V=POINT,glpT_V213I=POINT,mepA,murA_D278E=POINT,murA_E291D=POINT,tet(38)","blaI,blaPC1,blaR1,folP_E208K=POINT,folP_T51M=POINT,fosB,glpT_A100V=POINT,glpT_V213I=POINT,murA_D278E=POINT,murA_E291D=POINT,tet(38)",15,"aur,hld,hlgA,hlgB,hlgC,icaC=PARTIAL,lukF-PV,lukS-PV,sak,scn,sei,sem,sen=MISTRANSLATION,seu,splE",4.0.23,2025-07-16.1
PDT000005843.3|SAMN02595351|GCA_000162815.1|Staphylococcus aureus subsp. aureus 58-424||58-424|Generic,GCA_000162815.1,SAMN02595351,,,,,,PDT000005843.3,2010-10-15,,15,"ant(9)-Ia,blaI,blaPC1,blaR1,erm(A),folP_E208K=POINT,folP_T51M=POINT,fosB,glpT_A100V=POINT,glpT_V213I=POINT,mepA,murA_D278E=POINT,murA_E291D=POINT,tet(38),tet(K)=PARTIAL_END_OF_CONTIG","ant(9)-Ia,blaI,blaPC1,blaR1,erm(A),folP_E208K=POINT,folP_T51M=POINT,fosB,glpT_A100V=POINT,glpT_V213I=POINT,murA_D278E=POINT,murA_E291D=POINT,tet(38),tet(K)=PARTIAL_END_OF_CONTIG",16,"aur,cna=PARTIAL,hld,hlgA,hlgB,hlgC,icaC=PARTIAL,lukF-PV,lukS-PV,sak,scn,sei,sem,sen=MISTRANSLATION,seu,splE",4.0.23,2025-07-16.1
PDT000005844.3|SAMN02595352|GCA_000162835.1|Staphylococcus aureus subsp. aureus Btn1260||Btn1260|Generic,GCA_000162835.1,SAMN02595352,,,,,,PDT000005844.3,2010-10-15,,10,"blaI,blaPC1,blaR1,fosB,glpT_A100V=POINT,glpT_V213I=POINT,mepA,murA_D278E=POINT,murA_E291D=POINT,tet(38)","blaI,blaPC1,blaR1,fosB,glpT_A100V=POINT,glpT_V213I=POINT,murA_D278E=POINT,murA_E291D=POINT,tet(38)",13,"aur,cna=PARTIAL,hld,hlgA,hlgB,hlgC,icaC,sei,sem,sen=MISTRANSLATION,seu,splE,tst",4.0.23,2025-06-03.1
PDT000005845.3|SAMN02595353|GCA_000162855.1|Staphylococcus aureus subsp. aureus C160||C160|Generic,GCA_000162855.1,SAMN02595353,,,,,,PDT000005845.3,2010-10-15,,10,"blaI,blaPC1,blaR1,fosB,glpT_A100V=POINT,glpT_V213I=POINT,mepA,murA_D278E=POINT,murA_E291D=POINT,tet(38)","blaI,blaPC1,blaR1,fosB,glpT_A100V=POINT,glpT_V213I=POINT,murA_D278E=POINT,murA_E291D=POINT,tet(38)",15,"aur,hld,hlgA,hlgB,hlgC,icaC=PARTIAL,sak,scn,seh,sei,sem,sen=MISTRANSLATION,seu,splE,tst",4.0.23,2025-07-16.1
PDT000005866.3|SAMN02595362|GCA_000163335.1|Staphylococcus aureus subsp. aureus A017934/97||A017934/97|Generic,GCA_000163335.1,SAMN02595362,,,,,,PDT000005866.3,2010-10-15,,12,"blaI,blaPC1,blaR1,fosB,glpT_A100V=POINT,glpT_V213I=POINT,mecA,mecR1=PARTIAL,mepA,murA_D278E=POINT,murA_E291D=POINT,tet(38)","blaI,blaPC1,blaR1,fosB,glpT_A100V=POINT,glpT_V213I=POINT,mecA,mecR1=PARTIAL,murA_D278E=POINT,murA_E291D=POINT,tet(38)",14,"aur,hld,hlgA,hlgB,hlgC,icaC,sak,scn,sei,sem,sen=MISTRANSLATION,seu,splE,tst",4.0.23,2025-07-16.1
PDT000005873.3|SAMN02595365|GCA_000163575.1|Staphylococcus aureus subsp. aureus EMRSA16||EMRSA16|Generic,GCA_000163575.1,SAMN02595365,,,,,,PDT000005873.3,2010-10-15,,19,"aadD1,ant(9)-Ia,blaI,blaPC1,blaR1,bleO,erm(A),fosB,glpT_A100V=POINT,glpT_V213I=POINT,gyrA_S84L=POINT,mecA,mecI=MISTRANSLATION,mecR1,mepA,murA_D278E=POINT,murA_E291D=POINT,parC_S80F=POINT,tet(38)","aadD1,ant(9)-Ia,blaI,blaPC1,blaR1,bleO,erm(A),fosB,glpT_A100V=POINT,glpT_V213I=POINT,gyrA_S84L=POINT,mecA,mecI=MISTRANSLATION,mecR1,murA_D278E=POINT,murA_E291D=POINT,parC_S80F=POINT,tet(38)",16,"aur,cna=PARTIAL,hld,hlgA,hlgB,hlgC,icaC,sak,scn,sea,sei,sem,sen=MISTRANSLATION,seu,splE,tst",4.0.23,2025-07-16.1
PDT000005899.3|SAMN00139434|GCA_000164715.1|Staphylococcus aureus subsp. aureus ATCC 51811||ATCC 51811|Generic,GCA_000164715.1,SAMN00139434,,,,,,PDT000005899.3,2010-10-15,,5,"blaI,blaR1=PARTIAL,blaZ,mepA,tet(38)","blaI,blaR1=PARTIAL,blaZ,tet(38)",14,"aur,cna,hld,hlgA,hlgB,hlgC,icaC,lukD,lukE,scn=PARTIAL,seh,splA,splB,splE",4.0.23,2025-06-03.1
PDT000006070.3|SAMN02471355|GCA_000171435.1|Staphylococcus aureus 930918-3||930918-3|Generic,GCA_000171435.1,SAMN02471355,,,,,,PDT000006070.3,2010-11-18,,15,"ant(6)-Ia,ant(9)-Ia,aph(3')-IIIa,blaI,blaPC1,blaR1=PARTIAL,dfrG,erm(A),folP_E208K=POINT,folP_F17L=POINT,fosB,mepA,murA_G257D=POINT,sat4=PARTIAL_END_OF_CONTIG,tet(38)","ant(6)-Ia,ant(9)-Ia,aph(3')-IIIa,blaI,blaPC1,blaR1=PARTIAL,dfrG,erm(A),folP_E208K=POINT,folP_F17L=POINT,fosB,murA_G257D=POINT,sat4=PARTIAL_END_OF_CONTIG,tet(38)",19,"aur,hld,hlgA,hlgB,hlgC,icaC,lukD,lukE,sak,scn,sea,seb,sek,sel26,selX,seq,splA,splB,splE",4.0.23,2025-07-16.1
PDT000006071.3|SAMN02471356|GCA_000171455.1|Staphylococcus aureus D30||D30|Generic,GCA_000171455.1,SAMN02471356,,,,,,PDT000006071.3,2010-11-18,,5,"fosB,mepA,mepR_A103V=POINT,murA_G257D=POINT,tet(38)","fosB,mepR_A103V=POINT,murA_G257D=POINT",13,"aur,hld,hlgA,hlgB,hlgC,icaC=PARTIAL,lukD,lukE,sel26,selX,splA,splB,splE",4.2.7,2026-03-24.1
PDT000006117.3|SAMN02470553|GCA_000172855.1|Staphylococcus aureus subsp. aureus str. JKD6009||JKD6009|Generic,GCA_000172855.1,SAMN02470553,,Australia,,,,PDT000006117.3,2010-11-18,,24,"aac(6')-Ie/aph(2'')-Ia,aadD1,ant(9)-Ia,blaI,blaPC1,blaR1,bleO,dfrB_F99Y=POINT,dfrB_L21V=POINT,dfrB_N60I=POINT,dfrS1,erm(A),folP_E258EKE=POINT,folP_F17L=POINT,fosB,gyrA_S84L=POINT,mecA,mecI,mecR1,mepA,murA_G257D=POINT,parC_S80F=POINT,tet(38),tet(M)","aac(6')-Ie/aph(2'')-Ia,aadD1,ant(9)-Ia,blaI,blaPC1,blaR1,bleO,dfrB_F99Y=POINT,dfrB_L21V=POINT,dfrB_N60I=POINT,dfrS1,erm(A),folP_E258EKE=POINT,folP_F17L=POINT,fosB,gyrA_S84L=POINT,mecA,mecI,mecR1,murA_G257D=POINT,parC_S80F=POINT,tet(38),tet(M)",13,"aur,hld,hlgA,hlgB,hlgC,icaC,sak,scn,sea,sek,sel26,selX,seq",4.0.23,2025-07-16.1
PDT000006185.3|SAMN02595317|GCA_000174455.1|Staphylococcus aureus A5937||A5937|Generic,GCA_000174455.1,SAMN02595317,,,,,,PDT000006185.3,2010-11-18,,15,"aadD1,ant(9)-Ia,blaI,blaR1,blaZ,bleO,erm(A),fosB,gyrA_S84L=POINT,mecA,mecI,mecR1,mepA,parC_S80F=POINT,tet(38)","aadD1,ant(9)-Ia,blaI,blaR1,blaZ,bleO,erm(A),fosB,gyrA_S84L=POINT,mecA,mecI,mecR1,parC_S80F=POINT",19,"aur,hld,hlgA,hlgB,hlgC,icaC,lukD,lukE,sak,scn,sei,selX,sem,sen=MISTRANSLATION,seo,sep,seu=PARTIAL,splA,splB",4.2.7,2026-03-24.1
PDT000006186.3|SAMN02595318|GCA_000174475.1|Staphylococcus aureus A5948||A5948|Generic,GCA_000174475.1,SAMN02595318,,,,,,PDT000006186.3,2010-11-18,,15,"aadD1,ant(9)-Ia,blaI,blaR1=MISTRANSLATION,blaR1=PARTIAL_END_OF_CONTIG,blaZ,bleO,erm(A),fosB,mecA,mecI,mecR1,mepA,murA_G257D=POINT,tet(38)","aadD1,ant(9)-Ia,blaI,blaR1=MISTRANSLATION,blaR1=PARTIAL_END_OF_CONTIG,blaZ,bleO,erm(A),fosB,mecA,mecI,mecR1,murA_G257D=POINT,tet(38)",15,"aur,hld,hlgA,hlgB,hlgC,icaC,lukD,lukE,sak,scn,sel26,selX,splA,splB,splE",4.2.5,2025-12-03.1
PDT000006187.3|SAMN02595319|GCA_000174495.1|Staphylococcus aureus A6224||A6224|Generic,GCA_000174495.1,SAMN02595319,,,,,,PDT000006187.3,2010-11-18,,16,"aadD1,ant(9)-Ia,blaI,blaR1,blaZ,bleO,erm(A),fosB,gyrA_S84L=POINT,mecA,mecI,mecR1,mepA,parC_S80F=POINT,rpoB_A477D=POINT,tet(38)","aadD1,ant(9)-Ia,blaI,blaR1,blaZ,bleO,erm(A),fosB,gyrA_S84L=POINT,mecA,mecI,mecR1,parC_S80F=POINT,rpoB_A477D=POINT",20,"aur,hld,hlgA,hlgB,hlgC,icaC,lukD,lukE,sak,sasG=PARTIAL_END_OF_CONTIG,scn,sei,selX,sem,sen=MISTRANSLATION,seo,sep,seu=PARTIAL,splA,splB",4.2.7,2026-03-24.1
PDT000006188.3|SAMN02595320|GCA_000174515.1|Staphylococcus aureus A6300||A6300|Generic,GCA_000174515.1,SAMN02595320,,,,,,PDT000006188.3,2010-11-18,,17,"aadD1,ant(9)-Ia,blaI,blaR1,blaZ,bleO,erm(A),erm(C),fosB,gyrA_S84L=POINT,mecA,mecI,mecR1,mepA,parC_S80F=POINT,rpoB_H481N=POINT,tet(38)","aadD1,ant(9)-Ia,blaI,blaR1,blaZ,bleO,erm(A),erm(C),fosB,gyrA_S84L=POINT,mecA,mecI,mecR1,parC_S80F=POINT,rpoB_H481N=POINT",16,"aur,hld,hlgA,hlgB,hlgC,icaC,lukD,lukE,sei,selX,sem,sen=MISTRANSLATION,seo,seu=PARTIAL,splA,splB",4.2.7,2026-03-24.1
PDT000006189.3|SAMN02595321|GCA_000174535.1|Staphylococcus aureus A8115||A8115|Generic,GCA_000174535.1,SAMN02595321,,,,,,PDT000006189.3,2010-11-18,,4,"fosB,mepA,tet(38),tet(K)","fosB,tet(38),tet(K)",21,"aur,hld,hlgA,hlgB,hlgC,icaC,lukD,lukE,sak,scn,sed=PARTIAL,sei,sej,selX,sem,sen=MISTRANSLATION,seo,ser,seu=PARTIAL,splA,splB",4.2.5,2025-12-03.1
PDT000006190.3|SAMN02595322|GCA_000174555.1|Staphylococcus aureus A9299||A9299|Generic,GCA_000174555.1,SAMN02595322,,,,,,PDT000006190.3,2010-11-18,,6,"fexA,fexA_A37V=POINT,fexA_G33A=POINT,fosB,mepA,tet(38)","fexA,fexA_A37V=POINT,fexA_G33A=POINT,fosB,tet(38)",19,"aur,hld,hlgA,hlgB,hlgC,icaC,lukD,lukE,sak,scn,sei,selX,sem,sen=MISTRANSLATION,seo,sep,seu=PARTIAL,splA,splB",4.2.5,2025-12-03.1
PDT000006191.3|SAMN02595323|GCA_000174575.1|Staphylococcus aureus A9635||A9635|Generic,GCA_000174575.1,SAMN02595323,,,,,,PDT000006191.3,2010-11-18,,8,"blaI,blaR1,blaZ,glpT_A100V=POINT,mepA,murA_E291D=POINT,murA_T396N=POINT,tet(38)","blaI,blaR1,blaZ,glpT_A100V=POINT,murA_E291D=POINT,murA_T396N=POINT",14,"aur,hld,hlgA,hlgB,hlgC,icaC,sak,scn,sei,sel26,sem,sen=MISTRANSLATION,seo,seu",4.2.7,2026-03-24.1
PDT000006192.3|SAMN02595324|GCA_000174595.1|Staphylococcus aureus A9719||A9719|Generic,GCA_000174595.1,SAMN02595324,,,,,,PDT000006192.3,2010-11-18,,21,"aadD1,ant(6)-Ia=MISTRANSLATION,ant(9)-Ia,blaI,blaR1,blaZ,bleO,erm(A),erm(C),fosB,gyrA_S84L=POINT,mecA,mecI,mecR1,mepA,mph(C),msr(A),parC_E84G=POINT,parC_S80Y=POINT,sat4,tet(38)","aadD1,ant(6)-Ia=MISTRANSLATION,ant(9)-Ia,blaI,blaR1,blaZ,bleO,erm(A),erm(C),fosB,gyrA_S84L=POINT,mecA,mecI,mecR1,mph(C),msr(A),parC_E84G=POINT,parC_S80Y=POINT,sat4,tet(38)",17,"aur,hld,hlgA,hlgB,hlgC,icaC,lukE,sak,scn,sei,selX,sem,sen=MISTRANSLATION,seo,seu=PARTIAL,splA,splB",4.2.5,2025-12-03.1
PDT000006193.3|SAMN02595325|GCA_000174615.1|Staphylococcus aureus A9763||A9763|Generic,GCA_000174615.1,SAMN02595325,,,,,,PDT000006193.3,2010-11-18,,12,"aadD1,ant(9)-Ia,bleO,erm(A),fosB,gyrA_S84L=POINT,mecA,mecI,mecR1,mepA,parC_S80F=POINT,tet(38)","aadD1,ant(9)-Ia,bleO,erm(A),fosB,gyrA_S84L=POINT,mecA,mecI,mecR1,parC_S80F=POINT,tet(38)",19,"aur,hld,hlgA,hlgB,hlgC,icaC,lukD,lukE,sak,scn,sei,selX,sem,sen=MISTRANSLATION,seo,sep,seu=PARTIAL,splA,splB",4.2.5,2025-12-03.1
PDT000006194.3|SAMN02595326|GCA_000174635.1|Staphylococcus aureus A9781||A9781|Generic,GCA_000174635.1,SAMN02595326,,,,,,PDT000006194.3,2010-11-18,,16,"aadD1,ant(9)-Ia,blaI,blaR1,blaZ,bleO,erm(A),fosB,gyrA_S84L=POINT,mecA,mecI,mecR1,mepA,parC_E84G=POINT,parC_S80Y=POINT,tet(38)","aadD1,ant(9)-Ia,blaI,blaR1,blaZ,bleO,erm(A),fosB,gyrA_S84L=POINT,mecA,mecI,mecR1,parC_E84G=POINT,parC_S80Y=POINT,tet(38)",20,"aur,hld,hlgA,hlgB,hlgC,icaC,lukE,sak,scn,sed,sei,sej,selX,sem,sen=MISTRANSLATION,seo,ser,seu=PARTIAL,splA,splB",4.2.5,2025-12-03.1
PDT000006207.3|SAMN02471370|GCA_000174955.1|Staphylococcus aureus subsp. aureus 132||132|Generic,GCA_000174955.1,SAMN02471370,,,,,,PDT000006207.3,2010-11-18,,11,"aadD1,bleO,fosB,gyrA_S84L=POINT,mecA,mecR1=PARTIAL,mepA,murA_G257D=POINT,parC_E84K=POINT,parC_S80Y=POINT,tet(38)","aadD1,bleO,fosB,gyrA_S84L=POINT,mecA,mecR1=PARTIAL,murA_G257D=POINT,parC_E84K=POINT,parC_S80Y=POINT",16,"aur,hld,hlgA,hlgB,hlgC,icaC,lukD,lukE,sak,scn,sea,sel26,selX,splA,splB,splE",4.2.7,2026-03-24.1
PDT000006225.3|SAMN02595336|GCA_000175475.1|Staphylococcus aureus A9765||A9765|Generic,GCA_000175475.1,SAMN02595336,,,,,,PDT000006225.3,2010-11-18,,20,"aac(6')-Ie/aph(2'')-Ia,blaI,blaR1,blaZ=PARTIAL_END_OF_CONTIG,dfrS1,erm(C),folP_E208K=POINT,folP_F17L=POINT,fosB,gyrA_S84L=POINT,mecA,mecR1=PARTIAL,mepA,mprF_S295L=POINT,murA_G257D=POINT,parC_S80F=POINT,rpoB_D471G=POINT,rpoB_R484H=POINT,tet(38),tet(M)","aac(6')-Ie/aph(2'')-Ia,blaI,blaR1,blaZ=PARTIAL_END_OF_CONTIG,dfrS1,erm(C),folP_E208K=POINT,folP_F17L=POINT,fosB,gyrA_S84L=POINT,mecA,mecR1=PARTIAL,mprF_S295L=POINT,murA_G257D=POINT,parC_S80F=POINT,rpoB_D471G=POINT,rpoB_R484H=POINT,tet(38),tet(M)",19,"aur,hld,hlgA,hlgB,hlgC,icaC,lukD,lukE,sak,scn,sea,seb,sek,sel26,selX,seq,splA,splB,splE",4.2.5,2025-12-03.1
PDT000006226.3|SAMN02595337|GCA_000175495.1|Staphylococcus aureus A10102||A10102|Generic,GCA_000175495.1,SAMN02595337,,,,,,PDT000006226.3,2010-11-18,,12,"aadD1,ant(9)-Ia,bleO,erm(A),fosB,gyrA_S84L=POINT,mecA,mecI,mecR1,mepA,parC_S80F=POINT,tet(38)","aadD1,ant(9)-Ia,bleO,erm(A),fosB,gyrA_S84L=POINT,mecA,mecI,mecR1,parC_S80F=POINT,tet(38)",19,"aur,hld,hlgA,hlgB,hlgC,icaC,lukD,lukE,sak,scn=PARTIAL,sei,selX,sem,sen=MISTRANSLATION,seo,sep=PARTIAL,seu=PARTIAL,splA,splB",4.2.5,2025-12-03.1
PDT000006244.3|SAMN02595361|GCA_000175955.1|Staphylococcus aureus A8117||A8117|Generic,GCA_000175955.1,SAMN02595361,,,,,,PDT000006244.3,2010-11-18,,4,"fosB,mepA,tet(38),tet(M)","fosB,tet(M)",20,"aur,hlgA,hlgB,hlgC,icaC,lukD,lukE,sak,sasG=PARTIAL_END_OF_CONTIG,sed=PARTIAL,sei,sej,selX,sem,sen=MISTRANSLATION,seo,ser,seu=PARTIAL,splA,splB",4.2.7,2026-03-24.1
PDT000006254.3|SAMN02471722|GCA_000176195.1|Staphylococcus aureus subsp. aureus MR1||MR1|Generic,GCA_000176195.1,SAMN02471722,1992,Poland,Homo sapiens,,,PDT000006254.3,2010-11-18,,11,"aadD1,blaI,blaPC1,blaR1,bleO,fosB,mecA,mecR1=PARTIAL,mepA,tet(38),tet(K)","aadD1,blaI,blaPC1,blaR1,bleO,fosB,mecA,mecR1=PARTIAL,tet(K)",17,"aur,hld,hlgA=PARTIAL_END_OF_CONTIG,hlgC,icaC,lukE=PARTIAL_END_OF_CONTIG,sak,scn,sea,sei,selX,sem,sen=MISTRANSLATION,seo,seu=PARTIAL,splA,splB=PARTIAL_END_OF_CONTIG",4.2.7,2026-03-24.1
PDT000006303.3|SAMN02595392|GCA_000177995.1|Staphylococcus aureus A9754||A9754|Generic,GCA_000177995.1,SAMN02595392,,,,,,PDT000006303.3,2010-11-18,,19,"ant(6)-Ia=MISTRANSLATION,aph(3')-IIIa,blaI,blaR1,blaZ,fosB,gyrA_S84L=POINT,mecA,mecR1=PARTIAL,mepA,mph(C),msr(A),murA_G257D=POINT,parC_S80Y=POINT,rpoB_Q468K=POINT,sat4,tet(38),tet(K),tet(M)","ant(6)-Ia=MISTRANSLATION,aph(3')-IIIa,blaI,blaR1,blaZ,fosB,gyrA_S84L=POINT,mecA,mecR1=PARTIAL,mph(C),msr(A),murA_G257D=POINT,parC_S80Y=POINT,rpoB_Q468K=POINT,sat4,tet(38),tet(K),tet(M)",19,"aur,hld,hlgA,hlgB,hlgC,icaC,lukD,lukE,lukF-PV,lukS-PV,sak,scn,sek,sel26,selX,seq,splA,splB,splE",4.2.5,2025-12-03.1
PDT000006304.3|SAMN02595393|GCA_000178015.1|Staphylococcus aureus A8796||A8796|Generic,GCA_000178015.1,SAMN02595393,,,,,,PDT000006304.3,2010-11-18,,21,"aadD1,ant(6)-Ia=MISTRANSLATION,ant(9)-Ia,aph(3')-IIIa,blaI,blaR1,blaZ,bleO,erm(A),fosB,gyrA_S84L=POINT,mecA,mecI,mecR1,mepA,mph(C),msr(A),parC_E84G=POINT,parC_S80Y=POINT,sat4,tet(38)","aadD1,ant(6)-Ia=MISTRANSLATION,ant(9)-Ia,aph(3')-IIIa,blaI,blaR1,blaZ,bleO,erm(A),fosB,gyrA_S84L=POINT,mecA,mecI,mecR1,mph(C),msr(A),parC_E84G=POINT,parC_S80Y=POINT,sat4,tet(38)",18,"aur,hld,hlgA,hlgB,hlgC,icaC,lukD,lukE,sak,scn,sei,selX,sem,sen=MISTRANSLATION,seo,seu=PARTIAL,splA,splB",4.2.5,2025-12-03.1
PDT000006305.3|SAMN02595394|GCA_000178035.1|Staphylococcus aureus A8819||A8819|Generic,GCA_000178035.1,SAMN02595394,,,,,,PDT000006305.3,2010-11-18,,17,"aadD1,ant(9)-Ia,blaI,blaR1,blaZ,bleO,erm(A),fosB,gyrA_E88K=POINT,gyrA_S84L=POINT,mecA,mecI,mecR1,mepA,parC_E84G=POINT,parC_S80Y=POINT,tet(38)","aadD1,ant(9)-Ia,blaI,blaR1,blaZ,bleO,erm(A),fosB,gyrA_E88K=POINT,gyrA_S84L=POINT,mecA,mecI,mecR1,parC_E84G=POINT,parC_S80Y=POINT,tet(38)",21,"aur,hld,hlgA,hlgB,hlgC,icaC,lukD,lukE,sak,scn,sed,sei,sej,selX,sem,sen=MISTRANSLATION,seo,ser,seu=PARTIAL,splA,splB",4.2.5,2025-12-03.1
PDT000006358.3|SAMD00036539|GCA_000180095.1|Staphylococcus aureus subsp. aureus Mu50-omega||Mu50-omega|Generic,GCA_000180095.1,SAMD00036539,,,,,,PDT000006358.3,2010-11-18,,15,"aadD1,ant(9)-Ia,bleO,erm(A),fosB,glpT_W355STOP=POINT,gyrA_S84L=POINT,mecA,mecI,mecR1,mepA,parC_S80F=POINT,rpoB_H481Y=POINT,tet(38),tet(M)","aadD1,ant(9)-Ia,bleO,erm(A),fosB,glpT_W355STOP=POINT,gyrA_S84L=POINT,mecA,mecI,mecR1,parC_S80F=POINT,rpoB_H481Y=POINT,tet(38),tet(M)",23,"aur,hld,hlgA,hlgB,hlgC,icaC,lukD,lukE,sak,sasG,scn,sea,sec3,sei,sel,selX,sem,sen=MISTRANSLATION,seo,seu=PARTIAL,splA,splB,tst",4.0.23,2025-07-16.1
PDT000006433.3|SAMN00117207|GCA_000146385.1|Staphylococcus aureus subsp. aureus ATCC BAA-39||ATCC BAA-39|MIGS Cultured Bacterial/Archaeal,GCA_000146385.1,SAMN00117207,missing,not determined,Homo sapiens,,,PDT000006433.3,2010-09-02,,21,"aac(6')-Ie/aph(2'')-Ia,ant(9)-Ia,blaI,blaPC1,blaR1,dfrB_F99Y=POINT,dfrB_H31N=POINT,erm(A),folP_E258EKE=POINT,folP_F17L=POINT,fosB,gyrA_S84A=POINT,mecA,mecI=MISTRANSLATION,mecR1,mepA,murA_G257D=POINT,parC_S80F=POINT,tet(38),tet(K),tet(M)","aac(6')-Ie/aph(2'')-Ia,ant(9)-Ia,blaI,blaPC1,blaR1,dfrB_F99Y=POINT,dfrB_H31N=POINT,erm(A),folP_E258EKE=POINT,folP_F17L=POINT,fosB,gyrA_S84A=POINT,mecA,mecI=MISTRANSLATION,mecR1,murA_G257D=POINT,parC_S80F=POINT,tet(38),tet(K),tet(M)",18,"aur,hld,hlgA,hlgB,hlgC,icaC=PARTIAL,lukD,lukE,sak,scn,sea,sek,sel26,selX,seq,splA,splB,splE",4.0.23,2025-07-16.1
PDT000006472.3|SAMN00001489|GCA_000149015.1|Staphylococcus aureus subsp. aureus TCH70||TCH70|MIGS Cultured Bacterial/Archaeal,GCA_000149015.1,SAMN00001489,missing,not determined,Homo sapiens,,,PDT000006472.3,2010-11-24,,9,"blaI,blaR1,blaZ,erm(C)=PARTIAL,mecA,mecR1=PARTIAL,mepA,tet(38),tet(C)=PARTIAL","blaI,blaR1,blaZ,erm(C)=PARTIAL,mecA,mecR1=PARTIAL,tet(C)=PARTIAL",20,"aur,hld,hlgA,hlgB,hlgC,icaC,lukD,lukE,lukF-PV,lukS-PV,sak,scn,sea,sec2,seh,sek,sel,seq,splA,splB",4.2.7,2026-03-24.1
PDT000006692.3|SAMN00001491|GCA_000153665.1|Staphylococcus aureus subsp. aureus USA300_TCH959||USA300_TCH959|MIGS Cultured Bacterial/Archaeal,GCA_000153665.1,SAMN00001491,missing,not determined,Homo sapiens,,,PDT000006692.3,2010-10-15,,7,"blaI,blaR1,blaZ,erm(C),mepA,tet(38),tet(C)=PARTIAL_END_OF_CONTIG","blaI,blaR1,blaZ,erm(C),tet(38),tet(C)=PARTIAL_END_OF_CONTIG",15,"aur,hld,hlgA,hlgB,hlgC,icaC,lukD,lukE,sak,scn,selX,sep,splA,splB,splE",4.0.23,2025-07-16.1
PDT000007409.5|SAMN02603643|GCA_000237125.3|Staphylococcus aureus subsp. aureus M013||M013|Generic,GCA_000237125.3,SAMN02603643,2002-07,Taiwan,Homo sapiens,pus/wound,,PDT000007409.5,2019-09-23,,7,"glpT_A100V=POINT,mecA,mepA,murA_E291D=POINT,murA_T396N=POINT,tet(38),tet(K)","glpT_A100V=POINT,mecA,murA_E291D=POINT,murA_T396N=POINT,tet(K)",14,"aur,hld,hlgA,hlgB,hlgC,icaC,lukF-PV,lukS-PV,scn,seb,sek,selX,seq,sey",4.2.7,2026-03-24.1
PDT000007410.3|SAMN02603393|GCA_000245495.1|Staphylococcus aureus subsp. aureus VC40||VC40|Generic,GCA_000245495.1,SAMN02603393,2002,Germany,,,,PDT000007410.3,2012-02-01,,5,"catA,erm(C)=PARTIAL,fosB,mepA,tet(38)","catA,erm(C)=PARTIAL,fosB,tet(38)",14,"aur,hld,hlgA,hlgB,hlgC,icaC,lukD,lukE,sasG=PARTIAL,sel26,selX,splA,splB,splE",4.0.23,2025-07-16.1
PDT000007550.5|SAMN02604217|GCA_000144955.2|Staphylococcus aureus subsp. aureus JKD6159||JKD6159|Generic,GCA_000144955.2,SAMN02604217,,,,,,PDT000007550.5,2022-08-19,,10,"blaI,blaR1,blaZ,glpT_A100V=POINT,mecA,mecR1=PARTIAL,mepA,murA_E291D=POINT,murA_T396N=POINT,tet(38)","blaI,blaR1,blaZ,glpT_A100V=POINT,mecA,mecR1=PARTIAL,murA_E291D=POINT,murA_T396N=POINT,tet(38)",14,"aur,hld,hlgA,hlgB,hlgC,icaC,lukE,lukF-PV,lukS-PV,sak,scn,selX,selZ,splE",4.0.23,2025-07-16.1
PDT000007551.3|SAMN02604166|GCA_000210315.1|Staphylococcus aureus subsp. aureus ED133||ED133|Generic,GCA_000210315.1,SAMN02604166,,,,,,PDT000007551.3,2011-04-26,,6,"fosB,glpT_A100V=POINT,mepA,murA_E291D=POINT,murA_T396N=POINT,tet(38)","fosB,glpT_A100V=POINT,murA_E291D=POINT,murA_T396N=POINT,tet(38)",13,"aur,hld,hlgA,hlgB,hlgC,icaC,lukE=MISTRANSLATION,sec1,sel,selX,splA=PARTIAL,splB,tst",4.0.23,2025-06-03.1
PDT000007552.3|SAMN02603619|GCA_000145595.1|Staphylococcus aureus subsp. aureus str. JKD6008||JKD6008|Generic,GCA_000145595.1,SAMN02603619,,,,,,PDT000007552.3,2010-08-13,,24,"aac(6')-Ie/aph(2'')-Ia,aadD1,ant(9)-Ia,blaI,blaPC1,blaR1,bleO,dfrB_F99Y=POINT,dfrB_L21V=POINT,dfrB_N60I=POINT,dfrS1,erm(A),folP_E258EKE=POINT,folP_F17L=POINT,fosB,gyrA_S84L=POINT,mecA,mecI,mecR1,mepA,murA_G257D=POINT,parC_S80F=POINT,tet(38),tet(M)","aac(6')-Ie/aph(2'')-Ia,aadD1,ant(9)-Ia,blaI,blaPC1,blaR1,bleO,dfrB_F99Y=POINT,dfrB_L21V=POINT,dfrB_N60I=POINT,dfrS1,erm(A),folP_E258EKE=POINT,folP_F17L=POINT,fosB,gyrA_S84L=POINT,mecA,mecI,mecR1,murA_G257D=POINT,parC_S80F=POINT,tet(M)",14,"aur,hld,hlgA,hlgB,hlgC,icaC,sak,sasG=PARTIAL,scn,sea,sek,sel26,selX,seq",4.2.7,2026-03-24.1
PDT000007553.3|SAMN00002240|GCA_000159535.2|Staphylococcus aureus subsp. aureus TCH60||MRSA_TCH60|MIGS Cultured Bacterial/Archaeal,GCA_000159535.2,SAMN00002240,missing,not determined,Homo sapiens,,,PDT000007553.3,2011-01-20,,12,"blaI,blaPC1,blaR1,fosB,glpT_A100V=POINT,glpT_V213I=POINT,mecA,mecR1=PARTIAL,mepA,murA_D278E=POINT,murA_E291D=POINT,tet(38)","blaI,blaPC1,blaR1,fosB,glpT_A100V=POINT,glpT_V213I=POINT,mecA,mecR1=PARTIAL,murA_D278E=POINT,murA_E291D=POINT,tet(38)",15,"aur,hld,hlgA,hlgB,hlgC,icaC,lukF-PV,lukS-PV,sak,scn,sei,sem,sen=MISTRANSLATION,seu,splE",4.2.7,2026-01-21.1
PDT000007554.3|SAMEA2271964|GCA_000253135.1|Staphylococcus aureus subsp. aureus ECT-R 2|||Generic,GCA_000253135.1,SAMEA2271964,2005-05-15,Sweden:Linkoping,Homo sapiens,human wound secretion,,PDT000007554.3,2012-03-16,,13,"aadD1,ant(9)-Ia,blaI,blaR1,blaZ,bleO,erm(A),fosB,gyrA_S84L=POINT,mepA,parC_S80Y=POINT,parE_P585S=POINT,tet(38)","aadD1,ant(9)-Ia,blaI,blaR1,blaZ,bleO,erm(A),fosB,gyrA_S84L=POINT,parC_S80Y=POINT,parE_P585S=POINT,tet(38)",22,"aur,hld,hlgA,hlgB,hlgC,icaC,lukD,lukE,sak,scn,sed,sei,sej,selX,sem,sen=MISTRANSLATION,seo,sep,ser,seu=PARTIAL,splA,splB",4.0.23,2025-07-16.1
PDT000007555.3|SAMN02603905|GCA_000204665.1|Staphylococcus aureus subsp. aureus T0131||T0131|Generic,GCA_000204665.1,SAMN02603905,2006,China: Tianjin,Homo sapiens,87 year-old patient,,PDT000007555.3,2011-04-19,,20,"ant(9)-Ia,blaI,blaR1,blaZ=PARTIAL,erm(A)=MISTRANSLATION,folP_E258EKE=POINT,folP_F17L=POINT,fosB,gyrA_G106D=POINT,gyrA_S84L=POINT,mecA,mecI=MISTRANSLATION,mecR1,mepA,murA_G257D=POINT,parC_S80F=POINT,rpoB_H481N=POINT,rpoB_L466S=POINT,tet(38),tet(M)","ant(9)-Ia,blaI,blaR1,blaZ=PARTIAL,erm(A)=MISTRANSLATION,folP_E258EKE=POINT,folP_F17L=POINT,fosB,gyrA_G106D=POINT,gyrA_S84L=POINT,mecA,mecI=MISTRANSLATION,mecR1,murA_G257D=POINT,parC_S80F=POINT,rpoB_H481N=POINT,rpoB_L466S=POINT,tet(M)",17,"aur,hld,hlgA,hlgB,hlgC,icaC,lukD=MISTRANSLATION,lukE,sak,scn,sea,sek,sel26,selX,seq,splA,splB",4.2.7,2026-03-24.1
PDT000007624.3|SAMN02603886|GCA_000239235.1|Staphylococcus aureus subsp. aureus 11819-97||11819-97|Generic,GCA_000239235.1,SAMN02603886,1997-06-11,Denmark,Homo sapiens,abscess on lower extremity,,PDT000007624.3,2011-12-21,,13,"ant(6)-Ia=PARTIAL,aph(3')-IIIa,blaI,blaR1,blaZ,fusB,mecA,mecR1=PARTIAL,mepA,mph(C),msr(A),sat4,tet(38)","ant(6)-Ia=PARTIAL,aph(3')-IIIa,blaI,blaR1,blaZ,fusB,mecA,mecR1=PARTIAL,mph(C),msr(A),sat4",18,"aur,ednB,hld,hlgA,hlgB,hlgC,icaC,lukD,lukE,lukF-PV,lukS-PV,sak,scn,sel26,selX,sey,splA,splB",4.2.7,2026-03-24.1
PDT000007699.3|SAMN02603419|GCA_000258685.1|Staphylococcus aureus subsp. aureus 71193||71193|Generic,GCA_000258685.1,SAMN02603419,2004-01,USA,Homo sapiens,,,PDT000007699.3,2012-04-13,,10,"blaI,blaR1=HMM,blaZ=PARTIAL,erm(T),glpT_A100V=POINT,glpT_F3I=POINT,mepA,murA_D278E=POINT,murA_E291D=POINT,tet(38)","blaI,blaR1=HMM,blaZ=PARTIAL,erm(T),glpT_A100V=POINT,glpT_F3I=POINT,murA_D278E=POINT,murA_E291D=POINT,tet(38)",8,"aur,hld,hlgA,hlgB,hlgC,icaC,scn,sel26",4.0.23,2025-06-03.1
PDT000007733.3|SAMEA2272282|GCA_000027045.1|Staphylococcus aureus subsp. aureus TW20||TW20|Generic,GCA_000027045.1,SAMEA2272282,,United Kingdom:London,,,,PDT000007733.3,2010-05-12,,24,"aac(6')-Ie/aph(2'')-Ia,ant(6)-Ia=PARTIAL,ant(9)-Ia,aph(3')-IIIa,blaI,blaR1,blaZ,dfrG,erm(A),folP_E258EKE=POINT,folP_F17L=POINT,fosB,gyrA_S84L=POINT,ileS_V588F=POINT,mecA,mecI=MISTRANSLATION,mecR1,mepA,murA_G257D=POINT,parC_S80F=POINT,sat4=PARTIAL,tet(38),tet(K),tet(M)","aac(6')-Ie/aph(2'')-Ia,ant(6)-Ia=PARTIAL,ant(9)-Ia,aph(3')-IIIa,blaI,blaR1,blaZ,dfrG,erm(A),folP_E258EKE=POINT,folP_F17L=POINT,fosB,gyrA_S84L=POINT,ileS_V588F=POINT,mecA,mecI=MISTRANSLATION,mecR1,murA_G257D=POINT,parC_S80F=POINT,sat4=PARTIAL,tet(38),tet(K),tet(M)",19,"aur,hld,hlgA,hlgB,hlgC,icaC=PARTIAL,lukD,lukE,sak,sasG=PARTIAL,scn,sea,sek,sel26,selX,seq,splA,splB,splE",4.2.7,2026-01-21.1
PDT000007737.3|SAMN02603764|GCA_000025145.2|Staphylococcus aureus 04-02981||04-02981|Generic,GCA_000025145.2,SAMN02603764,,,,,,PDT000007737.3,2011-03-24,,13,"aadD1,ant(9)-Ia,bleO,erm(A),fosB,gyrA_S84L=POINT,mecA,mecI,mecR1,mepA,parC_S80F=POINT,parE_P585S=POINT,tet(38)","aadD1,ant(9)-Ia,bleO,erm(A),fosB,gyrA_S84L=POINT,mecA,mecI,mecR1,parC_S80F=POINT,parE_P585S=POINT",20,"aur,hld,hlgA,hlgB,hlgC,icaC,lukD,lukE,sak,sasG=PARTIAL,scn,sei,selX,sem,sen=MISTRANSLATION,seo,sep,seu=PARTIAL,splA,splB",4.2.7,2026-03-24.1
PDT000007743.3|SAMEA2272644|GCA_000009585.1|Staphylococcus aureus subsp. aureus ST398||type strain:ST398|Generic,GCA_000009585.1,SAMEA2272644,,,,,,PDT000007743.3,2012-04-18,,15,"blaI,blaR1=HMM,blaZ,glpT_A100V=POINT,glpT_F3I=POINT,gyrA_S84L=POINT,mecA,mepA,murA_D278E=POINT,murA_E291D=POINT,parC_S80F=POINT,str,tet(38),tet(K),tet(M)","blaI,blaR1=HMM,blaZ,glpT_A100V=POINT,glpT_F3I=POINT,gyrA_S84L=POINT,mecA,murA_D278E=POINT,murA_E291D=POINT,parC_S80F=POINT,str,tet(38),tet(K),tet(M)",8,"aur,cna,hld,hlgA,hlgB,hlgC,icaC,sel26",4.0.23,2025-06-03.1
PDT000007747.3|SAMEA2272771|GCA_000237265.1|Staphylococcus aureus subsp. aureus LGA251||LGA251|Generic,GCA_000237265.1,SAMEA2272771,,,,,,PDT000007747.3,2011-12-12,,11,"blaR1=HMM,blaZ,fosB,glpT_A100V=POINT,mecC,mecI,mepA,mprF_P314L=POINT,murA_E291D=POINT,murA_T396N=POINT,tet(38)","blaR1=HMM,blaZ,fosB,glpT_A100V=POINT,mecC,mecI,mprF_P314L=POINT,murA_E291D=POINT,murA_T396N=POINT,tet(38)",12,"aur,hld,hlgA,hlgB,hlgC,icaC,lukE,sel26,selX,splA,splB,splE",4.0.23,2025-06-03.1
PDT000008025.3|SAMEA2272552|GCA_000284535.1|Staphylococcus aureus subsp. aureus HO 5096 0412||HO 5096 0412|Generic,GCA_000284535.1,SAMEA2272552,,,,,,PDT000008025.3,2012-08-07,,11,"23S_C2220T=POINT,blaI,blaR1=HMM,blaZ,dfrB_A135T=POINT,gyrA_S84L=POINT,mecA,mecR1=PARTIAL,mepA,parC_S80F=POINT,tet(38)","23S_C2220T=POINT,blaI,blaR1=HMM,blaZ,dfrB_A135T=POINT,gyrA_S84L=POINT,mecA,mecR1=PARTIAL,parC_S80F=POINT,tet(38)",14,"aur,hld,hlgA,hlgB,hlgC,icaC,sak,scn,sei,sel26,sem,sen=MISTRANSLATION,seo,seu",4.0.23,2025-07-16.1
PDT000008136.3|SAMN02603722|GCA_000296595.1|Staphylococcus aureus 08BA02176||08BA02176|Generic,GCA_000296595.1,SAMN02603722,2008-01-15,Canada,Homo sapiens,soft tissue infection of skin,,PDT000008136.3,2012-09-14,,12,"blaI,blaR1=HMM,blaZ,glpT_A100V=POINT,glpT_F3I=POINT,mecA,mepA,murA_D278E=POINT,murA_E291D=POINT,tet(38),tet(M),vga(A)","blaI,blaR1=HMM,blaZ,glpT_A100V=POINT,glpT_F3I=POINT,mecA,murA_D278E=POINT,murA_E291D=POINT,tet(M),vga(A)",7,"aur,hld,hlgA,hlgB,hlgC,icaC,sel26",4.2.7,2026-03-24.1
PDT000008305.3|SAMEA2272597|GCA_000236925.1|Staphylococcus argenteus||MSHR1132|Generic,GCA_000236925.1,SAMEA2272597,,,,,,PDT000008305.3,2011-12-06,,8,"blaI,blaR1,blaZ,fosB,mecA,mecR1=PARTIAL,mepA,tet(38)","blaI,blaR1,blaZ,fosB,mecA,mecR1=PARTIAL,tet(38)",8,"aur,hld,icaC,sak,scn,sei,sem,seu",4.2.5,2025-12-03.1
PDT000008437.3|SAMN02393771|GCA_000193835.2|Staphylococcus aureus subsp. aureus CGS00||CGS00|Generic,GCA_000193835.2,SAMN02393771,,,,,,PDT000008437.3,2012-01-29,,12,"ant(9)-Ia,blaI,blaPC1,blaR1,erm(A),fosB,glpT_A100V=POINT,glpT_V213I=POINT,mepA,murA_D278E=POINT,murA_E291D=POINT,tet(38)","ant(9)-Ia,blaI,blaPC1,blaR1,erm(A),fosB,glpT_A100V=POINT,glpT_V213I=POINT,murA_D278E=POINT,murA_E291D=POINT,tet(38)",12,"aur,hld,hlgA,hlgB,hlgC,icaC,sei,sem,sen=MISTRANSLATION,seu,splE,tst",4.0.23,2025-07-16.1
PDT000008438.3|SAMN02393769|GCA_000193855.2|Staphylococcus aureus subsp. aureus CGS01||CGS01|Generic,GCA_000193855.2,SAMN02393769,,,,,,PDT000008438.3,2012-01-29,,14,"ant(6)-Ia=MISTRANSLATION,aph(3')-IIIa,blaI,blaR1,blaZ,fosB,mecA,mecR1=PARTIAL,mepA,mph(C),msr(A),murA_G257D=POINT,sat4,tet(38)","ant(6)-Ia=MISTRANSLATION,aph(3')-IIIa,blaI,blaR1,blaZ,fosB,mecA,mecR1=PARTIAL,mph(C),msr(A),murA_G257D=POINT,sat4,tet(38)",19,"aur,hld,hlgA,hlgB,hlgC,icaC,lukD,lukE,lukF-PV,lukS-PV,sak,scn,sek,sel26,selX,seq,splA,splB,splE",4.0.23,2025-07-16.1
PDT000008439.3|SAMN02393770|GCA_000193875.2|Staphylococcus aureus subsp. aureus CGS03||CGS03|Generic,GCA_000193875.2,SAMN02393770,,,,,,PDT000008439.3,2012-01-29,,11,"ant(9)-Ia,erm(A),fosB,gyrA_S84L=POINT,mecA,mecI,mecR1,mepA,parC_E84G=POINT,parC_S80Y=POINT,tet(38)","ant(9)-Ia,erm(A),fosB,gyrA_S84L=POINT,mecA,mecI,mecR1,parC_E84G=POINT,parC_S80Y=POINT,tet(38)",18,"aur,hld,hlgA,hlgB,hlgC=PARTIAL_END_OF_CONTIG,icaC,lukD,lukE,sak,scn,sei,selX,sem,sen=MISTRANSLATION,seo,seu=PARTIAL,splA,splB",4.0.23,2025-07-16.1
PDT000008580.3|SAMN00189157|GCA_000187165.1|Staphylococcus aureus subsp. aureus MRSA177||MRSA177|MIGS Cultured Bacterial/Archaeal,GCA_000187165.1,SAMN00189157,missing,not determined,Homo sapiens,,,PDT000008580.3,2011-02-07,,10,"blaI,blaR1,blaZ,fosB,mecA,mecR1=PARTIAL,mepA,murA_G257D=POINT,tet(38),tet(K)","blaI,blaR1,blaZ,fosB,mecA,mecR1=PARTIAL,murA_G257D=POINT,tet(38),tet(K)",19,"aur,hld,hlgA,hlgB,hlgC,icaC,lukD,lukE,lukF-PV,lukS-PV,sak,scn,sek,sel26,selX,seq=PARTIAL,splA,splB,splE",4.2.7,2026-01-21.1
PDT000008581.3|SAMN00189156|GCA_000187145.1|Staphylococcus aureus subsp. aureus MRSA131||MRSA131|MIGS Cultured Bacterial/Archaeal,GCA_000187145.1,SAMN00189156,missing,not determined,Homo sapiens,soft tissue infection of skin,,PDT000008581.3,2011-02-07,,12,"blaI,blaR1,blaZ,fosB,lnu(A),mecA,mecR1=PARTIAL,mepA,mph(C),msr(A),murA_G257D=POINT,tet(38)","blaI,blaR1,blaZ,fosB,lnu(A),mecA,mecR1=PARTIAL,mph(C),msr(A),murA_G257D=POINT,tet(38)",19,"aur,hld,hlgA,hlgB,hlgC,icaC,lukD,lukE,lukF-PV,lukS-PV,sak,scn,sed,sej,sek,sel26,selX,seq,ser",4.2.7,2026-01-21.1
PDT000008690.4|SAMN02469934|GCA_000189455.3|Staphylococcus aureus O46||O46|Generic,GCA_000189455.3,SAMN02469934,,,,,,PDT000008690.4,2017-12-20,,5,"glpT_A100V=POINT,mepA,murA_E291D=POINT,murA_T396N=POINT,tet(38)","glpT_A100V=POINT,murA_E291D=POINT,murA_T396N=POINT",11,"aur,ednB,hld,hlgA,hlgB=PARTIAL,hlgC,icaC,lukE,selX,splA,splB",4.2.7,2026-03-24.1
PDT000008776.3|SAMN02436549|GCA_000205345.2|Staphylococcus aureus subsp. aureus 21189||21189|Generic,GCA_000205345.2,SAMN02436549,,,,,,PDT000008776.3,2012-01-29,,3,"fosB,mepA,tet(38)","fosB,tet(38)",15,"aur,hld,hlgA,hlgB,hlgC,icaC,lukD,lukE,sak,scn,sel26,selX,splA,splB,splE",4.0.23,2025-07-16.1
PDT000008777.3|SAMN02436469|GCA_000205365.2|Staphylococcus aureus subsp. aureus 21172||21172|Generic,GCA_000205365.2,SAMN02436469,,,,,,PDT000008777.3,2012-01-29,,12,"ant(9)-Ia,blaI,blaR1,blaZ,erm(A),fosB,gyrA_S84L=POINT,mepA,parC_E84G=POINT,parC_S80Y=POINT,rpoB_H481D=POINT,tet(38)","ant(9)-Ia,blaI,blaR1,blaZ,erm(A),fosB,gyrA_S84L=POINT,parC_E84G=POINT,parC_S80Y=POINT,rpoB_H481D=POINT,tet(38)",21,"aur,hld,hlgA,hlgB,hlgC,icaC,lukD,lukE,sak,scn,sed,sei,sej,selX,sem,sen=MISTRANSLATION,seo,ser,seu=PARTIAL,splA,splB",4.0.23,2025-07-16.1
PDT000008778.3|SAMN02436550|GCA_000205385.2|Staphylococcus aureus subsp. aureus 21193||21193|Generic,GCA_000205385.2,SAMN02436550,,,,,,PDT000008778.3,2012-01-29,,7,"blaI,blaPC1,blaR1,fosB,glpT_A100V=POINT,mepA,tet(38)","blaI,blaPC1,blaR1,fosB,glpT_A100V=POINT,tet(38)",20,"aur,ednB,hld,hlgA,hlgB,hlgC,icaC,lukD,lukE,seb,sei,sel26,selX,sem,sen=MISTRANSLATION,seo,seu,splA,splB,splE=PARTIAL",4.0.23,2025-07-16.1
PDT000008818.3|SAMN00116885|GCA_000215405.2|Staphylococcus aureus subsp. aureus 21305||21305|Generic,GCA_000215405.2,SAMN00116885,,,,,,PDT000008818.3,2012-01-29,,11,"blaI,blaR1,blaZ,dfrG,folP_A184V=POINT,folP_F17L=POINT,fosB,glpT_A100V=POINT,mepA,tet(38),tet(K)=PARTIAL","blaI,blaR1,blaZ,dfrG,folP_A184V=POINT,folP_F17L=POINT,fosB,glpT_A100V=POINT,tet(38),tet(K)=PARTIAL",25,"aur,ednB,hld,hlgA,hlgB=PARTIAL,hlgC,icaC,lukD,lukE,lukF-PV,lukS-PV,sak,scn,sec2,sei,sel,sel26,selX,sem,sen=MISTRANSLATION,seo,seu,splA,splB,splE",4.0.23,2025-07-16.1
PDT000008819.3|SAMN00116888|GCA_000215425.2|Staphylococcus aureus subsp. aureus 21310||21310|Generic,GCA_000215425.2,SAMN00116888,,,,,,PDT000008819.3,2012-01-29,,8,"aac(6')-Ie/aph(2'')-Ia,blaI,blaR1=HMM,blaZ,dfrB_A135T=POINT,dfrS1,mepA,tet(38)","aac(6')-Ie/aph(2'')-Ia,blaI,blaR1=HMM,blaZ,dfrB_A135T=POINT,dfrS1,tet(38)",17,"aur,cna,hld,hlgA,hlgB,hlgC,icaC,lukF-PV,lukS-PV,sak=PARTIAL_END_OF_CONTIG,scn,sei,sel26,sem,sen=MISTRANSLATION,seo,seu",4.0.23,2025-07-16.1
PDT000008864.3|SAMN02436337|GCA_000221845.2|Staphylococcus aureus subsp. aureus 21195||21195|Generic,GCA_000221845.2,SAMN02436337,,,,,,PDT000008864.3,2012-01-29,,7,"fosB,glpT_A100V=POINT,glpT_V213I=POINT,mepA,murA_D278E=POINT,murA_E291D=POINT,tet(38)","fosB,glpT_A100V=POINT,glpT_V213I=POINT,murA_D278E=POINT,murA_E291D=POINT,tet(38)",16,"aur,cna,hld,hlgA,hlgB,hlgC,icaC,lukF-PV,lukS-PV,sak,scn,sei,sem,sen=MISTRANSLATION,seu,splE",4.0.23,2025-07-16.1
PDT000008865.3|SAMN02436338|GCA_000221825.2|Staphylococcus aureus subsp. aureus 21200||21200|Generic,GCA_000221825.2,SAMN02436338,,,,,,PDT000008865.3,2012-01-29,,8,"blaI,blaR1,blaZ,glpT_A100V=POINT,mepA,murA_E291D=POINT,murA_T396N=POINT,tet(38)","blaI,blaR1,blaZ,glpT_A100V=POINT,murA_E291D=POINT,murA_T396N=POINT,tet(38)",17,"aur,hld,hlgA,hlgB,hlgC,icaC,sec2,sed,sei,sej,sel,sel26,sem,sen=MISTRANSLATION,seo,ser,seu",4.0.23,2025-07-16.1
PDT000008866.3|SAMN00116864|GCA_000221805.2|Staphylococcus aureus subsp. aureus 21201||21201|Generic,GCA_000221805.2,SAMN00116864,,,,,,PDT000008866.3,2012-01-29,,6,"blaI,blaR1,blaZ,fosB,mepA,tet(38)","blaI,blaR1,blaZ,fosB,tet(38)",20,"aur,hld,hlgA,hlgB,hlgC,icaC,lukE,sak,scn,sed,sei,sej,selX,sem,sen=MISTRANSLATION,seo,ser,seu=PARTIAL,splA,splB",4.0.23,2025-07-16.1
PDT000008867.3|SAMN00116863|GCA_000221725.2|Staphylococcus aureus subsp. aureus 21235||21235|Generic,GCA_000221725.2,SAMN00116863,,,,,,PDT000008867.3,2012-01-29,,5,"glpT_A100V=POINT,mepA=PARTIAL,murA_E291D=POINT,murA_T396N=POINT,tet(38)","glpT_A100V=POINT,murA_E291D=POINT,murA_T396N=POINT,tet(38)",17,"aur,hld,hlgA,hlgB,hlgC,icaC,lukE,sak,scn,sek,sel26,selX,selZ,seq,splA,splB,tst",4.0.23,2025-07-16.1
PDT000009031.3|SAMN02436364|GCA_000239635.2|Staphylococcus aureus subsp. aureus 21178||21178|Generic,GCA_000239635.2,SAMN02436364,,,,,,PDT000009031.3,2012-01-29,,21,"aac(6')-Ie/aph(2'')-Ia,ant(6)-Ia=PARTIAL,ant(9)-Ia=MISTRANSLATION,aph(3')-IIIa,blaI,blaPC1,blaR1,catA,dfrG,erm(A),folP_E258EKE=POINT,folP_F17L=POINT,fosB,fusA_L461S=POINT,gyrA_S84L=POINT,mepA,murA_G257D=POINT,parC_S80F=POINT,sat4=PARTIAL,tet(38),tet(M)","aac(6')-Ie/aph(2'')-Ia,ant(6)-Ia=PARTIAL,ant(9)-Ia=MISTRANSLATION,aph(3')-IIIa,blaI,blaPC1,blaR1,catA,dfrG,erm(A),folP_E258EKE=POINT,folP_F17L=POINT,fosB,fusA_L461S=POINT,gyrA_S84L=POINT,murA_G257D=POINT,parC_S80F=POINT,sat4=PARTIAL,tet(38),tet(M)",13,"aur,hld,hlgA,hlgB,hlgC,icaC=PARTIAL,lukD,lukE,sel26,selX,splA,splB,splE",4.0.23,2025-07-16.1
PDT000009032.3|SAMN00116869|GCA_000239655.2|Staphylococcus aureus subsp. aureus 21202||21202|Generic,GCA_000239655.2,SAMN00116869,,,,,,PDT000009032.3,2012-01-29,,5,"glpT_A100V=POINT,mepA,murA_E291D=POINT,murA_T396N=POINT,tet(38)","glpT_A100V=POINT,murA_E291D=POINT,murA_T396N=POINT,tet(38)",20,"aur,hld,hlgA,hlgB,hlgC,icaC,lukE,sak,scn,sea,sec3,see,sek,sel,sel26,selZ,seq,splA,splE,tst",4.0.23,2025-07-16.1
PDT000009033.3|SAMN00116848|GCA_000239675.2|Staphylococcus aureus subsp. aureus 21209||21209|Generic,GCA_000239675.2,SAMN00116848,,,,,,PDT000009033.3,2012-01-29,,20,"23S_G2604T=POINT,aac(6')-Ie/aph(2'')-Ia,aadD1,blaI,blaR1,blaZ=PARTIAL_END_OF_CONTIG,bleO,dfrS1,folP_E208K=POINT,folP_F17L=POINT,fosB,gyrA_S84L=POINT,mecA,mecR1=PARTIAL,mepA,murA_G257D=POINT,parC_S80F=POINT,rpoB_S529L=POINT,tet(38),tet(M)","23S_G2604T=POINT,aac(6')-Ie/aph(2'')-Ia,aadD1,blaI,blaR1,blaZ=PARTIAL_END_OF_CONTIG,bleO,dfrS1,folP_E208K=POINT,folP_F17L=POINT,fosB,gyrA_S84L=POINT,mecA,mecR1=PARTIAL,murA_G257D=POINT,parC_S80F=POINT,rpoB_S529L=POINT,tet(38),tet(M)",19,"aur,hld,hlgA,hlgB,hlgC,icaC,lukD,lukE,sak,scn,sea,seb,sek,sel26,selX,seq,splA,splB,splE",4.0.23,2025-07-16.1
PDT000009040.3|SAMN00116844|GCA_000239555.2|Staphylococcus aureus subsp. aureus 21331||21331|Generic,GCA_000239555.2,SAMN00116844,,,,,,PDT000009040.3,2012-01-29,,7,"erm(T),glpT_A100V=POINT,glpT_F3I=POINT,mepA,murA_D278E=POINT,murA_E291D=POINT,tet(38)","erm(T),glpT_A100V=POINT,glpT_F3I=POINT,murA_D278E=POINT,murA_E291D=POINT,tet(38)",8,"aur,hld,hlgA,hlgB,hlgC,icaC,scn,sel26",4.0.23,2025-07-16.1
PDT000009041.3|SAMN00116845|GCA_000239575.2|Staphylococcus aureus subsp. aureus 21334||21334|Generic,GCA_000239575.2,SAMN00116845,,,,,,PDT000009041.3,2012-01-29,,8,"ant(9)-Ia=PARTIAL,blaI,blaR1=HMM,blaZ,erm(A),fosB,mepA,tet(38)","ant(9)-Ia=PARTIAL,blaI,blaR1=HMM,blaZ,erm(A),fosB,tet(38)",18,"aur,eta,hld,hlgA,hlgB,hlgC,icaC,sak,scn,sei,sel27,sel28,selX,sem,sen=MISTRANSLATION,seo,seu,sey",4.0.23,2025-07-16.1
PDT000009042.3|SAMN00116872|GCA_000239595.2|Staphylococcus aureus subsp. aureus 21340||21340|Generic,GCA_000239595.2,SAMN00116872,,,,,,PDT000009042.3,2012-01-29,,5,"blaI,blaR1,blaZ,mepA,tet(38)","blaI,blaR1,blaZ,tet(38)",16,"aur,cna=PARTIAL_END_OF_CONTIG,hld,hlgA,hlgB,hlgC,icaC,lukD,lukE,lukF-PV,lukS-PV,sak,scn,splA,splB,splE",4.0.23,2025-07-16.1
PDT000009043.3|SAMN00116881|GCA_000239615.2|Staphylococcus aureus subsp. aureus 21232||21232|Generic,GCA_000239615.2,SAMN00116881,,,,,,PDT000009043.3,2012-01-29,,7,"blaI,blaR1,blaZ,fosB,mepA,murA_G257D=POINT,tet(38)","blaI,blaR1,blaZ,fosB,murA_G257D=POINT,tet(38)",18,"aur,hld,hlgA,hlgB,hlgC,icaC,lukD,lukE,sak,scn,sek,sel26,selX,seq,splA,splB,splE,tst",4.0.23,2025-07-16.1
PDT000009044.3|SAMN00138234|GCA_000260315.1|Staphylococcus aureus subsp. aureus VCU006||VCU006|Generic,GCA_000260315.1,SAMN00138234,,,,,,PDT000009044.3,2012-04-30,,6,"blaI,blaR1,blaZ=PARTIAL,fosB,mepA,tet(38)","blaI,blaR1,blaZ=PARTIAL,fosB,tet(38)",12,"aur,hld,hlgA,hlgB,hlgC,icaC,lukD,lukE,scn,splA,splB,splE",4.0.23,2025-07-16.1
PDT000009108.3|SAMN02596782|GCA_000262815.1|Staphylococcus aureus subsp. aureus VRS1||VRS1|Generic,GCA_000262815.1,SAMN02596782,,,,,,PDT000009108.3,2012-05-15,,28,"aac(6')-Ie/aph(2'')-Ia,aadD1,ant(9)-Ia,blaI,blaPC1,blaR1,bleO,dfrS1,erm(A),fosB,gyrA_S84L=POINT,ileS_V588F=POINT,mecA,mecI,mecR1,mepA,parC_S80F=POINT,parE_D432V=POINT,rpoB_H481D=POINT,rpsJ_Y58D=POINT,tet(38),vanA,vanH-A,vanR-A,vanS-A,vanX-A,vanY-A,vanZ-A","aac(6')-Ie/aph(2'')-Ia,aadD1,ant(9)-Ia,blaI,blaPC1,blaR1,bleO,dfrS1,erm(A),fosB,gyrA_S84L=POINT,ileS_V588F=POINT,mecA,mecI,mecR1,parC_S80F=POINT,parE_D432V=POINT,rpoB_H481D=POINT,rpsJ_Y58D=POINT,tet(38),vanA,vanH-A,vanR-A,vanS-A,vanX-A,vanY-A,vanZ-A",17,"aur,hld,hlgA,hlgB,hlgC=PARTIAL,icaC,lukD,lukE,sak,scn,sei,selX,sem,sen=MISTRANSLATION,seo,splA,splB",4.0.23,2025-06-03.1
PDT000009109.3|SAMN02596783|GCA_000262835.1|Staphylococcus aureus subsp. aureus VRS2||VRS2|Generic,GCA_000262835.1,SAMN02596783,,,,,,PDT000009109.3,2012-05-15,,31,"aac(6')-Ie/aph(2'')-Ia,aadD1,ant(6)-Ia=PARTIAL,ant(9)-Ia,aph(3')-IIIa,blaI,blaR1=MISTRANSLATION,blaZ,bleO,dfrS1,erm(A),erm(B),fosB,gyrA_S84L=POINT,mecA,mecI,mecR1,mepA,mph(C),msr(A),parC_S80F=POINT,sat4,tet(38),tet(K),vanA,vanH-A,vanR-A,vanS-A,vanX-A,vanY-A,vanZ-A","aac(6')-Ie/aph(2'')-Ia,aadD1,ant(6)-Ia=PARTIAL,ant(9)-Ia,aph(3')-IIIa,blaI,blaR1=MISTRANSLATION,blaZ,bleO,dfrS1,erm(A),erm(B),fosB,gyrA_S84L=POINT,mecA,mecI,mecR1,mph(C),msr(A),parC_S80F=POINT,sat4,tet(38),tet(K),vanA,vanH-A,vanR-A,vanS-A,vanX-A,vanY-A,vanZ-A",16,"aur,hld,hlgA,hlgB,hlgC,icaC,lukD,lukE,sei,selX,sem,sen=MISTRANSLATION,seo,seu=PARTIAL,splA,splB",4.0.23,2025-06-03.1
PDT000009110.3|SAMN02596784|GCA_000262855.1|Staphylococcus aureus subsp. aureus VRS3a||VRS3a|Generic,GCA_000262855.1,SAMN02596784,,,,,,PDT000009110.3,2012-05-15,,27,"aac(6')-Ie/aph(2'')-Ia,ant(6)-Ia=PARTIAL,ant(6)-Ia=PARTIAL_END_OF_CONTIG,aph(3')-IIIa,blaI,blaR1,blaZ,erm(B),fosB,gyrA_S84L=POINT,mecA,mecR1=PARTIAL,mepA,mph(C),msr(A),parC_E84K=POINT,parC_S80Y=POINT,sat4,tet(38),tet(S),vanA,vanH-A,vanR-A,vanS-A,vanX-A,vanY-A,vanZ-A","aac(6')-Ie/aph(2'')-Ia,ant(6)-Ia=PARTIAL,ant(6)-Ia=PARTIAL_END_OF_CONTIG,aph(3')-IIIa,blaI,blaR1,blaZ,erm(B),fosB,gyrA_S84L=POINT,mecA,mecR1=PARTIAL,mph(C),msr(A),parC_E84K=POINT,parC_S80Y=POINT,sat4,tet(38),tet(S),vanA,vanH-A,vanR-A,vanS-A,vanX-A,vanY-A,vanZ-A",16,"aur,hld,hlgA,hlgB,hlgC,icaC,lukD,lukE,sei,selX,sem,sen=MISTRANSLATION,seo,seu=PARTIAL,splA,splB",4.0.23,2025-06-03.1
PDT000009111.3|SAMN02596785|GCA_000262875.1|Staphylococcus aureus subsp. aureus VRS4||VRS4|Generic,GCA_000262875.1,SAMN02596785,,,,,,PDT000009111.3,2012-05-15,,23,"aadD1,ant(9)-Ia,bleO,erm(A),erm(B),erm(B)=PARTIAL,fosB,gyrA_E88K=POINT,gyrA_S84L=POINT,mecA,mecI,mecR1,mepA,parC_E84G=POINT,parC_S80Y=POINT,tet(38),vanA,vanH-A,vanR-A,vanS-A,vanX-A,vanY-A,vanZ-A","aadD1,ant(9)-Ia,bleO,erm(A),erm(B),erm(B)=PARTIAL,fosB,gyrA_E88K=POINT,gyrA_S84L=POINT,mecA,mecI,mecR1,parC_E84G=POINT,parC_S80Y=POINT,tet(38),vanA,vanH-A,vanR-A,vanS-A,vanX-A,vanY-A,vanZ-A",17,"aur,hld,hlgA,hlgB,hlgC,icaC,lukE,sak,scn,sei,selX,sem,sen=MISTRANSLATION,seo,seu=PARTIAL,splA,splB",4.0.23,2025-06-03.1
PDT000009112.3|SAMN02596786|GCA_000262895.1|Staphylococcus aureus subsp. aureus VRS5||VRS5|Generic,GCA_000262895.1,SAMN02596786,,,,,,PDT000009112.3,2012-05-15,,21,"aadD1,ant(9)-Ia,bleO,erm(A),erm(B),fosB,gyrA_S84L=POINT,mecA,mecI,mecR1,mepA,parC_E84G=POINT,parC_S80Y=POINT,tet(38),vanA,vanH-A,vanR-A,vanS-A,vanX-A,vanY-A,vanZ-A","aadD1,ant(9)-Ia,bleO,erm(A),erm(B),fosB,gyrA_S84L=POINT,mecA,mecI,mecR1,parC_E84G=POINT,parC_S80Y=POINT,tet(38),vanA,vanH-A,vanR-A,vanS-A,vanX-A,vanY-A,vanZ-A",18,"aur,hld,hlgA,hlgB,hlgC,icaC,lukD,lukE,sak,scn,sei,selX,sem,sen=MISTRANSLATION,seo,seu=PARTIAL,splA,splB",4.0.23,2025-06-03.1
PDT000009113.3|SAMN02596787|GCA_000262915.1|Staphylococcus aureus subsp. aureus VRS6||VRS6|Generic,GCA_000262915.1,SAMN02596787,,,,,,PDT000009113.3,2012-05-15,,22,"aadD1,ant(9)-Ia,bleO,erm(A),erm(C),fosB,gyrA_S84L=POINT,mecA,mecI,mecR1,mepA,parC_S80F=POINT,parE_D432V=POINT,rpsJ_Y58D=POINT,tet(38),vanA,vanH-A,vanR-A,vanS-A,vanX-A,vanY-A,vanZ-A","aadD1,ant(9)-Ia,bleO,erm(A),erm(C),fosB,gyrA_S84L=POINT,mecA,mecI,mecR1,parC_S80F=POINT,parE_D432V=POINT,rpsJ_Y58D=POINT,tet(38),vanA,vanH-A,vanR-A,vanS-A,vanX-A,vanY-A,vanZ-A",18,"aur,hld,hlgA,hlgB,hlgC,icaC,lukD,lukE,sak,sasG=PARTIAL_END_OF_CONTIG,scn,sei,selX,sem,sen=MISTRANSLATION,seo,splA,splB",4.0.23,2025-07-16.1
PDT000009114.3|SAMN02596788|GCA_000262935.1|Staphylococcus aureus subsp. aureus VRS7||VRS7|Generic,GCA_000262935.1,SAMN02596788,,,,,,PDT000009114.3,2012-05-15,,32,"aac(6')-Ie/aph(2'')-Ia,aadD1,ant(6)-Ia=PARTIAL,ant(9)-Ia,aph(3')-IIIa,blaI,blaR1=MISTRANSLATION,blaZ,bleO,dfrS1,erm(A),erm(B),fosB,gyrA_S84L=POINT,mecA,mecI,mecR1,mepA,mph(C),msr(A),parC_E84G=POINT,parC_S80Y=POINT,sat4,tet(38),tet(K),vanA,vanH-A,vanR-A,vanS-A,vanX-A,vanY-A,vanZ-A","aac(6')-Ie/aph(2'')-Ia,aadD1,ant(6)-Ia=PARTIAL,ant(9)-Ia,aph(3')-IIIa,blaI,blaR1=MISTRANSLATION,blaZ,bleO,dfrS1,erm(A),erm(B),fosB,gyrA_S84L=POINT,mecA,mecI,mecR1,mph(C),msr(A),parC_E84G=POINT,parC_S80Y=POINT,sat4,tet(38),tet(K),vanA,vanH-A,vanR-A,vanS-A,vanX-A,vanY-A,vanZ-A",19,"aur,hld,hlgA,hlgB,hlgC,icaC,lukD,lukE,sak,sasG=PARTIAL,scn,sei,selX,sem,sen=MISTRANSLATION,seo,seu=PARTIAL,splA,splB",4.0.23,2025-06-03.1
PDT000009115.3|SAMN02596789|GCA_000262955.1|Staphylococcus aureus subsp. aureus VRS8||VRS8|Generic,GCA_000262955.1,SAMN02596789,,,,,,PDT000009115.3,2012-05-15,,23,"aac(6')-Ie/aph(2'')-Ia,aadD1,ant(9)-Ia,bleO,dfrS1,erm(A),erm(C)=PARTIAL_END_OF_CONTIG,fosB,gyrA_S84L=POINT,mecA,mecI,mecR1,mepA,parC_S80F=POINT,parE_P585S=POINT,tet(38),vanA,vanH-A,vanR-A,vanS-A,vanX-A,vanY-A,vanZ-A","aac(6')-Ie/aph(2'')-Ia,aadD1,ant(9)-Ia,bleO,dfrS1,erm(A),erm(C)=PARTIAL_END_OF_CONTIG,fosB,gyrA_S84L=POINT,mecA,mecI,mecR1,parC_S80F=POINT,parE_P585S=POINT,tet(38),vanA,vanH-A,vanR-A,vanS-A,vanX-A,vanY-A,vanZ-A",16,"aur,hld,hlgA,hlgB,hlgC,icaC,lukD,lukE,sei,selX,sem,sen=MISTRANSLATION,seo,seu=PARTIAL,splA,splB",4.0.23,2025-06-03.1
PDT000009116.3|SAMN02596790|GCA_000262975.1|Staphylococcus aureus subsp. aureus VRS9||VRS9|Generic,GCA_000262975.1,SAMN02596790,,,,,,PDT000009116.3,2012-05-15,,31,"aac(6')-Ie/aph(2'')-Ia,aadD1,ant(6)-Ia=MISTRANSLATION,ant(9)-Ia,aph(3')-IIIa,blaI,blaR1,blaZ,bleO,dfrS1,erm(A),fosB,gyrA_S84L=POINT,mecA,mecI,mecR1,mepA,mph(C),msr(A),mupA,parC_E84K=POINT,parC_S80F=POINT,sat4,tet(38),vanA,vanH-A,vanR-A,vanS-A,vanX-A,vanY-A,vanZ-A","aac(6')-Ie/aph(2'')-Ia,aadD1,ant(6)-Ia=MISTRANSLATION,ant(9)-Ia,aph(3')-IIIa,blaI,blaR1,blaZ,bleO,dfrS1,erm(A),fosB,gyrA_S84L=POINT,mecA,mecI,mecR1,mph(C),msr(A),mupA,parC_E84K=POINT,parC_S80F=POINT,sat4,tet(38),vanA,vanH-A,vanR-A,vanS-A,vanX-A,vanY-A,vanZ-A",18,"aur,hld,hlgA,hlgB,hlgC,icaC,lukD,lukE,sak,scn,sei,selX,sem,sen=MISTRANSLATION,seo,seu=PARTIAL,splA,splB",4.0.23,2025-06-03.1
PDT000009117.3|SAMN02596791|GCA_000262995.2|Staphylococcus aureus subsp. aureus VRS10||VRS10|Generic,GCA_000262995.2,SAMN02596791,,,,,,PDT000009117.3,2012-11-01,,25,"aadD1,ant(9)-Ia,blaI,blaR1,blaZ,bleO,erm(A),erm(B),fosB,gyrA_S84L=POINT,mecA,mecI,mecR1,mepA,mprF_T345A=POINT,parC_S80F=POINT,parE_D432N=POINT,tet(38),vanA,vanH-A,vanR-A,vanS-A,vanX-A,vanY-A,vanZ-A","aadD1,ant(9)-Ia,blaI,blaR1,blaZ,bleO,erm(A),erm(B),fosB,gyrA_S84L=POINT,mecA,mecI,mecR1,mprF_T345A=POINT,parC_S80F=POINT,parE_D432N=POINT,tet(38),vanA,vanH-A,vanR-A,vanS-A,vanX-A,vanY-A,vanZ-A",22,"aur,hld,hlgA,hlgB,hlgC,icaC,lukD,lukE,sak,scn,sed=PARTIAL,sei,sej,selX,sem,sen=MISTRANSLATION,seo,sep,ser,seu=PARTIAL,splA,splB",4.0.23,2025-06-03.1
PDT000009118.3|SAMN02596792|GCA_000263015.1|Staphylococcus aureus subsp. aureus VRS11a||VRS11a|Generic,GCA_000263015.1,SAMN02596792,,,,,,PDT000009118.3,2012-05-15,,31,"aac(6')-E606,aac(6')-E606=PARTIAL_END_OF_CONTIG,aadD1,ant(9)-Ia,blaI,blaR1,blaZ,bleO,dfrS1,erm(A),erm(B),erm(B)=PARTIAL_END_OF_CONTIG,fosB,gyrA_E88A=POINT,gyrA_S84L=POINT,ileS_V588F=POINT,mecA,mecI,mecR1,mepA,parC_E84G=POINT,parC_S80Y=POINT,rpoB_H481N=POINT,tet(38),vanA,vanH-A,vanR-A,vanS-A,vanX-A,vanY-A,vanZ-A","aac(6')-E606,aac(6')-E606=PARTIAL_END_OF_CONTIG,aadD1,ant(9)-Ia,blaI,blaR1,blaZ,bleO,dfrS1,erm(A),erm(B),erm(B)=PARTIAL_END_OF_CONTIG,fosB,gyrA_E88A=POINT,gyrA_S84L=POINT,ileS_V588F=POINT,mecA,mecI,mecR1,parC_E84G=POINT,parC_S80Y=POINT,rpoB_H481N=POINT,tet(38),vanA,vanH-A,vanR-A,vanS-A,vanX-A,vanY-A,vanZ-A",21,"aur,hld,hlgA,hlgB,hlgC,icaC,lukD,lukE,sak,scn,sed,sei,sej,selX,sem,sen=MISTRANSLATION,seo,ser,seu=PARTIAL,splA,splB",4.0.23,2025-06-03.1
PDT000009119.3|SAMN02596793|GCA_000263035.1|Staphylococcus aureus subsp. aureus VRS11b||VRS11b|Generic,GCA_000263035.1,SAMN02596793,,,,,,PDT000009119.3,2012-05-15,,31,"aac(6')-E606,aac(6')-E606=PARTIAL_END_OF_CONTIG,aadD1,ant(9)-Ia,blaI,blaR1,blaZ,bleO,dfrS1,erm(A),erm(B),erm(B)=PARTIAL_END_OF_CONTIG,fosB,gyrA_E88A=POINT,gyrA_S84L=POINT,ileS_V588F=POINT,mecA,mecI,mecR1,mepA,parC_E84G=POINT,parC_S80Y=POINT,rpoB_H481N=POINT,tet(38),vanA,vanH-A,vanR-A,vanS-A,vanX-A,vanY-A,vanZ-A","aac(6')-E606,aac(6')-E606=PARTIAL_END_OF_CONTIG,aadD1,ant(9)-Ia,blaI,blaR1,blaZ,bleO,dfrS1,erm(A),erm(B),erm(B)=PARTIAL_END_OF_CONTIG,fosB,gyrA_E88A=POINT,gyrA_S84L=POINT,ileS_V588F=POINT,mecA,mecI,mecR1,parC_E84G=POINT,parC_S80Y=POINT,rpoB_H481N=POINT,tet(38),vanA,vanH-A,vanR-A,vanS-A,vanX-A,vanY-A,vanZ-A",21,"aur,hld,hlgA,hlgB,hlgC,icaC,lukD,lukE,sak,scn,sed,sei,sej,selX,sem,sen=MISTRANSLATION,seo,ser,seu=PARTIAL,splA,splB",4.0.23,2025-06-03.1
PDT000009194.3|SAMN00116884|GCA_000242475.2|Staphylococcus aureus subsp. aureus 21252||21252|Generic,GCA_000242475.2,SAMN00116884,,,,,,PDT000009194.3,2012-01-29,,13,"ant(6)-Ia,aph(3')-IIIa,erm(C),folP_T51M=POINT,fusA_L461K=POINT,glpT_A100V=POINT,mepA,murA_E291D=POINT,murA_T396N=POINT,sat4=PARTIAL,tet(38),tet(M),vga(A)","ant(6)-Ia,aph(3')-IIIa,erm(C),folP_T51M=POINT,fusA_L461K=POINT,glpT_A100V=POINT,murA_E291D=POINT,murA_T396N=POINT,sat4=PARTIAL,tet(38),tet(M),vga(A)",12,"aur,hld,hlgA,hlgB,hlgC,icaC,sei,sel26,sem,sen=MISTRANSLATION,seo,seu",4.0.23,2025-07-16.1
PDT000009195.3|SAMN00116870|GCA_000242495.2|Staphylococcus aureus subsp. aureus 21262||21262|Generic,GCA_000242495.2,SAMN00116870,,,,,,PDT000009195.3,2012-01-29,,6,"erm(C),glpT_A100V=POINT,mepA,murA_E291D=POINT,murA_T396N=POINT,tet(38)","erm(C),glpT_A100V=POINT,murA_E291D=POINT,murA_T396N=POINT,tet(38)",18,"aur,hld,hlgA,hlgB,hlgC,icaC,lukE,sak,scn,sec3,sel,sel26,selX,sep,splA,splB,splE,tst",4.0.23,2025-07-16.1
PDT000009196.3|SAMN00116893|GCA_000242515.2|Staphylococcus aureus subsp. aureus 21264||21264|Generic,GCA_000242515.2,SAMN00116893,,,,,,PDT000009196.3,2012-01-29,,10,"blaI,blaPC1,blaR1=MISTRANSLATION,fosB,glpT_A100V=POINT,glpT_V213I=POINT,mepA,murA_D278E=POINT,murA_E291D=POINT,tet(38)","blaI,blaPC1,blaR1=MISTRANSLATION,fosB,glpT_A100V=POINT,glpT_V213I=POINT,murA_D278E=POINT,murA_E291D=POINT,tet(38)",16,"aur,cna=PARTIAL_END_OF_CONTIG,hld,hlgA,hlgB,hlgC,icaC,sak,scn,sea,sei,sem,sen=MISTRANSLATION,seu,splE,tst",4.0.23,2025-07-16.1
PDT000009197.3|SAMN00116882|GCA_000242535.2|Staphylococcus aureus subsp. aureus 21272||21272|Generic,GCA_000242535.2,SAMN00116882,,,,,,PDT000009197.3,2012-01-29,,7,"blaI,blaR1,blaZ,erm(C),fosB,mepA,tet(38)","blaI,blaR1,blaZ,erm(C),fosB,tet(38)",19,"aur,hld,hlgA,hlgB,hlgC,icaC,lukD,lukE,sed,sei,sej,selX,sem,sen=MISTRANSLATION,seo,ser,seu=PARTIAL,splA,splB",4.0.23,2025-07-16.1
PDT000009198.3|SAMN00117448|GCA_000242555.2|Staphylococcus aureus subsp. aureus 21283||21283|Generic,GCA_000242555.2,SAMN00117448,,,,,,PDT000009198.3,2012-01-29,,8,"blaI,blaPC1,blaR1,folP_E208K=POINT,folP_F17L=POINT,fosB,mepA,tet(38)","blaI,blaPC1,blaR1,folP_E208K=POINT,folP_F17L=POINT,fosB,tet(38)",19,"aur,hld,hlgA,hlgB,hlgC,icaC,lukD,lukE,sak,scn,sea,seb,sek,sel26,selX,seq,splA,splB,splE",4.0.23,2025-07-16.1
PDT000009199.3|SAMN00116858|GCA_000242575.2|Staphylococcus aureus subsp. aureus 21333||21333|Generic,GCA_000242575.2,SAMN00116858,,,,,,PDT000009199.3,2012-01-29,,12,"ant(6)-Ia,aph(3')-IIIa,blaI,blaR1,blaZ,fusB,mecA,mecR1=PARTIAL,mepA,sat4,tet(38),tet(K)","ant(6)-Ia,aph(3')-IIIa,blaI,blaR1,blaZ,fusB,mecA,mecR1=PARTIAL,sat4,tet(38),tet(K)",18,"aur,ednB,hld,hlgA,hlgB,hlgC,icaC,lukD,lukE,lukF-PV,lukS-PV,sak,scn,sel26,selX,sey,splA,splB",4.0.23,2025-07-16.1
PDT000009201.3|SAMN00627112|GCA_000248495.2|Staphylococcus aureus subsp. aureus CIG1114||StaphylococcusaureusCIG1114|Generic,GCA_000248495.2,SAMN00627112,,,,,,PDT000009201.3,2012-10-02,,19,"aac(6')-Ie/aph(2'')-Ia,blaI,blaPC1,blaR1,blaZ=PARTIAL,dfrS1,erm(C),folP_E208K=POINT,folP_F17L=POINT,fosB,gyrA_E88K=POINT,mecA,mecR1=PARTIAL,mepA,murA_G257D=POINT,parC_S80F=POINT,rpoB_H481N=POINT,tet(38),tet(M)","aac(6')-Ie/aph(2'')-Ia,blaI,blaPC1,blaR1,blaZ=PARTIAL,dfrS1,erm(C),folP_E208K=POINT,folP_F17L=POINT,fosB,gyrA_E88K=POINT,mecA,mecR1=PARTIAL,murA_G257D=POINT,parC_S80F=POINT,rpoB_H481N=POINT,tet(38),tet(M)",19,"aur,hld,hlgA,hlgB,hlgC,icaC,lukD,lukE,sak,scn,sea,seb=PARTIAL,sek,sel26,selX,seq,splA,splB,splE",4.0.23,2025-06-03.1
PDT000009202.3|SAMN00627547|GCA_000248595.2|Staphylococcus aureus subsp. aureus CIG1605||StaphylococcusaureusCIG1605|Generic,GCA_000248595.2,SAMN00627547,,,,,,PDT000009202.3,2012-10-02,,22,"aadD1,ant(9)-Ia,ant(9)-Ia=PARTIAL,blaI,blaPC1,blaR1,bleO,erm(A),erm(A)=MISTRANSLATION,fosB,glpT_A100V=POINT,glpT_V213I=POINT,gyrA_S84L=POINT,mecA,mecI=MISTRANSLATION,mecR1,mepA,murA_D278E=POINT,murA_E291D=POINT,parC_S80F=POINT,rpoB_R484H=POINT,tet(38)","aadD1,ant(9)-Ia,ant(9)-Ia=PARTIAL,blaI,blaPC1,blaR1,bleO,erm(A),erm(A)=MISTRANSLATION,fosB,glpT_A100V=POINT,glpT_V213I=POINT,gyrA_S84L=POINT,mecA,mecI=MISTRANSLATION,mecR1,murA_D278E=POINT,murA_E291D=POINT,parC_S80F=POINT,rpoB_R484H=POINT,tet(38)",15,"aur,hld,hlgA,hlgB,hlgC,icaC,sak,scn,sea,sei,sem,sen=MISTRANSLATION,seu,splE,tst",4.0.23,2025-06-03.1
PDT000009205.3|SAMN00117467|GCA_000245575.2|Staphylococcus aureus subsp. aureus 21342||21342|Generic,GCA_000245575.2,SAMN00117467,,,,,,PDT000009205.3,2012-10-02,,10,"blaI,blaPC1,blaR1,fosB,glpT_A100V=POINT,glpT_V213I=POINT,mepA,murA_D278E=POINT,murA_E291D=POINT,tet(38)","blaI,blaPC1,blaR1,fosB,glpT_A100V=POINT,glpT_V213I=POINT,murA_D278E=POINT,murA_E291D=POINT,tet(38)",15,"aur,hld,hlgA,hlgB,hlgC,icaC=PARTIAL,sak,scn,seh,sei,sem,sen=MISTRANSLATION,seu,splE,tst",4.0.23,2025-07-16.1
PDT000009206.3|SAMN00116875|GCA_000245595.2|Staphylococcus aureus subsp. aureus 21343||21343|Generic,GCA_000245595.2,SAMN00116875,,,,,,PDT000009206.3,2012-10-02,,9,"blaI,blaR1,blaZ,dfrS1,erm(C),mecA,mecR1=PARTIAL,mepA,tet(38)","blaI,blaR1,blaZ,dfrS1,erm(C),mecA,mecR1=PARTIAL,tet(38)",15,"aur,eta,hld,hlgA,hlgB,hlgC,icaC,lukD,lukE,sak,scn,sel26,selX,splA,splB",4.0.23,2025-07-16.1
PDT000009207.3|SAMN00117461|GCA_000245615.2|Staphylococcus aureus subsp. aureus 21345||21345|Generic,GCA_000245615.2,SAMN00117461,,,,,,PDT000009207.3,2012-10-02,,10,"blaI,blaPC1,blaR1,fosB,glpT_A100V=POINT,glpT_V213I=POINT,mepA,murA_D278E=POINT,murA_E291D=POINT,tet(38)","blaI,blaPC1,blaR1,fosB,glpT_A100V=POINT,glpT_V213I=POINT,murA_D278E=POINT,murA_E291D=POINT,tet(38)",15,"aur,cna,hld,hlgA,hlgB,hlgC,icaC,sak,scn,sea,sei,sem,sen=MISTRANSLATION,seu,splE",4.0.23,2025-07-16.1
PDT000009222.3|SAMN02436431|GCA_000247275.2|Staphylococcus aureus subsp. aureus IS-3||IS-3|Generic,GCA_000247275.2,SAMN02436431,,,,,,PDT000009222.3,2012-10-02,,16,"aadD1,ant(9)-Ia,blaI,blaR1,blaZ,bleO,erm(A),fosB,gyrA_S84L=POINT,mecA,mecI,mecR1,mepA,parC_E84G=POINT,parC_S80Y=POINT,tet(38)","aadD1,ant(9)-Ia,blaI,blaR1,blaZ,bleO,erm(A),fosB,gyrA_S84L=POINT,mecA,mecI,mecR1,parC_E84G=POINT,parC_S80Y=POINT,tet(38)",20,"aur,hld,hlgA,hlgB,hlgC,icaC,lukE,sak,scn,sed=PARTIAL,sei,sej,selX,sem,sen=MISTRANSLATION,seo,ser,seu=PARTIAL,splA,splB",4.0.23,2025-07-16.1
PDT000009228.3|SAMN00189691|GCA_000247375.2|Staphylococcus aureus subsp. aureus IS-105||IS-105|Generic,GCA_000247375.2,SAMN00189691,,,,,,PDT000009228.3,2012-10-02,,14,"aadD1,blaI,blaR1=HMM,blaZ=MISTRANSLATION,bleO,dfrB_A135T=POINT,dfrS1,erm(C)=PARTIAL_END_OF_CONTIG,gyrA_S84L=POINT,mecA,mecR1=PARTIAL,mepA,parC_S80F=POINT,tet(38)","aadD1,blaI,blaR1=HMM,blaZ=MISTRANSLATION,bleO,dfrB_A135T=POINT,dfrS1,erm(C)=PARTIAL_END_OF_CONTIG,gyrA_S84L=POINT,mecA,mecR1=PARTIAL,parC_S80F=POINT,tet(38)",15,"aur,cna,hld,hlgA=PARTIAL,hlgB,hlgC,icaC,lukF-PV,lukS-PV,sak,scn,sei,sen=MISTRANSLATION,seo,seu",4.0.23,2025-07-16.1
PDT000009229.3|SAMN00189692|GCA_000247395.2|Staphylococcus aureus subsp. aureus IS-111||IS-111|Generic,GCA_000247395.2,SAMN00189692,,,,,,PDT000009229.3,2012-10-02,,15,"ant(6)-Ia=MISTRANSLATION,aph(3')-IIIa,blaI,blaR1,blaZ,fosB,mecA=PARTIAL,mecR1=PARTIAL,mepA,mph(C),msr(A)=PARTIAL,murA_G257D=POINT,parC_S80F=POINT,sat4,tet(38)","ant(6)-Ia=MISTRANSLATION,aph(3')-IIIa,blaI,blaR1,blaZ,fosB,mecA=PARTIAL,mecR1=PARTIAL,mph(C),msr(A)=PARTIAL,murA_G257D=POINT,parC_S80F=POINT,sat4,tet(38)",19,"aur,hld,hlgA,hlgB,hlgC,icaC,lukD,lukE,lukF-PV=PARTIAL_END_OF_CONTIG,lukS-PV,sak,scn,sek,sel26,selX,seq,splA,splB,splE",4.0.23,2025-07-16.1
PDT000009230.3|SAMN00189693|GCA_000247415.2|Staphylococcus aureus subsp. aureus IS-122||IS-122|Generic,GCA_000247415.2,SAMN00189693,,,,,,PDT000009230.3,2012-10-02,,6,"blaI,blaR1=PARTIAL_END_OF_CONTIG,blaZ,fosB,mepA,tet(38)","blaI,blaR1=PARTIAL_END_OF_CONTIG,blaZ,fosB,tet(38)",23,"aur,hld,hlgA,hlgB,hlgC,icaC,lukD,lukE,sak,scn,seb,sed=PARTIAL,sei,sej,sek,selX,sem,sen=MISTRANSLATION,seo,ser,seu=PARTIAL,splA,splB",4.0.23,2025-07-16.1
PDT000009279.3|SAMN00627583|GCA_000249035.2|Staphylococcus aureus subsp. aureus CIGC93||StaphylococcusaureusCIGC93|Generic,GCA_000249035.2,SAMN00627583,,,,,,PDT000009279.3,2012-10-02,,3,"fosB,mepA,tet(38)","fosB,tet(38)",12,"aur,hld,hlgA,hlgB,hlgC,icaC,lukD,lukE,scn,splA,splB,splE",4.0.23,2025-06-03.1
PDT000009280.3|SAMN00627114|GCA_000248515.2|Staphylococcus aureus subsp. aureus CIG1165||StaphylococcusaureusCIG1165|Generic,GCA_000248515.2,SAMN00627114,,,,,,PDT000009280.3,2012-10-02,,16,"aac(6')-Ie/aph(2'')-Ia,ant(9)-Ia,ant(9)-Ia=PARTIAL,blaI,blaR1,blaZ,erm(A),fosB,gyrA_S84L=POINT,mecA,mecI,mecR1,mepA,mupA,parC_S80F=POINT,tet(38)","aac(6')-Ie/aph(2'')-Ia,ant(9)-Ia,ant(9)-Ia=PARTIAL,blaI,blaR1,blaZ,erm(A),fosB,gyrA_S84L=POINT,mecA,mecI,mecR1,mupA,parC_S80F=POINT,tet(38)",16,"aur,hld,hlgA,hlgB,hlgC,icaC,lukD,lukE,sei,selX,sem,sen=MISTRANSLATION,seo,seu=PARTIAL,splA,splB",4.0.23,2025-06-03.1
PDT000009281.3|SAMN00627116|GCA_000248755.2|Staphylococcus aureus subsp. aureus CIG1213||CIG1213|Generic,GCA_000248755.2,SAMN00627116,,,,,,PDT000009281.3,2012-10-02,,17,"aadD1,ant(9)-Ia,ant(9)-Ia=PARTIAL,blaI,blaR1,blaZ,bleO,erm(A),erm(A)=PARTIAL,fosB,gyrA_S84L=POINT,mecA,mecI,mecR1,mepA,parC_S80F=POINT,tet(38)","aadD1,ant(9)-Ia,ant(9)-Ia=PARTIAL,blaI,blaR1,blaZ,bleO,erm(A),erm(A)=PARTIAL,fosB,gyrA_S84L=POINT,mecA,mecI,mecR1,parC_S80F=POINT,tet(38)",20,"aur,hld,hlgA,hlgB,hlgC,icaC,lukE,sak,scn,sed,sei,sej,selX,sem,sen=MISTRANSLATION,seo,ser,seu=PARTIAL,splA,splB",4.0.23,2025-07-16.1
PDT000009282.3|SAMN00627548|GCA_000248635.2|Staphylococcus aureus subsp. aureus CIG1769||StaphylococcusaureusCIG1769|Generic,GCA_000248635.2,SAMN00627548,,,,,,PDT000009282.3,2012-10-02,,15,"aadD1,ant(9)-Ia,blaI,blaR1,blaZ,bleO,erm(A),fosB,gyrA_S84L=POINT,mecA,mecI,mecR1,mepA,parC_S80F=POINT,tet(38)","aadD1,ant(9)-Ia,blaI,blaR1,blaZ,bleO,erm(A),fosB,gyrA_S84L=POINT,mecA,mecI,mecR1,parC_S80F=POINT,tet(38)",19,"aur,hld,hlgA,hlgB,hlgC,icaC,lukD,lukE,sak,scn,sei,selX,sem,sen=MISTRANSLATION,seo,sep,seu=PARTIAL,splA,splB",4.0.23,2025-06-03.1
PDT000009283.3|SAMN00627113|GCA_000248715.2|Staphylococcus aureus subsp. aureus CIG1150||StaphylococcusaureusCIG1150|Generic,GCA_000248715.2,SAMN00627113,,,,,,PDT000009283.3,2012-10-02,,13,"ant(6)-Ia=PARTIAL,aph(3')-IIIa,blaI=PARTIAL,blaR1,blaZ,fosB,mecA,mecR1=PARTIAL,mepA,mph(C),msr(A),sat4,tet(38)","ant(6)-Ia=PARTIAL,aph(3')-IIIa,blaI=PARTIAL,blaR1,blaZ,fosB,mecA,mecR1=PARTIAL,mph(C),msr(A),sat4,tet(38)",23,"aur,hld,hlgA,hlgB,hlgC,icaC,lukD,lukE,sak,scn,sei,sej,selX,sem,sen=MISTRANSLATION,seo,sep,ser,ses,set=PARTIAL,seu=PARTIAL,splA,splB",4.0.23,2025-06-03.1
PDT000009284.3|SAMN00627546|GCA_000248915.2|Staphylococcus aureus subsp. aureus CIG1524||StaphylococcusaureusCIG1524|Generic,GCA_000248915.2,SAMN00627546,,,,,,PDT000009284.3,2012-10-02,,10,"blaI,blaR1,blaZ=PARTIAL,glpT_A100V=POINT,mecA,mecR1=PARTIAL,mepA,murA_E291D=POINT,murA_T396N=POINT,tet(38)","blaI,blaR1,blaZ=PARTIAL,glpT_A100V=POINT,mecA,mecR1=PARTIAL,murA_E291D=POINT,murA_T396N=POINT,tet(38)",14,"aur,hld,hlgA,hlgB,hlgC,icaC,sak,scn,sei,sel26,sem,sen=MISTRANSLATION,seo,seu",4.0.23,2025-06-03.1
PDT000009285.3|SAMN00627115|GCA_000248735.2|Staphylococcus aureus subsp. aureus CIG1176||StaphylococcusaureusCIG1176|Generic,GCA_000248735.2,SAMN00627115,,,,,,PDT000009285.3,2012-10-02,,21,"aadD1,ant(9)-Ia,ant(9)-Ia=PARTIAL,blaI,blaPC1,blaR1,bleO,erm(A),erm(A)=PARTIAL,fosB,glpT_A100V=POINT,glpT_V213I=POINT,gyrA_S84L=POINT,mecA,mecI=MISTRANSLATION,mecR1,mepA,murA_D278E=POINT,murA_E291D=POINT,parC_S80F=POINT,tet(38)","aadD1,ant(9)-Ia,ant(9)-Ia=PARTIAL,blaI,blaPC1,blaR1,bleO,erm(A),erm(A)=PARTIAL,fosB,glpT_A100V=POINT,glpT_V213I=POINT,gyrA_S84L=POINT,mecA,mecI=MISTRANSLATION,mecR1,murA_D278E=POINT,murA_E291D=POINT,parC_S80F=POINT,tet(38)",15,"aur,hld,hlgA,hlgB,hlgC,icaC,sak,scn,sea,sei,sem,sen=MISTRANSLATION,seu,splE,tst",4.0.23,2025-06-03.1
PDT000009286.3|SAMN02435806|GCA_000248475.2|Staphylococcus aureus subsp. aureus CIG1057||CIG1057|Generic,GCA_000248475.2,SAMN02435806,,USA,Homo sapiens,blood sample from patient with bacteremia,,PDT000009286.3,2012-10-02,,13,"ant(9)-Ia,blaI,blaR1,blaZ,erm(A),fosB,gyrA_S84L=POINT,mecA,mecI,mecR1,mepA,parC_S80F=POINT,tet(38)","ant(9)-Ia,blaI,blaR1,blaZ,erm(A),fosB,gyrA_S84L=POINT,mecA,mecI,mecR1,parC_S80F=POINT,tet(38)",19,"aur,hld,hlgA,hlgB,hlgC,icaC,lukD,lukE,sak,scn,sei,selX,sem,sen=MISTRANSLATION,seo,sep,seu=PARTIAL,splA,splB",4.0.23,2025-07-16.1
PDT000009287.3|SAMN00627579|GCA_000248955.2|Staphylococcus aureus subsp. aureus CIGC341D||StaphylococcusaureusCIGC341D|Generic,GCA_000248955.2,SAMN00627579,,,,,,PDT000009287.3,2012-10-02,,23,"aac(6')-Ie/aph(2'')-Ia,aadD1,ant(9)-Ia,ant(9)-Ia=PARTIAL,blaI,blaPC1,blaR1,bleO,dfrS1,erm(A),fosB,glpT_A100V=POINT,glpT_V213I=POINT,gyrA_S84L=POINT,mecA,mecI=MISTRANSLATION,mecR1,mepA,murA_D278E=POINT,murA_E291D=POINT,parC_E84K=POINT,parC_S80F=POINT,tet(38)","aac(6')-Ie/aph(2'')-Ia,aadD1,ant(9)-Ia,ant(9)-Ia=PARTIAL,blaI,blaPC1,blaR1,bleO,dfrS1,erm(A),fosB,glpT_A100V=POINT,glpT_V213I=POINT,gyrA_S84L=POINT,mecA,mecI=MISTRANSLATION,mecR1,murA_D278E=POINT,murA_E291D=POINT,parC_E84K=POINT,parC_S80F=POINT,tet(38)",15,"aur,hld,hlgA,hlgB,hlgC,icaC,sak,scn,sea,sei,sem,sen=MISTRANSLATION,seu,splE,tst",4.0.23,2025-06-03.1
PDT000009288.3|SAMN00627117|GCA_000248535.2|Staphylococcus aureus subsp. aureus CIG1214||StaphylococcusaureusCIG1214|Generic,GCA_000248535.2,SAMN00627117,,,,,,PDT000009288.3,2012-10-02,,20,"aadD1,ant(9)-Ia,blaI,blaPC1,blaR1,bleO,erm(A),fosB,glpT_A100V=POINT,glpT_V213I=POINT,gyrA_S84L=POINT,ileS_V588F=POINT,mecA,mecI=MISTRANSLATION,mecR1,mepA,murA_D278E=POINT,murA_E291D=POINT,parC_S80F=POINT,tet(38)","aadD1,ant(9)-Ia,blaI,blaPC1,blaR1,bleO,erm(A),fosB,glpT_A100V=POINT,glpT_V213I=POINT,gyrA_S84L=POINT,ileS_V588F=POINT,mecA,mecI=MISTRANSLATION,mecR1,murA_D278E=POINT,murA_E291D=POINT,parC_S80F=POINT,tet(38)",16,"aur,cna=PARTIAL,hld,hlgA,hlgB,hlgC,icaC,sak,scn,sea,sei,sem,sen=MISTRANSLATION,seu,splE,tst",4.0.23,2025-06-03.1
PDT000009289.3|SAMN00672571|GCA_000248815.2|Staphylococcus aureus subsp. aureus CIG1770||StaphylococcusaureusCIG1770|Generic,GCA_000248815.2,SAMN00672571,,,,,,PDT000009289.3,2012-10-02,,17,"blaI,blaR1,blaZ=MISTRANSLATION,blaZ=PARTIAL_END_OF_CONTIG,dfrS1,folP_E208K=POINT,folP_F17L=POINT,fosB,gyrA_E88K=POINT,mecA,mecR1=PARTIAL,mepA,murA_G257D=POINT,parC_S80F=POINT,rpoB_H481N=POINT,tet(38),tet(M)=PARTIAL","blaI,blaR1,blaZ=MISTRANSLATION,blaZ=PARTIAL_END_OF_CONTIG,dfrS1,folP_E208K=POINT,folP_F17L=POINT,fosB,gyrA_E88K=POINT,mecA,mecR1=PARTIAL,murA_G257D=POINT,parC_S80F=POINT,rpoB_H481N=POINT,tet(38),tet(M)=PARTIAL",19,"aur,hld,hlgA,hlgB,hlgC,icaC,lukD,lukE,sak,scn,sea,seb,sek,sel26,selX,seq,splA,splB,splE",4.0.23,2025-06-03.1
PDT000009290.3|SAMN00627580|GCA_000248975.2|Staphylococcus aureus subsp. aureus CIGC345D||StaphylococcusaureusCIGC345D|Generic,GCA_000248975.2,SAMN00627580,,,,,,PDT000009290.3,2012-10-02,,11,"ant(9)-Ia,blaI,blaR1=HMM,blaZ,erm(A),fosB,mecA,mecI,mecR1,mepA,tet(38)","ant(9)-Ia,blaI,blaR1=HMM,blaZ,erm(A),fosB,mecA,mecI,mecR1,tet(38)",14,"aur,hld,hlgA,hlgB=PARTIAL,hlgC,icaC,lukD,lukE,sak,scn,sel26,selX,sep,splE",4.0.23,2025-06-03.1
PDT000009291.3|SAMN00627544|GCA_000248895.2|Staphylococcus aureus subsp. aureus CIG149||StaphylococcusaureusCIG149|Generic,GCA_000248895.2,SAMN00627544,,,,,,PDT000009291.3,2012-10-02,,19,"aadD1,ant(9)-Ia,blaI,blaR1=MISTRANSLATION,blaZ=PARTIAL,bleO,erm(A),fosB,glpT_A100V=POINT,glpT_V213I=POINT,gyrA_S84L=POINT,mecA,mecI=MISTRANSLATION,mecR1,mepA,murA_D278E=POINT,murA_E291D=POINT,parC_S80F=POINT,tet(38)","aadD1,ant(9)-Ia,blaI,blaR1=MISTRANSLATION,blaZ=PARTIAL,bleO,erm(A),fosB,glpT_A100V=POINT,glpT_V213I=POINT,gyrA_S84L=POINT,mecA,mecI=MISTRANSLATION,mecR1,murA_D278E=POINT,murA_E291D=POINT,parC_S80F=POINT,tet(38)",15,"aur,hld,hlgA,hlgB,hlgC,icaC,sak,scn,sea,sei,sem,sen=MISTRANSLATION,seu,splE,tst",4.0.23,2025-06-03.1
PDT000009292.3|SAMN00627563|GCA_000248675.2|Staphylococcus aureus subsp. aureus CIG547||StaphylococcusaureusCIG547|Generic,GCA_000248675.2,SAMN00627563,,,,,,PDT000009292.3,2012-10-02,,21,"aac(6')-Ie/aph(2'')-Ia,aadD1,ant(9)-Ia,blaI,blaPC1,blaR1,bleO,dfrS1,erm(A),erm(A)=PARTIAL,folP_E208K=POINT,folP_F17L=POINT,fosB,gyrA_S84L=POINT,mecA,mecI,mecR1,mepA,murA_G257D=POINT,parC_S80Y=POINT,tet(38)","aac(6')-Ie/aph(2'')-Ia,aadD1,ant(9)-Ia,blaI,blaPC1,blaR1,bleO,dfrS1,erm(A),erm(A)=PARTIAL,folP_E208K=POINT,folP_F17L=POINT,fosB,gyrA_S84L=POINT,mecA,mecI,mecR1,murA_G257D=POINT,parC_S80Y=POINT,tet(38)",16,"aur,hld,hlgA,hlgB,hlgC,icaC,lukD,lukE,seb,sek,sel26,selX,seq,splA,splB,splE",4.0.23,2025-06-03.1
PDT000009293.3|SAMN00672572|GCA_000248935.2|Staphylococcus aureus subsp. aureus CIGC340D||StaphylococcusaureusCIGC340D|Generic,GCA_000248935.2,SAMN00672572,,,,,,PDT000009293.3,2012-10-02,,8,"blaI,blaR1,blaZ,fosB,mecA,mecR1=PARTIAL,mepA,tet(38)","blaI,blaR1,blaZ,fosB,mecA,mecR1=PARTIAL,tet(38)",22,"aur,hld,hlgA,hlgB,hlgC,icaC,lukE,sak,sasG,scn,sed,sei,sej,selX,sem,sen=MISTRANSLATION,seo,sep,ser=PARTIAL,seu=PARTIAL,splA,splB",4.0.23,2025-06-03.1
PDT000009294.3|SAMN00627120|GCA_000248875.2|Staphylococcus aureus subsp. aureus CIG1267||StaphylococcusaureusCIG1267|Generic,GCA_000248875.2,SAMN00627120,,,,,,PDT000009294.3,2012-10-02,,23,"aadD1,ant(9)-Ia,ant(9)-Ia=PARTIAL,blaI,blaR1=MISTRANSLATION,blaZ,bleO,erm(A),erm(A)=PARTIAL,erm(A)=PARTIAL_END_OF_CONTIG,fosB,glpT_A100V=POINT,glpT_V213I=POINT,gyrA_S84L=POINT,ileS_V588F=POINT,mecA,mecI=MISTRANSLATION,mecR1,mepA,murA_D278E=POINT,murA_E291D=POINT,parC_S80F=POINT,tet(38)","aadD1,ant(9)-Ia,ant(9)-Ia=PARTIAL,blaI,blaR1=MISTRANSLATION,blaZ,bleO,erm(A),erm(A)=PARTIAL,erm(A)=PARTIAL_END_OF_CONTIG,fosB,glpT_A100V=POINT,glpT_V213I=POINT,gyrA_S84L=POINT,ileS_V588F=POINT,mecA,mecI=MISTRANSLATION,mecR1,murA_D278E=POINT,murA_E291D=POINT,parC_S80F=POINT,tet(38)",15,"aur,hld,hlgA,hlgB,hlgC,icaC,sak,scn,sea,sei,sem,sen=MISTRANSLATION,seu,splE,tst",4.0.23,2025-06-03.1
PDT000009295.3|SAMN00627581|GCA_000248995.2|Staphylococcus aureus subsp. aureus CIGC348||StaphylococcusaureusCIGC348|Generic,GCA_000248995.2,SAMN00627581,,,,,,PDT000009295.3,2012-10-02,,17,"aadD1,ant(9)-Ia,ant(9)-Ia=PARTIAL,blaI,blaR1,blaZ,bleO,erm(A),fosB,gyrA_S84L=POINT,mecA,mecI,mecR1,mepA,parC_E84G=POINT,parC_S80Y=POINT,tet(38)","aadD1,ant(9)-Ia,ant(9)-Ia=PARTIAL,blaI,blaR1,blaZ,bleO,erm(A),fosB,gyrA_S84L=POINT,mecA,mecI,mecR1,parC_E84G=POINT,parC_S80Y=POINT,tet(38)",21,"aur,hld,hlgA,hlgB,hlgC,icaC,lukD,lukE,sak,scn,sed,sei,sej,selX,sem,sen=MISTRANSLATION,seo,ser,seu=PARTIAL,splA,splB",4.0.23,2025-06-03.1
PDT000009296.3|SAMN00627118|GCA_000248775.2|Staphylococcus aureus subsp. aureus CIG1233||StaphylococcusaureusCIG1233|Generic,GCA_000248775.2,SAMN00627118,,,,,,PDT000009296.3,2012-10-02,,23,"aac(6')-Ie/aph(2'')-Ia,aadD1,ant(9)-Ia,ant(9)-Ia=MISTRANSLATION,blaI,blaPC1,blaR1,bleO,dfrS1,erm(A),erm(A)=PARTIAL,fosB,glpT_A100V=POINT,glpT_V213I=POINT,gyrA_S84L=POINT,mecA,mecI=MISTRANSLATION,mecR1,mepA,murA_D278E=POINT,murA_E291D=POINT,parC_S80F=POINT,tet(38)","aac(6')-Ie/aph(2'')-Ia,aadD1,ant(9)-Ia,ant(9)-Ia=MISTRANSLATION,blaI,blaPC1,blaR1,bleO,dfrS1,erm(A),erm(A)=PARTIAL,fosB,glpT_A100V=POINT,glpT_V213I=POINT,gyrA_S84L=POINT,mecA,mecI=MISTRANSLATION,mecR1,murA_D278E=POINT,murA_E291D=POINT,parC_S80F=POINT,tet(38)",12,"aur,hld,hlgA,hlgB,hlgC,icaC,sei,sem,sen=MISTRANSLATION,seu,splE,tst",4.0.23,2025-06-03.1
PDT000009297.3|SAMN00678219|GCA_000248835.2|Staphylococcus aureus subsp. aureus CIG2018||StaphylococcusaureusCIG2018|Generic,GCA_000248835.2,SAMN00678219,,,,,,PDT000009297.3,2012-10-02,,16,"aadD1,blaI,blaPC1,blaR1,bleO,folP_E208K=POINT,folP_F17L=POINT,fosB,gyrA_S84L=POINT,mecA,mecR1=PARTIAL,mepA,murA_G257D=POINT,parC_S80F=POINT,tet(38),tet(M)","aadD1,blaI,blaPC1,blaR1,bleO,folP_E208K=POINT,folP_F17L=POINT,fosB,gyrA_S84L=POINT,mecA,mecR1=PARTIAL,murA_G257D=POINT,parC_S80F=POINT,tet(38),tet(M)",19,"aur,hld,hlgA,hlgB,hlgC,icaC,lukD,lukE,sak,scn,sea,seb,sek,sel26,selX,seq,splA,splB,splE",4.0.23,2025-06-03.1
PDT000009298.3|SAMN00627592|GCA_000248795.2|Staphylococcus aureus subsp. aureus CIG1612||StaphylococcusaureusCIG1612|Generic,GCA_000248795.2,SAMN00627592,,,,,,PDT000009298.3,2012-10-02,,18,"aac(6')-Ie/aph(2'')-Ia,blaI,blaPC1,blaR1,blaZ=PARTIAL,dfrS1,erm(C),folP_E208K=POINT,folP_F17L=POINT,fosB,gyrA_E88K=POINT,mecA,mecR1=PARTIAL,mepA,murA_G257D=POINT,parC_S80F=POINT,tet(38),tet(M)","aac(6')-Ie/aph(2'')-Ia,blaI,blaPC1,blaR1,blaZ=PARTIAL,dfrS1,erm(C),folP_E208K=POINT,folP_F17L=POINT,fosB,gyrA_E88K=POINT,mecA,mecR1=PARTIAL,murA_G257D=POINT,parC_S80F=POINT,tet(38),tet(M)",19,"aur,hld,hlgA,hlgB,hlgC,icaC,lukD,lukE,sak,scn,sea,seb,sek,sel26,selX,seq,splA,splB,splE",4.0.23,2025-06-03.1
PDT000009299.3|SAMN00672560|GCA_000248615.2|Staphylococcus aureus subsp. aureus CIG1750||StaphylococcusaureusCIG1750|Generic,GCA_000248615.2,SAMN00672560,,,,,,PDT000009299.3,2012-10-02,,17,"aadD1,ant(9)-Ia,ant(9)-Ia=PARTIAL,blaI,blaR1,blaZ,bleO,erm(A),erm(A)=MISTRANSLATION,fosB,gyrA_S84L=POINT,mecA,mecI,mecR1,mepA,parC_S80F=POINT,tet(38)","aadD1,ant(9)-Ia,ant(9)-Ia=PARTIAL,blaI,blaR1,blaZ,bleO,erm(A),erm(A)=MISTRANSLATION,fosB,gyrA_S84L=POINT,mecA,mecI,mecR1,parC_S80F=POINT,tet(38)",19,"aur,hld,hlgA,hlgB,hlgC,icaC,lukD,lukE,sak,scn,sei,selX,sem,sen=MISTRANSLATION,seo,sep,seu=PARTIAL,splA,splB",4.0.23,2025-06-03.1
PDT000009300.3|SAMN00627578|GCA_000249015.2|Staphylococcus aureus subsp. aureus CIGC128||StaphylococcusaureusCIGC128|Generic,GCA_000249015.2,SAMN00627578,,,,,,PDT000009300.3,2012-10-02,,7,"blaI,blaR1,blaZ,mecA,mecR1=PARTIAL,mepA,tet(38)","blaI,blaR1,blaZ,mecA,mecR1=PARTIAL,tet(38)",16,"aur,hld,hlgA,hlgB,hlgC,icaC,lukD,lukE,lukF-PV,lukS-PV,sak,scn,seh,splA,splB,splE",4.0.23,2025-06-03.1
PDT000009304.3|SAMN02436496|GCA_000260015.1|Staphylococcus aureus subsp. aureus IS-157||IS-157|Generic,GCA_000260015.1,SAMN02436496,,,,,,PDT000009304.3,2012-04-27,,23,"aac(6')-Ie/aph(2'')-Ia,ant(6)-Ia,ant(9)-Ia,aph(3')-IIIa,blaI,blaR1,blaZ=PARTIAL,dfrB_F99Y=POINT,dfrB_L21V=POINT,erm(A),folP_E258EKE=POINT,folP_F17L=POINT,fosB,fusA_L461K=POINT,mecA=PARTIAL,mecI=MISTRANSLATION,mecR1,mepA,murA_G257D=POINT,rpoB_H481N=POINT,sat4=PARTIAL,tet(38),tet(M)","aac(6')-Ie/aph(2'')-Ia,ant(6)-Ia,ant(9)-Ia,aph(3')-IIIa,blaI,blaR1,blaZ=PARTIAL,dfrB_F99Y=POINT,dfrB_L21V=POINT,erm(A),folP_E258EKE=POINT,folP_F17L=POINT,fosB,fusA_L461K=POINT,mecA=PARTIAL,mecI=MISTRANSLATION,mecR1,murA_G257D=POINT,rpoB_H481N=POINT,sat4=PARTIAL,tet(38),tet(M)",16,"aur,hld,hlgA,hlgB,hlgC,icaC=PARTIAL,lukD,lukE,sak,scn,sea,sel26,selX,splA,splB,splE",4.0.23,2025-06-03.1
PDT000009315.3|SAMN02469651|GCA_000252405.2|Staphylococcus aureus subsp. aureus DR10||DR10|Generic,GCA_000252405.2,SAMN02469651,2007-06,Dominica,Homo sapiens,abcess,,PDT000009315.3,2012-10-02,,9,"blaI,blaR1=HMM,blaZ,glpT_A100V=POINT,glpT_F3I=POINT,mepA,murA_D278E=POINT,murA_E291D=POINT,tet(38)","blaI,blaR1=HMM,blaZ,glpT_A100V=POINT,glpT_F3I=POINT,murA_D278E=POINT,murA_E291D=POINT,tet(38)",10,"aur,hld,hlgA,hlgB,hlgC,icaC,lukF-PV,lukS-PV,scn,sel26",4.0.23,2025-06-03.1
PDT000009316.4|SAMN00627119|GCA_000248555.3|Staphylococcus aureus subsp. aureus CIG1242||CIG1242|Generic,GCA_000248555.3,SAMN00627119,,,,,,PDT000009316.4,2015-10-19,,26,"aac(6')-Ie/aph(2'')-Ia,aadD1,ant(9)-Ia,ant(9)-Ia=MISTRANSLATION,ant(9)-Ia=PARTIAL,blaI,blaPC1,blaR1,bleO,dfrS1,erm(A)=MISTRANSLATION,erm(A)=PARTIAL,fosB,glpT_A100V=POINT,glpT_V213I=POINT,gyrA_S84L=POINT,ileS_V588F=POINT,mecA,mecI=MISTRANSLATION,mecR1,mepA,murA_D278E=POINT,murA_E291D=POINT,parC_S80F=POINT,parE_P585S=POINT,tet(38)","aac(6')-Ie/aph(2'')-Ia,aadD1,ant(9)-Ia,ant(9)-Ia=MISTRANSLATION,ant(9)-Ia=PARTIAL,blaI,blaPC1,blaR1,bleO,dfrS1,erm(A)=MISTRANSLATION,erm(A)=PARTIAL,fosB,glpT_A100V=POINT,glpT_V213I=POINT,gyrA_S84L=POINT,ileS_V588F=POINT,mecA,mecI=MISTRANSLATION,mecR1,murA_D278E=POINT,murA_E291D=POINT,parC_S80F=POINT,parE_P585S=POINT,tet(38)",15,"aur,hld,hlgA,hlgB,hlgC,icaC,sak,scn,sea,sei,sem,sen=MISTRANSLATION,seu,splE,tst",4.0.23,2025-07-16.1
PDT000009317.3|SAMN00627545|GCA_000248575.2|Staphylococcus aureus subsp. aureus CIG1500||StaphylococcusaureusCIG1500|Generic,GCA_000248575.2,SAMN00627545,,,,,,PDT000009317.3,2012-10-02,,23,"aac(6')-Ie/aph(2'')-Ia,aadD1,ant(9)-Ia,ant(9)-Ia=MISTRANSLATION,blaI,blaPC1,blaR1,bleO,erm(A),erm(A)=PARTIAL,fosB,glpT_A100V=POINT,glpT_V213I=POINT,gyrA_S84L=POINT,mecA,mecI=MISTRANSLATION,mecR1,mepA,murA_D278E=POINT,murA_E291D=POINT,parC_S80F=POINT,rpoB_A477D=POINT,tet(38)","aac(6')-Ie/aph(2'')-Ia,aadD1,ant(9)-Ia,ant(9)-Ia=MISTRANSLATION,blaI,blaPC1,blaR1,bleO,erm(A),erm(A)=PARTIAL,fosB,glpT_A100V=POINT,glpT_V213I=POINT,gyrA_S84L=POINT,mecA,mecI=MISTRANSLATION,mecR1,murA_D278E=POINT,murA_E291D=POINT,parC_S80F=POINT,rpoB_A477D=POINT,tet(38)",15,"aur,hld,hlgA=PARTIAL,hlgB,hlgC,icaC,sak,scn,sea,sei,sem,sen=MISTRANSLATION,seu,splE,tst",4.0.23,2025-06-03.1
PDT000009318.3|SAMN00627551|GCA_000248655.2|Staphylococcus aureus subsp. aureus CIG1835||StaphylococcusaureusCIG1835|Generic,GCA_000248655.2,SAMN00627551,,,,,,PDT000009318.3,2012-10-02,,7,"blaI,blaR1,blaZ,mecA,mecR1=PARTIAL,mepA,tet(38)","blaI,blaR1,blaZ,mecA,mecR1=PARTIAL,tet(38)",20,"aur,hld,hlgA,hlgB,hlgC,icaC,lukD,lukE,lukF-PV,lukS-PV,sak,scn,sea,sec2,seh,sek,sel,seq,splA,splB",4.0.23,2025-06-03.1
PDT000009319.3|SAMN02435805|GCA_000248695.2|Staphylococcus aureus subsp. aureus CIG1096||CIG1096|Generic,GCA_000248695.2,SAMN02435805,,USA,Homo sapiens,blood sample from patient with bacteremia,,PDT000009319.3,2012-10-02,,16,"aadD1,ant(9)-Ia,ant(9)-Ia=PARTIAL,blaI,blaR1,blaZ,bleO,erm(A),fosB,gyrA_S84L=POINT,mecA,mecI,mecR1,mepA,parC_S80F=POINT,tet(38)","aadD1,ant(9)-Ia,ant(9)-Ia=PARTIAL,blaI,blaR1,blaZ,bleO,erm(A),fosB,gyrA_S84L=POINT,mecA,mecI,mecR1,parC_S80F=POINT,tet(38)",20,"aur,hld,hlgA,hlgB,hlgC,icaC,lukD,lukE,sak,scn,sed,sei,sej,selX,sem,sen=MISTRANSLATION,seo,seu=PARTIAL,splA,splB",4.0.23,2025-07-16.1
PDT000009320.3|SAMN00627552|GCA_000248855.2|Staphylococcus aureus subsp. aureus CIG290||StaphylococcusaureusCIG290|Generic,GCA_000248855.2,SAMN00627552,,,,,,PDT000009320.3,2012-10-02,,8,"blaI,blaZ,glpT_A100V=POINT,ileS_V588F=POINT,mepA,murA_E291D=POINT,murA_T396N=POINT,tet(38)","blaI,blaZ,glpT_A100V=POINT,ileS_V588F=POINT,murA_E291D=POINT,murA_T396N=POINT,tet(38)",14,"aur,hld,hlgA,hlgB,hlgC,icaC,sak,scn,sei,sel26=MISTRANSLATION,sem,sen=MISTRANSLATION,seo,seu",4.0.23,2025-06-03.1
PDT000009570.3|SAMN00189695|GCA_000257985.1|Staphylococcus aureus subsp. aureus IS-M||IS-M|Generic,GCA_000257985.1,SAMN00189695,,,,,,PDT000009570.3,2012-04-05,,13,"ant(9)-Ia,blaI,blaR1,blaZ,erm(A),fosB,gyrA_S84L=POINT,mecA=PARTIAL,mecI,mecR1,mepA,parC_S80F=POINT,tet(38)","ant(9)-Ia,blaI,blaR1,blaZ,erm(A),fosB,gyrA_S84L=POINT,mecA=PARTIAL,mecI,mecR1,parC_S80F=POINT",21,"aur,hld,hlgA,hlgB,hlgC,icaC,lukD,lukE,sak,scn,sed=PARTIAL,sei,sej,selX,sem,sen=MISTRANSLATION,seo,ser,seu=PARTIAL,splA,splB",4.2.7,2026-03-24.1
PDT000009976.3|SAMN02471776|GCA_000276625.1|Staphylococcus aureus subsp. aureus str. Newbould 305||Newbould 305|Generic,GCA_000276625.1,SAMN02471776,1958-06-06,"Canada: Orangeville, Ontario",cow,bovine mastitis,,PDT000009976.3,2012-07-09,,2,"mepA,tet(38)",,13,"aur,hld,hlgA,hlgB,hlgC,icaC,lukD,lukE,sel26=MISTRANSLATION,selX,splA,splB,splE",4.2.7,2026-03-24.1
PDT000010259.4|SAMN02299517|GCA_000294385.2|Staphylococcus aureus subsp. aureus CM05||CM05|MIGS Cultured Bacterial/Archaeal,GCA_000294385.2,SAMN02299517,missing,not determined,Homo sapiens,,,PDT000010259.4,2015-10-19,,18,"aac(6')-Ie/aph(2'')-Ia,ant(6)-Ia,ant(9)-Ia,aph(3')-IIIa,blaI,blaPC1,blaR1,cfr,erm(A),erm(B),fosB,gyrA_S84L=POINT,mecA,mecR1=PARTIAL,mepA,parC_S80F=POINT,sat4,tet(38)","aac(6')-Ie/aph(2'')-Ia,ant(6)-Ia,ant(9)-Ia,aph(3')-IIIa,blaI,blaPC1,blaR1,cfr,erm(A),erm(B),fosB,gyrA_S84L=POINT,mecA,mecR1=PARTIAL,parC_S80F=POINT,sat4,tet(38)",17,"aur,hld,hlgA,hlgB,hlgC,icaC,lukD,lukE,sak,scn,sei,selX,sen=MISTRANSLATION,seo,seu=PARTIAL,splA,splB",4.0.23,2025-06-03.1
PDT000010369.3|SAMN02470786|GCA_000313595.1|Staphylococcus aureus CN79||CN79|Generic,GCA_000313595.1,SAMN02470786,2006-09,China: Beijing,Homo sapiens,blood,,PDT000010369.3,2012-11-19,,19,"blaI,blaPC1,blaR1,folP_E258EKE=POINT,folP_F17L=POINT,fosB,gyrA_G106D=POINT,gyrA_S84L=POINT,mecA,mecI=MISTRANSLATION,mecR1,mepA,murA_G257D=POINT,parC_S80F=POINT,parE_D432N=POINT,rpoB_H481N=POINT,rpoB_L466S=POINT,tet(38),tet(M)","blaI,blaPC1,blaR1,folP_E258EKE=POINT,folP_F17L=POINT,fosB,gyrA_G106D=POINT,gyrA_S84L=POINT,mecA,mecI=MISTRANSLATION,mecR1,murA_G257D=POINT,parC_S80F=POINT,parE_D432N=POINT,rpoB_H481N=POINT,rpoB_L466S=POINT,tet(38),tet(M)",17,"aur,hld,hlgA,hlgB,hlgC,icaC=PARTIAL,lukD=MISTRANSLATION,lukE,sak,scn,sea,sek,sel26,selX,seq,splA,splB",4.0.23,2025-06-03.1
PDT000010716.3|SAMN00116856|GCA_000330685.1|Staphylococcus aureus subsp. aureus 21282||21282|Generic,GCA_000330685.1,SAMN00116856,,,,,,PDT000010716.3,2013-01-02,,8,"blaI,blaPC1,blaR1,folP_E208K=POINT,folP_F17L=POINT,fosB,mepA,tet(38)","blaI,blaPC1,blaR1,folP_E208K=POINT,folP_F17L=POINT,fosB,tet(38)",19,"aur,hld,hlgA,hlgB,hlgC,icaC,lukD,lukE,sak,scn,sea,seb,sek,sel26,selX,seq,splA,splB,splE",4.0.23,2025-06-03.1
PDT000010719.4|SAMN02470202|GCA_000330825.2|Staphylococcus aureus subsp. aureus DSM 20231||DSM 20231|Generic,GCA_000330825.2,SAMN02470202,,South Korea,,,,PDT000010719.4,2015-10-19,,3,"fosB,mepA,tet(38)","fosB,tet(38)",13,"aur,hld,hlgA,hlgB,hlgC,icaC,lukD,lukE,sel26,selX,splA,splB,splE",4.0.23,2025-06-03.1
PDT000010793.3|SAMN00116855|GCA_000332665.1|Staphylococcus aureus subsp. aureus 21236||21236|Generic,GCA_000332665.1,SAMN00116855,,,,,,PDT000010793.3,2013-01-22,,4,"fosB,mepA,tet(38),tet(K)","fosB,tet(38),tet(K)",21,"aur,hld,hlgA,hlgB,hlgC,icaC,lukD,lukE,sak,scn,sed=PARTIAL,sei,sej,selX,sem,sen=MISTRANSLATION,seo,ser,seu=PARTIAL,splA,splB",4.0.23,2025-06-03.1
PDT000010794.3|SAMN02436572|GCA_000332685.1|Staphylococcus aureus subsp. aureus 21196||21196|Generic,GCA_000332685.1,SAMN02436572,,,,,,PDT000010794.3,2013-01-22,,3,"blaZ=MISTRANSLATION,mepA,tet(38)","blaZ=MISTRANSLATION,tet(38)",14,"aur,hld,hlgA,hlgB,hlgC,icaC,lukD,lukE,sak,scn,selX,splA,splB,splE",4.0.23,2025-06-03.1
PDT000010840.3|SAMN02471422|GCA_000336515.1|Staphylococcus aureus KT/314250||KT/314250|Generic,GCA_000336515.1,SAMN02471422,2008,Malaysia: Terengganu,Homo sapiens,pus of a patient in the general ward of Hospital Sultanah Nur Zahirah,,PDT000010840.3,2013-02-04,,9,"ant(6)-Ia=PARTIAL,aph(3')-IIIa,blaI,blaR1,blaZ,fusC,mepA,sat4,tet(38)","ant(6)-Ia=PARTIAL,aph(3')-IIIa,blaI,blaR1,blaZ,fusC,sat4,tet(38)",19,"aur,hld,hlgA,hlgB,hlgC,icaC,lukD,lukE,lukF-PV,lukS-PV,sak,scn,sea,seh,sek,seq,splA,splB,splE",4.0.23,2025-06-03.1
PDT000010841.3|SAMN02471423|GCA_000336595.1|Staphylococcus aureus KT/Y21||KT/Y21|Generic,GCA_000336595.1,SAMN02471423,2009,Malaysia: Terrengganu,Homo sapiens,blood of a patient in the pediatric ward of Hospital Sultanah Nur Zahirah,,PDT000010841.3,2013-02-04,,18,"aac(6')-Ie/aph(2'')-Ia,ant(6)-Ia=PARTIAL,aph(3')-IIIa,blaI,blaR1,blaR1=HMM,blaZ,blaZ=PARTIAL_END_OF_CONTIG,dfrG,fosB,gyrA_S84L=POINT,mecA,mepA,mph(C),msr(A),parC_S80Y=POINT,sat4=PARTIAL,tet(38)","aac(6')-Ie/aph(2'')-Ia,ant(6)-Ia=PARTIAL,aph(3')-IIIa,blaI,blaR1,blaR1=HMM,blaZ,blaZ=PARTIAL_END_OF_CONTIG,dfrG,fosB,gyrA_S84L=POINT,mecA,mph(C),msr(A),parC_S80Y=POINT,sat4=PARTIAL,tet(38)",21,"aur,hld,hlgA,hlgB,hlgC,icaC,lukF-PV,lukS-PV,scn,sea,sec2,sei,sel=PARTIAL,sel27,sel28,selX,selZ,sem,sen=MISTRANSLATION,seo,seu",4.0.23,2025-06-03.1
PDT000010939.3|SAMN02469730|GCA_000212435.2|Staphylococcus aureus subsp. aureus RN4220||RN4220|Generic,GCA_000212435.2,SAMN02469730,,,,,,PDT000010939.3,2012-01-29,,3,"fosB,mepA,tet(38)",fosB,14,"aur,hld,hlgA,hlgB,hlgC,icaC,lukD,lukE,sasG=PARTIAL_END_OF_CONTIG,sel26,selX,splA,splB,splE",4.2.7,2026-03-24.1
PDT000011103.3|SAMN00780326|GCA_000259715.1|Staphylococcus aureus subsp. aureus 118||118|Generic,GCA_000259715.1,SAMN00780326,,,,,,PDT000011103.3,2012-04-27,,15,"ant(6)-Ia=PARTIAL,aph(3')-IIIa,blaI,blaR1,blaR1=HMM,blaZ,dfrG,fosB,mecA,mepA,mph(C),msr(A),parC_S80Y=POINT,sat4=PARTIAL,tet(38)","ant(6)-Ia=PARTIAL,aph(3')-IIIa,blaI,blaR1,blaR1=HMM,blaZ,dfrG,fosB,mecA,mph(C),msr(A),parC_S80Y=POINT,sat4=PARTIAL",21,"aur,hld,hlgA,hlgB,hlgC,icaC,lukF-PV,lukS-PV,scn,sea,sec2,sei,sel=PARTIAL,sel27,sel28,selX,selZ,sem,sen=MISTRANSLATION,seo,seu",4.2.7,2026-03-24.1
PDT000011107.3|SAMN02469359|GCA_000261165.1|Staphylococcus aureus subsp. aureus LCT-SA112||LCT-SA112|Generic,GCA_000261165.1,SAMN02469359,,,,,,PDT000011107.3,2012-06-28,,7,"fosB,glpT_A100V=POINT,glpT_V213I=POINT,mepA,murA_D278E=POINT,murA_E291D=POINT,tet(38)","fosB,glpT_A100V=POINT,glpT_V213I=POINT,murA_D278E=POINT,murA_E291D=POINT",13,"aur,hld,hlgA,hlgB,hlgC,icaC,lukF-PV,lukS-PV,sei,sem,sen=MISTRANSLATION,seu,splE",4.2.7,2026-03-24.1
PDT000011109.3|SAMN00991725|GCA_000280745.1|Staphylococcus aureus subsp. aureus GR1||GR1|Generic,GCA_000280745.1,SAMN00991725,,,,,,PDT000011109.3,2012-07-23,,15,"aac(6')-Ie/aph(2'')-Ia,ant(6)-Ia,aph(3')-IIIa,blaI,blaPC1,blaR1,dfrG,fosB,gyrA_S84L=POINT,mecA,mepA,parC_S80F=POINT,sat4,tet(38),tet(K)","aac(6')-Ie/aph(2'')-Ia,ant(6)-Ia,aph(3')-IIIa,blaI,blaPC1,blaR1,dfrG,fosB,gyrA_S84L=POINT,mecA,parC_S80F=POINT,sat4,tet(K)",16,"aur,hld,hlgA,hlgB,hlgC,icaC,lukD,lukE,sak,scn,sei,selX,sem,sen=MISTRANSLATION,seo,seu",4.2.7,2026-03-24.1
PDT000011321.3|SAMD00036546|GCA_000208695.1|Staphylococcus aureus 16K||16K|Generic,GCA_000208695.1,SAMD00036546,,,,,,PDT000011321.3,2011-04-22,,21,"aac(6')-Ie/aph(2'')-Ia,ant(9)-Ia,blaI,blaPC1,blaR1,catA,erm(A)=PARTIAL_END_OF_CONTIG,folP_E258EKE=POINT,folP_F17L=POINT,fosB,gyrA_E88K=POINT,mecA,mecI=MISTRANSLATION,mecR1,mepA,murA_G257D=POINT,parC_S80F=POINT,rpoB_H481N=POINT,rpoB_L466S=POINT,tet(38),tet(M)","aac(6')-Ie/aph(2'')-Ia,ant(9)-Ia,blaI,blaPC1,blaR1,catA,erm(A)=PARTIAL_END_OF_CONTIG,folP_E258EKE=POINT,folP_F17L=POINT,fosB,gyrA_E88K=POINT,mecA,mecI=MISTRANSLATION,mecR1,murA_G257D=POINT,parC_S80F=POINT,rpoB_H481N=POINT,rpoB_L466S=POINT,tet(38),tet(M)",17,"aur,hld,hlgA,hlgB,hlgC,icaC,lukD,lukE,sak,scn,sea,sek,sel26,selX,seq,splA,splB",4.0.23,2025-07-16.1
PDT000011322.3|SAMD00036595|GCA_000284895.1|Staphylococcus aureus subsp. aureus NN50||NN50|Generic,GCA_000284895.1,SAMD00036595,,,,,,PDT000011322.3,2012-08-07,,9,"aac(6')-Ie/aph(2'')-Ia,blaI,blaR1=HMM,blaZ,fosB,mecA,mecR1=PARTIAL,mepA,tet(38)","aac(6')-Ie/aph(2'')-Ia,blaI,blaR1=HMM,blaZ,fosB,mecA,mecR1=PARTIAL,tet(38)",18,"aur,hld,hlgA,hlgB,hlgC,icaC,lukD,lukE,sak,scn,sec3,sel=PARTIAL,sel26,selX,sep,splA,splB,tst",4.0.23,2025-07-16.1
PDT000011323.3|SAMD00036613|GCA_000308895.1|Staphylococcus aureus PM1||PM1|Generic,GCA_000308895.1,SAMD00036613,,,,,,PDT000011323.3,2012-10-31,,14,"ant(6)-Ia,aph(3')-IIIa,blaI,blaR1,blaZ,catA,erm(B),glpT_A100V=POINT,mecA,mepA,murA_E291D=POINT,murA_T396N=POINT,tet(38),tet(K)","ant(6)-Ia,aph(3')-IIIa,blaI,blaR1,blaZ,catA,erm(B),glpT_A100V=POINT,mecA,murA_E291D=POINT,murA_T396N=POINT,tet(38),tet(K)",14,"aur,hld,hlgA,hlgB,hlgC,icaC,lukF-PV,lukS-PV,scn,seb,sek,selX,seq,sey",4.0.23,2025-07-16.1
PDT000011324.3|SAMD00036616|GCA_000308915.1|Staphylococcus aureus NN54||NN54|Generic,GCA_000308915.1,SAMD00036616,,,,,,PDT000011324.3,2012-10-31,,20,"aac(6')-Ie/aph(2'')-Ia,aadD1,ant(9)-Ia,blaI,blaR1,blaZ=PARTIAL_END_OF_CONTIG,bleO,erm(A),fosB,fosD,gyrA_E88G=POINT,gyrA_S84L=POINT,mecA,mecI,mecR1,mepA,parC_E84K=POINT,parC_S80Y=POINT,tet(38),tet(M)","aac(6')-Ie/aph(2'')-Ia,aadD1,ant(9)-Ia,blaI,blaR1,blaZ=PARTIAL_END_OF_CONTIG,bleO,erm(A),fosB,fosD,gyrA_E88G=POINT,gyrA_S84L=POINT,mecA,mecI,mecR1,parC_E84K=POINT,parC_S80Y=POINT,tet(38),tet(M)",19,"aur,hld,hlgA,hlgB,hlgC,icaC,lukD,lukE,sak,scn,seb,sei,selX,sem,sen=MISTRANSLATION,seo,seu=PARTIAL,splA,splB",4.0.23,2025-07-16.1
PDT000011681.4|SAMN02472075|GCA_000350425.2|Staphylococcus aureus KLT6||KLT6|Generic,GCA_000350425.2,SAMN02472075,2009-10,Switzerland,,potato salad,,PDT000011681.4,2015-10-20,,3,"fosB,mepA,tet(38)",fosB,14,"aur,hld,hlgA,hlgB,hlgC,icaC,lukE,seb,sel26,selX,selZ,splA,splB,splE",4.2.7,2026-03-24.1
PDT000011948.3|SAMEA2272540|GCA_000367745.1|Staphylococcus aureus M1||M1|Generic,GCA_000367745.1,SAMEA2272540,,,,,,PDT000011948.3,2013-04-19,,14,"ant(9)-Ia,blaI,blaR1,blaZ,erm(A),fosB,fusA_V90I=POINT,gyrA_S84L=POINT,mecA,mecR1=PARTIAL,mepA,murA_G257D=POINT,parC_S80F=POINT,tet(38)","ant(9)-Ia,blaI,blaR1,blaZ,erm(A),fosB,fusA_V90I=POINT,gyrA_S84L=POINT,mecA,mecR1=PARTIAL,murA_G257D=POINT,parC_S80F=POINT,tet(38)",20,"aur,hld,hlgA,hlgB,hlgC,icaC,lukD,lukE,sak,sasG,scn,sea,sed,sej,sel26,selX,ser,splA,splB,splE",4.0.23,2025-06-03.1
PDT000011949.3|SAMN00809034|GCA_000361905.1|Staphylococcus aureus M0719||M0719|Generic,GCA_000361905.1,SAMN00809034,2004,"USA: Boston, MA",Homo sapiens,,,PDT000011949.3,2013-04-12,,22,"aadD1,ant(6)-Ia=MISTRANSLATION,ant(9)-Ia,aph(3')-IIIa,blaI,blaR1,blaZ,bleO,erm(A),fosB,gyrA_S84L=POINT,mecA,mecI,mecR1,mepA,mph(C),msr(A),parC_E84G=POINT,parC_S80Y=POINT,rpoB_H481N=POINT,sat4,tet(38)","aadD1,ant(6)-Ia=MISTRANSLATION,ant(9)-Ia,aph(3')-IIIa,blaI,blaR1,blaZ,bleO,erm(A),fosB,gyrA_S84L=POINT,mecA,mecI,mecR1,mph(C),msr(A),parC_E84G=POINT,parC_S80Y=POINT,rpoB_H481N=POINT,sat4,tet(38)",18,"aur,hld,hlgA,hlgB,hlgC,icaC,lukD,lukE,sak,scn,sei,selX,sem,sen=MISTRANSLATION,seo,seu=PARTIAL,splA,splB",4.2.7,2026-01-21.1
PDT000011950.3|SAMN00809035|GCA_000361925.1|Staphylococcus aureus M0769||M0769|Generic,GCA_000361925.1,SAMN00809035,2004,"USA: Boston, MA",Homo sapiens,,,PDT000011950.3,2013-04-12,,22,"aadD1,ant(6)-Ia=MISTRANSLATION,ant(9)-Ia,ant(9)-Ia=PARTIAL_END_OF_CONTIG,aph(3')-IIIa,blaI,blaR1,blaZ,bleO,erm(A),fosB,gyrA_S84L=POINT,mecA,mecI,mecR1,mepA,mph(C),msr(A),parC_E84G=POINT,parC_S80Y=POINT,sat4,tet(38)","aadD1,ant(6)-Ia=MISTRANSLATION,ant(9)-Ia,ant(9)-Ia=PARTIAL_END_OF_CONTIG,aph(3')-IIIa,blaI,blaR1,blaZ,bleO,erm(A),fosB,gyrA_S84L=POINT,mecA,mecI,mecR1,mph(C),msr(A),parC_E84G=POINT,parC_S80Y=POINT,sat4,tet(38)",18,"aur,hld,hlgA,hlgB,hlgC,icaC,lukE,sak,sasG=PARTIAL,scn,sei,selX,sem,sen=MISTRANSLATION,seo,seu=PARTIAL,splA,splB",4.0.23,2025-06-03.1
PDT000011951.3|SAMN00809036|GCA_000361945.1|Staphylococcus aureus M0770||M0770|Generic,GCA_000361945.1,SAMN00809036,2004,"USA: Boston, MA",Homo sapiens,,,PDT000011951.3,2013-04-12,,20,"aadD1,ant(9)-Ia,aph(3')-IIIa,blaI,blaR1,blaZ,bleO,erm(A),fosB,gyrA_S84L=POINT,mecA,mecI,mecR1,mepA,mph(C),msr(A),parC_E84G=POINT,parC_S80Y=POINT,sat4=PARTIAL,tet(38)","aadD1,ant(9)-Ia,aph(3')-IIIa,blaI,blaR1,blaZ,bleO,erm(A),fosB,gyrA_S84L=POINT,mecA,mecI,mecR1,mph(C),msr(A),parC_E84G=POINT,parC_S80Y=POINT,sat4=PARTIAL,tet(38)",18,"aur,hld,hlgA,hlgB,hlgC,icaC,lukD,lukE,sak,scn,sei,selX,sem,sen=MISTRANSLATION,seo,seu=PARTIAL,splA,splB",4.2.7,2026-01-21.1
PDT000011952.3|SAMN00809088|GCA_000363525.1|Staphylococcus aureus M1451||M1451|Generic,GCA_000363525.1,SAMN00809088,2004,"USA: Boston, MA",Homo sapiens,,,PDT000011952.3,2013-04-12,,22,"aadD1,ant(6)-Ia=MISTRANSLATION,ant(9)-Ia,aph(3')-IIIa,blaI,blaR1,blaZ,bleO,erm(A),erm(C),fosB,gyrA_S84L=POINT,mecA,mecI,mecR1,mepA,mph(C),msr(A),parC_E84G=POINT,parC_S80Y=POINT,sat4,tet(38)","aadD1,ant(6)-Ia=MISTRANSLATION,ant(9)-Ia,aph(3')-IIIa,blaI,blaR1,blaZ,bleO,erm(A),erm(C),fosB,gyrA_S84L=POINT,mecA,mecI,mecR1,mph(C),msr(A),parC_E84G=POINT,parC_S80Y=POINT,sat4,tet(38)",17,"aur,hld,hlgA,hlgB,hlgC,icaC,lukE,sak,scn,sei,selX,sem,sen=MISTRANSLATION,seo,seu=PARTIAL,splA,splB",4.0.23,2025-06-03.1
PDT000011963.3|SAMEA2272458|GCA_000382965.1|Staphylococcus aureus subsp. aureus ST228||ST228|Generic,GCA_000382965.1,SAMEA2272458,,,,,,PDT000011963.3,2013-04-26,,12,"ant(9)-Ia,blaI,blaPC1,blaR1,erm(A),fosB,gyrA_S84L=POINT,mecA,mecR1=PARTIAL,mepA,parC_S80F=POINT,tet(38)","ant(9)-Ia,blaI,blaPC1,blaR1,erm(A),fosB,gyrA_S84L=POINT,mecA,mecR1=PARTIAL,parC_S80F=POINT",19,"aur,hld,hlgA,hlgB,hlgC,icaC,lukD,lukE,sak,scn,sea,sei,selX,sem,sen=MISTRANSLATION,seo,seu=PARTIAL,splA,splB",4.2.7,2026-03-24.1
PDT000011964.3|SAMEA2272299|GCA_000382985.1|Staphylococcus aureus subsp. aureus ST228||ST228|Generic,GCA_000382985.1,SAMEA2272299,,,,,,PDT000011964.3,2013-04-26,,11,"ant(9)-Ia,erm(A),erm(C),fosB,gyrA_S84L=POINT,mecA,mecR1=PARTIAL,mepA,mupA,parC_S80F=POINT,tet(38)","ant(9)-Ia,erm(A),erm(C),fosB,gyrA_S84L=POINT,mecA,mecR1=PARTIAL,mupA,parC_S80F=POINT,tet(38)",19,"aur,hld,hlgA,hlgB,hlgC,icaC,lukD,lukE,sak,scn,sea,sei,selX,sem,sen=MISTRANSLATION,seo,seu=PARTIAL,splA,splB",4.0.23,2025-06-03.1
PDT000011965.3|SAMEA2272502|GCA_000383005.1|Staphylococcus aureus subsp. aureus ST228||ST228|Generic,GCA_000383005.1,SAMEA2272502,,,,,,PDT000011965.3,2013-04-26,,12,"ant(9)-Ia,blaI,blaPC1,blaR1,erm(A),fosB,gyrA_S84L=POINT,mecA,mecR1=PARTIAL,mepA,parC_S80F=POINT,tet(38)","ant(9)-Ia,blaI,blaPC1,blaR1,erm(A),fosB,gyrA_S84L=POINT,mecA,mecR1=PARTIAL,parC_S80F=POINT",20,"aur,hld,hlgA,hlgB,hlgC,icaC,lukD,lukE,sak,sasG=PARTIAL,scn,sea,sei,selX,sem,sen=MISTRANSLATION,seo,seu=PARTIAL,splA,splB",4.2.7,2026-03-24.1
PDT000012470.3|SAMN01110267|GCA_000336335.1|Staphylococcus aureus subsp. aureus 120||120|Generic,GCA_000336335.1,SAMN01110267,,,,,,PDT000012470.3,2013-02-01,,18,"aac(6')-Ie/aph(2'')-Ia,ant(6)-Ia=PARTIAL,aph(3')-IIIa,blaI,blaR1,blaR1=HMM,blaZ,blaZ=PARTIAL_END_OF_CONTIG,dfrG,fosB,gyrA_S84L=POINT,mecA,mepA,mph(C),msr(A),parC_S80Y=POINT,sat4=PARTIAL,tet(38)","aac(6')-Ie/aph(2'')-Ia,ant(6)-Ia=PARTIAL,aph(3')-IIIa,blaI,blaR1,blaR1=HMM,blaZ,blaZ=PARTIAL_END_OF_CONTIG,dfrG,fosB,gyrA_S84L=POINT,mecA,mph(C),msr(A),parC_S80Y=POINT,sat4=PARTIAL",22,"aur,cna=PARTIAL_END_OF_CONTIG,hld,hlgA,hlgB,hlgC,icaC,lukF-PV,lukS-PV,scn,sea,sec2,sei,sel=PARTIAL,sel27,sel28,selX,selZ,sem,sen=MISTRANSLATION,seo,seu",4.2.7,2026-03-24.1
PDT000012471.3|SAMN01923431|GCA_000336275.1|Staphylococcus aureus subsp. aureus 333|||Generic,GCA_000336275.1,SAMN01923431,,,,,,PDT000012471.3,2013-02-01,,11,"aac(6')-Ie/aph(2'')-Ia,blaI,blaR1=HMM,blaZ,dfrG,fosB,gyrA_S84L=POINT,mecA,mepA,parC_S80Y=POINT,tet(38)","aac(6')-Ie/aph(2'')-Ia,blaI,blaR1=HMM,blaZ,dfrG,fosB,gyrA_S84L=POINT,mecA,parC_S80Y=POINT",21,"aur,hld,hlgA,hlgB,hlgC,icaC,lukF-PV,lukS-PV,scn,sea,sec2,sei,sel=PARTIAL,sel27,sel28,selX,selZ,sem,sen=MISTRANSLATION,seo,seu",4.2.7,2026-03-24.1
PDT000012472.3|SAMN01923428|GCA_000336295.1|Staphylococcus aureus subsp. aureus VH60|||Generic,GCA_000336295.1,SAMN01923428,,,,,,PDT000012472.3,2013-02-01,,17,"aac(6')-Ie/aph(2'')-Ia,ant(6)-Ia=PARTIAL,aph(3')-IIIa,blaI,blaR1,blaR1=HMM,blaZ,dfrG,fosB,gyrA_S84L=POINT,mecA,mepA,mph(C),msr(A),parC_S80Y=POINT,sat4=PARTIAL,tet(38)","aac(6')-Ie/aph(2'')-Ia,ant(6)-Ia=PARTIAL,aph(3')-IIIa,blaI,blaR1,blaR1=HMM,blaZ,dfrG,fosB,gyrA_S84L=POINT,mecA,mph(C),msr(A),parC_S80Y=POINT,sat4=PARTIAL,tet(38)",21,"aur,hld,hlgA,hlgB,hlgC,icaC,lukF-PV,lukS-PV,scn,sea,sec2,sei,sel=PARTIAL,sel27,sel28,selX,selZ,sem,sen=MISTRANSLATION,seo,seu",4.0.23,2025-06-03.1
PDT000012473.3|SAMN01906555|GCA_000336315.1|Staphylococcus aureus subsp. aureus 3989|||Generic,GCA_000336315.1,SAMN01906555,,,,,,PDT000012473.3,2013-02-01,,17,"aac(6')-Ie/aph(2'')-Ia,ant(6)-Ia=PARTIAL,aph(3')-IIIa,blaI,blaR1,blaR1=HMM,blaZ,dfrG,fosB,gyrA_S84L=POINT,mecA,mepA,mph(C),msr(A),parC_S80Y=POINT,sat4=PARTIAL,tet(38)","aac(6')-Ie/aph(2'')-Ia,ant(6)-Ia=PARTIAL,aph(3')-IIIa,blaI,blaR1,blaR1=HMM,blaZ,dfrG,fosB,gyrA_S84L=POINT,mecA,mph(C),msr(A),parC_S80Y=POINT,sat4=PARTIAL",20,"aur,cna=PARTIAL_END_OF_CONTIG,hld,hlgA,hlgB,hlgC,icaC,lukF-PV,lukS-PV,scn,sea,sei,sel27,sel28,selX,selZ,sem,sen=MISTRANSLATION,seo,seu",4.2.7,2026-03-24.1
PDT000012543.3|SAMN02435813|GCA_000307695.1|Staphylococcus aureus M2||M2|Generic,GCA_000307695.1,SAMN02435813,2000,USA,Homo sapiens,osteomyelitis,,PDT000012543.3,2012-10-22,,26,"aac(6')-Ie/aph(2'')-Ia,ant(6)-Ia,ant(9)-Ia,aph(3')-IIIa,blaI,blaR1=MISTRANSLATION,blaZ=PARTIAL,dfrS1,erm(A),erm(C),fosB,glpT_A100V=POINT,glpT_V213I=POINT,gyrA_E88K=POINT,mecA,mecR1=PARTIAL,mepA,murA_D278E=POINT,murA_E291D=POINT,parC_S80F=POINT,rpoB_H481N=POINT,rpoC_A738T=POINT,sat4,tet(38),tet(K),tet(M)","aac(6')-Ie/aph(2'')-Ia,ant(6)-Ia,ant(9)-Ia,aph(3')-IIIa,blaI,blaR1=MISTRANSLATION,blaZ=PARTIAL,dfrS1,erm(A),erm(C),fosB,glpT_A100V=POINT,glpT_V213I=POINT,gyrA_E88K=POINT,mecA,mecR1=PARTIAL,murA_D278E=POINT,murA_E291D=POINT,parC_S80F=POINT,rpoB_H481N=POINT,rpoC_A738T=POINT,sat4,tet(K),tet(M)",13,"aur,hld,hlgA,hlgB,hlgC,icaC,sak,scn,sei,sem,sen=MISTRANSLATION,seu,splE",4.2.7,2026-03-24.1
PDT000012782.3|SAMN01923433|GCA_000364505.1|Staphylococcus aureus 3957|||Generic,GCA_000364505.1,SAMN01923433,,,,,,PDT000012782.3,2013-04-12,,11,"aac(6')-Ie/aph(2'')-Ia,blaI,blaR1=HMM,blaZ,dfrG,fosB,gyrA_S84L=POINT,mecA,mepA,parC_S80F=POINT,tet(38)","aac(6')-Ie/aph(2'')-Ia,blaI,blaR1=HMM,blaZ,dfrG,fosB,gyrA_S84L=POINT,mecA,parC_S80F=POINT,tet(38)",22,"aur,cna=PARTIAL_END_OF_CONTIG,hld,hlgA,hlgB,hlgC,icaC,lukF-PV,lukS-PV,scn,sea,sec2=PARTIAL,sei,sel=PARTIAL,sel27,sel28,selX,selZ,sem,sen=MISTRANSLATION,seo,seu",4.0.23,2025-06-03.1
PDT000012783.3|SAMN01906553|GCA_000364525.1|Staphylococcus aureus LVP2|||Generic,GCA_000364525.1,SAMN01906553,,,,,,PDT000012783.3,2013-04-12,,17,"aac(6')-Ie/aph(2'')-Ia,ant(6)-Ia=PARTIAL,aph(3')-IIIa,blaI,blaR1,blaR1=HMM,blaZ,dfrG,fosB,gyrA_S84L=POINT,mecA,mepA,mph(C),msr(A),parC_S80F=POINT,sat4=PARTIAL,tet(38)","aac(6')-Ie/aph(2'')-Ia,ant(6)-Ia=PARTIAL,aph(3')-IIIa,blaI,blaR1,blaR1=HMM,blaZ,dfrG,fosB,gyrA_S84L=POINT,mecA,mph(C),msr(A),parC_S80F=POINT,sat4=PARTIAL,tet(38)",22,"aur,cna=PARTIAL_END_OF_CONTIG,hld,hlgA,hlgB,hlgC,icaC,lukF-PV,lukS-PV,scn,sea,sec2,sei,sel=PARTIAL,sel27,sel28,selX,selZ,sem,sen=MISTRANSLATION,seo,seu",4.0.23,2025-06-03.1
PDT000012784.3|SAMN01906554|GCA_000364465.1|Staphylococcus aureus LVP5|||Generic,GCA_000364465.1,SAMN01906554,,,,,,PDT000012784.3,2013-04-12,,3,"fosB,mepA,tet(38)","fosB,tet(38)",18,"aur,hld,hlgA,hlgB,hlgC,icaC,lukD,lukE,sak=MISTRANSLATION,scn,sei,sek,selX,sem,sen=MISTRANSLATION,seo,seq,seu",4.2.7,2026-01-21.1
PDT000012785.3|SAMN01923432|GCA_000364485.1|Staphylococcus aureus VH221|||Generic,GCA_000364485.1,SAMN01923432,,,,,,PDT000012785.3,2013-04-12,,9,"blaI,blaR1,blaZ,dfrB_F99Y=POINT,fosB,gyrA_S84L=POINT,mepA,parC_S80F=POINT,tet(38)","blaI,blaR1,blaZ,dfrB_F99Y=POINT,fosB,gyrA_S84L=POINT,parC_S80F=POINT,tet(38)",16,"aur,hld,hlgA,hlgB,hlgC,icaC,lukD,lukE,sak,scn,sei,selX,sem,sen=MISTRANSLATION,seo,seu",4.0.23,2025-06-03.1
PDT000013868.3|SAMN00792126|GCA_000359865.1|Staphylococcus aureus HI049||HI049|Generic,GCA_000359865.1,SAMN00792126,2007,"USA: Boston, MA",Homo sapiens,,,PDT000013868.3,2013-04-12,,16,"ant(6)-Ia=MISTRANSLATION,aph(3')-IIIa,blaI,blaR1,blaZ,fosB,gyrA_S84L=POINT,mecA,mecR1=PARTIAL,mepA,mph(C),msr(A),murA_G257D=POINT,parC_S80Y=POINT,sat4,tet(38)","ant(6)-Ia=MISTRANSLATION,aph(3')-IIIa,blaI,blaR1,blaZ,fosB,gyrA_S84L=POINT,mecA,mecR1=PARTIAL,mph(C),msr(A),murA_G257D=POINT,parC_S80Y=POINT,sat4,tet(38)",20,"aur,hld,hlgA,hlgB,hlgC,icaC,lukD,lukE,lukF-PV,lukS-PV,sak,sasG=PARTIAL,scn,sek,sel26,selX,seq,splA,splB,splE",4.2.7,2026-01-21.1
PDT000013869.3|SAMN00792137|GCA_000359765.1|Staphylococcus aureus HI010||HI010|Generic,GCA_000359765.1,SAMN00792137,2007,"USA: Boston, MA",Homo sapiens,,,PDT000013869.3,2013-04-12,,16,"ant(6)-Ia=MISTRANSLATION,aph(3')-IIIa,blaI,blaR1,blaZ,fosB,gyrA_S84L=POINT,mecA,mecR1=PARTIAL,mepA,mph(C),msr(A),murA_G257D=POINT,parC_S80Y=POINT,sat4,tet(38)","ant(6)-Ia=MISTRANSLATION,aph(3')-IIIa,blaI,blaR1,blaZ,fosB,gyrA_S84L=POINT,mecA,mecR1=PARTIAL,mph(C),msr(A),murA_G257D=POINT,parC_S80Y=POINT,sat4,tet(38)",20,"aur,hld,hlgA,hlgB,hlgC,icaC,lukD,lukE,lukF-PV,lukS-PV,sak,sasG=PARTIAL,scn,sek,sel26,selX,seq,splA,splB,splE",4.2.7,2026-01-21.1
PDT000013870.3|SAMN00792148|GCA_000359825.1|Staphylococcus aureus HI049B||HI049B|Generic,GCA_000359825.1,SAMN00792148,2007,"USA: Boston, MA",Homo sapiens,,,PDT000013870.3,2013-04-12,,12,"aph(3')-IIIa,blaI,blaR1,blaZ,fosB,mecA,mecR1=PARTIAL,mepA,mph(C),msr(A),murA_G257D=POINT,tet(38)","aph(3')-IIIa,blaI,blaR1,blaZ,fosB,mecA,mecR1=PARTIAL,mph(C),msr(A),murA_G257D=POINT,tet(38)",20,"aur,hld,hlgA,hlgB,hlgC,icaC,lukD,lukE,lukF-PV,lukS-PV,sak,sasG=PARTIAL,scn,sek,sel26,selX,seq,splA,splB,splE",4.0.23,2025-06-03.1
PDT000013871.3|SAMN00792159|GCA_000359665.1|Staphylococcus aureus HI010B||HI010B|Generic,GCA_000359665.1,SAMN00792159,2007,"USA: Boston, MA",Homo sapiens,,,PDT000013871.3,2013-04-09,,16,"ant(6)-Ia=MISTRANSLATION,aph(3')-IIIa,blaI,blaR1,blaZ,fosB,gyrA_S84L=POINT,mecA,mecR1=PARTIAL,mepA,mph(C),msr(A),murA_G257D=POINT,parC_S80Y=POINT,sat4,tet(38)","ant(6)-Ia=MISTRANSLATION,aph(3')-IIIa,blaI,blaR1,blaZ,fosB,gyrA_S84L=POINT,mecA,mecR1=PARTIAL,mph(C),msr(A),murA_G257D=POINT,parC_S80Y=POINT,sat4,tet(38)",19,"aur,hld,hlgA,hlgB,hlgC,icaC,lukD,lukE,lukF-PV,lukS-PV,sak,scn,sek,sel26,selX,seq,splA,splB,splE",4.0.23,2025-06-03.1
PDT000013872.3|SAMN00792167|GCA_000359925.1|Staphylococcus aureus HIF003_B2N-C||HIF003_B2N-C|Generic,GCA_000359925.1,SAMN00792167,2007,"USA: Boston, MA",Homo sapiens,,,PDT000013872.3,2013-04-12,,5,"erm(C)=PARTIAL_END_OF_CONTIG,fosB,mepA,murA_G257D=POINT,tet(38)","erm(C)=PARTIAL_END_OF_CONTIG,fosB,murA_G257D=POINT,tet(38)",19,"aur,hld,hlgA,hlgB,hlgC,icaC,lukD,lukE,sak,sasG=PARTIAL,scn,sea,sek,sel26,selX,seq,splA,splB,splE",4.0.23,2025-06-03.1
PDT000013873.3|SAMN00792168|GCA_000359805.1|Staphylococcus aureus HI022||HI022|Generic,GCA_000359805.1,SAMN00792168,2007,"USA: Boston, MA",Homo sapiens,,,PDT000013873.3,2013-04-12,,12,"ant(6)-Ia=MISTRANSLATION,aph(3')-IIIa,blaI,blaR1,blaZ,fosB,mepA,mph(C),msr(A),murA_G257D=POINT,sat4,tet(38)","ant(6)-Ia=MISTRANSLATION,aph(3')-IIIa,blaI,blaR1,blaZ,fosB,mph(C),msr(A),murA_G257D=POINT,sat4,tet(38)",20,"aur,hld,hlgA,hlgB,hlgC,icaC,lukD,lukE,lukF-PV,lukS-PV,sak,sasG=PARTIAL,scn,sek,sel26,selX,seq,splA,splB,splE",4.2.7,2026-01-21.1
PDT000013874.3|SAMN00792169|GCA_000359845.1|Staphylococcus aureus HI049C||HI049C|Generic,GCA_000359845.1,SAMN00792169,2007,"USA: Boston, MA",Homo sapiens,,,PDT000013874.3,2013-04-12,,12,"aph(3')-IIIa,blaI,blaR1,blaZ,fosB,mecA,mecR1=PARTIAL,mepA,mph(C),msr(A),murA_G257D=POINT,tet(38)","aph(3')-IIIa,blaI,blaR1,blaZ,fosB,mecA,mecR1=PARTIAL,mph(C),msr(A),murA_G257D=POINT,tet(38)",20,"aur,hld,hlgA,hlgB,hlgC,icaC,lukD,lukE,lukF-PV,lukS-PV,sak,sasG=PARTIAL,scn,sek,sel26,selX,seq,splA,splB,splE",4.0.23,2025-06-03.1
PDT000013875.3|SAMN00792170|GCA_000359905.1|Staphylococcus aureus HI168||HI168|Generic,GCA_000359905.1,SAMN00792170,2007,"USA: Boston, MA",Homo sapiens,,,PDT000013875.3,2013-04-12,,16,"aadD1,ant(6)-Ia=MISTRANSLATION,aph(3')-IIIa,blaI,blaR1,blaZ,fosB,mecA,mecR1=PARTIAL,mepA,mph(C),msr(A),mupA,murA_G257D=POINT,sat4,tet(38)","aadD1,ant(6)-Ia=MISTRANSLATION,aph(3')-IIIa,blaI,blaR1,blaZ,fosB,mecA,mecR1=PARTIAL,mph(C),msr(A),mupA,murA_G257D=POINT,sat4,tet(38)",17,"aur,hld,hlgA,hlgB,hlgC,icaC,lukD,lukE,lukF-PV,lukS-PV,sak,sasG=PARTIAL,scn,sel26,selX,splA,splB",4.2.7,2026-01-21.1
PDT000013876.3|SAMN00792171|GCA_000359885.1|Staphylococcus aureus HI111||HI111|Generic,GCA_000359885.1,SAMN00792171,2007,"USA: Boston, MA",Homo sapiens,,,PDT000013876.3,2013-04-12,,14,"ant(6)-Ia=MISTRANSLATION,aph(3')-IIIa,blaI,blaR1,blaZ,fosB,mecA,mecR1=PARTIAL,mepA,mph(C),msr(A),murA_G257D=POINT,sat4,tet(38)","ant(6)-Ia=MISTRANSLATION,aph(3')-IIIa,blaI,blaR1,blaZ,fosB,mecA,mecR1=PARTIAL,mph(C),msr(A),murA_G257D=POINT,sat4,tet(38)",20,"aur,hld,hlgA,hlgB,hlgC,icaC,lukD,lukE,lukF-PV,lukS-PV,sak,sasG=PARTIAL,scn,sek,sel26,selX,seq=PARTIAL,splA,splB,splE",4.0.23,2025-06-03.1
PDT000013877.3|SAMN00792127|GCA_000359785.1|Staphylococcus aureus HI013||HI013|Generic,GCA_000359785.1,SAMN00792127,2007,"USA: Boston, MA",Homo sapiens,,,PDT000013877.3,2013-04-12,,14,"ant(6)-Ia=MISTRANSLATION,aph(3')-IIIa,blaI,blaR1,blaZ,fosB,mecA,mecR1=PARTIAL,mepA,mph(C),msr(A),murA_G257D=POINT,sat4,tet(38)","ant(6)-Ia=MISTRANSLATION,aph(3')-IIIa,blaI,blaR1,blaZ,fosB,mecA,mecR1=PARTIAL,mph(C),msr(A),murA_G257D=POINT,sat4,tet(38)",20,"aur,hld,hlgA,hlgB,hlgC,icaC,lukD,lukE,lukF-PV,lukS-PV,sak,sasG=PARTIAL,scn,sek,sel26,selX,seq,splA,splB,splE",4.0.23,2025-06-03.1
PDT000013878.3|SAMN00792128|GCA_000359945.1|Staphylococcus aureus M0001||M0001|Generic,GCA_000359945.1,SAMN00792128,2003,"USA: Boston, MA",Homo sapiens,,,PDT000013878.3,2013-04-12,,21,"aadD1,ant(6)-Ia=MISTRANSLATION,ant(9)-Ia,aph(3')-IIIa,blaI,blaR1,blaZ,bleO,erm(A),fosB,gyrA_S84L=POINT,mecA,mecI,mecR1,mepA,mph(C),msr(A),parC_E84G=POINT,parC_S80Y=POINT,sat4,tet(38)","aadD1,ant(6)-Ia=MISTRANSLATION,ant(9)-Ia,aph(3')-IIIa,blaI,blaR1,blaZ,bleO,erm(A),fosB,gyrA_S84L=POINT,mecA,mecI,mecR1,mph(C),msr(A),parC_E84G=POINT,parC_S80Y=POINT,sat4,tet(38)",18,"aur,hld,hlgA,hlgB,hlgC,icaC,lukD,lukE,sak,scn,sei,selX,sem,sen=MISTRANSLATION,seo,seu=PARTIAL,splA,splB",4.0.23,2025-06-03.1
PDT000013879.3|SAMN00792129|GCA_000359985.1|Staphylococcus aureus M0029||M0029|Generic,GCA_000359985.1,SAMN00792129,2003,"USA: Boston, MA",Homo sapiens,,,PDT000013879.3,2013-04-12,,15,"aadD1,ant(9)-Ia,blaI,blaR1,blaZ,bleO,erm(A),fosB,gyrA_S84L=POINT,mecA,mecI,mecR1,mepA,parC_S80F=POINT,tet(38)","aadD1,ant(9)-Ia,blaI,blaR1,blaZ,bleO,erm(A),fosB,gyrA_S84L=POINT,mecA,mecI,mecR1,parC_S80F=POINT,tet(38)",21,"aur,hld,hlgA,hlgB,hlgC,icaC,lukD,lukE,sak,scn,sed,sei,sej,selX,sem,sen=MISTRANSLATION,seo,ser,seu=PARTIAL,splA,splB",4.0.23,2025-06-03.1
PDT000013880.3|SAMN00792130|GCA_000360005.1|Staphylococcus aureus M0035||M0035|Generic,GCA_000360005.1,SAMN00792130,2003,"USA: Boston, MA",Homo sapiens,,,PDT000013880.3,2013-04-12,,15,"aadD1,ant(9)-Ia,blaI,blaR1,blaZ,bleO,erm(A),fosB,gyrA_S84L=POINT,mecA,mecI,mecR1,mepA,parC_S80F=POINT,tet(38)","aadD1,ant(9)-Ia,blaI,blaR1,blaZ,bleO,erm(A),fosB,gyrA_S84L=POINT,mecA,mecI,mecR1,parC_S80F=POINT,tet(38)",22,"aur,hld,hlgA,hlgB,hlgC,icaC,lukD,lukE,sak,scn,sed=PARTIAL,sei,sej,selX,sem,sen=MISTRANSLATION,seo,sep,ser,seu=PARTIAL,splA,splB",4.2.7,2026-01-21.1
PDT000013881.3|SAMN00792131|GCA_000360025.1|Staphylococcus aureus M0045||M0045|Generic,GCA_000360025.1,SAMN00792131,2003,"USA: Boston, MA",Homo sapiens,,,PDT000013881.3,2013-04-12,,21,"aadD1,ant(6)-Ia=MISTRANSLATION,ant(9)-Ia,aph(3')-IIIa,blaI,blaR1,blaZ,bleO,erm(A),fosB,gyrA_S84L=POINT,mecA,mecI,mecR1,mepA,mph(C),msr(A),parC_E84G=POINT,parC_S80Y=POINT,sat4,tet(38)","aadD1,ant(6)-Ia=MISTRANSLATION,ant(9)-Ia,aph(3')-IIIa,blaI,blaR1,blaZ,bleO,erm(A),fosB,gyrA_S84L=POINT,mecA,mecI,mecR1,mph(C),msr(A),parC_E84G=POINT,parC_S80Y=POINT,sat4,tet(38)",18,"aur,hld,hlgA,hlgB,hlgC,icaC,lukD,lukE,sak,scn,sei,selX,sem,sen=MISTRANSLATION,seo,seu=PARTIAL,splA,splB",4.0.23,2025-06-03.1
PDT000013882.3|SAMN00792133|GCA_000360085.1|Staphylococcus aureus M0066||M0066|Generic,GCA_000360085.1,SAMN00792133,2003,"USA: Boston, MA",Homo sapiens,,,PDT000013882.3,2013-04-12,,17,"aadD1,ant(9)-Ia,blaI,blaR1,blaZ,bleO,erm(A),fosB,gyrA_E88K=POINT,gyrA_S84L=POINT,mecA,mecI,mecR1,mepA,parC_E84G=POINT,parC_S80Y=POINT,tet(38)","aadD1,ant(9)-Ia,blaI,blaR1,blaZ,bleO,erm(A),fosB,gyrA_E88K=POINT,gyrA_S84L=POINT,mecA,mecI,mecR1,parC_E84G=POINT,parC_S80Y=POINT,tet(38)",21,"aur,hld,hlgA,hlgB,hlgC,icaC,lukD,lukE,sak,scn,sed,sei,sej,selX,sem,sen=MISTRANSLATION,seo,ser,seu=PARTIAL,splA,splB",4.0.23,2025-06-03.1
PDT000013883.3|SAMN00792134|GCA_000360125.1|Staphylococcus aureus M0102||M0102|Generic,GCA_000360125.1,SAMN00792134,2003,"USA: Boston, MA",Homo sapiens,,,PDT000013883.3,2013-04-12,,12,"aadD1,ant(9)-Ia,bleO,erm(A),fosB,gyrA_S84L=POINT,mecA,mecI,mecR1,mepA,parC_S80F=POINT,tet(38)","aadD1,ant(9)-Ia,bleO,erm(A),fosB,gyrA_S84L=POINT,mecA,mecI,mecR1,parC_S80F=POINT,tet(38)",20,"aur,hld,hlgA,hlgB,hlgC,icaC,lukD,lukE,sak,sasG=PARTIAL,scn=MISTRANSLATION,sei,selX,sem,sen=MISTRANSLATION,seo,sep,seu=PARTIAL,splA,splB",4.0.23,2025-06-03.1
PDT000013884.3|SAMN00792135|GCA_000360145.1|Staphylococcus aureus M0103||M0103|Generic,GCA_000360145.1,SAMN00792135,2003,"USA: Boston, MA",Homo sapiens,,,PDT000013884.3,2013-04-12,,21,"aadD1,ant(6)-Ia=MISTRANSLATION,ant(9)-Ia,aph(3')-IIIa,blaI,blaR1,blaZ,bleO,erm(A),fosB,gyrA_S84L=POINT,mecA,mecI,mecR1,mepA,mph(C),msr(A),parC_E84G=POINT,parC_S80Y=POINT,sat4,tet(38)","aadD1,ant(6)-Ia=MISTRANSLATION,ant(9)-Ia,aph(3')-IIIa,blaI,blaR1,blaZ,bleO,erm(A),fosB,gyrA_S84L=POINT,mecA,mecI,mecR1,mph(C),msr(A),parC_E84G=POINT,parC_S80Y=POINT,sat4,tet(38)",18,"aur,hld,hlgA,hlgB,hlgC,icaC,lukD,lukE,sak,scn,sei,selX,sem,sen=MISTRANSLATION,seo,seu=PARTIAL,splA,splB",4.2.7,2026-01-21.1
PDT000013885.3|SAMN00792136|GCA_000360225.1|Staphylococcus aureus M0150||M0150|Generic,GCA_000360225.1,SAMN00792136,2003,"USA: Boston, MA",Homo sapiens,,,PDT000013885.3,2013-04-12,,21,"aadD1,ant(6)-Ia=MISTRANSLATION,ant(9)-Ia,aph(3')-IIIa,blaI,blaR1,blaZ,bleO,erm(A),fosB,gyrA_S84L=POINT,mecA,mecI,mecR1,mepA,mph(C),msr(A),parC_E84G=POINT,parC_S80Y=POINT,sat4,tet(38)","aadD1,ant(6)-Ia=MISTRANSLATION,ant(9)-Ia,aph(3')-IIIa,blaI,blaR1,blaZ,bleO,erm(A),fosB,gyrA_S84L=POINT,mecA,mecI,mecR1,mph(C),msr(A),parC_E84G=POINT,parC_S80Y=POINT,sat4,tet(38)",18,"aur,hld,hlgA,hlgB,hlgC,icaC,lukD,lukE,sak,scn,sei,selX,sem,sen=MISTRANSLATION,seo,seu=PARTIAL,splA,splB",4.0.23,2025-06-03.1
PDT000013886.3|SAMN00792138|GCA_000360285.1|Staphylococcus aureus M0173||M0173|Generic,GCA_000360285.1,SAMN00792138,2003,"USA: Boston, MA",Homo sapiens,,,PDT000013886.3,2013-04-12,,17,"aadD1,ant(9)-Ia,blaI,blaR1,blaZ,bleO,erm(A),fosB,gyrA_E88K=POINT,gyrA_S84L=POINT,mecA,mecI,mecR1,mepA,parC_E84G=POINT,parC_S80Y=POINT,tet(38)","aadD1,ant(9)-Ia,blaI,blaR1,blaZ,bleO,erm(A),fosB,gyrA_E88K=POINT,gyrA_S84L=POINT,mecA,mecI,mecR1,parC_E84G=POINT,parC_S80Y=POINT,tet(38)",20,"aur,hld,hlgA,hlgB,hlgC,icaC,lukD,lukE,sak,scn,sed,sei,sej,sem,sen=MISTRANSLATION,seo,ser=PARTIAL,seu=PARTIAL,splA,splB",4.0.23,2025-06-03.1
PDT000013887.3|SAMN00792139|GCA_000360325.1|Staphylococcus aureus M0192||M0192|Generic,GCA_000360325.1,SAMN00792139,2003,"USA: Boston, MA",Homo sapiens,,,PDT000013887.3,2013-04-12,,16,"aadD1,ant(9)-Ia,blaI,blaR1,blaZ,bleO,erm(A),fosB,gyrA_S84L=POINT,mecA,mecI,mecR1,mepA,parC_E84G=POINT,parC_S80Y=POINT,tet(38)","aadD1,ant(9)-Ia,blaI,blaR1,blaZ,bleO,erm(A),fosB,gyrA_S84L=POINT,mecA,mecI,mecR1,parC_E84G=POINT,parC_S80Y=POINT,tet(38)",20,"aur,hld,hlgA,hlgB,hlgC,icaC,lukE,sak,scn,sed,sei,sej,selX,sem,sen=MISTRANSLATION,seo,ser,seu=PARTIAL,splA,splB",4.0.23,2025-06-03.1
PDT000013888.3|SAMN00792140|GCA_000360345.1|Staphylococcus aureus M0197||M0197|Generic,GCA_000360345.1,SAMN00792140,2003,"USA: Boston, MA",Homo sapiens,,,PDT000013888.3,2013-04-12,,21,"aadD1,ant(6)-Ia=MISTRANSLATION,ant(9)-Ia,aph(3')-IIIa,blaI,blaR1,blaZ,bleO,erm(A),fosB,gyrA_S84L=POINT,mecA,mecI,mecR1,mepA,mph(C),msr(A),parC_E84G=POINT,parC_S80Y=POINT,sat4,tet(38)","aadD1,ant(6)-Ia=MISTRANSLATION,ant(9)-Ia,aph(3')-IIIa,blaI,blaR1,blaZ,bleO,erm(A),fosB,gyrA_S84L=POINT,mecA,mecI,mecR1,mph(C),msr(A),parC_E84G=POINT,parC_S80Y=POINT,sat4,tet(38)",18,"aur,hld,hlgA,hlgB,hlgC,icaC,lukD,lukE,sak,scn,sei,selX,sem,sen=MISTRANSLATION,seo,seu=PARTIAL,splA,splB",4.2.7,2026-01-21.1
PDT000013889.3|SAMN00792141|GCA_000360465.1|Staphylococcus aureus M0221||M0221|Generic,GCA_000360465.1,SAMN00792141,2003,"USA: Boston, MA",Homo sapiens,,,PDT000013889.3,2013-04-12,,18,"aac(6')-Ie/aph(2'')-Ia,aadD1,blaI,blaPC1,blaR1,bleO,dfrS1,folP_E208K=POINT,folP_F17L=POINT,fosB,gyrA_S84L=POINT,mecA,mecR1=PARTIAL,mepA,murA_G257D=POINT,parC_S80F=POINT,tet(38),tet(M)","aac(6')-Ie/aph(2'')-Ia,aadD1,blaI,blaPC1,blaR1,bleO,dfrS1,folP_E208K=POINT,folP_F17L=POINT,fosB,gyrA_S84L=POINT,mecA,mecR1=PARTIAL,murA_G257D=POINT,parC_S80F=POINT,tet(38),tet(M)",16,"aur,hld,hlgA,hlgB,hlgC,icaC,lukD,lukE,seb,sek,sel26,selX,seq,splA,splB,splE",4.2.7,2026-01-21.1
PDT000013890.3|SAMN00792142|GCA_000360505.1|Staphylococcus aureus M0237||M0237|Generic,GCA_000360505.1,SAMN00792142,2004,"USA: Boston, MA",Homo sapiens,,,PDT000013890.3,2013-04-12,,15,"aadD1,ant(9)-Ia,blaI,blaR1,blaZ,bleO,erm(A),fosB,gyrA_S84L=POINT,mecA,mecI,mecR1,mepA,parC_S80F=POINT,tet(38)","aadD1,ant(9)-Ia,blaI,blaR1,blaZ,bleO,erm(A),fosB,gyrA_S84L=POINT,mecA,mecI,mecR1,parC_S80F=POINT,tet(38)",19,"aur,hld,hlgA,hlgB,hlgC,icaC,lukD,lukE,sak,scn=MISTRANSLATION,sei,selX,sem,sen=MISTRANSLATION,seo,sep,seu=PARTIAL,splA,splB",4.2.7,2026-01-21.1
PDT000013891.3|SAMN00792143|GCA_000360525.1|Staphylococcus aureus M0239||M0239|Generic,GCA_000360525.1,SAMN00792143,2003,"USA: Boston, MA",Homo sapiens,,,PDT000013891.3,2013-04-12,,5,"blaI,blaR1,blaZ,mepA,tet(38)","blaI,blaR1,blaZ,tet(38)",13,"aur,hld,hlgA,hlgB,hlgC,icaC,lukD,lukE,sak,scn,splA,splB,splE",4.0.23,2025-06-03.1
PDT000013892.3|SAMN00792144|GCA_000360585.1|Staphylococcus aureus M0252||M0252|Generic,GCA_000360585.1,SAMN00792144,2003,"USA: Boston, MA",Homo sapiens,,,PDT000013892.3,2013-04-12,,16,"aadD1,ant(9)-Ia,blaI,blaR1,blaZ,bleO,erm(A),fosB,gyrA_S84L=POINT,mecA,mecI,mecR1,mepA,parC_E84G=POINT,parC_S80Y=POINT,tet(38)","aadD1,ant(9)-Ia,blaI,blaR1,blaZ,bleO,erm(A),fosB,gyrA_S84L=POINT,mecA,mecI,mecR1,parC_E84G=POINT,parC_S80Y=POINT,tet(38)",19,"aur,hld,hlgA,hlgB,hlgC,icaC,lukD,lukE,sed,sei,sej,selX,sem,sen=MISTRANSLATION,seo,ser,seu=PARTIAL,splA,splB",4.0.23,2025-06-03.1
PDT000013893.3|SAMN00792145|GCA_000360745.1|Staphylococcus aureus M0326||M0326|Generic,GCA_000360745.1,SAMN00792145,2003,"USA: Boston, MA",Homo sapiens,,,PDT000013893.3,2013-04-12,,21,"aadD1,ant(6)-Ia=MISTRANSLATION,ant(9)-Ia,aph(3')-IIIa,blaI,blaR1,blaZ,bleO,erm(A),fosB,gyrA_S84L=POINT,mecA,mecI,mecR1,mepA,mph(C),msr(A),parC_E84G=POINT,parC_S80Y=POINT,sat4,tet(38)","aadD1,ant(6)-Ia=MISTRANSLATION,ant(9)-Ia,aph(3')-IIIa,blaI,blaR1,blaZ,bleO,erm(A),fosB,gyrA_S84L=POINT,mecA,mecI,mecR1,mph(C),msr(A),parC_E84G=POINT,parC_S80Y=POINT,sat4,tet(38)",18,"aur,hld,hlgA,hlgB,hlgC,icaC,lukD,lukE,sak,scn,sei,selX,sem,sen=MISTRANSLATION,seo,seu=PARTIAL,splA,splB",4.2.7,2026-01-21.1
PDT000013894.3|SAMN00792146|GCA_000360765.1|Staphylococcus aureus M0328||M0328|Generic,GCA_000360765.1,SAMN00792146,2003,"USA: Boston, MA",Homo sapiens,,,PDT000013894.3,2013-04-12,,13,"aadD1,ant(9)-Ia,bleO,erm(A),fosB,gyrA_S84L=POINT,mecA,mecI,mecR1,mepA,parC_E84G=POINT,parC_S80Y=POINT,tet(38)","aadD1,ant(9)-Ia,bleO,erm(A),fosB,gyrA_S84L=POINT,mecA,mecI,mecR1,parC_E84G=POINT,parC_S80Y=POINT,tet(38)",18,"aur,hld,hlgA,hlgB,hlgC,icaC,lukD,lukE,sak,scn,sei,selX,sem,sen=MISTRANSLATION,seo,seu=PARTIAL,splA,splB",4.2.7,2026-01-21.1
PDT000013895.3|SAMN00792147|GCA_000360785.1|Staphylococcus aureus M0329||M0329|Generic,GCA_000360785.1,SAMN00792147,2003,"USA: Boston, MA",Homo sapiens,,,PDT000013895.3,2013-04-12,,17,"aac(6')-Ie/aph(2'')-Ia,aadD1,ant(9)-Ia,blaI,blaR1,blaZ,bleO,dfrS1,erm(A),fosB,gyrA_S84L=POINT,mecA,mecI,mecR1,mepA,parC_S80F=POINT,tet(38)","aac(6')-Ie/aph(2'')-Ia,aadD1,ant(9)-Ia,blaI,blaR1,blaZ,bleO,dfrS1,erm(A),fosB,gyrA_S84L=POINT,mecA,mecI,mecR1,parC_S80F=POINT,tet(38)",18,"aur,hld,hlgA,hlgB,hlgC,icaC,lukD,lukE,sak,scn=MISTRANSLATION,sei,selX,sem,sen=MISTRANSLATION,seo,sep,seu=PARTIAL,splB",4.0.23,2025-06-03.1
PDT000013896.3|SAMN00792149|GCA_000360805.1|Staphylococcus aureus M0330||M0330|Generic,GCA_000360805.1,SAMN00792149,2003,"USA: Boston, MA",Homo sapiens,,,PDT000013896.3,2013-04-12,,16,"aadD1,ant(9)-Ia,blaI,blaR1,blaZ,bleO,erm(A),fosB,gyrA_S84L=POINT,mecA,mecI,mecR1,mepA,parC_E84G=POINT,parC_S80Y=POINT,tet(38)","aadD1,ant(9)-Ia,blaI,blaR1,blaZ,bleO,erm(A),fosB,gyrA_S84L=POINT,mecA,mecI,mecR1,parC_E84G=POINT,parC_S80Y=POINT,tet(38)",20,"aur,hld,hlgA,hlgB,hlgC,icaC,lukD,lukE,sak,scn,sed,sei,sej,sem,sen=MISTRANSLATION,seo,ser=PARTIAL,seu=PARTIAL,splA,splB",4.2.7,2026-01-21.1
PDT000013897.3|SAMN00792150|GCA_000360845.1|Staphylococcus aureus M0340||M0340|Generic,GCA_000360845.1,SAMN00792150,2003,"USA: Boston, MA",Homo sapiens,,,PDT000013897.3,2013-04-12,,15,"blaI,blaPC1,blaR1,erm(C)=PARTIAL_END_OF_CONTIG,folP_E208K=POINT,folP_F17L=POINT,fosB,gyrA_S84L=POINT,mecA,mecR1=PARTIAL,mepA,murA_G257D=POINT,parC_S80F=POINT,tet(38),tet(M)","blaI,blaPC1,blaR1,erm(C)=PARTIAL_END_OF_CONTIG,folP_E208K=POINT,folP_F17L=POINT,fosB,gyrA_S84L=POINT,mecA,mecR1=PARTIAL,murA_G257D=POINT,parC_S80F=POINT,tet(38),tet(M)",19,"aur,hld,hlgA,hlgB,hlgC,icaC,lukD,lukE,sak,scn,sea,seb,sek,sel26,selX,seq,splA,splB,splE",4.2.7,2026-01-21.1
PDT000013898.3|SAMN00792151|GCA_000360865.1|Staphylococcus aureus M0347||M0347|Generic,GCA_000360865.1,SAMN00792151,2003,"USA: Boston, MA",Homo sapiens,,,PDT000013898.3,2013-04-12,,16,"aadD1,ant(9)-Ia,blaI,blaR1,blaZ,bleO,erm(A),fosB,gyrA_S84L=POINT,mecA,mecI,mecR1,mepA,parC_E84G=POINT,parC_S80Y=POINT,tet(38)","aadD1,ant(9)-Ia,blaI,blaR1,blaZ,bleO,erm(A),fosB,gyrA_S84L=POINT,mecA,mecI,mecR1,parC_E84G=POINT,parC_S80Y=POINT,tet(38)",21,"aur,hld,hlgA,hlgB,hlgC,icaC,lukD,lukE,sak,scn,sed,sei,sej,selX,sem,sen=MISTRANSLATION,seo,ser,seu=PARTIAL,splA,splB",4.2.7,2026-01-21.1
PDT000013899.3|SAMN00792152|GCA_000360945.1|Staphylococcus aureus M0364||M0364|Generic,GCA_000360945.1,SAMN00792152,2003,"USA: Boston, MA",Homo sapiens,,,PDT000013899.3,2013-04-12,,16,"aadD1,ant(9)-Ia,blaI,blaR1,blaZ,bleO,erm(A),fosB,gyrA_S84L=POINT,mecA,mecI,mecR1,mepA,parC_E84G=POINT,parC_S80Y=POINT,tet(38)","aadD1,ant(9)-Ia,blaI,blaR1,blaZ,bleO,erm(A),fosB,gyrA_S84L=POINT,mecA,mecI,mecR1,parC_E84G=POINT,parC_S80Y=POINT,tet(38)",20,"aur,hld,hlgA,hlgB,hlgC,icaC,lukE,sak,scn,sed,sei,sej,selX,sem,sen=MISTRANSLATION,seo,ser,seu=PARTIAL,splA,splB",4.2.7,2026-01-21.1
PDT000013900.3|SAMN00792153|GCA_000361025.1|Staphylococcus aureus M0391||M0391|Generic,GCA_000361025.1,SAMN00792153,2003,"USA: Boston, MA",Homo sapiens,,,PDT000013900.3,2013-04-12,,15,"aadD1,ant(9)-Ia,blaI,blaR1,blaZ,bleO,erm(A),fosB,gyrA_S84L=POINT,mecA,mecI,mecR1,mepA,parC_S80Y=POINT,tet(38)","aadD1,ant(9)-Ia,blaI,blaR1,blaZ,bleO,erm(A),fosB,gyrA_S84L=POINT,mecA,mecI,mecR1,parC_S80Y=POINT,tet(38)",20,"aur,hld,hlgA,hlgB,hlgC,icaC,lukD,lukE,sak,sasG=PARTIAL,scn,sei,selX,sem,sen=MISTRANSLATION,seo,sep,seu=PARTIAL,splA,splB",4.0.23,2025-06-03.1
PDT000013901.3|SAMN00792154|GCA_000361085.1|Staphylococcus aureus M0408||M0408|Generic,GCA_000361085.1,SAMN00792154,2003,"USA: Boston, MA",Homo sapiens,,,PDT000013901.3,2013-04-12,,14,"ant(9)-Ia,blaI,blaR1=HMM,blaZ,erm(A),fosB,glpT_A100V=POINT,glpT_V213I=POINT,mepA,murA_D278E=POINT,murA_E291D=POINT,tet(38),tet(L),tet(M)","ant(9)-Ia,blaI,blaR1=HMM,blaZ,erm(A),fosB,glpT_A100V=POINT,glpT_V213I=POINT,murA_D278E=POINT,murA_E291D=POINT,tet(38),tet(L),tet(M)",17,"aur,cna=PARTIAL,hld,hlgA,hlgB,hlgC,icaC,sak,scn,sec3,sei,sel,sem,sen=MISTRANSLATION,sep,seu,splE",4.0.23,2025-06-03.1
PDT000013902.3|SAMN00792155|GCA_000361145.1|Staphylococcus aureus M0427||M0427|Generic,GCA_000361145.1,SAMN00792155,2003,"USA: Boston, MA",Homo sapiens,,,PDT000013902.3,2013-04-12,,17,"aadD1,ant(9)-Ia,blaI,blaR1,blaZ,bleO,erm(A),fosB,gyrA_E88K=POINT,gyrA_S84L=POINT,mecA,mecI,mecR1,mepA,parC_E84G=POINT,parC_S80Y=POINT,tet(38)","aadD1,ant(9)-Ia,blaI,blaR1,blaZ,bleO,erm(A),fosB,gyrA_E88K=POINT,gyrA_S84L=POINT,mecA,mecI,mecR1,parC_E84G=POINT,parC_S80Y=POINT,tet(38)",20,"aur,hld,hlgA,hlgB,hlgC,icaC,lukE,sak,scn,sed,sei,sej,selX,sem,sen=MISTRANSLATION,seo,ser,seu=PARTIAL,splA,splB",4.2.7,2026-01-21.1
PDT000013903.3|SAMN00792156|GCA_000361185.1|Staphylococcus aureus M0450||M0450|Generic,GCA_000361185.1,SAMN00792156,2003,"USA: Boston, MA",Homo sapiens,,,PDT000013903.3,2013-04-12,,16,"aadD1,ant(9)-Ia,blaI,blaR1=PARTIAL_END_OF_CONTIG,blaZ,bleO,erm(A),fosB,gyrA_S84L=POINT,mecA,mecI,mecR1,mepA,parC_E84G=POINT,parC_S80Y=POINT,tet(38)","aadD1,ant(9)-Ia,blaI,blaR1=PARTIAL_END_OF_CONTIG,blaZ,bleO,erm(A),fosB,gyrA_S84L=POINT,mecA,mecI,mecR1,parC_E84G=POINT,parC_S80Y=POINT,tet(38)",21,"aur,hld,hlgA,hlgB,hlgC,icaC,lukD,lukE,sak,scn,sed,sei,sej,selX,sem,sen=MISTRANSLATION,seo,ser,seu=PARTIAL,splA,splB",4.0.23,2025-06-03.1
PDT000013904.3|SAMN00792157|GCA_000361245.1|Staphylococcus aureus M0467||M0467|Generic,GCA_000361245.1,SAMN00792157,2003,"USA: Boston, MA",Homo sapiens,,,PDT000013904.3,2013-04-12,,16,"aadD1,ant(9)-Ia,blaI,blaR1,blaZ=PARTIAL_END_OF_CONTIG,bleO,erm(A),fosB,gyrA_S84L=POINT,mecA,mecI,mecR1,mepA,parC_E84G=POINT,parC_S80Y=POINT,tet(38)","aadD1,ant(9)-Ia,blaI,blaR1,blaZ=PARTIAL_END_OF_CONTIG,bleO,erm(A),fosB,gyrA_S84L=POINT,mecA,mecI,mecR1,parC_E84G=POINT,parC_S80Y=POINT,tet(38)",20,"aur,hld,hlgA,hlgB,hlgC,icaC,lukE,sak,scn,sed,sei,sej,selX,sem,sen=MISTRANSLATION,seo,ser,seu=PARTIAL,splA,splB",4.2.7,2026-01-21.1
PDT000013905.3|SAMN00792158|GCA_000361265.1|Staphylococcus aureus M0468||M0468|Generic,GCA_000361265.1,SAMN00792158,2003,"USA: Boston, MA",Homo sapiens,,,PDT000013905.3,2013-04-12,,18,"aac(6')-Ie/aph(2'')-Ia,aadD1,blaI,blaPC1,blaR1,bleO,dfrS1,folP_E208K=POINT,folP_F17L=POINT,fosB,gyrA_S84L=POINT,mecA,mecR1=PARTIAL,mepA,murA_G257D=POINT,parC_S80F=POINT,tet(38),tet(M)","aac(6')-Ie/aph(2'')-Ia,aadD1,blaI,blaPC1,blaR1,bleO,dfrS1,folP_E208K=POINT,folP_F17L=POINT,fosB,gyrA_S84L=POINT,mecA,mecR1=PARTIAL,murA_G257D=POINT,parC_S80F=POINT,tet(38),tet(M)",19,"aur,hld,hlgA,hlgB,hlgC,icaC,lukD,lukE,sak,scn,sea,seb,sek,sel26,selX,seq,splA,splB,splE",4.2.7,2026-01-21.1
PDT000013906.3|SAMN00792160|GCA_000361285.1|Staphylococcus aureus M0478||M0478|Generic,GCA_000361285.1,SAMN00792160,2003,"USA: Boston, MA",Homo sapiens,,,PDT000013906.3,2013-04-12,,18,"aac(6')-Ie/aph(2'')-Ia,aadD1,ant(9)-Ia,blaI,blaR1,blaZ,bleO,dfrS1,erm(A),fosB,gyrA_S84L=POINT,mecA,mecI,mecR1,mepA,parC_E84G=POINT,parC_S80Y=POINT,tet(38)","aac(6')-Ie/aph(2'')-Ia,aadD1,ant(9)-Ia,blaI,blaR1,blaZ,bleO,dfrS1,erm(A),fosB,gyrA_S84L=POINT,mecA,mecI,mecR1,parC_E84G=POINT,parC_S80Y=POINT,tet(38)",16,"aur,hld,hlgA,hlgB,hlgC,icaC,lukD,lukE,sei,selX,sem,sen=MISTRANSLATION,seo,seu=PARTIAL,splA,splB",4.0.23,2025-06-03.1
PDT000013907.3|SAMN00792161|GCA_000361305.1|Staphylococcus aureus M0489||M0489|Generic,GCA_000361305.1,SAMN00792161,2003,"USA: Boston, MA",Homo sapiens,,,PDT000013907.3,2013-04-12,,16,"aadD1,ant(9)-Ia,blaI,blaR1,blaZ,bleO,erm(A),fosB,gyrA_S84L=POINT,mecA,mecI,mecR1,mepA,parC_E84G=POINT,parC_S80Y=POINT,tet(38)","aadD1,ant(9)-Ia,blaI,blaR1,blaZ,bleO,erm(A),fosB,gyrA_S84L=POINT,mecA,mecI,mecR1,parC_E84G=POINT,parC_S80Y=POINT,tet(38)",21,"aur,hld,hlgA,hlgB,hlgC,icaC,lukD,lukE,sak,scn,sed,sei,sej,selX,sem,sen=MISTRANSLATION,seo,ser,seu=PARTIAL,splA,splB",4.2.7,2026-01-21.1
PDT000013908.3|SAMN00792162|GCA_000361345.1|Staphylococcus aureus M0494||M0494|Generic,GCA_000361345.1,SAMN00792162,2003,"USA: Boston, MA",Homo sapiens,,,PDT000013908.3,2013-04-12,,6,"blaI,blaR1,blaZ,fosB,mepA,tet(38)","blaI,blaR1,blaZ,fosB,tet(38)",19,"aur,hld,hlgA,hlgB,hlgC,icaC,lukD,lukE,sak,sasG,scn,sei,selX,sem,sen=MISTRANSLATION,seo,seu=PARTIAL,splA,splB",4.0.23,2025-06-03.1
PDT000013909.3|SAMN00792163|GCA_000363865.1|Staphylococcus aureus B53639||B53639|Generic,GCA_000363865.1,SAMN00792163,2010,,Homo sapiens,,,PDT000013909.3,2013-04-12,,14,"ant(9)-Ia,blaI,blaR1,blaZ,erm(A),fosB,gyrA_S84L=POINT,mecA=PARTIAL,mecI,mecR1,mepA,parC_E84G=POINT,parC_S80Y=POINT,tet(38)","ant(9)-Ia,blaI,blaR1,blaZ,erm(A),fosB,gyrA_S84L=POINT,mecA=PARTIAL,mecI,mecR1,parC_E84G=POINT,parC_S80Y=POINT,tet(38)",20,"aur,hld,hlgA,hlgB,hlgC,icaC,lukE,sak,scn,sed,sei,sej,selX,sem,sen=MISTRANSLATION,seo,ser,seu=PARTIAL,splA,splB",4.0.23,2025-06-03.1
PDT000013910.3|SAMN00792164|GCA_000363825.1|Staphylococcus aureus B40723||B40723|Generic,GCA_000363825.1,SAMN00792164,2010,,Homo sapiens,,,PDT000013910.3,2013-04-12,,14,"ant(9)-Ia,blaI,blaR1,blaZ,erm(A),fosB,gyrA_S84L=POINT,mecA=PARTIAL,mecI,mecR1,mepA,parC_E84G=POINT,parC_S80Y=POINT,tet(38)","ant(9)-Ia,blaI,blaR1,blaZ,erm(A),fosB,gyrA_S84L=POINT,mecA=PARTIAL,mecI,mecR1,parC_E84G=POINT,parC_S80Y=POINT,tet(38)",20,"aur,hld,hlgA,hlgB,hlgC,icaC,lukE,sak,scn,sed,sei,sej,selX,sem,sen=MISTRANSLATION,seo,ser,seu=PARTIAL,splA,splB",4.0.23,2025-06-03.1
PDT000013911.3|SAMN00792165|GCA_000363845.1|Staphylococcus aureus B40950||B40950|Generic,GCA_000363845.1,SAMN00792165,2010,,Homo sapiens,,,PDT000013911.3,2013-04-12,,14,"ant(9)-Ia,blaI,blaR1,blaZ,erm(A),fosB,gyrA_S84L=POINT,mecA=PARTIAL,mecI,mecR1,mepA,parC_E84G=POINT,parC_S80Y=POINT,tet(38)","ant(9)-Ia,blaI,blaR1,blaZ,erm(A),fosB,gyrA_S84L=POINT,mecA=PARTIAL,mecI,mecR1,parC_E84G=POINT,parC_S80Y=POINT,tet(38)",16,"aur,hld,hlgA,hlgB,hlgC,icaC,sak,scn,sed,sej,selX,sem,seo,ser,splA,splB",4.2.7,2026-01-21.1
PDT000013912.3|SAMN00792166|GCA_000363805.1|Staphylococcus aureus B147830||B147830|Generic,GCA_000363805.1,SAMN00792166,2010,,Homo sapiens,,,PDT000013912.3,2013-04-12,,14,"ant(9)-Ia,blaI,blaR1,blaZ,erm(A),fosB,gyrA_S84L=POINT,mecA,mecI,mecR1,mepA,parC_E84G=POINT,parC_S80Y=POINT,tet(38)","ant(9)-Ia,blaI,blaR1,blaZ,erm(A),fosB,gyrA_S84L=POINT,mecA,mecI,mecR1,parC_E84G=POINT,parC_S80Y=POINT,tet(38)",20,"aur,hld,hlgA,hlgB,hlgC,icaC,lukE,sak,scn,sed,sei,sej,selX,sem,sen=MISTRANSLATION,seo,ser,seu=PARTIAL,splA,splB",4.0.23,2025-06-03.1
PDT000013913.3|SAMN00809030|GCA_000361405.1|Staphylococcus aureus M0528||M0528|Generic,GCA_000361405.1,SAMN00809030,2003,"USA: Boston, MA",Homo sapiens,,,PDT000013913.3,2013-04-12,,18,"aac(6')-Ie/aph(2'')-Ia,aadD1,ant(9)-Ia,blaI,blaR1,blaZ,bleO,dfrS1,erm(A),fosB,gyrA_S84L=POINT,mecA,mecI,mecR1,mepA,parC_S80F=POINT,rpoB_H481N=POINT,tet(38)","aac(6')-Ie/aph(2'')-Ia,aadD1,ant(9)-Ia,blaI,blaR1,blaZ,bleO,dfrS1,erm(A),fosB,gyrA_S84L=POINT,mecA,mecI,mecR1,parC_S80F=POINT,rpoB_H481N=POINT,tet(38)",19,"aur,hld,hlgA,hlgB,hlgC,icaC,lukD,lukE,sak,scn,sei,selX,sem,sen=MISTRANSLATION,seo,sep,seu=PARTIAL,splA,splB",4.2.7,2026-01-21.1
PDT000013914.3|SAMN00809041|GCA_000361445.1|Staphylococcus aureus M0531||M0531|Generic,GCA_000361445.1,SAMN00809041,2003,"USA: Boston, MA",Homo sapiens,,,PDT000013914.3,2013-04-12,,11,"blaI,blaR1,blaZ,erm(C),fosB,mecA,mecR1=PARTIAL,mepA,murA_G257D=POINT,parC_S80F=POINT,tet(38)","blaI,blaR1,blaZ,erm(C),fosB,mecA,mecR1=PARTIAL,murA_G257D=POINT,parC_S80F=POINT,tet(38)",23,"aur,hld,hlgA,hlgB,hlgC,icaC,lukD,lukE,lukF-PV,lukS-PV,sak,sasG=PARTIAL,scn,sed,sej,sek,sel26,selX,seq,ser,splA,splB,splE",4.2.7,2026-01-21.1
PDT000013915.3|SAMN00809052|GCA_000361465.1|Staphylococcus aureus M0536||M0536|Generic,GCA_000361465.1,SAMN00809052,2003,"USA: Boston, MA",Homo sapiens,,,PDT000013915.3,2013-04-12,,15,"aadD1,ant(9)-Ia,blaI,blaR1,blaZ,bleO,erm(A),fosB,gyrA_S84L=POINT,mecA,mecI,mecR1,mepA,parC_S80Y=POINT,tet(38)","aadD1,ant(9)-Ia,blaI,blaR1,blaZ,bleO,erm(A),fosB,gyrA_S84L=POINT,mecA,mecI,mecR1,parC_S80Y=POINT,tet(38)",20,"aur,hld,hlgA,hlgB,hlgC,icaC,lukD,lukE,sak,sasG,scn,sei,selX,sem,sen=MISTRANSLATION,seo,sep,seu=PARTIAL,splA,splB",4.0.23,2025-06-03.1
PDT000013916.3|SAMN00809055|GCA_000361485.1|Staphylococcus aureus M0539||M0539|Generic,GCA_000361485.1,SAMN00809055,2003,"USA: Boston, MA",Homo sapiens,,,PDT000013916.3,2013-04-12,,22,"aadD1,ant(6)-Ia=MISTRANSLATION,ant(9)-Ia,aph(3')-IIIa,blaI,blaR1,blaZ,bleO,erm(A),fosB,gyrA_E88K=POINT,gyrA_S84L=POINT,mecA,mecI,mecR1,mepA,mph(C),msr(A),parC_E84G=POINT,parC_S80Y=POINT,sat4,tet(38)","aadD1,ant(6)-Ia=MISTRANSLATION,ant(9)-Ia,aph(3')-IIIa,blaI,blaR1,blaZ,bleO,erm(A),fosB,gyrA_E88K=POINT,gyrA_S84L=POINT,mecA,mecI,mecR1,mph(C),msr(A),parC_E84G=POINT,parC_S80Y=POINT,sat4,tet(38)",18,"aur,hld,hlgA,hlgB,hlgC,icaC,lukD,lukE,sak,scn,sei,selX,sem,sen=MISTRANSLATION,seo,seu=PARTIAL,splA,splB",4.0.23,2025-06-03.1
PDT000013917.3|SAMN00809056|GCA_000361505.1|Staphylococcus aureus M0547||M0547|Generic,GCA_000361505.1,SAMN00809056,2004,"USA: Boston, MA",Homo sapiens,,,PDT000013917.3,2013-04-12,,22,"aadD1,ant(6)-Ia=MISTRANSLATION,ant(9)-Ia,aph(3')-IIIa,blaI,blaR1,blaZ,bleO,erm(A),fosB,gyrA_E88K=POINT,gyrA_S84L=POINT,mecA,mecI,mecR1,mepA,mph(C),msr(A),parC_E84G=POINT,parC_S80Y=POINT,sat4,tet(38)","aadD1,ant(6)-Ia=MISTRANSLATION,ant(9)-Ia,aph(3')-IIIa,blaI,blaR1,blaZ,bleO,erm(A),fosB,gyrA_E88K=POINT,gyrA_S84L=POINT,mecA,mecI,mecR1,mph(C),msr(A),parC_E84G=POINT,parC_S80Y=POINT,sat4,tet(38)",18,"aur,hld,hlgA,hlgB,hlgC,icaC,lukD,lukE,sak,scn,sei,selX,sem,sen=MISTRANSLATION,seo,seu=PARTIAL,splA,splB",4.2.7,2026-01-21.1
PDT000013918.3|SAMN00809057|GCA_000361545.1|Staphylococcus aureus M0565||M0565|Generic,GCA_000361545.1,SAMN00809057,2004,"USA: Boston, MA",Homo sapiens,,,PDT000013918.3,2013-04-12,,16,"aadD1,ant(9)-Ia,blaI,blaR1,blaZ,bleO,erm(A),fosB,gyrA_S84L=POINT,mecA,mecI,mecR1,mepA,parC_E84G=POINT,parC_S80Y=POINT,tet(38)","aadD1,ant(9)-Ia,blaI,blaR1,blaZ,bleO,erm(A),fosB,gyrA_S84L=POINT,mecA,mecI,mecR1,parC_E84G=POINT,parC_S80Y=POINT,tet(38)",21,"aur,hld,hlgA,hlgB,hlgC,icaC,lukE,sak,sasG,scn,sed,sei,sej,selX,sem,sen=MISTRANSLATION,seo,ser,seu=PARTIAL,splA,splB",4.2.7,2026-01-21.1
PDT000013919.3|SAMN00809058|GCA_000361585.1|Staphylococcus aureus M0580||M0580|Generic,GCA_000361585.1,SAMN00809058,2004,"USA: Boston, MA",Homo sapiens,,,PDT000013919.3,2013-04-12,,22,"aadD1,ant(6)-Ia=MISTRANSLATION,ant(9)-Ia,aph(3')-IIIa,blaI,blaR1,blaZ,bleO,erm(A),fosB,gyrA_E88K=POINT,gyrA_S84L=POINT,mecA,mecI,mecR1,mepA,mph(C),msr(A),parC_E84G=POINT,parC_S80Y=POINT,sat4,tet(38)","aadD1,ant(6)-Ia=MISTRANSLATION,ant(9)-Ia,aph(3')-IIIa,blaI,blaR1,blaZ,bleO,erm(A),fosB,gyrA_E88K=POINT,gyrA_S84L=POINT,mecA,mecI,mecR1,mph(C),msr(A),parC_E84G=POINT,parC_S80Y=POINT,sat4,tet(38)",17,"aur,hld,hlgA,hlgB,hlgC,icaC,lukE,sak,scn,sei,selX,sem,sen=MISTRANSLATION,seo,seu=PARTIAL,splA,splB",4.0.23,2025-06-03.1
PDT000013920.3|SAMN00809059|GCA_000361645.1|Staphylococcus aureus M0602||M0602|Generic,GCA_000361645.1,SAMN00809059,2004,"USA: Boston, MA",Homo sapiens,,,PDT000013920.3,2013-04-12,,21,"aadD1,ant(6)-Ia=MISTRANSLATION,ant(9)-Ia,aph(3')-IIIa,blaI,blaR1,blaZ,bleO,erm(A),fosB,gyrA_S84L=POINT,mecA,mecI,mecR1,mepA,mph(C),msr(A),parC_E84G=POINT,parC_S80Y=POINT,sat4,tet(38)","aadD1,ant(6)-Ia=MISTRANSLATION,ant(9)-Ia,aph(3')-IIIa,blaI,blaR1,blaZ,bleO,erm(A),fosB,gyrA_S84L=POINT,mecA,mecI,mecR1,mph(C),msr(A),parC_E84G=POINT,parC_S80Y=POINT,sat4,tet(38)",18,"aur,hld,hlgA,hlgB,hlgC,icaC,lukD,lukE,sak,scn,sei,selX,sem,sen=MISTRANSLATION,seo,seu=PARTIAL,splA,splB",4.2.7,2026-01-21.1
PDT000013921.3|SAMN00809060|GCA_000361665.1|Staphylococcus aureus M0622||M0622|Generic,GCA_000361665.1,SAMN00809060,2004,"USA: Boston, MA",Homo sapiens,,,PDT000013921.3,2013-04-12,,14,"ant(9)-Ia,blaI,blaR1,blaZ,erm(A),fosB,gyrA_S84L=POINT,mecA,mecI,mecR1,mepA,parC_E84G=POINT,parC_S80Y=POINT,tet(38)","ant(9)-Ia,blaI,blaR1,blaZ,erm(A),fosB,gyrA_S84L=POINT,mecA,mecI,mecR1,parC_E84G=POINT,parC_S80Y=POINT,tet(38)",20,"aur,hld,hlgA,hlgB,hlgC,icaC,lukE,sak,scn,sed=PARTIAL_END_OF_CONTIG,sei,sej,selX,sem,sen=MISTRANSLATION,seo,ser,seu=PARTIAL,splA,splB",4.0.23,2025-06-03.1
PDT000013922.3|SAMN00809031|GCA_000361825.1|Staphylococcus aureus M0676||M0676|Generic,GCA_000361825.1,SAMN00809031,2004,"USA: Boston, MA",Homo sapiens,,,PDT000013922.3,2013-04-12,,17,"aadD1,ant(9)-Ia,blaI,blaR1,blaZ,bleO,erm(A),fosB,gyrA_E88A=POINT,gyrA_S84L=POINT,mecA,mecI,mecR1,mepA,parC_E84G=POINT,parC_S80Y=POINT,tet(38)","aadD1,ant(9)-Ia,blaI,blaR1,blaZ,bleO,erm(A),fosB,gyrA_E88A=POINT,gyrA_S84L=POINT,mecA,mecI,mecR1,parC_E84G=POINT,parC_S80Y=POINT,tet(38)",21,"aur,hld,hlgA,hlgB,hlgC,icaC,lukD,lukE,sak,scn,sed,sei,sej,selX,sem,sen=MISTRANSLATION,seo,ser,seu=PARTIAL,splA,splB",4.0.23,2025-06-03.1
PDT000013923.3|SAMN00809032|GCA_000361845.1|Staphylococcus aureus M0687||M0687|Generic,GCA_000361845.1,SAMN00809032,2004,"USA: Boston, MA",Homo sapiens,,,PDT000013923.3,2013-04-12,,19,"aac(6')-Ie/aph(2'')-Ia,aadD1,ant(9)-Ia,blaI,blaR1,blaZ,bleO,dfrS1,erm(A),erm(C),fosB,gyrA_S84L=POINT,mecA,mecI,mecR1,mepA,parC_S80F=POINT,rpoB_H481N=POINT,tet(38)","aac(6')-Ie/aph(2'')-Ia,aadD1,ant(9)-Ia,blaI,blaR1,blaZ,bleO,dfrS1,erm(A),erm(C),fosB,gyrA_S84L=POINT,mecA,mecI,mecR1,parC_S80F=POINT,rpoB_H481N=POINT,tet(38)",19,"aur,hld,hlgA,hlgB,hlgC,icaC,lukD,lukE,sak,scn,sei,selX,sem,sen=MISTRANSLATION,seo,sep,seu=PARTIAL,splA,splB",4.2.7,2026-01-21.1
PDT000013924.3|SAMN00809033|GCA_000361865.1|Staphylococcus aureus M0692||M0692|Generic,GCA_000361865.1,SAMN00809033,2004,"USA: Boston, MA",Homo sapiens,,,PDT000013924.3,2013-04-12,,13,"aadD1,ant(9)-Ia,bleO,erm(A),fosB,gyrA_S84L=POINT,mecA,mecI,mecR1,mepA,parC_E84G=POINT,parC_S80Y=POINT,tet(38)","aadD1,ant(9)-Ia,bleO,erm(A),fosB,gyrA_S84L=POINT,mecA,mecI,mecR1,parC_E84G=POINT,parC_S80Y=POINT,tet(38)",18,"aur,hld,hlgA,hlgB,hlgC,icaC,lukD,lukE,sak,scn,sei,selX,sem,sen=MISTRANSLATION,seo,seu=PARTIAL,splA,splB",4.0.23,2025-06-03.1
PDT000013925.3|SAMN00809037|GCA_000361965.1|Staphylococcus aureus M0780||M0780|Generic,GCA_000361965.1,SAMN00809037,2004,"USA: Boston, MA",Homo sapiens,,,PDT000013925.3,2013-04-12,,17,"aadD1,ant(9)-Ia,blaI,blaR1,blaZ,bleO,erm(A),fosB,gyrA_E88K=POINT,gyrA_S84L=POINT,mecA,mecI,mecR1,mepA,parC_E84G=POINT,parC_S80Y=POINT,tet(38)","aadD1,ant(9)-Ia,blaI,blaR1,blaZ,bleO,erm(A),fosB,gyrA_E88K=POINT,gyrA_S84L=POINT,mecA,mecI,mecR1,parC_E84G=POINT,parC_S80Y=POINT,tet(38)",20,"aur,hld,hlgA,hlgB,hlgC,icaC,lukE,sak,scn,sed,sei,sej=PARTIAL_END_OF_CONTIG,selX,sem,sen=MISTRANSLATION,seo,ser,seu=PARTIAL,splA,splB",4.0.23,2025-06-03.1
PDT000013926.3|SAMN00809038|GCA_000362005.1|Staphylococcus aureus M0799||M0799|Generic,GCA_000362005.1,SAMN00809038,2004,"USA: Boston, MA",Homo sapiens,,,PDT000013926.3,2013-04-12,,21,"aadD1,ant(6)-Ia=MISTRANSLATION,ant(9)-Ia,aph(3')-IIIa,blaI,blaR1,blaZ,bleO,erm(A),fosB,gyrA_S84L=POINT,mecA,mecI,mecR1,mepA,mph(C),msr(A),parC_E84G=POINT,parC_S80Y=POINT,sat4,tet(38)","aadD1,ant(6)-Ia=MISTRANSLATION,ant(9)-Ia,aph(3')-IIIa,blaI,blaR1,blaZ,bleO,erm(A),fosB,gyrA_S84L=POINT,mecA,mecI,mecR1,mph(C),msr(A),parC_E84G=POINT,parC_S80Y=POINT,sat4,tet(38)",18,"aur,hld,hlgA,hlgB,hlgC,icaC,lukD,lukE,sak,scn,sei,selX,sem,sen=MISTRANSLATION,seo,seu=PARTIAL,splA,splB",4.2.7,2026-01-21.1
PDT000013927.3|SAMN00809039|GCA_000362045.1|Staphylococcus aureus M0823||M0823|Generic,GCA_000362045.1,SAMN00809039,2004,"USA: Boston, MA",Homo sapiens,,,PDT000013927.3,2013-04-12,,22,"aadD1,ant(6)-Ia=MISTRANSLATION,ant(9)-Ia,aph(3')-IIIa,blaI,blaR1,blaZ,bleO,erm(A),fosB,gyrA_E88K=POINT,gyrA_S84L=POINT,mecA,mecI,mecR1,mepA,mph(C),msr(A),parC_E84G=POINT,parC_S80Y=POINT,sat4,tet(38)","aadD1,ant(6)-Ia=MISTRANSLATION,ant(9)-Ia,aph(3')-IIIa,blaI,blaR1,blaZ,bleO,erm(A),fosB,gyrA_E88K=POINT,gyrA_S84L=POINT,mecA,mecI,mecR1,mph(C),msr(A),parC_E84G=POINT,parC_S80Y=POINT,sat4,tet(38)",18,"aur,hld,hlgA,hlgB,hlgC,icaC,lukD,lukE,sak,scn,sei,selX,sem,sen=MISTRANSLATION,seo,seu=PARTIAL,splA,splB",4.2.7,2026-01-21.1
PDT000013928.3|SAMN00809040|GCA_000362085.1|Staphylococcus aureus M0844||M0844|Generic,GCA_000362085.1,SAMN00809040,2004,"USA: Boston, MA",Homo sapiens,,,PDT000013928.3,2013-04-12,,16,"aadD1,ant(9)-Ia,blaI,blaR1,blaZ,bleO,erm(A),fosB,gyrA_S84L=POINT,mecA,mecI,mecR1,mepA,parC_E84G=POINT,parC_S80Y=POINT,tet(38)","aadD1,ant(9)-Ia,blaI,blaR1,blaZ,bleO,erm(A),fosB,gyrA_S84L=POINT,mecA,mecI,mecR1,parC_E84G=POINT,parC_S80Y=POINT,tet(38)",21,"aur,hld,hlgA,hlgB,hlgC,icaC,lukD,lukE,sak,scn,sed,sei,sej=PARTIAL_END_OF_CONTIG,selX,sem,sen=MISTRANSLATION,seo,ser,seu=PARTIAL,splA,splB",4.0.23,2025-06-03.1
PDT000013929.3|SAMN00809042|GCA_000362225.1|Staphylococcus aureus M0934||M0934|Generic,GCA_000362225.1,SAMN00809042,2004,"USA: Boston, MA",Homo sapiens,,,PDT000013929.3,2013-04-12,,21,"aadD1,ant(6)-Ia=MISTRANSLATION,ant(9)-Ia,aph(3')-IIIa,blaI,blaR1,blaZ,bleO,erm(A),fosB,gyrA_S84L=POINT,mecA,mecI,mecR1,mepA,mph(C),msr(A),parC_E84G=POINT,parC_S80Y=POINT,sat4,tet(38)","aadD1,ant(6)-Ia=MISTRANSLATION,ant(9)-Ia,aph(3')-IIIa,blaI,blaR1,blaZ,bleO,erm(A),fosB,gyrA_S84L=POINT,mecA,mecI,mecR1,mph(C),msr(A),parC_E84G=POINT,parC_S80Y=POINT,sat4,tet(38)",18,"aur,hld,hlgA,hlgB,hlgC,icaC,lukD,lukE,sak,scn,sei,selX,sem,sen=MISTRANSLATION,seo,seu=PARTIAL,splA,splB",4.0.23,2025-06-03.1
PDT000013930.3|SAMN00809043|GCA_000362245.1|Staphylococcus aureus M0943||M0943|Generic,GCA_000362245.1,SAMN00809043,2004,"USA: Boston, MA",Homo sapiens,,,PDT000013930.3,2013-04-12,,16,"aadD1,ant(9)-Ia,blaI,blaR1,blaZ,bleO,erm(A),fosB,gyrA_S84L=POINT,mecA,mecI,mecR1,mepA,parC_E84G=POINT,parC_S80Y=POINT,tet(38)","aadD1,ant(9)-Ia,blaI,blaR1,blaZ,bleO,erm(A),fosB,gyrA_S84L=POINT,mecA,mecI,mecR1,parC_E84G=POINT,parC_S80Y=POINT,tet(38)",20,"aur,hld,hlgA,hlgB,hlgC,icaC,lukD,lukE,sak,scn,sed,sei,sej,sem,sen=MISTRANSLATION,seo,ser=PARTIAL_END_OF_CONTIG,seu=PARTIAL,splA,splB",4.2.7,2026-01-21.1
PDT000013931.3|SAMN00809044|GCA_000362265.1|Staphylococcus aureus M0944||M0944|Generic,GCA_000362265.1,SAMN00809044,2004,"USA: Boston, MA",Homo sapiens,,,PDT000013931.3,2013-04-12,,16,"aadD1,ant(9)-Ia,blaI,blaR1,blaZ,bleO,erm(A),fosB,gyrA_S84L=POINT,mecA,mecI,mecR1,mepA,parC_E84G=POINT,parC_S80Y=POINT,tet(38)","aadD1,ant(9)-Ia,blaI,blaR1,blaZ,bleO,erm(A),fosB,gyrA_S84L=POINT,mecA,mecI,mecR1,parC_E84G=POINT,parC_S80Y=POINT,tet(38)",21,"aur,hld,hlgA,hlgB,hlgC,icaC,lukD,lukE,sak,scn,sed,sei,sej,selX,sem,sen=MISTRANSLATION,seo,ser,seu=PARTIAL,splA,splB",4.0.23,2025-06-03.1
PDT000013932.3|SAMN00809045|GCA_000362305.1|Staphylococcus aureus M0953||M0953|Generic,GCA_000362305.1,SAMN00809045,2004,"USA: Boston, MA",Homo sapiens,,,PDT000013932.3,2013-04-12,,16,"aadD1,ant(9)-Ia,blaI,blaR1,blaZ,bleO,erm(A),fosB,gyrA_S84L=POINT,mecA,mecI,mecR1,mepA,parC_E84G=POINT,parC_S80Y=POINT,tet(38)","aadD1,ant(9)-Ia,blaI,blaR1,blaZ,bleO,erm(A),fosB,gyrA_S84L=POINT,mecA,mecI,mecR1,parC_E84G=POINT,parC_S80Y=POINT,tet(38)",21,"aur,hld,hlgA,hlgB,hlgC,icaC,lukE,sak,sasG=PARTIAL,scn,sed,sei,sej,selX,sem,sen=MISTRANSLATION,seo,ser,seu=PARTIAL,splA,splB",4.2.7,2026-01-21.1
PDT000013933.3|SAMN00809046|GCA_000362385.1|Staphylococcus aureus M0998||M0998|Generic,GCA_000362385.1,SAMN00809046,2004,"USA: Boston, MA",Homo sapiens,,,PDT000013933.3,2013-04-12,,16,"aadD1,ant(9)-Ia,blaI,blaR1,blaZ,bleO,erm(A),fosB,gyrA_S84L=POINT,mecA,mecI,mecR1,mepA,parC_E84G=POINT,parC_S80Y=POINT,tet(38)","aadD1,ant(9)-Ia,blaI,blaR1,blaZ,bleO,erm(A),fosB,gyrA_S84L=POINT,mecA,mecI,mecR1,parC_E84G=POINT,parC_S80Y=POINT,tet(38)",20,"aur,hld,hlgA,hlgB,hlgC,icaC,lukE,sak,scn,sed,sei,sej,selX,sem,sen=MISTRANSLATION,seo,ser,seu=PARTIAL,splA,splB",4.0.23,2025-06-03.1
PDT000013934.3|SAMN00809047|GCA_000362405.1|Staphylococcus aureus M0999||M0999|Generic,GCA_000362405.1,SAMN00809047,2004,"USA: Boston, MA",Homo sapiens,,,PDT000013934.3,2013-04-12,,17,"aadD1,ant(9)-Ia,blaI,blaR1,blaZ,bleO,erm(A),fosB,gyrA_E88K=POINT,gyrA_S84L=POINT,mecA,mecI,mecR1,mepA,parC_E84G=POINT,parC_S80Y=POINT,tet(38)","aadD1,ant(9)-Ia,blaI,blaR1,blaZ,bleO,erm(A),fosB,gyrA_E88K=POINT,gyrA_S84L=POINT,mecA,mecI,mecR1,parC_E84G=POINT,parC_S80Y=POINT,tet(38)",21,"aur,hld,hlgA,hlgB,hlgC,icaC,lukD,lukE,sak,scn,sed=PARTIAL,sei,sej,selX,sem,sen=MISTRANSLATION,seo,ser=PARTIAL,seu=PARTIAL,splA,splB",4.0.23,2025-06-03.1
PDT000013935.3|SAMN00809048|GCA_000362425.1|Staphylococcus aureus M1007||M1007|Generic,GCA_000362425.1,SAMN00809048,2004,"USA: Boston, MA",Homo sapiens,,,PDT000013935.3,2013-04-12,,18,"aadD1,blaI,blaPC1,blaR1,bleO,folP_E208K=POINT,folP_F17L=POINT,fosB,gyrA_S84L=POINT,mecA,mecR1=PARTIAL,mepA,murA_G257D=POINT,parC_E84K=POINT,parC_S80F=POINT,rpoB_H481N=POINT,tet(38),tet(M)","aadD1,blaI,blaPC1,blaR1,bleO,folP_E208K=POINT,folP_F17L=POINT,fosB,gyrA_S84L=POINT,mecA,mecR1=PARTIAL,murA_G257D=POINT,parC_E84K=POINT,parC_S80F=POINT,rpoB_H481N=POINT,tet(38),tet(M)",20,"aur,hld,hlgA,hlgB,hlgC,icaC,lukD,lukE,sak,sasG=PARTIAL,scn,sea,seb,sek,sel26,selX,seq,splA,splB,splE",4.0.23,2025-06-03.1
PDT000013936.3|SAMN00809049|GCA_000362445.1|Staphylococcus aureus M1010||M1010|Generic,GCA_000362445.1,SAMN00809049,2004,"USA: Boston, MA",Homo sapiens,,,PDT000013936.3,2013-04-12,,16,"aadD1,ant(9)-Ia,blaI,blaR1,blaZ,bleO,erm(A),fosB,gyrA_S84L=POINT,mecA,mecI,mecR1,mepA,parC_E84G=POINT,parC_S80Y=POINT,tet(38)","aadD1,ant(9)-Ia,blaI,blaR1,blaZ,bleO,erm(A),fosB,gyrA_S84L=POINT,mecA,mecI,mecR1,parC_E84G=POINT,parC_S80Y=POINT,tet(38)",20,"aur,hld,hlgA,hlgB,hlgC,icaC,lukE,sak,scn,sed,sei,sej,selX,sem,sen=MISTRANSLATION,seo,ser,seu=PARTIAL,splA,splB",4.2.7,2026-01-21.1
PDT000013937.3|SAMN00809050|GCA_000362465.1|Staphylococcus aureus M1015||M1015|Generic,GCA_000362465.1,SAMN00809050,2004,"USA: Boston, MA",Homo sapiens,,,PDT000013937.3,2013-04-12,,15,"aadD1,ant(9)-Ia,blaI,blaR1,blaZ,bleO,erm(A),fosB,gyrA_S84L=POINT,mecA,mecI,mecR1,mepA,parC_S80F=POINT,tet(38)","aadD1,ant(9)-Ia,blaI,blaR1,blaZ,bleO,erm(A),fosB,gyrA_S84L=POINT,mecA,mecI,mecR1,parC_S80F=POINT,tet(38)",19,"aur,hld,hlgA,hlgB,hlgC,icaC,lukD,lukE,sak,sasG,scn,sei,selX,sem,sen=MISTRANSLATION,seo,seu=PARTIAL,splA,splB",4.0.23,2025-06-03.1
PDT000013938.3|SAMN00809051|GCA_000362485.1|Staphylococcus aureus M1016||M1016|Generic,GCA_000362485.1,SAMN00809051,2004,"USA: Boston, MA",Homo sapiens,,,PDT000013938.3,2013-04-12,,16,"aadD1,ant(9)-Ia,blaI,blaR1,blaZ,bleO,erm(A),fosB,gyrA_S84L=POINT,mecA,mecI,mecR1,mepA,parC_E84G=POINT,parC_S80Y=POINT,tet(38)","aadD1,ant(9)-Ia,blaI,blaR1,blaZ,bleO,erm(A),fosB,gyrA_S84L=POINT,mecA,mecI,mecR1,parC_E84G=POINT,parC_S80Y=POINT,tet(38)",21,"aur,hld,hlgA,hlgB,hlgC,icaC,lukD,lukE,sak,scn,sed=PARTIAL,sei,sej,selX,sem,sen=MISTRANSLATION,seo,ser=PARTIAL,seu=PARTIAL,splA,splB",4.0.23,2025-06-03.1
PDT000013939.3|SAMN00809053|GCA_000362525.1|Staphylococcus aureus M1036||M1036|Generic,GCA_000362525.1,SAMN00809053,2004,"USA: Boston, MA",Homo sapiens,,,PDT000013939.3,2013-04-12,,16,"aadD1,ant(9)-Ia,blaI,blaR1,blaZ,bleO,erm(A),fosB,gyrA_S84L=POINT,mecA,mecI,mecR1,mepA,parC_E84G=POINT,parC_S80Y=POINT,tet(38)","aadD1,ant(9)-Ia,blaI,blaR1,blaZ,bleO,erm(A),fosB,gyrA_S84L=POINT,mecA,mecI,mecR1,parC_E84G=POINT,parC_S80Y=POINT,tet(38)",21,"aur,hld,hlgA,hlgB,hlgC,icaC,lukD,lukE,sak,scn,sed,sei,sej,selX,sem,sen=MISTRANSLATION,seo,ser,seu=PARTIAL,splA,splB",4.0.23,2025-06-03.1
PDT000013940.3|SAMN00809054|GCA_000362545.1|Staphylococcus aureus M1037||M1037|Generic,GCA_000362545.1,SAMN00809054,2004,"USA: Boston, MA",Homo sapiens,,,PDT000013940.3,2013-04-12,,16,"aadD1,ant(9)-Ia,blaI,blaR1,blaZ,bleO,erm(A),fosB,gyrA_S84L=POINT,mecA,mecI,mecR1,mepA,parC_E84G=POINT,parC_S80Y=POINT,tet(38)","aadD1,ant(9)-Ia,blaI,blaR1,blaZ,bleO,erm(A),fosB,gyrA_S84L=POINT,mecA,mecI,mecR1,parC_E84G=POINT,parC_S80Y=POINT,tet(38)",20,"aur,hld,hlgA,hlgB,hlgC,icaC,lukE,sak,scn,sed,sei,sej,selX,sem,sen=MISTRANSLATION,seo,ser=PARTIAL,seu=PARTIAL,splA,splB",4.0.23,2025-06-03.1
PDT000013941.3|SAMN00809061|GCA_000361685.1|Staphylococcus aureus M0628||M0628|Generic,GCA_000361685.1,SAMN00809061,2004,"USA: Boston, MA",Homo sapiens,,,PDT000013941.3,2013-04-12,,14,"aadD1,ant(9)-Ia,bleO,erm(A),fosB,gyrA_S84L=POINT,mecA,mecI,mecR1,mepA,parC_E84G=POINT,parC_S80Y=POINT,rpoB_H481Y=POINT,tet(38)","aadD1,ant(9)-Ia,bleO,erm(A),fosB,gyrA_S84L=POINT,mecA,mecI,mecR1,parC_E84G=POINT,parC_S80Y=POINT,rpoB_H481Y=POINT,tet(38)",17,"aur,hld,hlgA,hlgB,hlgC,icaC,lukE,sak,scn,sei,selX,sem,sen=MISTRANSLATION,seo,seu=PARTIAL,splA,splB",4.0.23,2025-06-03.1
PDT000013942.3|SAMN00809072|GCA_000361425.1|Staphylococcus aureus M0529||M0529|Generic,GCA_000361425.1,SAMN00809072,2004,"USA: Boston, MA",Homo sapiens,,,PDT000013942.3,2013-04-12,,22,"aadD1,ant(6)-Ia=MISTRANSLATION,ant(9)-Ia,aph(3')-IIIa,blaI,blaR1,blaZ,bleO,erm(A),fosB,gyrA_E88K=POINT,gyrA_S84L=POINT,mecA,mecI,mecR1,mepA,mph(C),msr(A),parC_E84G=POINT,parC_S80Y=POINT,sat4,tet(38)","aadD1,ant(6)-Ia=MISTRANSLATION,ant(9)-Ia,aph(3')-IIIa,blaI,blaR1,blaZ,bleO,erm(A),fosB,gyrA_E88K=POINT,gyrA_S84L=POINT,mecA,mecI,mecR1,mph(C),msr(A),parC_E84G=POINT,parC_S80Y=POINT,sat4,tet(38)",18,"aur,hld,hlgA,hlgB,hlgC,icaC,lukD,lukE,sak,scn,sei,selX,sem,sen=MISTRANSLATION,seo,seu=PARTIAL,splA,splB",4.0.23,2025-06-03.1
PDT000013943.3|SAMN00809083|GCA_000362625.1|Staphylococcus aureus M1063||M1063|Generic,GCA_000362625.1,SAMN00809083,2004,"USA: Boston, MA",Homo sapiens,,,PDT000013943.3,2013-04-12,,22,"aadD1,ant(6)-Ia=MISTRANSLATION,ant(9)-Ia,aph(3')-IIIa,blaI,blaR1,blaZ,bleO,erm(A),fosB,gyrA_E88K=POINT,gyrA_S84L=POINT,mecA,mecI,mecR1,mepA,mph(C),msr(A),parC_E84G=POINT,parC_S80Y=POINT,sat4,tet(38)","aadD1,ant(6)-Ia=MISTRANSLATION,ant(9)-Ia,aph(3')-IIIa,blaI,blaR1,blaZ,bleO,erm(A),fosB,gyrA_E88K=POINT,gyrA_S84L=POINT,mecA,mecI,mecR1,mph(C),msr(A),parC_E84G=POINT,parC_S80Y=POINT,sat4,tet(38)",18,"aur,hld,hlgA,hlgB,hlgC,icaC,lukD,lukE,sak,scn,sei,selX,sem,sen=MISTRANSLATION,seo,seu=PARTIAL,splA,splB",4.0.23,2025-06-03.1
PDT000013944.3|SAMN00809091|GCA_000362685.1|Staphylococcus aureus M1076||M1076|Generic,GCA_000362685.1,SAMN00809091,2004,"USA: Boston, MA",Homo sapiens,,,PDT000013944.3,2013-04-12,,16,"aadD1,ant(9)-Ia,blaI,blaR1,blaZ,bleO,erm(A),fosB,gyrA_S84L=POINT,mecA,mecI,mecR1,mepA,parC_E84G=POINT,parC_S80Y=POINT,tet(38)","aadD1,ant(9)-Ia,blaI,blaR1,blaZ,bleO,erm(A),fosB,gyrA_S84L=POINT,mecA,mecI,mecR1,parC_E84G=POINT,parC_S80Y=POINT,tet(38)",21,"aur,hld,hlgA,hlgB,hlgC,icaC,lukD,lukE,sak,scn,sed,sei,sej,selX,sem,sen=MISTRANSLATION,seo,ser,seu=PARTIAL,splA,splB",4.0.23,2025-06-03.1
PDT000013945.3|SAMN00809092|GCA_000362645.1|Staphylococcus aureus M1064||M1064|Generic,GCA_000362645.1,SAMN00809092,2004,"USA: Boston, MA",Homo sapiens,,,PDT000013945.3,2013-04-12,,19,"aac(6')-Ie/aph(2'')-Ia,aadD1,blaI,blaPC1,blaR1,bleO,dfrS1,erm(C),folP_E208K=POINT,folP_F17L=POINT,fosB,gyrA_S84L=POINT,mecA,mecR1=PARTIAL,mepA,murA_G257D=POINT,parC_S80F=POINT,tet(38),tet(M)","aac(6')-Ie/aph(2'')-Ia,aadD1,blaI,blaPC1,blaR1,bleO,dfrS1,erm(C),folP_E208K=POINT,folP_F17L=POINT,fosB,gyrA_S84L=POINT,mecA,mecR1=PARTIAL,murA_G257D=POINT,parC_S80F=POINT,tet(38),tet(M)",20,"aur,hld,hlgA,hlgB,hlgC,icaC,lukD,lukE,sak,sasG=PARTIAL,scn,sea,seb,sek,sel26,selX,seq,splA,splB,splE",4.2.7,2026-01-21.1
PDT000013946.3|SAMN00809093|GCA_000362725.1|Staphylococcus aureus M1092||M1092|Generic,GCA_000362725.1,SAMN00809093,2004,"USA: Boston, MA",Homo sapiens,,,PDT000013946.3,2013-04-12,,18,"aadD1,ant(9)-Ia,blaI,blaR1,blaZ,bleO,erm(A),fosB,gyrA_E88K=POINT,gyrA_S84L=POINT,ileS_V588F=POINT,mecA,mecI,mecR1,mepA,parC_E84K=POINT,parC_S80Y=POINT,tet(38)","aadD1,ant(9)-Ia,blaI,blaR1,blaZ,bleO,erm(A),fosB,gyrA_E88K=POINT,gyrA_S84L=POINT,ileS_V588F=POINT,mecA,mecI,mecR1,parC_E84K=POINT,parC_S80Y=POINT,tet(38)",21,"aur,hld,hlgA,hlgB,hlgC,icaC,lukD,lukE,sak,scn,sed=PARTIAL,sei,sej,selX,sem,sen=MISTRANSLATION,seo,ser,seu=PARTIAL,splA,splB",4.0.23,2025-06-03.1
PDT000013947.3|SAMN00809094|GCA_000362745.1|Staphylococcus aureus M1093||M1093|Generic,GCA_000362745.1,SAMN00809094,2004,"USA: Boston, MA",Homo sapiens,,,PDT000013947.3,2013-04-12,,13,"aadD1,ant(9)-Ia,bleO,erm(A),fosB,gyrA_S84L=POINT,mecA,mecI,mecR1,mepA,parC_E84G=POINT,parC_S80Y=POINT,tet(38)","aadD1,ant(9)-Ia,bleO,erm(A),fosB,gyrA_S84L=POINT,mecA,mecI,mecR1,parC_E84G=POINT,parC_S80Y=POINT,tet(38)",15,"aur,hld,hlgA,hlgB,hlgC,icaC,lukE,sei,selX,sem,sen=MISTRANSLATION,seo,seu=PARTIAL,splA,splB",4.2.7,2026-01-21.1
PDT000013948.3|SAMN00809095|GCA_000362765.1|Staphylococcus aureus M1095||M1095|Generic,GCA_000362765.1,SAMN00809095,2004,"USA: Boston, MA",Homo sapiens,,,PDT000013948.3,2013-04-12,,18,"aadD1,ant(9)-Ia,blaI,blaR1,blaZ,bleO=MISTRANSLATION,erm(A),erm(C),fosB,gyrA_S84L=POINT,mecA,mecI,mecR1,mepA,parC_E84G=POINT,parC_S80Y=POINT,tet(38),tet(M)","aadD1,ant(9)-Ia,blaI,blaR1,blaZ,bleO=MISTRANSLATION,erm(A),erm(C),fosB,gyrA_S84L=POINT,mecA,mecI,mecR1,parC_E84G=POINT,parC_S80Y=POINT,tet(38),tet(M)",20,"aur,hld,hlgA,hlgB,hlgC,icaC,lukE,sak,scn,sed=PARTIAL,sei,sej,selX,sem,sen=MISTRANSLATION,seo,ser,seu=PARTIAL,splA,splB",4.0.23,2025-06-03.1
PDT000013949.3|SAMN00809096|GCA_000362785.1|Staphylococcus aureus M1103||M1103|Generic,GCA_000362785.1,SAMN00809096,2004,"USA: Boston, MA",Homo sapiens,,,PDT000013949.3,2013-04-12,,22,"aadD1,ant(6)-Ia=MISTRANSLATION,ant(9)-Ia,aph(3')-IIIa,blaI,blaR1,blaZ,bleO,erm(A),fosB,gyrA_E88K=POINT,gyrA_S84L=POINT,mecA,mecI,mecR1,mepA,mph(C),msr(A),parC_E84G=POINT,parC_S80Y=POINT,sat4,tet(38)","aadD1,ant(6)-Ia=MISTRANSLATION,ant(9)-Ia,aph(3')-IIIa,blaI,blaR1,blaZ,bleO,erm(A),fosB,gyrA_E88K=POINT,gyrA_S84L=POINT,mecA,mecI,mecR1,mph(C),msr(A),parC_E84G=POINT,parC_S80Y=POINT,sat4,tet(38)",18,"aur,hld,hlgA,hlgB,hlgC,icaC,lukD,lukE,sak,scn,sei,selX,sem,sen=MISTRANSLATION,seo,seu=PARTIAL,splA,splB",4.2.7,2026-01-21.1
PDT000013950.3|SAMN00809062|GCA_000362825.1|Staphylococcus aureus M1119||M1119|Generic,GCA_000362825.1,SAMN00809062,2004,"USA: Boston, MA",Homo sapiens,,,PDT000013950.3,2013-04-12,,21,"aadD1,ant(6)-Ia=MISTRANSLATION,ant(9)-Ia,aph(3')-IIIa,blaI,blaR1,blaZ,bleO,erm(A),fosB,gyrA_S84L=POINT,mecA,mecI,mecR1,mepA,mph(C),msr(A),parC_E84G=POINT,parC_S80Y=POINT,sat4,tet(38)","aadD1,ant(6)-Ia=MISTRANSLATION,ant(9)-Ia,aph(3')-IIIa,blaI,blaR1,blaZ,bleO,erm(A),fosB,gyrA_S84L=POINT,mecA,mecI,mecR1,mph(C),msr(A),parC_E84G=POINT,parC_S80Y=POINT,sat4,tet(38)",18,"aur,hld,hlgA,hlgB,hlgC,icaC,lukD,lukE,sak,scn,sei,selX,sem,sen=MISTRANSLATION,seo,seu=PARTIAL,splA,splB",4.0.23,2025-06-03.1
PDT000013951.3|SAMN00809063|GCA_000362885.1|Staphylococcus aureus M1167||M1167|Generic,GCA_000362885.1,SAMN00809063,2004,"USA: Boston, MA",Homo sapiens,,,PDT000013951.3,2013-04-12,,15,"ant(9)-Ia,blaI,blaR1,blaZ,erm(A),fosB,gyrA_E88K=POINT,gyrA_S84L=POINT,mecA,mecI,mecR1,mepA,parC_E84G=POINT,parC_S80Y=POINT,tet(38)","ant(9)-Ia,blaI,blaR1,blaZ,erm(A),fosB,gyrA_E88K=POINT,gyrA_S84L=POINT,mecA,mecI,mecR1,parC_E84G=POINT,parC_S80Y=POINT,tet(38)",20,"aur,hld,hlgA,hlgB,hlgC,icaC,lukE,sak,scn,sed,sei,sej,selX,sem,sen=MISTRANSLATION,seo,ser,seu=PARTIAL,splA,splB",4.2.7,2026-01-21.1
PDT000013952.3|SAMN00809064|GCA_000362905.1|Staphylococcus aureus M1170||M1170|Generic,GCA_000362905.1,SAMN00809064,2004,"USA: Boston, MA",Homo sapiens,,,PDT000013952.3,2013-04-12,,16,"aadD1,ant(9)-Ia,blaI,blaR1,blaZ,bleO,erm(A),fosB,gyrA_S84L=POINT,mecA,mecI,mecR1,mepA,parC_E84G=POINT,parC_S80Y=POINT,tet(38)","aadD1,ant(9)-Ia,blaI,blaR1,blaZ,bleO,erm(A),fosB,gyrA_S84L=POINT,mecA,mecI,mecR1,parC_E84G=POINT,parC_S80Y=POINT,tet(38)",21,"aur,hld,hlgA,hlgB,hlgC,icaC,lukD,lukE,sak,scn,sed,sei,sej,selX,sem,sen=MISTRANSLATION,seo,ser,seu=PARTIAL,splA,splB",4.0.23,2025-06-03.1
PDT000013953.3|SAMN00809066|GCA_000362945.1|Staphylococcus aureus M1198||M1198|Generic,GCA_000362945.1,SAMN00809066,2004,"USA: Boston, MA",Homo sapiens,,,PDT000013953.3,2013-04-12,,16,"aadD1,ant(9)-Ia,blaI,blaR1,blaZ,bleO,erm(A),fosB,gyrA_S84L=POINT,mecA,mecI,mecR1,mepA,parC_E84G=POINT,parC_S80Y=POINT,tet(38)","aadD1,ant(9)-Ia,blaI,blaR1,blaZ,bleO,erm(A),fosB,gyrA_S84L=POINT,mecA,mecI,mecR1,parC_E84G=POINT,parC_S80Y=POINT,tet(38)",20,"aur,hld,hlgA,hlgB,hlgC,icaC,lukE,sak,scn,sed,sei,sej,selX,sem,sen=MISTRANSLATION,seo,ser,seu=PARTIAL,splA,splB",4.2.7,2026-01-21.1
PDT000013954.3|SAMN00809067|GCA_000362965.1|Staphylococcus aureus M1199||M1199|Generic,GCA_000362965.1,SAMN00809067,2004,"USA: Boston, MA",Homo sapiens,,,PDT000013954.3,2013-04-12,,21,"aadD1,ant(6)-Ia=MISTRANSLATION,ant(9)-Ia,aph(3')-IIIa,blaI,blaR1,blaZ,bleO,erm(A),fosB,gyrA_S84L=POINT,mecA,mecI,mecR1,mepA,mph(C),msr(A),parC_E84G=POINT,parC_S80Y=POINT,sat4,tet(38)","aadD1,ant(6)-Ia=MISTRANSLATION,ant(9)-Ia,aph(3')-IIIa,blaI,blaR1,blaZ,bleO,erm(A),fosB,gyrA_S84L=POINT,mecA,mecI,mecR1,mph(C),msr(A),parC_E84G=POINT,parC_S80Y=POINT,sat4,tet(38)",18,"aur,hld,hlgA,hlgB,hlgC,icaC,lukD,lukE,sak,scn,sei,selX,sem,sen=MISTRANSLATION,seo,seu=PARTIAL,splA,splB",4.0.23,2025-06-03.1
PDT000013955.3|SAMN00809070|GCA_000363065.1|Staphylococcus aureus M1229||M1229|Generic,GCA_000363065.1,SAMN00809070,2004,"USA: Boston, MA",Homo sapiens,,,PDT000013955.3,2013-04-12,,16,"aadD1,ant(9)-Ia,blaI,blaR1,blaZ,bleO,erm(A),fosB,gyrA_S84L=POINT,mecA,mecI,mecR1,mepA,parC_E84G=POINT,parC_S80Y=POINT,tet(38)","aadD1,ant(9)-Ia,blaI,blaR1,blaZ,bleO,erm(A),fosB,gyrA_S84L=POINT,mecA,mecI,mecR1,parC_E84G=POINT,parC_S80Y=POINT,tet(38)",17,"aur,hld,hlgA,hlgB,hlgC,icaC,lukE,sak,scn,sei,selX,sem,sen=MISTRANSLATION,seo,seu=PARTIAL,splA,splB",4.0.23,2025-06-03.1
PDT000013956.3|SAMN00809071|GCA_000363105.1|Staphylococcus aureus M1248||M1248|Generic,GCA_000363105.1,SAMN00809071,2004,"USA: Boston, MA",Homo sapiens,,,PDT000013956.3,2013-04-12,,14,"aadD1,ant(9)-Ia,bleO,erm(A),erm(A)=PARTIAL_END_OF_CONTIG,fosB,gyrA_S84L=POINT,mecA,mecI,mecR1,mepA,parC_E84G=POINT,parC_S80Y=POINT,tet(38)","aadD1,ant(9)-Ia,bleO,erm(A),erm(A)=PARTIAL_END_OF_CONTIG,fosB,gyrA_S84L=POINT,mecA,mecI,mecR1,parC_E84G=POINT,parC_S80Y=POINT,tet(38)",18,"aur,hld,hlgA,hlgB,hlgC,icaC,lukE,sak,sasG,scn,sei,selX,sem,sen=MISTRANSLATION,seo,seu=PARTIAL,splA,splB",4.2.7,2026-01-21.1
PDT000013957.3|SAMN00809073|GCA_000363125.1|Staphylococcus aureus M1253||M1253|Generic,GCA_000363125.1,SAMN00809073,2004,"USA: Boston, MA",Homo sapiens,,,PDT000013957.3,2013-04-12,,16,"aadD1,ant(9)-Ia,blaI,blaR1,blaZ,bleO,erm(A),fosB,gyrA_S84L=POINT,mecA,mecI,mecR1,mepA,parC_E84K=POINT,parC_S80F=POINT,tet(38)","aadD1,ant(9)-Ia,blaI,blaR1,blaZ,bleO,erm(A),fosB,gyrA_S84L=POINT,mecA,mecI,mecR1,parC_E84K=POINT,parC_S80F=POINT,tet(38)",23,"aur,hld,hlgA,hlgB,hlgC,icaC,lukD,lukE,sak,sasG=PARTIAL,scn,sed=PARTIAL,sei,sej,selX,sem,sen=MISTRANSLATION,seo,sep,ser,seu=PARTIAL,splA,splB",4.0.23,2025-06-03.1
PDT000013958.3|SAMN00809074|GCA_000363145.1|Staphylococcus aureus M1255||M1255|Generic,GCA_000363145.1,SAMN00809074,2004,"USA: Boston, MA",Homo sapiens,,,PDT000013958.3,2013-04-12,,16,"aadD1,ant(9)-Ia,blaI,blaR1,blaZ,bleO,erm(A),fosB,gyrA_S84L=POINT,mecA,mecI,mecR1,mepA,parC_E84K=POINT,parC_S80F=POINT,tet(38)","aadD1,ant(9)-Ia,blaI,blaR1,blaZ,bleO,erm(A),fosB,gyrA_S84L=POINT,mecA,mecI,mecR1,parC_E84K=POINT,parC_S80F=POINT,tet(38)",20,"aur,hld,hlgA,hlgB,hlgC,icaC,lukD,lukE,sak,scn,sed,sei,sej,selX,sem,sen=MISTRANSLATION,seo,ser,splA,splB",4.2.7,2026-01-21.1
PDT000013959.3|SAMN00809075|GCA_000363185.1|Staphylococcus aureus M1257||M1257|Generic,GCA_000363185.1,SAMN00809075,2004,"USA: Boston, MA",Homo sapiens,,,PDT000013959.3,2013-04-12,,16,"aadD1,ant(9)-Ia,blaI,blaR1,blaZ,bleO,erm(A),fosB,gyrA_S84L=POINT,mecA,mecI,mecR1,mepA,parC_E84G=POINT,parC_S80Y=POINT,tet(38)","aadD1,ant(9)-Ia,blaI,blaR1,blaZ,bleO,erm(A),fosB,gyrA_S84L=POINT,mecA,mecI,mecR1,parC_E84G=POINT,parC_S80Y=POINT,tet(38)",20,"aur,hld,hlgA,hlgB,hlgC,icaC,lukE,sak,scn,sed,sei,sej,selX,sem,sen=MISTRANSLATION,seo,ser,seu=PARTIAL,splA,splB",4.2.7,2026-01-21.1
PDT000013960.3|SAMN00809076|GCA_000363225.1|Staphylococcus aureus M1277||M1277|Generic,GCA_000363225.1,SAMN00809076,2004,"USA: Boston, MA",Homo sapiens,,,PDT000013960.3,2013-04-12,,16,"aadD1,ant(9)-Ia,blaI,blaR1,blaZ,bleO,erm(A),fosB,gyrA_S84L=POINT,mecA,mecI,mecR1,mepA,parC_E84G=POINT,parC_S80Y=POINT,tet(38)","aadD1,ant(9)-Ia,blaI,blaR1,blaZ,bleO,erm(A),fosB,gyrA_S84L=POINT,mecA,mecI,mecR1,parC_E84G=POINT,parC_S80Y=POINT,tet(38)",20,"aur,hld,hlgA,hlgB,hlgC,icaC,lukE,sak,scn,sed,sei,sej,selX,sem,sen=MISTRANSLATION,seo,ser,seu=PARTIAL,splA,splB",4.0.23,2025-06-03.1
PDT000013961.3|SAMN00809077|GCA_000363265.1|Staphylococcus aureus M1291||M1291|Generic,GCA_000363265.1,SAMN00809077,2004,"USA: Boston, MA",Homo sapiens,,,PDT000013961.3,2013-04-12,,17,"aadD1,ant(9)-Ia,blaI,blaR1,blaZ,bleO,erm(A),fosB,gyrA_E88A=POINT,gyrA_S84L=POINT,mecA,mecI,mecR1,mepA,parC_E84G=POINT,parC_S80Y=POINT,tet(38)","aadD1,ant(9)-Ia,blaI,blaR1,blaZ,bleO,erm(A),fosB,gyrA_E88A=POINT,gyrA_S84L=POINT,mecA,mecI,mecR1,parC_E84G=POINT,parC_S80Y=POINT,tet(38)",21,"aur,hld,hlgA,hlgB,hlgC,icaC,lukD,lukE,sak,scn,sed,sei,sej,selX,sem,sen=MISTRANSLATION,seo,ser,seu=PARTIAL,splA,splB",4.0.23,2025-06-03.1
PDT000013962.3|SAMN00809078|GCA_000363305.1|Staphylococcus aureus M1311||M1311|Generic,GCA_000363305.1,SAMN00809078,2004,"USA: Boston, MA",Homo sapiens,,,PDT000013962.3,2013-04-12,,20,"aadD1,ant(9)-Ia,blaI,blaR1,blaZ,bleO,erm(A),folP_A184V=POINT,folP_F17L=POINT,glpT_A100V=POINT,gyrA_S84L=POINT,mecA,mecI=PARTIAL,mecR1,mepA,murA_E291D=POINT,murA_T396N=POINT,parC_S80F=POINT,parE_P585S=POINT,tet(38)","aadD1,ant(9)-Ia,blaI,blaR1,blaZ,bleO,erm(A),folP_A184V=POINT,folP_F17L=POINT,glpT_A100V=POINT,gyrA_S84L=POINT,mecA,mecI=PARTIAL,mecR1,murA_E291D=POINT,murA_T396N=POINT,parC_S80F=POINT,parE_P585S=POINT,tet(38)",14,"aur=PARTIAL,hld,hlgA,hlgB,hlgC,icaC,sak,scn,sei,sel26,sem,sen,seo,seu",4.2.7,2026-01-21.1
PDT000013963.3|SAMN00809079|GCA_000363325.1|Staphylococcus aureus M1320||M1320|Generic,GCA_000363325.1,SAMN00809079,2004,"USA: Boston, MA",Homo sapiens,,,PDT000013963.3,2013-04-12,,13,"aadD1,ant(9)-Ia,bleO,erm(A),fosB,gyrA_S84L=POINT,mecA,mecI,mecR1,mepA,parC_E84G=POINT,parC_S80Y=POINT,tet(38)","aadD1,ant(9)-Ia,bleO,erm(A),fosB,gyrA_S84L=POINT,mecA,mecI,mecR1,parC_E84G=POINT,parC_S80Y=POINT,tet(38)",17,"aur,hld,hlgA,hlgB,hlgC,icaC,lukE,sak,scn,sei,selX,sem,sen=MISTRANSLATION,seo,seu=PARTIAL,splA,splB",4.0.23,2025-06-03.1
PDT000013964.3|SAMN00809080|GCA_000363345.1|Staphylococcus aureus M1321||M1321|Generic,GCA_000363345.1,SAMN00809080,2004,"USA: Boston, MA",Homo sapiens,,,PDT000013964.3,2013-04-12,,16,"ant(9)-Ia,blaI,blaR1,blaZ,erm(A),fosB,gyrA_E88K=POINT,gyrA_S84L=POINT,ileS_V588F=POINT,mecA,mecI,mecR1,mepA,parC_E84K=POINT,parC_S80Y=POINT,tet(38)","ant(9)-Ia,blaI,blaR1,blaZ,erm(A),fosB,gyrA_E88K=POINT,gyrA_S84L=POINT,ileS_V588F=POINT,mecA,mecI,mecR1,parC_E84K=POINT,parC_S80Y=POINT,tet(38)",21,"aur,hld,hlgA,hlgB,hlgC,icaC,lukD,lukE,sak,scn,sed,sei,sej,selX,sem,sen=MISTRANSLATION,seo,ser,seu=PARTIAL,splA,splB",4.2.7,2026-01-21.1
PDT000013965.3|SAMN00809081|GCA_000363365.1|Staphylococcus aureus M1322||M1322|Generic,GCA_000363365.1,SAMN00809081,2004,"USA: Boston, MA",Homo sapiens,,,PDT000013965.3,2013-04-12,,16,"aadD1,ant(9)-Ia,blaI,blaR1,blaZ,bleO,erm(A),fosB,gyrA_S84L=POINT,mecA,mecI,mecR1,mepA,parC_E84G=POINT,parC_S80Y=POINT,tet(38)","aadD1,ant(9)-Ia,blaI,blaR1,blaZ,bleO,erm(A),fosB,gyrA_S84L=POINT,mecA,mecI,mecR1,parC_E84G=POINT,parC_S80Y=POINT,tet(38)",21,"aur,hld,hlgA,hlgB,hlgC,icaC,lukE,sak,sasG,scn,sed,sei,sej,selX,sem,sen=MISTRANSLATION,seo,ser,seu=PARTIAL,splA,splB",4.0.23,2025-06-03.1
PDT000013966.3|SAMN00809082|GCA_000363385.1|Staphylococcus aureus M1359||M1359|Generic,GCA_000363385.1,SAMN00809082,2004,"USA: Boston, MA",Homo sapiens,,,PDT000013966.3,2013-04-12,,13,"aadD1,ant(9)-Ia,bleO,erm(A),fosB,gyrA_S84L=POINT,mecA,mecI,mecR1,mepA,parC_E84G=POINT,parC_S80Y=POINT,tet(38)","aadD1,ant(9)-Ia,bleO,erm(A),fosB,gyrA_S84L=POINT,mecA,mecI,mecR1,parC_E84G=POINT,parC_S80Y=POINT,tet(38)",17,"aur,hld,hlgA,hlgB,hlgC,icaC,lukE,sak,scn,sei,selX,sem,sen=MISTRANSLATION,seo,seu=PARTIAL,splA,splB",4.2.7,2026-01-21.1
PDT000013967.3|SAMN00809084|GCA_000363405.1|Staphylococcus aureus M1367||M1367|Generic,GCA_000363405.1,SAMN00809084,2004,"USA: Boston, MA",Homo sapiens,,,PDT000013967.3,2013-04-12,,16,"aadD1,ant(9)-Ia,blaI,blaR1,blaZ,bleO,erm(A),fosB,gyrA_S84L=POINT,mecA,mecI,mecR1,mepA,parC_E84G=POINT,parC_S80Y=POINT,tet(38)","aadD1,ant(9)-Ia,blaI,blaR1,blaZ,bleO,erm(A),fosB,gyrA_S84L=POINT,mecA,mecI,mecR1,parC_E84G=POINT,parC_S80Y=POINT,tet(38)",20,"aur,hld,hlgA,hlgB,hlgC,icaC,lukD,lukE,sak,scn,sed,sei,sej,selX,sem,sen=PARTIAL,seo,ser,seu=PARTIAL,splB",4.2.7,2026-01-21.1
PDT000013968.3|SAMN00809085|GCA_000363425.1|Staphylococcus aureus M1373||M1373|Generic,GCA_000363425.1,SAMN00809085,2004,"USA: Boston, MA",Homo sapiens,,,PDT000013968.3,2013-04-12,,15,"ant(9)-Ia,blaI,blaR1,blaZ,erm(A),fosB,gyrA_E88K=POINT,gyrA_S84L=POINT,mecA,mecI=MISTRANSLATION,mecR1,mepA,parC_E84G=POINT,parC_S80Y=POINT,tet(38)","ant(9)-Ia,blaI,blaR1,blaZ,erm(A),fosB,gyrA_E88K=POINT,gyrA_S84L=POINT,mecA,mecI=MISTRANSLATION,mecR1,parC_E84G=POINT,parC_S80Y=POINT,tet(38)",21,"aur,hld,hlgA,hlgB,hlgC,icaC,lukD,lukE,sak,scn,sed,sei,sej,selX,sem,sen=MISTRANSLATION,seo,ser,seu=PARTIAL,splA,splB",4.0.23,2025-06-03.1
PDT000013969.3|SAMN00809086|GCA_000363465.1|Staphylococcus aureus M1394||M1394|Generic,GCA_000363465.1,SAMN00809086,2004,"USA: Boston, MA",Homo sapiens,,,PDT000013969.3,2013-04-12,,13,"aadD1,ant(9)-Ia,bleO,erm(A),fosB,gyrA_S84L=POINT,mecA,mecI,mecR1,mepA,parC_E84G=POINT,parC_S80Y=POINT,tet(38)","aadD1,ant(9)-Ia,bleO,erm(A),fosB,gyrA_S84L=POINT,mecA,mecI,mecR1,parC_E84G=POINT,parC_S80Y=POINT,tet(38)",18,"aur,hld,hlgA,hlgB,hlgC,icaC,lukE,sak,sasG,scn,sei,selX,sem,sen=MISTRANSLATION,seo,seu=PARTIAL,splA,splB",4.0.23,2025-06-03.1
PDT000013970.3|SAMN00809087|GCA_000363505.1|Staphylococcus aureus M1450||M1450|Generic,GCA_000363505.1,SAMN00809087,2004,"USA: Boston, MA",Homo sapiens,,,PDT000013970.3,2013-04-12,,16,"aadD1,ant(9)-Ia,blaI,blaR1,blaZ,bleO,erm(A),fosB,gyrA_S84L=POINT,mecA,mecI,mecR1,mepA,parC_E84G=POINT,parC_S80Y=POINT,tet(38)","aadD1,ant(9)-Ia,blaI,blaR1,blaZ,bleO,erm(A),fosB,gyrA_S84L=POINT,mecA,mecI,mecR1,parC_E84G=POINT,parC_S80Y=POINT,tet(38)",17,"aur,hld,hlgA,hlgB,hlgC,icaC,lukE,sak,scn,sei,selX,sem,sen=MISTRANSLATION,seo,seu=PARTIAL,splA,splB",4.2.7,2026-01-21.1
PDT000013971.3|SAMN00809089|GCA_000363545.1|Staphylococcus aureus M1462||M1462|Generic,GCA_000363545.1,SAMN00809089,2004,"USA: Boston, MA",Homo sapiens,,,PDT000013971.3,2013-04-12,,21,"aac(6')-Ie/aph(2'')-Ia,aadD1,blaI,blaPC1,blaR1,blaZ=PARTIAL,bleO,dfrS1,erm(C),folP_E208K=POINT,folP_F17L=POINT,fosB,gyrA_S84L=POINT,mecA,mecR1=PARTIAL,mepA,murA_G257D=POINT,parC_E84G=POINT,parC_S80F=POINT,tet(38),tet(M)","aac(6')-Ie/aph(2'')-Ia,aadD1,blaI,blaPC1,blaR1,blaZ=PARTIAL,bleO,dfrS1,erm(C),folP_E208K=POINT,folP_F17L=POINT,fosB,gyrA_S84L=POINT,mecA,mecR1=PARTIAL,murA_G257D=POINT,parC_E84G=POINT,parC_S80F=POINT,tet(38),tet(M)",16,"aur,hld,hlgA,hlgB,hlgC,icaC,lukD,lukE,seb,sek,sel26,selX,seq,splA,splB,splE",4.2.7,2026-01-21.1
PDT000013972.3|SAMN00809090|GCA_000363565.1|Staphylococcus aureus M1463||M1463|Generic,GCA_000363565.1,SAMN00809090,2004,"USA: Boston, MA",Homo sapiens,,,PDT000013972.3,2013-04-12,,17,"aadD1,ant(9)-Ia,blaI,blaR1,blaZ=MISTRANSLATION,bleO,erm(A),fosB,gyrA_E88K=POINT,gyrA_S84L=POINT,mecA,mecI,mecR1,mepA,parC_E84G=POINT,parC_S80Y=POINT,tet(38)","aadD1,ant(9)-Ia,blaI,blaR1,blaZ=MISTRANSLATION,bleO,erm(A),fosB,gyrA_E88K=POINT,gyrA_S84L=POINT,mecA,mecI,mecR1,parC_E84G=POINT,parC_S80Y=POINT,tet(38)",21,"aur,hld,hlgA,hlgB,hlgC,icaC,lukD,lukE,sak,scn,sed=PARTIAL,sei,sej,selX,sem,sen=MISTRANSLATION,seo,ser,seu=PARTIAL,splA,splB",4.0.23,2025-06-03.1
PDT000013973.3|SAMN00809155|GCA_000363585.1|Staphylococcus aureus M1481||M1481|Generic,GCA_000363585.1,SAMN00809155,2004,"USA: Boston, MA",Homo sapiens,,,PDT000013973.3,2013-04-12,,16,"aadD1,ant(9)-Ia,blaI,blaR1,blaZ,bleO,erm(A),fosB,gyrA_S84L=POINT,mecA,mecI,mecR1,mepA,parC_E84G=POINT,parC_S80Y=POINT,tet(38)","aadD1,ant(9)-Ia,blaI,blaR1,blaZ,bleO,erm(A),fosB,gyrA_S84L=POINT,mecA,mecI,mecR1,parC_E84G=POINT,parC_S80Y=POINT,tet(38)",20,"aur,hld,hlgA,hlgB,hlgC,icaC,lukE,sak,scn,sed,sei,sej,selX,sem,sen=MISTRANSLATION,seo,ser,seu=PARTIAL,splA,splB",4.2.7,2026-01-21.1
PDT000013974.3|SAMN00809166|GCA_000363625.1|Staphylococcus aureus M1520||M1520|Generic,GCA_000363625.1,SAMN00809166,2004,"USA: Boston, MA",Homo sapiens,,,PDT000013974.3,2013-04-12,,16,"aadD1,ant(9)-Ia,blaI,blaR1,blaZ,bleO,erm(A),fosB,gyrA_S84L=POINT,mecA,mecI,mecR1,mepA,parC_E84G=POINT,parC_S80Y=POINT,tet(38)","aadD1,ant(9)-Ia,blaI,blaR1,blaZ,bleO,erm(A),fosB,gyrA_S84L=POINT,mecA,mecI,mecR1,parC_E84G=POINT,parC_S80Y=POINT,tet(38)",21,"aur,hld,hlgA,hlgB,hlgC,icaC,lukD,lukE,sak,scn,sed=PARTIAL,sei,sej,selX,sem,sen=MISTRANSLATION,seo,ser,seu=PARTIAL,splA,splB",4.0.23,2025-06-03.1
PDT000013975.3|SAMN00809177|GCA_000363645.1|Staphylococcus aureus M1521||M1521|Generic,GCA_000363645.1,SAMN00809177,2004,"USA: Boston, MA",Homo sapiens,,,PDT000013975.3,2013-04-12,,21,"aadD1,ant(6)-Ia=MISTRANSLATION,ant(9)-Ia,aph(3')-IIIa,blaI,blaR1,blaZ,bleO,erm(A),fosB,gyrA_S84L=POINT,mecA,mecI,mecR1,mepA,mph(C),msr(A),parC_E84G=POINT,parC_S80Y=POINT,sat4,tet(38)","aadD1,ant(6)-Ia=MISTRANSLATION,ant(9)-Ia,aph(3')-IIIa,blaI,blaR1,blaZ,bleO,erm(A),fosB,gyrA_S84L=POINT,mecA,mecI,mecR1,mph(C),msr(A),parC_E84G=POINT,parC_S80Y=POINT,sat4,tet(38)",18,"aur,hld,hlgA,hlgB,hlgC,icaC,lukD,lukE,sak,scn,sei,selX,sem,sen=MISTRANSLATION,seo,seu=PARTIAL,splA,splB",4.2.7,2026-01-21.1
PDT000013976.3|SAMN00809188|GCA_000363665.1|Staphylococcus aureus M1531||M1531|Generic,GCA_000363665.1,SAMN00809188,2004,"USA: Boston, MA",Homo sapiens,,,PDT000013976.3,2013-04-12,,12,"aadD1,ant(9)-Ia,bleO,erm(A),fosB,gyrA_S84L=POINT,mecA,mecI,mecR1,mepA,parC_S80F=POINT,tet(38)","aadD1,ant(9)-Ia,bleO,erm(A),fosB,gyrA_S84L=POINT,mecA,mecI,mecR1,parC_S80F=POINT,tet(38)",20,"aur,hld,hlgA,hlgB,hlgC,icaC,lukD,lukE,sak,sasG=PARTIAL,scn=MISTRANSLATION,sei,selX,sem,sen=MISTRANSLATION,seo,sep,seu=PARTIAL,splA,splB",4.0.23,2025-06-03.1
PDT000013977.3|SAMN00809194|GCA_000363685.1|Staphylococcus aureus M1533||M1533|Generic,GCA_000363685.1,SAMN00809194,2004,"USA: Boston, MA",Homo sapiens,,,PDT000013977.3,2013-04-12,,22,"aadD1,ant(6)-Ia=MISTRANSLATION,ant(9)-Ia,aph(3')-IIIa,blaI,blaR1,blaZ,bleO,erm(A),erm(C),fosB,gyrA_S84L=POINT,mecA,mecI,mecR1,mepA,mph(C),msr(A),parC_E84G=POINT,parC_S80Y=POINT,sat4,tet(38)","aadD1,ant(6)-Ia=MISTRANSLATION,ant(9)-Ia,aph(3')-IIIa,blaI,blaR1,blaZ,bleO,erm(A),erm(C),fosB,gyrA_S84L=POINT,mecA,mecI,mecR1,mph(C),msr(A),parC_E84G=POINT,parC_S80Y=POINT,sat4,tet(38)",17,"aur,hld,hlgA,hlgB,hlgC,icaC,lukE,sak,scn,sei,selX,sem,sen=MISTRANSLATION,seo,seu=PARTIAL,splA,splB",4.2.7,2026-01-21.1
PDT000013978.3|SAMN00809195|GCA_000363705.1|Staphylococcus aureus M1544||M1544|Generic,GCA_000363705.1,SAMN00809195,2004,"USA: Boston, MA",Homo sapiens,,,PDT000013978.3,2013-04-12,,17,"aadD1,ant(9)-Ia,blaI,blaR1,blaZ,bleO,erm(A),fosB,gyrA_E88G=POINT,gyrA_S84L=POINT,mecA,mecI,mecR1,mepA,parC_E84G=POINT,parC_S80Y=POINT,tet(38)","aadD1,ant(9)-Ia,blaI,blaR1,blaZ,bleO,erm(A),fosB,gyrA_E88G=POINT,gyrA_S84L=POINT,mecA,mecI,mecR1,parC_E84G=POINT,parC_S80Y=POINT,tet(38)",20,"aur,hld,hlgA,hlgB,hlgC,icaC,lukE,sak,scn,sed,sei,sej,selX,sem,sen=MISTRANSLATION,seo,ser,seu=PARTIAL,splA,splB",4.2.7,2026-01-21.1
PDT000013979.3|SAMN00809196|GCA_000363725.1|Staphylococcus aureus M1556||M1556|Generic,GCA_000363725.1,SAMN00809196,2004,"USA: Boston, MA",Homo sapiens,,,PDT000013979.3,2013-04-12,,17,"aadD1,ant(9)-Ia,blaI,blaR1,blaZ,bleO,erm(A),fosB,gyrA_E88K=POINT,gyrA_S84L=POINT,mecA,mecI,mecR1,mepA,parC_E84G=POINT,parC_S80Y=POINT,tet(38)","aadD1,ant(9)-Ia,blaI,blaR1,blaZ,bleO,erm(A),fosB,gyrA_E88K=POINT,gyrA_S84L=POINT,mecA,mecI,mecR1,parC_E84G=POINT,parC_S80Y=POINT,tet(38)",21,"aur,hld,hlgA,hlgB,hlgC,icaC,lukD,lukE,sak,scn,sed=PARTIAL,sei,sej,selX,sem,sen=MISTRANSLATION,seo,ser,seu=PARTIAL,splA,splB",4.0.23,2025-06-03.1
PDT000013980.3|SAMN00809197|GCA_000363745.1|Staphylococcus aureus M1563||M1563|Generic,GCA_000363745.1,SAMN00809197,2004,"USA: Boston, MA",Homo sapiens,,,PDT000013980.3,2013-04-12,,12,"aadD1,ant(9)-Ia,bleO,erm(A),fosB,gyrA_S84L=POINT,mecA,mecI,mecR1,mepA,parC_S80F=POINT,tet(38)","aadD1,ant(9)-Ia,bleO,erm(A),fosB,gyrA_S84L=POINT,mecA,mecI,mecR1,parC_S80F=POINT,tet(38)",20,"aur,hld,hlgA,hlgB,hlgC,icaC,lukD,lukE,sak,sasG=PARTIAL,scn=MISTRANSLATION,sei,selX,sem,sen=MISTRANSLATION,seo,sep,seu=PARTIAL,splA,splB",4.0.23,2025-06-03.1
PDT000013981.3|SAMN00809198|GCA_000363765.1|Staphylococcus aureus M1565||M1565|Generic,GCA_000363765.1,SAMN00809198,2004,"USA: Boston, MA",Homo sapiens,,,PDT000013981.3,2013-04-12,,22,"aadD1=PARTIAL_END_OF_CONTIG,ant(6)-Ia=MISTRANSLATION,ant(9)-Ia,ant(9)-Ia=PARTIAL_END_OF_CONTIG,aph(3')-IIIa,blaI,blaR1,blaZ,bleO,erm(A),fosB,gyrA_S84L=POINT,mecA,mecI,mecR1,mepA,mph(C),msr(A),parC_E84G=POINT,parC_S80Y=POINT,sat4,tet(38)","aadD1=PARTIAL_END_OF_CONTIG,ant(6)-Ia=MISTRANSLATION,ant(9)-Ia,ant(9)-Ia=PARTIAL_END_OF_CONTIG,aph(3')-IIIa,blaI,blaR1,blaZ,bleO,erm(A),fosB,gyrA_S84L=POINT,mecA,mecI,mecR1,mph(C),msr(A),parC_E84G=POINT,parC_S80Y=POINT,sat4,tet(38)",16,"aur,hld,hlgA,hlgB,hlgC,icaC,lukD,lukE,sei,selX,sem,sen=MISTRANSLATION,seo,seu=PARTIAL,splA,splB",4.0.23,2025-06-03.1
PDT000013982.3|SAMN00809156|GCA_000363785.1|Staphylococcus aureus M1578||M1578|Generic,GCA_000363785.1,SAMN00809156,2005,"USA: Boston, MA",Homo sapiens,,,PDT000013982.3,2013-04-12,,16,"aadD1,ant(9)-Ia,blaI,blaR1,blaZ,bleO,erm(A),fosB,gyrA_S84L=POINT,mecA,mecI,mecR1,mepA,parC_E84G=POINT,parC_S80Y=POINT,tet(38)","aadD1,ant(9)-Ia,blaI,blaR1,blaZ,bleO,erm(A),fosB,gyrA_S84L=POINT,mecA,mecI,mecR1,parC_E84G=POINT,parC_S80Y=POINT,tet(38)",22,"aur,hld,hlgA,hlgB,hlgC,icaC,lukD,lukE,sak,sasG,scn,sed=PARTIAL,sei,sej,selX,sem,sen=MISTRANSLATION,seo,ser=PARTIAL,seu=PARTIAL,splA,splB",4.2.7,2026-01-21.1
PDT000013983.3|SAMN00809157|GCA_000359965.1|Staphylococcus aureus M0006||M0006|Generic,GCA_000359965.1,SAMN00809157,2003,"USA: Boston, MA",Homo sapiens,,,PDT000013983.3,2013-04-12,,16,"aadD1,ant(9)-Ia,blaI,blaR1,blaZ,bleO,erm(A),fosB,gyrA_S84L=POINT,mecA,mecI,mecR1,mepA,parC_E84G=POINT,parC_S80Y=POINT,tet(38)","aadD1,ant(9)-Ia,blaI,blaR1,blaZ,bleO,erm(A),fosB,gyrA_S84L=POINT,mecA,mecI,mecR1,parC_E84G=POINT,parC_S80Y=POINT,tet(38)",21,"aur,hld,hlgA,hlgB,hlgC,icaC,lukD,lukE,sak,scn,sed,sei,sej,selX,sem,sen=MISTRANSLATION,seo,ser,seu=PARTIAL,splA,splB",4.2.7,2026-01-21.1
PDT000013984.3|SAMN00809158|GCA_000360045.1|Staphylococcus aureus M0055||M0055|Generic,GCA_000360045.1,SAMN00809158,2003,"USA: Boston, MA",Homo sapiens,,,PDT000013984.3,2013-04-12,,18,"aac(6')-Ie/aph(2'')-Ia,blaI,blaPC1,blaR1,dfrS1,erm(C),folP_E208K=POINT,folP_F17L=POINT,fosB,gyrA_S84L=POINT,ileS_V588F=POINT,mecA,mecR1=PARTIAL,mepA,murA_G257D=POINT,parC_E84K=POINT,parC_S80F=POINT,tet(38)","aac(6')-Ie/aph(2'')-Ia,blaI,blaPC1,blaR1,dfrS1,erm(C),folP_E208K=POINT,folP_F17L=POINT,fosB,gyrA_S84L=POINT,ileS_V588F=POINT,mecA,mecR1=PARTIAL,murA_G257D=POINT,parC_E84K=POINT,parC_S80F=POINT,tet(38)",19,"aur,hld,hlgA,hlgB,hlgC,icaC,lukD,lukE,sak,scn,sea,seb,sek,sel26,selX,seq,splA,splB,splE",4.0.23,2025-06-03.1
PDT000013985.3|SAMN00809159|GCA_000360065.1|Staphylococcus aureus M0060||M0060|Generic,GCA_000360065.1,SAMN00809159,2003,"USA: Boston, MA",Homo sapiens,,,PDT000013985.3,2013-04-12,,21,"aadD1,ant(6)-Ia=MISTRANSLATION,ant(9)-Ia,aph(3')-IIIa,blaI,blaR1,blaZ,bleO,erm(A),fosB,gyrA_S84L=POINT,mecA,mecI,mecR1,mepA,mph(C),msr(A),parC_E84G=POINT,parC_S80Y=POINT,sat4,tet(38)","aadD1,ant(6)-Ia=MISTRANSLATION,ant(9)-Ia,aph(3')-IIIa,blaI,blaR1,blaZ,bleO,erm(A),fosB,gyrA_S84L=POINT,mecA,mecI,mecR1,mph(C),msr(A),parC_E84G=POINT,parC_S80Y=POINT,sat4,tet(38)",18,"aur,hld,hlgA,hlgB,hlgC,icaC,lukD,lukE,sak,scn,sei,selX,sem,sen=MISTRANSLATION,seo,seu=PARTIAL,splA,splB",4.2.7,2026-01-21.1
PDT000013986.3|SAMN00809160|GCA_000360105.1|Staphylococcus aureus M0077||M0077|Generic,GCA_000360105.1,SAMN00809160,2003,"USA: Boston, MA",Homo sapiens,,,PDT000013986.3,2013-04-12,,21,"aadD1,ant(6)-Ia=MISTRANSLATION,ant(9)-Ia,aph(3')-IIIa,blaI,blaR1,blaZ,bleO,erm(A),fosB,gyrA_S84L=POINT,mecA,mecI,mecR1,mepA,mph(C),msr(A),parC_E84G=POINT,parC_S80Y=POINT,sat4,tet(38)","aadD1,ant(6)-Ia=MISTRANSLATION,ant(9)-Ia,aph(3')-IIIa,blaI,blaR1,blaZ,bleO,erm(A),fosB,gyrA_S84L=POINT,mecA,mecI,mecR1,mph(C),msr(A),parC_E84G=POINT,parC_S80Y=POINT,sat4,tet(38)",18,"aur,hld,hlgA,hlgB,hlgC,icaC,lukD,lukE,sak,scn,sei,selX,sem,sen=MISTRANSLATION,seo,seu=PARTIAL,splA,splB",4.0.23,2025-06-03.1
PDT000013987.3|SAMN00809161|GCA_000360185.1|Staphylococcus aureus M0108||M0108|Generic,GCA_000360185.1,SAMN00809161,2003,"USA: Boston, MA",Homo sapiens,,,PDT000013987.3,2013-04-12,,12,"aadD1,ant(9)-Ia,bleO,erm(A),fosB,gyrA_S84L=POINT,mecA,mecI,mecR1,mepA,parC_S80F=POINT,tet(38)","aadD1,ant(9)-Ia,bleO,erm(A),fosB,gyrA_S84L=POINT,mecA,mecI,mecR1,parC_S80F=POINT,tet(38)",19,"aur,hld,hlgA,hlgB,hlgC,icaC,lukD,lukE,sak,scn,sei,selX,sem,sen=MISTRANSLATION,seo,sep,seu=PARTIAL,splA,splB",4.0.23,2025-06-03.1
PDT000013988.3|SAMN00809162|GCA_000360205.1|Staphylococcus aureus M0144||M0144|Generic,GCA_000360205.1,SAMN00809162,2003,"USA: Boston, MA",Homo sapiens,,,PDT000013988.3,2013-04-12,,21,"aadD1,ant(6)-Ia=MISTRANSLATION,ant(9)-Ia,aph(3')-IIIa,blaI,blaR1,blaZ,bleO,erm(A),fosB,gyrA_S84L=POINT,mecA,mecI,mecR1,mepA,mph(C),msr(A),parC_E84G=POINT,parC_S80Y=POINT,sat4,tet(38)","aadD1,ant(6)-Ia=MISTRANSLATION,ant(9)-Ia,aph(3')-IIIa,blaI,blaR1,blaZ,bleO,erm(A),fosB,gyrA_S84L=POINT,mecA,mecI,mecR1,mph(C),msr(A),parC_E84G=POINT,parC_S80Y=POINT,sat4,tet(38)",18,"aur,hld,hlgA,hlgB,hlgC,icaC,lukD,lukE,sak,scn,sei,selX,sem,sen=MISTRANSLATION,seo,seu=PARTIAL,splA,splB",4.2.7,2026-01-21.1
PDT000013989.3|SAMN00809163|GCA_000360245.1|Staphylococcus aureus M0154||M0154|Generic,GCA_000360245.1,SAMN00809163,2003,"USA: Boston, MA",Homo sapiens,,,PDT000013989.3,2013-04-12,,16,"aadD1,ant(9)-Ia,blaI,blaR1,blaZ,bleO,erm(A),fosB,gyrA_S84L=POINT,mecA,mecI,mecR1,mepA,parC_E84G=POINT,parC_S80Y=POINT,tet(38)","aadD1,ant(9)-Ia,blaI,blaR1,blaZ,bleO,erm(A),fosB,gyrA_S84L=POINT,mecA,mecI,mecR1,parC_E84G=POINT,parC_S80Y=POINT,tet(38)",20,"aur,hld,hlgA,hlgB,hlgC,icaC,lukE,sak,scn,sed,sei,sej,selX,sem,sen=MISTRANSLATION,seo,ser,seu=PARTIAL,splA,splB",4.2.7,2026-01-21.1
PDT000013990.3|SAMN00809164|GCA_000360305.1|Staphylococcus aureus M0177||M0177|Generic,GCA_000360305.1,SAMN00809164,2003,"USA: Boston, MA",Homo sapiens,,,PDT000013990.3,2013-04-12,,16,"ant(9)-Ia,blaI,blaR1,blaZ,erm(A),fosB,gyrA_S84L=POINT,gyrA_S85P=POINT,ileS_V588F=POINT,mecA,mecI,mecR1,mepA,parC_E84G=POINT,parC_S80Y=POINT,tet(38)","ant(9)-Ia,blaI,blaR1,blaZ,erm(A),fosB,gyrA_S84L=POINT,gyrA_S85P=POINT,ileS_V588F=POINT,mecA,mecI,mecR1,parC_E84G=POINT,parC_S80Y=POINT,tet(38)",20,"aur,hld,hlgA,hlgB,hlgC,icaC,lukE,sak,scn,sed,sei,sej,selX,sem,sen=MISTRANSLATION,seo,ser,seu=PARTIAL,splA,splB",4.0.23,2025-06-03.1
PDT000013991.3|SAMN00809165|GCA_000360365.1|Staphylococcus aureus M0200||M0200|Generic,GCA_000360365.1,SAMN00809165,2003,"USA: Boston, MA",Homo sapiens,,,PDT000013991.3,2013-04-12,,21,"aadD1,ant(6)-Ia=MISTRANSLATION,ant(9)-Ia,aph(3')-IIIa,blaI,blaR1,blaZ,bleO,erm(A),fosB,gyrA_S84L=POINT,mecA,mecI,mecR1,mepA,mph(C),msr(A),parC_E84G=POINT,parC_S80Y=POINT,sat4,tet(38)","aadD1,ant(6)-Ia=MISTRANSLATION,ant(9)-Ia,aph(3')-IIIa,blaI,blaR1,blaZ,bleO,erm(A),fosB,gyrA_S84L=POINT,mecA,mecI,mecR1,mph(C),msr(A),parC_E84G=POINT,parC_S80Y=POINT,sat4,tet(38)",18,"aur,hld,hlgA,hlgB,hlgC,icaC,lukD,lukE,sak,scn,sei,selX,sem,sen=MISTRANSLATION,seo,seu=PARTIAL,splA,splB",4.0.23,2025-06-03.1
PDT000013992.3|SAMN00809167|GCA_000360405.1|Staphylococcus aureus M0212||M0212|Generic,GCA_000360405.1,SAMN00809167,2003,"USA: Boston, MA",Homo sapiens,,,PDT000013992.3,2013-04-12,,16,"aadD1,ant(9)-Ia,blaI,blaR1,blaZ,bleO,erm(A),fosB,gyrA_S84L=POINT,mecA,mecI,mecR1,mepA,parC_E84G=POINT,parC_S80Y=POINT,tet(38)","aadD1,ant(9)-Ia,blaI,blaR1,blaZ,bleO,erm(A),fosB,gyrA_S84L=POINT,mecA,mecI,mecR1,parC_E84G=POINT,parC_S80Y=POINT,tet(38)",20,"aur,hld,hlgA,hlgB,hlgC,icaC,lukE,sak,scn,sed,sei,sej,selX,sem,sen=MISTRANSLATION,seo,ser,seu=PARTIAL,splA,splB",4.2.7,2026-01-21.1
PDT000013993.3|SAMN00809168|GCA_000360445.1|Staphylococcus aureus M0216||M0216|Generic,GCA_000360445.1,SAMN00809168,2003,"USA: Boston, MA",Homo sapiens,,,PDT000013993.3,2013-04-12,,16,"aadD1,ant(9)-Ia,blaI,blaR1,blaZ,bleO,erm(A),fosB,gyrA_S84L=POINT,mecA,mecI,mecR1,mepA,parC_E84G=POINT,parC_S80Y=POINT,tet(38)","aadD1,ant(9)-Ia,blaI,blaR1,blaZ,bleO,erm(A),fosB,gyrA_S84L=POINT,mecA,mecI,mecR1,parC_E84G=POINT,parC_S80Y=POINT,tet(38)",21,"aur,hld,hlgA,hlgB,hlgC,icaC,lukD,lukE,sak,scn,sed,sei,sej,selX,sem,sen=MISTRANSLATION,seo,ser=PARTIAL,seu=PARTIAL,splA,splB",4.2.7,2026-01-21.1
PDT000013994.3|SAMN00809169|GCA_000360485.1|Staphylococcus aureus M0235||M0235|Generic,GCA_000360485.1,SAMN00809169,2003,"USA: Boston, MA",Homo sapiens,,,PDT000013994.3,2013-04-12,,22,"aadD1,ant(6)-Ia=MISTRANSLATION,ant(9)-Ia,aph(3')-IIIa,blaI,blaR1,blaZ,bleO,erm(A),erm(C),fosB,gyrA_S84L=POINT,mecA,mecI,mecR1,mepA,mph(C),msr(A),parC_E84G=POINT,parC_S80Y=POINT,sat4,tet(38)","aadD1,ant(6)-Ia=MISTRANSLATION,ant(9)-Ia,aph(3')-IIIa,blaI,blaR1,blaZ,bleO,erm(A),erm(C),fosB,gyrA_S84L=POINT,mecA,mecI,mecR1,mph(C),msr(A),parC_E84G=POINT,parC_S80Y=POINT,sat4,tet(38)",17,"aur,hld,hlgA,hlgB,hlgC,icaC,lukE,sak,scn,sei,selX,sem,sen=MISTRANSLATION,seo,seu=PARTIAL,splA,splB",4.0.23,2025-06-03.1
PDT000013995.3|SAMN00809170|GCA_000360565.1|Staphylococcus aureus M0250||M0250|Generic,GCA_000360565.1,SAMN00809170,2003,"USA: Boston, MA",Homo sapiens,,,PDT000013995.3,2013-04-12,,17,"aadD1,ant(9)-Ia,blaI,blaR1,blaZ,bleO,erm(A),fosB,gyrA_E88K=POINT,gyrA_S84L=POINT,mecA,mecI,mecR1,mepA,parC_E84G=POINT,parC_S80Y=POINT,tet(38)","aadD1,ant(9)-Ia,blaI,blaR1,blaZ,bleO,erm(A),fosB,gyrA_E88K=POINT,gyrA_S84L=POINT,mecA,mecI,mecR1,parC_E84G=POINT,parC_S80Y=POINT,tet(38)",20,"aur,hld,hlgA=PARTIAL,hlgB,hlgC,icaC,lukE,sak,scn,sed,sei,sej,selX,sem,sen=MISTRANSLATION,seo,ser,seu=PARTIAL,splA,splB",4.2.7,2026-01-21.1
PDT000013996.3|SAMN00809172|GCA_000360665.1|Staphylococcus aureus M0280||M0280|Generic,GCA_000360665.1,SAMN00809172,2003,"USA: Boston, MA",Homo sapiens,,,PDT000013996.3,2013-04-12,,21,"aadD1,ant(6)-Ia=MISTRANSLATION,ant(9)-Ia,aph(3')-IIIa,blaI,blaR1,blaZ,bleO,erm(A),fosB,gyrA_S84L=POINT,mecA,mecI,mecR1,mepA,mph(C),msr(A)=PARTIAL_END_OF_CONTIG,parC_E84G=POINT,parC_S80Y=POINT,sat4,tet(38)","aadD1,ant(6)-Ia=MISTRANSLATION,ant(9)-Ia,aph(3')-IIIa,blaI,blaR1,blaZ,bleO,erm(A),fosB,gyrA_S84L=POINT,mecA,mecI,mecR1,mph(C),msr(A)=PARTIAL_END_OF_CONTIG,parC_E84G=POINT,parC_S80Y=POINT,sat4,tet(38)",18,"aur,hld,hlgA,hlgB,hlgC,icaC,lukD,lukE,sak,scn,sei,selX,sem,sen=MISTRANSLATION,seo,seu=PARTIAL,splA,splB",4.2.7,2026-01-21.1
PDT000013997.3|SAMN00809173|GCA_000360705.1|Staphylococcus aureus M0306||M0306|Generic,GCA_000360705.1,SAMN00809173,2003,"USA: Boston, MA",Homo sapiens,,,PDT000013997.3,2013-04-12,,20,"aadD1,ant(6)-Ia=MISTRANSLATION,ant(9)-Ia,aph(3')-IIIa,blaI,blaR1,blaZ,bleO,erm(A),fosB,gyrA_S84L=POINT,mecA,mecI,mecR1,mepA,mph(C),msr(A),parC_S80Y=POINT,sat4,tet(38)","aadD1,ant(6)-Ia=MISTRANSLATION,ant(9)-Ia,aph(3')-IIIa,blaI,blaR1,blaZ,bleO,erm(A),fosB,gyrA_S84L=POINT,mecA,mecI,mecR1,mph(C),msr(A),parC_S80Y=POINT,sat4,tet(38)",19,"aur,hld,hlgA,hlgB,hlgC,icaC,lukD,lukE,sak,sasG,scn,sei,selX,sem,sen=MISTRANSLATION,seo=MISTRANSLATION,seu=PARTIAL,splA,splB",4.0.23,2025-06-03.1
PDT000013998.3|SAMN00809174|GCA_000360825.1|Staphylococcus aureus M0334||M0334|Generic,GCA_000360825.1,SAMN00809174,2003,"USA: Boston, MA",Homo sapiens,,,PDT000013998.3,2013-04-12,,21,"aadD1,ant(6)-Ia=MISTRANSLATION,ant(9)-Ia,aph(3')-IIIa,blaI,blaR1,blaZ,bleO,erm(A),fosB,gyrA_S84L=POINT,mecA,mecI,mecR1,mepA,mph(C),msr(A),parC_E84G=POINT,parC_S80Y=POINT,sat4,tet(38)","aadD1,ant(6)-Ia=MISTRANSLATION,ant(9)-Ia,aph(3')-IIIa,blaI,blaR1,blaZ,bleO,erm(A),fosB,gyrA_S84L=POINT,mecA,mecI,mecR1,mph(C),msr(A),parC_E84G=POINT,parC_S80Y=POINT,sat4,tet(38)",18,"aur,hld,hlgA,hlgB,hlgC,icaC,lukD,lukE,sak,scn,sei,selX,sem,sen=MISTRANSLATION,seo,seu=PARTIAL,splA,splB",4.0.23,2025-06-03.1
PDT000013999.3|SAMN00809175|GCA_000360885.1|Staphylococcus aureus M0350||M0350|Generic,GCA_000360885.1,SAMN00809175,2003,"USA: Boston, MA",Homo sapiens,,,PDT000013999.3,2013-04-12,,21,"aadD1,ant(6)-Ia=MISTRANSLATION,ant(9)-Ia,aph(3')-IIIa,blaI,blaR1,blaZ,bleO,erm(A),fosB,gyrA_S84L=POINT,mecA,mecI,mecR1,mepA,mph(C),msr(A),parC_E84G=POINT,parC_S80Y=POINT,sat4,tet(38)","aadD1,ant(6)-Ia=MISTRANSLATION,ant(9)-Ia,aph(3')-IIIa,blaI,blaR1,blaZ,bleO,erm(A),fosB,gyrA_S84L=POINT,mecA,mecI,mecR1,mph(C),msr(A),parC_E84G=POINT,parC_S80Y=POINT,sat4,tet(38)",18,"aur,hld,hlgA,hlgB,hlgC,icaC,lukD,lukE,sak,scn,sei,selX,sem,sen=MISTRANSLATION,seo,seu=PARTIAL,splA,splB",4.0.23,2025-06-03.1
PDT000014000.3|SAMN00809176|GCA_000360905.1|Staphylococcus aureus M0351||M0351|Generic,GCA_000360905.1,SAMN00809176,2003,"USA: Boston, MA",Homo sapiens,,,PDT000014000.3,2013-04-12,,17,"aadD1,ant(9)-Ia,blaI,blaR1,blaZ,bleO,erm(A),erm(C)=PARTIAL_END_OF_CONTIG,fosB,gyrA_S84L=POINT,mecA,mecI,mecR1,mepA,parC_E84G=POINT,parC_S80Y=POINT,tet(38)","aadD1,ant(9)-Ia,blaI,blaR1,blaZ,bleO,erm(A),erm(C)=PARTIAL_END_OF_CONTIG,fosB,gyrA_S84L=POINT,mecA,mecI,mecR1,parC_E84G=POINT,parC_S80Y=POINT,tet(38)",17,"aur,hld,hlgA,hlgB,hlgC,icaC,lukE,sak,scn,sei,selX,sem,sen=MISTRANSLATION,seo,seu=PARTIAL,splA,splB",4.2.7,2026-01-21.1
PDT000014001.3|SAMN00809178|GCA_000360925.1|Staphylococcus aureus M0363||M0363|Generic,GCA_000360925.1,SAMN00809178,2003,"USA: Boston, MA",Homo sapiens,,,PDT000014001.3,2013-04-12,,18,"aadD1,ant(9)-Ia,blaI,blaR1,blaZ,bleO,erm(A),fosB,gyrA_E88K=POINT,gyrA_S84L=POINT,ileS_V588F=POINT,mecA,mecI,mecR1,mepA,parC_E84K=POINT,parC_S80Y=POINT,tet(38)","aadD1,ant(9)-Ia,blaI,blaR1,blaZ,bleO,erm(A),fosB,gyrA_E88K=POINT,gyrA_S84L=POINT,ileS_V588F=POINT,mecA,mecI,mecR1,parC_E84K=POINT,parC_S80Y=POINT,tet(38)",20,"aur,hld,hlgA,hlgB,hlgC,icaC,lukE,sak,scn,sed=PARTIAL,sei,sej,selX,sem,sen=MISTRANSLATION,seo,ser,seu=PARTIAL,splA,splB",4.0.23,2025-06-03.1
PDT000014002.3|SAMN00809179|GCA_000360965.1|Staphylococcus aureus M0367||M0367|Generic,GCA_000360965.1,SAMN00809179,2003,"USA: Boston, MA",Homo sapiens,,,PDT000014002.3,2013-04-12,,16,"aadD1,ant(9)-Ia,blaI,blaR1,blaZ,bleO,erm(A),fosB,gyrA_S84L=POINT,mecA,mecI,mecR1,mepA,parC_E84G=POINT,parC_S80Y=POINT,tet(38)","aadD1,ant(9)-Ia,blaI,blaR1,blaZ,bleO,erm(A),fosB,gyrA_S84L=POINT,mecA,mecI,mecR1,parC_E84G=POINT,parC_S80Y=POINT,tet(38)",20,"aur,hld,hlgA,hlgB,hlgC,icaC,lukE,sak,scn,sed=PARTIAL,sei,sej,selX,sem,sen=MISTRANSLATION,seo,ser,seu=PARTIAL,splA,splB",4.2.7,2026-01-21.1
PDT000014003.3|SAMN00809180|GCA_000360985.1|Staphylococcus aureus M0374||M0374|Generic,GCA_000360985.1,SAMN00809180,2003,"USA: Boston, MA",Homo sapiens,,,PDT000014003.3,2013-04-12,,16,"aadD1,ant(9)-Ia,blaI,blaR1,blaZ,bleO,erm(A),fosB,gyrA_S84L=POINT,mecA,mecI,mecR1,mepA,parC_E84G=POINT,parC_S80Y=POINT,tet(38)","aadD1,ant(9)-Ia,blaI,blaR1,blaZ,bleO,erm(A),fosB,gyrA_S84L=POINT,mecA,mecI,mecR1,parC_E84G=POINT,parC_S80Y=POINT,tet(38)",20,"aur,hld,hlgA,hlgB,hlgC,icaC,lukD,lukE,sak,scn,sed,sei,sej,sem,sen=MISTRANSLATION,seo,ser=PARTIAL,seu=PARTIAL,splA,splB",4.0.23,2025-06-03.1
PDT000014004.3|SAMN00809181|GCA_000361005.1|Staphylococcus aureus M0375||M0375|Generic,GCA_000361005.1,SAMN00809181,2003,"USA: Boston, MA",Homo sapiens,,,PDT000014004.3,2013-04-12,,21,"aadD1,ant(6)-Ia=MISTRANSLATION,ant(9)-Ia,aph(3')-IIIa,blaI,blaR1,blaZ,bleO,erm(A),fosB,gyrA_S84L=POINT,mecA,mecI,mecR1,mepA,mph(C),msr(A),parC_E84G=POINT,parC_S80Y=POINT,sat4,tet(38)","aadD1,ant(6)-Ia=MISTRANSLATION,ant(9)-Ia,aph(3')-IIIa,blaI,blaR1,blaZ,bleO,erm(A),fosB,gyrA_S84L=POINT,mecA,mecI,mecR1,mph(C),msr(A),parC_E84G=POINT,parC_S80Y=POINT,sat4,tet(38)",18,"aur,hld,hlgA,hlgB,hlgC,icaC,lukD,lukE,sak,scn,sei,selX,sem,sen=MISTRANSLATION,seo,seu=PARTIAL,splA,splB",4.2.7,2026-01-21.1
PDT000014005.3|SAMN00809182|GCA_000361045.1|Staphylococcus aureus M0396||M0396|Generic,GCA_000361045.1,SAMN00809182,2003,"USA: Boston, MA",Homo sapiens,,,PDT000014005.3,2013-04-12,,8,"blaI,blaR1,blaZ,erm(C),fosB,mepA,tet(38),tet(K)","blaI,blaR1,blaZ,erm(C),fosB,tet(38),tet(K)",12,"aur,hld,hlgA,hlgB,hlgC,icaC,lukD,lukE,scn,splA,splB,splE",4.2.7,2026-01-21.1
PDT000014006.3|SAMN00809183|GCA_000361125.1|Staphylococcus aureus M0424||M0424|Generic,GCA_000361125.1,SAMN00809183,2003,"USA: Boston, MA",Homo sapiens,,,PDT000014006.3,2013-04-12,,17,"aadD1,blaI,blaPC1,blaR1,bleO,erm(C),folP_E208K=POINT,folP_F17L=POINT,fosB,gyrA_S84L=POINT,mecA,mecR1=PARTIAL,mepA,murA_G257D=POINT,parC_S80F=POINT,tet(38),tet(M)","aadD1,blaI,blaPC1,blaR1,bleO,erm(C),folP_E208K=POINT,folP_F17L=POINT,fosB,gyrA_S84L=POINT,mecA,mecR1=PARTIAL,murA_G257D=POINT,parC_S80F=POINT,tet(38),tet(M)",19,"aur,hld,hlgA,hlgB,hlgC,icaC,lukD,lukE,sak,scn,sea,seb,sek,sel26,selX,seq,splA,splB,splE",4.0.23,2025-06-03.1
PDT000014007.3|SAMN00809184|GCA_000361165.1|Staphylococcus aureus M0438||M0438|Generic,GCA_000361165.1,SAMN00809184,2003,"USA: Boston, MA",Homo sapiens,,,PDT000014007.3,2013-04-12,,16,"aadD1,ant(9)-Ia,blaI,blaR1,blaZ,bleO,erm(A),fosB,gyrA_S84L=POINT,mecA,mecI,mecR1,mepA,parC_E84G=POINT,parC_S80Y=POINT,tet(38)","aadD1,ant(9)-Ia,blaI,blaR1,blaZ,bleO,erm(A),fosB,gyrA_S84L=POINT,mecA,mecI,mecR1,parC_E84G=POINT,parC_S80Y=POINT,tet(38)",18,"aur,hld,hlgA,hlgB,hlgC,icaC,lukE,sed,sei,sej,selX,sem,sen=MISTRANSLATION,seo,ser,seu=PARTIAL,splA,splB",4.2.7,2026-01-21.1
PDT000014008.3|SAMN00809186|GCA_000361365.1|Staphylococcus aureus M0510||M0510|Generic,GCA_000361365.1,SAMN00809186,2003,"USA: Boston, MA",Homo sapiens,,,PDT000014008.3,2013-04-12,,18,"aadD1,ant(9)-Ia,blaI,blaR1,blaZ,bleO=MISTRANSLATION,erm(A),erm(C),fosB,gyrA_S84L=POINT,mecA,mecI,mecR1,mepA,parC_E84G=POINT,parC_S80Y=POINT,tet(38),tet(M)","aadD1,ant(9)-Ia,blaI,blaR1,blaZ,bleO=MISTRANSLATION,erm(A),erm(C),fosB,gyrA_S84L=POINT,mecA,mecI,mecR1,parC_E84G=POINT,parC_S80Y=POINT,tet(38),tet(M)",20,"aur,hld,hlgA,hlgB,hlgC,icaC,lukE,sak,scn,sed=PARTIAL,sei,sej,selX,sem,sen=MISTRANSLATION,seo,ser,seu=PARTIAL,splA,splB",4.0.23,2025-06-03.1
PDT000014009.3|SAMN00809187|GCA_000361385.1|Staphylococcus aureus M0513||M0513|Generic,GCA_000361385.1,SAMN00809187,2003,"USA: Boston, MA",Homo sapiens,,,PDT000014009.3,2013-04-12,,18,"ant(9)-Ia,blaI,blaPC1,blaR1=MISTRANSLATION,erm(A),fosB,glpT_A100V=POINT,glpT_V213I=POINT,gyrA_S84L=POINT,ileS_V588F=POINT,mecA,mecI=MISTRANSLATION,mecR1,mepA,murA_D278E=POINT,murA_E291D=POINT,parC_S80F=POINT,tet(38)","ant(9)-Ia,blaI,blaPC1,blaR1=MISTRANSLATION,erm(A),fosB,glpT_A100V=POINT,glpT_V213I=POINT,gyrA_S84L=POINT,ileS_V588F=POINT,mecA,mecI=MISTRANSLATION,mecR1,murA_D278E=POINT,murA_E291D=POINT,parC_S80F=POINT,tet(38)",15,"aur,hld,hlgA,hlgB,hlgC=MISTRANSLATION,icaC,sak,scn,sea,sei,sem,sen=MISTRANSLATION,seu,splE,tst",4.0.23,2025-06-03.1
PDT000014011.3|SAMN00809190|GCA_000361565.1|Staphylococcus aureus M0571||M0571|Generic,GCA_000361565.1,SAMN00809190,2004,"USA: Boston, MA",Homo sapiens,,,PDT000014011.3,2013-04-12,,13,"aadD1,ant(9)-Ia,bleO,erm(A),fosB,gyrA_S84L=POINT,mecA,mecI,mecR1,mepA,parC_E84G=POINT,parC_S80Y=POINT,tet(38)","aadD1,ant(9)-Ia,bleO,erm(A),fosB,gyrA_S84L=POINT,mecA,mecI,mecR1,parC_E84G=POINT,parC_S80Y=POINT,tet(38)",18,"aur,hld,hlgA,hlgB,hlgC,icaC,lukD,lukE,sak,scn,sei,selX,sem,sen=MISTRANSLATION,seo,seu=PARTIAL,splA,splB",4.0.23,2025-06-03.1
PDT000014012.3|SAMN00809191|GCA_000361605.1|Staphylococcus aureus M0584||M0584|Generic,GCA_000361605.1,SAMN00809191,2004,"USA: Boston, MA",Homo sapiens,,,PDT000014012.3,2013-04-12,,16,"aadD1,ant(9)-Ia,blaI,blaR1,blaZ,bleO,erm(A),fosB=PARTIAL,gyrA_S84L=POINT,mecA,mecI,mecR1,mepA,parC_E84K=POINT,parC_S80F=POINT,tet(38)","aadD1,ant(9)-Ia,blaI,blaR1,blaZ,bleO,erm(A),fosB=PARTIAL,gyrA_S84L=POINT,mecA,mecI,mecR1,parC_E84K=POINT,parC_S80F=POINT,tet(38)",21,"aur,hld,hlgA,hlgB,hlgC,icaC,lukD,lukE,sak,sasG=PARTIAL,scn,sed,sei,sej,selX,sem,sen=MISTRANSLATION,seo,ser,splA,splB",4.0.23,2025-06-03.1
PDT000014013.3|SAMN00809192|GCA_000361625.1|Staphylococcus aureus M0586||M0586|Generic,GCA_000361625.1,SAMN00809192,2004,"USA: Boston, MA",Homo sapiens,,,PDT000014013.3,2013-04-12,,21,"aadD1,ant(6)-Ia=MISTRANSLATION,ant(9)-Ia,aph(3')-IIIa,blaI,blaR1,blaZ,bleO,erm(A),fosB,gyrA_S84L=POINT,mecA,mecI,mecR1,mepA,mph(C),msr(A),parC_E84G=POINT,parC_S80Y=POINT,sat4,tet(38)","aadD1,ant(6)-Ia=MISTRANSLATION,ant(9)-Ia,aph(3')-IIIa,blaI,blaR1,blaZ,bleO,erm(A),fosB,gyrA_S84L=POINT,mecA,mecI,mecR1,mph(C),msr(A),parC_E84G=POINT,parC_S80Y=POINT,sat4,tet(38)",18,"aur,hld,hlgA,hlgB,hlgC,icaC,lukD,lukE,sak,scn,sei,selX,sem,sen=MISTRANSLATION,seo,seu=PARTIAL,splA,splB",4.0.23,2025-06-03.1
PDT000014014.3|SAMN00809193|GCA_000361705.1|Staphylococcus aureus M0633||M0633|Generic,GCA_000361705.1,SAMN00809193,2004,"USA: Boston, MA",Homo sapiens,,,PDT000014014.3,2013-04-12,,19,"aac(6')-Ie/aph(2'')-Ia,aadD1,blaI,blaPC1,blaR1,bleO,dfrS1,erm(C),folP_E208K=POINT,folP_F17L=POINT,fosB,gyrA_S84L=POINT,mecA,mecR1=PARTIAL,mepA,murA_G257D=POINT,parC_S80F=POINT,tet(38),tet(M)","aac(6')-Ie/aph(2'')-Ia,aadD1,blaI,blaPC1,blaR1,bleO,dfrS1,erm(C),folP_E208K=POINT,folP_F17L=POINT,fosB,gyrA_S84L=POINT,mecA,mecR1=PARTIAL,murA_G257D=POINT,parC_S80F=POINT,tet(38),tet(M)",20,"aur,hld,hlgA,hlgB,hlgC,icaC,lukD,lukE,sak,sasG=PARTIAL,scn,sea,seb,sek,sel26,selX,seq,splA,splB,splE",4.2.7,2026-01-21.1
PDT000014030.3|SAMN01125832|GCA_000360165.1|Staphylococcus aureus M0104||M0104|Generic,GCA_000360165.1,SAMN01125832,2003,"USA: Boston, MA",Homo sapiens,ICU,,PDT000014030.3,2013-04-12,,21,"aadD1,ant(6)-Ia=MISTRANSLATION,ant(9)-Ia,aph(3')-IIIa,blaI,blaR1,blaZ,bleO,erm(A),fosB,gyrA_S84L=POINT,mecA,mecI,mecR1,mepA,mph(C),msr(A),parC_E84G=POINT,parC_S80Y=POINT,sat4,tet(38)","aadD1,ant(6)-Ia=MISTRANSLATION,ant(9)-Ia,aph(3')-IIIa,blaI,blaR1,blaZ,bleO,erm(A),fosB,gyrA_S84L=POINT,mecA,mecI,mecR1,mph(C),msr(A),parC_E84G=POINT,parC_S80Y=POINT,sat4,tet(38)",18,"aur,hld,hlgA,hlgB,hlgC,icaC,lukD,lukE,sak,scn,sei,selX,sem,sen=MISTRANSLATION,seo,seu=PARTIAL,splA,splB",4.2.7,2026-01-21.1
PDT000014031.3|SAMN01125833|GCA_000360265.1|Staphylococcus aureus M0171||M0171|Generic,GCA_000360265.1,SAMN01125833,2003,"USA: Boston, MA",Homo sapiens,ICU,,PDT000014031.3,2013-04-12,,21,"aadD1,ant(6)-Ia=MISTRANSLATION,ant(9)-Ia,aph(3')-IIIa,blaI,blaR1,blaZ,bleO,erm(A),fosB,gyrA_S84L=POINT,mecA,mecI,mecR1,mepA,mph(C),msr(A),parC_E84G=POINT,parC_S80Y=POINT,sat4,tet(38)","aadD1,ant(6)-Ia=MISTRANSLATION,ant(9)-Ia,aph(3')-IIIa,blaI,blaR1,blaZ,bleO,erm(A),fosB,gyrA_S84L=POINT,mecA,mecI,mecR1,mph(C),msr(A),parC_E84G=POINT,parC_S80Y=POINT,sat4,tet(38)",18,"aur,hld,hlgA,hlgB,hlgC,icaC,lukD,lukE,sak,scn,sei,selX,sem,sen=MISTRANSLATION,seo,seu=PARTIAL,splA,splB",4.2.7,2026-01-21.1
PDT000014032.3|SAMN01125834|GCA_000360385.1|Staphylococcus aureus M0210||M0210|Generic,GCA_000360385.1,SAMN01125834,2003,"USA: Boston, MA",Homo sapiens,ICU,,PDT000014032.3,2013-04-12,,17,"aadD1,ant(9)-Ia,blaI,blaR1,blaZ,bleO,erm(A),fosB,gyrA_E88A=POINT,gyrA_S84L=POINT,mecA,mecI,mecR1,mepA,parC_E84G=POINT,parC_S80Y=POINT,tet(38)","aadD1,ant(9)-Ia,blaI,blaR1,blaZ,bleO,erm(A),fosB,gyrA_E88A=POINT,gyrA_S84L=POINT,mecA,mecI,mecR1,parC_E84G=POINT,parC_S80Y=POINT,tet(38)",22,"aur,hld,hlgA,hlgB,hlgC,icaC,lukD,lukE,sak,sasG=PARTIAL,scn,sed,sei,sej,selX,sem,sen=MISTRANSLATION,seo,ser,seu=PARTIAL,splA,splB",4.0.23,2025-06-03.1
PDT000014033.3|SAMN01125835|GCA_000360425.1|Staphylococcus aureus M0213||M0213|Generic,GCA_000360425.1,SAMN01125835,2003,"USA: Boston, MA",Homo sapiens,Non-ICU,,PDT000014033.3,2013-04-12,,16,"aadD1,ant(9)-Ia,blaI,blaR1,blaZ,bleO,erm(A),fosB,gyrA_S84L=POINT,mecA,mecI,mecR1,mepA,parC_E84G=POINT,parC_S80Y=POINT,tet(38)","aadD1,ant(9)-Ia,blaI,blaR1,blaZ,bleO,erm(A),fosB,gyrA_S84L=POINT,mecA,mecI,mecR1,parC_E84G=POINT,parC_S80Y=POINT,tet(38)",20,"aur,hld,hlgA,hlgB,hlgC,icaC,lukE,sak,scn,sed,sei,sej,selX,sem,sen=MISTRANSLATION,seo,ser,seu=PARTIAL,splA,splB",4.0.23,2025-06-03.1
PDT000014034.3|SAMN01125836|GCA_000360545.1|Staphylococcus aureus M0240||M0240|Generic,GCA_000360545.1,SAMN01125836,2003,"USA: Boston, MA",Homo sapiens,Non-ICU,,PDT000014034.3,2013-04-12,,14,"aadD1,ant(9)-Ia,bleO,erm(A),fosB,gyrA_S84L=POINT,mecA,mecI,mecR1,mepA,parC_S80F=POINT,parE_D432V=POINT,rpoB_H481N=POINT,tet(38)","aadD1,ant(9)-Ia,bleO,erm(A),fosB,gyrA_S84L=POINT,mecA,mecI,mecR1,parC_S80F=POINT,parE_D432V=POINT,rpoB_H481N=POINT,tet(38)",19,"aur=PARTIAL,hld,hlgA,hlgB,hlgC,icaC,lukD,lukE,sak,scn=MISTRANSLATION,sei,selX,sem,sen=MISTRANSLATION,seo,sep,seu=PARTIAL,splA,splB",4.2.7,2026-01-21.1
PDT000014035.3|SAMN01125837|GCA_000360605.1|Staphylococcus aureus M0270||M0270|Generic,GCA_000360605.1,SAMN01125837,2003,"USA: Boston, MA",Homo sapiens,ICU,,PDT000014035.3,2013-04-12,,21,"aadD1,ant(6)-Ia=MISTRANSLATION,ant(9)-Ia,aph(3')-IIIa,blaI,blaR1=MISTRANSLATION,blaZ,bleO,erm(A),fosB,gyrA_S84L=POINT,mecA,mecI,mecR1,mepA,mph(C),msr(A),parC_E84G=POINT,parC_S80Y=POINT,sat4,tet(38)","aadD1,ant(6)-Ia=MISTRANSLATION,ant(9)-Ia,aph(3')-IIIa,blaI,blaR1=MISTRANSLATION,blaZ,bleO,erm(A),fosB,gyrA_S84L=POINT,mecA,mecI,mecR1,mph(C),msr(A),parC_E84G=POINT,parC_S80Y=POINT,sat4,tet(38)",18,"aur,hld,hlgA,hlgB,hlgC,icaC,lukD,lukE,sak,scn,sei,selX,sem,sen=MISTRANSLATION,seo,seu=PARTIAL,splA,splB",4.2.7,2026-01-21.1
PDT000014036.3|SAMN01125838|GCA_000360625.1|Staphylococcus aureus M0273||M0273|Generic,GCA_000360625.1,SAMN01125838,2003,"USA: Boston, MA",Homo sapiens,ICU,,PDT000014036.3,2013-04-12,,22,"aadD1,ant(6)-Ia=MISTRANSLATION,ant(9)-Ia,aph(3')-IIIa,blaI,blaR1,blaZ,bleO,erm(A),erm(C),fosB,gyrA_S84L=POINT,mecA,mecI,mecR1,mepA,mph(C),msr(A),parC_E84G=POINT,parC_S80Y=POINT,sat4,tet(38)","aadD1,ant(6)-Ia=MISTRANSLATION,ant(9)-Ia,aph(3')-IIIa,blaI,blaR1,blaZ,bleO,erm(A),erm(C),fosB,gyrA_S84L=POINT,mecA,mecI,mecR1,mph(C),msr(A),parC_E84G=POINT,parC_S80Y=POINT,sat4,tet(38)",17,"aur,hld,hlgA,hlgB,hlgC,icaC,lukE,sak,scn,sei,selX,sem,sen=MISTRANSLATION,seo,seu=PARTIAL,splA,splB",4.0.23,2025-06-03.1
PDT000014037.3|SAMN01125839|GCA_000360645.1|Staphylococcus aureus M0279||M0279|Generic,GCA_000360645.1,SAMN01125839,2003,"USA: Boston, MA",Homo sapiens,ICU,,PDT000014037.3,2013-04-12,,12,"aadD1,ant(9)-Ia,bleO,erm(A),fosB,gyrA_S84L=POINT,mecA,mecI,mecR1,mepA,parC_S80F=POINT,tet(38)","aadD1,ant(9)-Ia,bleO,erm(A),fosB,gyrA_S84L=POINT,mecA,mecI,mecR1,parC_S80F=POINT,tet(38)",21,"aur,hld,hlgA,hlgB,hlgC,icaC,lukD,lukE,sak,scn,sed=PARTIAL,sei,sej,selX,sem,sen=MISTRANSLATION,seo,ser,seu=PARTIAL,splA,splB",4.0.23,2025-06-03.1
PDT000014038.3|SAMN01125840|GCA_000360685.1|Staphylococcus aureus M0288||M0288|Generic,GCA_000360685.1,SAMN01125840,2003,"USA: Boston, MA",Homo sapiens,ICU,,PDT000014038.3,2013-04-12,,21,"aadD1,ant(6)-Ia=MISTRANSLATION,ant(9)-Ia,aph(3')-IIIa,blaI,blaR1,blaZ,bleO,erm(A),fosB,gyrA_S84L=POINT,mecA,mecI,mecR1,mepA,mph(C),msr(A),parC_E84G=POINT,parC_S80Y=POINT,sat4,tet(38)","aadD1,ant(6)-Ia=MISTRANSLATION,ant(9)-Ia,aph(3')-IIIa,blaI,blaR1,blaZ,bleO,erm(A),fosB,gyrA_S84L=POINT,mecA,mecI,mecR1,mph(C),msr(A),parC_E84G=POINT,parC_S80Y=POINT,sat4,tet(38)",18,"aur,hld,hlgA,hlgB,hlgC,icaC,lukD,lukE,sak,scn,sei,selX,sem,sen=MISTRANSLATION,seo,seu=PARTIAL,splA,splB",4.0.23,2025-06-03.1
PDT000014039.3|SAMN01125841|GCA_000360725.1|Staphylococcus aureus M0312||M0312|Generic,GCA_000360725.1,SAMN01125841,2003,"USA: Boston, MA",Homo sapiens,Non-ICU,,PDT000014039.3,2013-04-12,,19,"aac(6')-Ie/aph(2'')-Ia,aadD1,blaI,blaPC1,blaR1,bleO,dfrS1,erm(C),folP_E208K=POINT,folP_F17L=POINT,fosB,gyrA_S84L=POINT,mecA,mecR1=PARTIAL,mepA,murA_G257D=POINT,parC_S80F=POINT,tet(38),tet(M)","aac(6')-Ie/aph(2'')-Ia,aadD1,blaI,blaPC1,blaR1,bleO,dfrS1,erm(C),folP_E208K=POINT,folP_F17L=POINT,fosB,gyrA_S84L=POINT,mecA,mecR1=PARTIAL,murA_G257D=POINT,parC_S80F=POINT,tet(38),tet(M)",19,"aur,hld,hlgA,hlgB,hlgC,icaC,lukD,lukE,sak,scn,sea,seb,sek,sel26,selX,seq,splA,splB,splE",4.0.23,2025-06-03.1
PDT000014040.3|SAMN01125842|GCA_000361065.1|Staphylococcus aureus M0404||M0404|Generic,GCA_000361065.1,SAMN01125842,2003,"USA: Boston, MA",Homo sapiens,ICU,,PDT000014040.3,2013-04-12,,17,"aadD1,ant(9)-Ia,blaI,blaR1,blaZ,bleO,erm(A),fosB,gyrA_S84L=POINT,ileS_V588F=POINT,mecA,mecI,mecR1,mepA,parC_E84K=POINT,parC_S80Y=POINT,tet(38)","aadD1,ant(9)-Ia,blaI,blaR1,blaZ,bleO,erm(A),fosB,gyrA_S84L=POINT,ileS_V588F=POINT,mecA,mecI,mecR1,parC_E84K=POINT,parC_S80Y=POINT,tet(38)",22,"aur,hld,hlgA,hlgB,hlgC,icaC,lukD,lukE,sak,scn,sed,sei,sej,selX,sem,sen=MISTRANSLATION,seo,sep,ser,seu=PARTIAL,splA,splB",4.2.7,2026-01-21.1
PDT000014041.3|SAMN01125843|GCA_000361105.1|Staphylococcus aureus M0415||M0415|Generic,GCA_000361105.1,SAMN01125843,2003,"USA: Boston, MA",Homo sapiens,Non-ICU,,PDT000014041.3,2013-04-12,,21,"aadD1,ant(6)-Ia=MISTRANSLATION,ant(9)-Ia,aph(3')-IIIa,blaI,blaR1,blaZ,bleO,erm(A),fosB,gyrA_S84L=POINT,mecA,mecI,mecR1,mepA,mph(C),msr(A),parC_E84G=POINT,parC_S80Y=POINT,sat4,tet(38)","aadD1,ant(6)-Ia=MISTRANSLATION,ant(9)-Ia,aph(3')-IIIa,blaI,blaR1,blaZ,bleO,erm(A),fosB,gyrA_S84L=POINT,mecA,mecI,mecR1,mph(C),msr(A),parC_E84G=POINT,parC_S80Y=POINT,sat4,tet(38)",18,"aur,hld,hlgA,hlgB,hlgC,icaC,lukD,lukE,sak,scn,sei,selX,sem,sen=MISTRANSLATION,seo,seu=PARTIAL,splA,splB",4.2.7,2026-01-21.1
PDT000014042.3|SAMN01125844|GCA_000361205.1|Staphylococcus aureus M0455||M0455|Generic,GCA_000361205.1,SAMN01125844,2003,"USA: Boston, MA",Homo sapiens,ICU,,PDT000014042.3,2013-04-12,,6,"blaI,blaR1,blaZ,fosB,mepA,tet(38)","blaI,blaR1,blaZ,fosB,tet(38)",19,"aur,hld,hlgA,hlgB,hlgC,icaC,lukD,lukE,sed=PARTIAL,sei,sej,selX,sem,sen=MISTRANSLATION,seo,ser,seu=PARTIAL,splA,splB",4.0.23,2025-06-03.1
PDT000014043.3|SAMN01125845|GCA_000361225.1|Staphylococcus aureus M0460||M0460|Generic,GCA_000361225.1,SAMN01125845,2003,"USA: Boston, MA",Homo sapiens,ICU,,PDT000014043.3,2013-04-12,,17,"aadD1,ant(9)-Ia,blaI,blaR1,blaZ,bleO,erm(A),fosB,gyrA_E88K=POINT,gyrA_S84L=POINT,mecA,mecI,mecR1,mepA,parC_E84G=POINT,parC_S80Y=POINT,tet(38)","aadD1,ant(9)-Ia,blaI,blaR1,blaZ,bleO,erm(A),fosB,gyrA_E88K=POINT,gyrA_S84L=POINT,mecA,mecI,mecR1,parC_E84G=POINT,parC_S80Y=POINT,tet(38)",21,"aur,hld,hlgA,hlgB,hlgC,icaC,lukD,lukE,sak,scn,sed=PARTIAL,sei,sej=PARTIAL_END_OF_CONTIG,selX,sem,sen=MISTRANSLATION,seo,ser=PARTIAL,seu=PARTIAL,splA,splB",4.0.23,2025-06-03.1
PDT000014044.3|SAMN01125846|GCA_000361325.1|Staphylococcus aureus M0493||M0493|Generic,GCA_000361325.1,SAMN01125846,2003,"USA: Boston, MA",Homo sapiens,ICU,,PDT000014044.3,2013-04-12,,17,"aadD1,ant(9)-Ia,blaI,blaR1,blaZ,bleO,erm(A),fosB,gyrA_E88K=POINT,gyrA_S84L=POINT,mecA,mecI,mecR1,mepA,parC_E84G=POINT,parC_S80Y=POINT,tet(38)","aadD1,ant(9)-Ia,blaI,blaR1,blaZ,bleO,erm(A),fosB,gyrA_E88K=POINT,gyrA_S84L=POINT,mecA,mecI,mecR1,parC_E84G=POINT,parC_S80Y=POINT,tet(38)",21,"aur,hld,hlgA,hlgB,hlgC,icaC,lukD,lukE,sak,scn,sed=PARTIAL,sei,sej,selX,sem,sen=MISTRANSLATION,seo,ser=PARTIAL,seu=PARTIAL,splA,splB",4.0.23,2025-06-03.1
PDT000014045.3|SAMN01110270|GCA_000361725.1|Staphylococcus aureus M0646||M0646|Generic,GCA_000361725.1,SAMN01110270,2004,"USA: Boston, MA",Homo sapiens,ICU,,PDT000014045.3,2013-04-12,,13,"aadD1,ant(9)-Ia,bleO,erm(A),fosB,gyrA_S84L=POINT,mecA,mecI,mecR1,mepA,parC_E84G=POINT,parC_S80Y=POINT,tet(38)","aadD1,ant(9)-Ia,bleO,erm(A),fosB,gyrA_S84L=POINT,mecA,mecI,mecR1,parC_E84G=POINT,parC_S80Y=POINT,tet(38)",18,"aur,hld,hlgA,hlgB,hlgC,icaC,lukD,lukE,sak,scn,sei,selX,sem,sen=MISTRANSLATION,seo,seu=PARTIAL,splA,splB",4.0.23,2025-06-03.1
PDT000014046.3|SAMN01047804|GCA_000361745.1|Staphylococcus aureus M0648||M0648|Generic,GCA_000361745.1,SAMN01047804,2004,"USA: Boston, MA",,,,PDT000014046.3,2013-04-12,,21,"aadD1,ant(6)-Ia=MISTRANSLATION,ant(9)-Ia,aph(3')-IIIa,blaI,blaR1,blaZ,bleO,erm(A),gyrA_E88K=POINT,gyrA_S84L=POINT,mecA,mecI,mecR1,mepA,mph(C),msr(A),parC_E84G=POINT,parC_S80Y=POINT,sat4,tet(38)","aadD1,ant(6)-Ia=MISTRANSLATION,ant(9)-Ia,aph(3')-IIIa,blaI,blaR1,blaZ,bleO,erm(A),gyrA_E88K=POINT,gyrA_S84L=POINT,mecA,mecI,mecR1,mph(C),msr(A),parC_E84G=POINT,parC_S80Y=POINT,sat4,tet(38)",18,"aur,hld,hlgA,hlgB,hlgC,icaC,lukD,lukE,sak,scn,sei,selX,sem,sen=MISTRANSLATION,seo,seu=PARTIAL,splA,splB",4.0.23,2025-06-03.1
PDT000014047.3|SAMN01047805|GCA_000361765.1|Staphylococcus aureus M0660||M0660|Generic,GCA_000361765.1,SAMN01047805,2004,"USA: Boston, MA",,,,PDT000014047.3,2013-04-12,,22,"aadD1,ant(6)-Ia=MISTRANSLATION,ant(9)-Ia,aph(3')-IIIa,blaI,blaR1,blaZ,bleO,erm(A),fosB,gyrA_E88K=POINT,gyrA_S84L=POINT,mecA,mecI,mecR1,mepA,mph(C),msr(A),parC_E84G=POINT,parC_S80Y=POINT,sat4,tet(38)","aadD1,ant(6)-Ia=MISTRANSLATION,ant(9)-Ia,aph(3')-IIIa,blaI,blaR1,blaZ,bleO,erm(A),fosB,gyrA_E88K=POINT,gyrA_S84L=POINT,mecA,mecI,mecR1,mph(C),msr(A),parC_E84G=POINT,parC_S80Y=POINT,sat4,tet(38)",18,"aur,hld,hlgA,hlgB,hlgC,icaC,lukD,lukE,sak,scn,sei,selX,sem,sen=MISTRANSLATION,seo,seu=PARTIAL,splA,splB",4.0.23,2025-06-03.1
PDT000014048.3|SAMN01047806|GCA_000361785.1|Staphylococcus aureus M0663||M0663|Generic,GCA_000361785.1,SAMN01047806,2004,"USA: Boston, MA",,,,PDT000014048.3,2013-04-12,,22,"aadD1,ant(6)-Ia=MISTRANSLATION,ant(9)-Ia,aph(3')-IIIa,blaI,blaR1,blaZ,bleO,erm(A),fosB,gyrA_E88K=POINT,gyrA_S84L=POINT,mecA,mecI,mecR1,mepA,mph(C),msr(A),parC_E84G=POINT,parC_S80Y=POINT,sat4,tet(38)","aadD1,ant(6)-Ia=MISTRANSLATION,ant(9)-Ia,aph(3')-IIIa,blaI,blaR1,blaZ,bleO,erm(A),fosB,gyrA_E88K=POINT,gyrA_S84L=POINT,mecA,mecI,mecR1,mph(C),msr(A),parC_E84G=POINT,parC_S80Y=POINT,sat4,tet(38)",18,"aur,hld,hlgA,hlgB,hlgC,icaC,lukD,lukE,sak,scn,sei,selX,sem,sen=MISTRANSLATION,seo,seu=PARTIAL,splA,splB",4.0.23,2025-07-16.1
PDT000014049.3|SAMN01047807|GCA_000361805.1|Staphylococcus aureus M0673||M0673|Generic,GCA_000361805.1,SAMN01047807,2004,"USA: Boston, MA",,,,PDT000014049.3,2013-04-12,,13,"aadD1,ant(9)-Ia,bleO,erm(A),fosB,gyrA_S84L=POINT,mecA,mecI,mecR1,mepA,parC_E84G=POINT,parC_S80Y=POINT,tet(38)","aadD1,ant(9)-Ia,bleO,erm(A),fosB,gyrA_S84L=POINT,mecA,mecI,mecR1,parC_E84G=POINT,parC_S80Y=POINT,tet(38)",17,"aur,hld,hlgA,hlgB,hlgC,icaC,lukE,sak,scn,sei,selX,sem,sen=MISTRANSLATION,seo,seu=PARTIAL,splA,splB",4.0.23,2025-06-03.1
PDT000014050.3|SAMN01047808|GCA_000361885.1|Staphylococcus aureus M0695||M0695|Generic,GCA_000361885.1,SAMN01047808,2004,"USA: Boston, MA",,,,PDT000014050.3,2013-04-12,,15,"aadD1,ant(9)-Ia,blaI,blaR1,blaZ,bleO,erm(A),fosB,gyrA_S84L=POINT,mecA,mecI,mecR1,mepA,parC_S80F=POINT,tet(38)","aadD1,ant(9)-Ia,blaI,blaR1,blaZ,bleO,erm(A),fosB,gyrA_S84L=POINT,mecA,mecI,mecR1,parC_S80F=POINT,tet(38)",20,"aur,hld,hlgA,hlgB,hlgC,icaC,lukD,lukE,sak,sasG=PARTIAL,scn=MISTRANSLATION,sei,selX,sem,sen=MISTRANSLATION,seo,sep,seu=PARTIAL,splA,splB",4.0.23,2025-06-03.1
PDT000014051.3|SAMN01047809|GCA_000361985.1|Staphylococcus aureus M0792||M0792|Generic,GCA_000361985.1,SAMN01047809,2004,"USA: Boston, MA",,,,PDT000014051.3,2013-04-12,,16,"aadD1,ant(9)-Ia,blaI,blaR1,blaZ,bleO,erm(A),fosB,gyrA_S84L=POINT,mecA,mecI,mecR1,mepA,parC_E84G=POINT,parC_S80Y=POINT,tet(38)","aadD1,ant(9)-Ia,blaI,blaR1,blaZ,bleO,erm(A),fosB,gyrA_S84L=POINT,mecA,mecI,mecR1,parC_E84G=POINT,parC_S80Y=POINT,tet(38)",21,"aur,hld,hlgA,hlgB,hlgC,icaC,lukD,lukE,sak,scn,sed,sei,sej,selX,sem,sen=MISTRANSLATION,seo,ser,seu=PARTIAL,splA,splB",4.0.23,2025-07-16.1
PDT000014052.3|SAMN01047810|GCA_000362025.1|Staphylococcus aureus M0822||M0822|Generic,GCA_000362025.1,SAMN01047810,2004,"USA: Boston, MA",,,,PDT000014052.3,2013-04-12,,16,"aadD1,ant(9)-Ia,blaI,blaR1,blaZ,bleO,erm(A),fosB,gyrA_S84L=POINT,mecA,mecI,mecR1,mepA,parC_E84G=POINT,parC_S80Y=POINT,tet(38)","aadD1,ant(9)-Ia,blaI,blaR1,blaZ,bleO,erm(A),fosB,gyrA_S84L=POINT,mecA,mecI,mecR1,parC_E84G=POINT,parC_S80Y=POINT,tet(38)",21,"aur,hld,hlgA,hlgB,hlgC,icaC,lukD,lukE,sak,sasG=PARTIAL,sed,sei,sej,selX,sem,sen=MISTRANSLATION,seo,ser,seu=PARTIAL,splA,splB",4.0.23,2025-06-03.1
PDT000014053.3|SAMN01047811|GCA_000362065.1|Staphylococcus aureus M0831||M0831|Generic,GCA_000362065.1,SAMN01047811,2004,"USA: Boston, MA",,,,PDT000014053.3,2013-04-12,,16,"aadD1,blaI,blaPC1,blaR1,bleO,folP_E208K=POINT,folP_F17L=POINT,fosB,gyrA_S84L=POINT,mecA,mecR1=PARTIAL,mepA,murA_G257D=POINT,parC_S80F=POINT,tet(38),tet(M)","aadD1,blaI,blaPC1,blaR1,bleO,folP_E208K=POINT,folP_F17L=POINT,fosB,gyrA_S84L=POINT,mecA,mecR1=PARTIAL,murA_G257D=POINT,parC_S80F=POINT,tet(38),tet(M)",19,"aur,hld,hlgA,hlgB,hlgC,icaC,lukD,lukE,sak,scn,sea,seb,sek,sel26,selX,seq,splA,splB,splE",4.0.23,2025-06-03.1
PDT000014054.3|SAMN01047812|GCA_000362105.1|Staphylococcus aureus M0871||M0871|Generic,GCA_000362105.1,SAMN01047812,2004,"USA: Boston, MA",,,,PDT000014054.3,2013-04-12,,17,"aadD1,ant(9)-Ia,blaI,blaR1,blaZ,bleO,erm(A),fosB,gyrA_E88A=POINT,gyrA_S84L=POINT,mecA,mecI,mecR1,mepA,parC_E84G=POINT,parC_S80Y=POINT,tet(38)","aadD1,ant(9)-Ia,blaI,blaR1,blaZ,bleO,erm(A),fosB,gyrA_E88A=POINT,gyrA_S84L=POINT,mecA,mecI,mecR1,parC_E84G=POINT,parC_S80Y=POINT,tet(38)",21,"aur,hld,hlgA,hlgB,hlgC,icaC,lukD,lukE,sak,scn,sed,sei,sej,selX,sem,sen=MISTRANSLATION,seo,ser,seu=PARTIAL,splA,splB",4.0.23,2025-06-03.1
PDT000014055.3|SAMN01047813|GCA_000362125.1|Staphylococcus aureus M0877||M0877|Generic,GCA_000362125.1,SAMN01047813,2004,"USA: Boston, MA",,,,PDT000014055.3,2013-04-12,,13,"blaI,blaR1,blaZ,erm(C),glpT_A100V=POINT,gyrA_S84L=POINT,mecA,mecR1=PARTIAL,mepA,murA_E291D=POINT,murA_T396N=POINT,parC_S80F=POINT,tet(38)","blaI,blaR1,blaZ,erm(C),glpT_A100V=POINT,gyrA_S84L=POINT,mecA,mecR1=PARTIAL,murA_E291D=POINT,murA_T396N=POINT,parC_S80F=POINT,tet(38)",14,"aur,hld,hlgA,hlgB,hlgC,icaC,sak,scn,sei,sel26,sem,sen=MISTRANSLATION,seo,seu",4.0.23,2025-06-03.1
PDT000014057.3|SAMN01047815|GCA_000362165.1|Staphylococcus aureus M0892||M0892|Generic,GCA_000362165.1,SAMN01047815,2004,"USA: Boston, MA",,,,PDT000014057.3,2013-04-12,,16,"aadD1,ant(9)-Ia,blaI,blaR1,blaZ,bleO,erm(A),fosB,gyrA_S84L=POINT,mecA,mecI,mecR1,mepA,parC_E84G=POINT,parC_S80Y=POINT,tet(38)","aadD1,ant(9)-Ia,blaI,blaR1,blaZ,bleO,erm(A),fosB,gyrA_S84L=POINT,mecA,mecI,mecR1,parC_E84G=POINT,parC_S80Y=POINT,tet(38)",20,"aur,hld,hlgA,hlgB,hlgC,icaC,lukE,sak,scn,sed,sei,sej,selX,sem,sen=MISTRANSLATION,seo,ser,seu=PARTIAL,splA,splB",4.0.23,2025-06-03.1
PDT000014058.3|SAMN01047816|GCA_000362185.1|Staphylococcus aureus M0900||M0900|Generic,GCA_000362185.1,SAMN01047816,2004,"USA: Boston, MA",,,,PDT000014058.3,2013-04-12,,22,"aadD1,ant(6)-Ia=MISTRANSLATION,ant(9)-Ia,aph(3')-IIIa,blaI,blaR1,blaZ,bleO,erm(A),erm(C),fosB,gyrA_S84L=POINT,mecA,mecI,mecR1,mepA,mph(C),msr(A),parC_E84G=POINT,parC_S80Y=POINT,sat4,tet(38)","aadD1,ant(6)-Ia=MISTRANSLATION,ant(9)-Ia,aph(3')-IIIa,blaI,blaR1,blaZ,bleO,erm(A),erm(C),fosB,gyrA_S84L=POINT,mecA,mecI,mecR1,mph(C),msr(A),parC_E84G=POINT,parC_S80Y=POINT,sat4,tet(38)",17,"aur,hld,hlgA,hlgB,hlgC,icaC,lukE,sak,scn,sei,selX,sem,sen=MISTRANSLATION,seo,seu=PARTIAL,splA,splB",4.0.23,2025-06-03.1
PDT000014059.3|SAMN01047817|GCA_000362205.1|Staphylococcus aureus M0927||M0927|Generic,GCA_000362205.1,SAMN01047817,2004,"USA: Boston, MA",,,,PDT000014059.3,2013-04-12,,16,"aadD1,ant(9)-Ia,blaI,blaR1,blaZ,bleO,erm(A),fosB,gyrA_S84L=POINT,mecA,mecI,mecR1,mepA,parC_E84G=POINT,parC_S80Y=POINT,tet(38)","aadD1,ant(9)-Ia,blaI,blaR1,blaZ,bleO,erm(A),fosB,gyrA_S84L=POINT,mecA,mecI,mecR1,parC_E84G=POINT,parC_S80Y=POINT,tet(38)",21,"aur,hld,hlgA,hlgB,hlgC,icaC,lukD,lukE,sak,scn,sed,sei,sej,selX,sem,sen=MISTRANSLATION,seo,ser,seu=PARTIAL,splA,splB",4.2.7,2026-01-21.1
PDT000014060.3|SAMN00839740|GCA_000362285.1|Staphylococcus aureus M0946||M0946|Generic,GCA_000362285.1,SAMN00839740,,,,,,PDT000014060.3,2013-04-12,,23,"aac(6')-Ie/aph(2'')-Ia,aadD1,ant(9)-Ia,blaI,blaPC1,blaR1,bleO,dfrS1,erm(A),fosB,glpT_A100V=POINT,glpT_V213I=POINT,gyrA_S84L=POINT,ileS_V588F=POINT,mecA,mecI=MISTRANSLATION,mecR1,mepA,murA_D278E=POINT,murA_E291D=POINT,parC_E84K=POINT,parC_S80F=POINT,tet(38)","aac(6')-Ie/aph(2'')-Ia,aadD1,ant(9)-Ia,blaI,blaPC1,blaR1,bleO,dfrS1,erm(A),fosB,glpT_A100V=POINT,glpT_V213I=POINT,gyrA_S84L=POINT,ileS_V588F=POINT,mecA,mecI=MISTRANSLATION,mecR1,murA_D278E=POINT,murA_E291D=POINT,parC_E84K=POINT,parC_S80F=POINT,tet(38)",15,"aur,hld,hlgA,hlgB,hlgC,icaC,sak,scn,sea,sei,sem,sen=MISTRANSLATION,seu,splE,tst",4.0.23,2025-06-03.1
PDT000014061.3|SAMN00839741|GCA_000362325.1|Staphylococcus aureus M0964||M0964|Generic,GCA_000362325.1,SAMN00839741,,,,,,PDT000014061.3,2013-04-12,,17,"aadD1,ant(9)-Ia,blaI,blaR1,blaZ,bleO,erm(A),fosB,gyrA_E88K=POINT,gyrA_S84L=POINT,mecA,mecI,mecR1,mepA,parC_E84G=POINT,parC_S80Y=POINT,tet(38)","aadD1,ant(9)-Ia,blaI,blaR1,blaZ,bleO,erm(A),fosB,gyrA_E88K=POINT,gyrA_S84L=POINT,mecA,mecI,mecR1,parC_E84G=POINT,parC_S80Y=POINT,tet(38)",21,"aur,hld,hlgA,hlgB,hlgC,icaC,lukD,lukE,sak,scn,sed,sei,sej,selX,sem,sen=MISTRANSLATION,seo,ser,seu=PARTIAL,splA,splB",4.0.23,2025-06-03.1
PDT000014062.3|SAMN00839742|GCA_000362345.1|Staphylococcus aureus M0978||M0978|Generic,GCA_000362345.1,SAMN00839742,,,,,,PDT000014062.3,2013-04-12,,8,"ant(9)-Ia,erm(A),fosB,gyrA_S84L=POINT,mepA,parC_E84G=POINT,parC_S80Y=POINT,tet(38)","ant(9)-Ia,erm(A),fosB,gyrA_S84L=POINT,parC_E84G=POINT,parC_S80Y=POINT,tet(38)",18,"aur,hld,hlgA,hlgB,hlgC,icaC,lukD,lukE,sak,scn,sei,selX,sem,sen=MISTRANSLATION,seo,seu=PARTIAL,splA,splB",4.2.7,2026-01-21.1
PDT000014063.3|SAMN00839743|GCA_000362365.1|Staphylococcus aureus M0994||M0994|Generic,GCA_000362365.1,SAMN00839743,,,,,,PDT000014063.3,2013-04-12,,15,"aadD1,ant(9)-Ia,blaI,blaR1,blaZ,bleO,erm(A),fosB,gyrA_S84L=POINT,mecA,mecI,mecR1,mepA,parC_S80F=POINT,tet(38)","aadD1,ant(9)-Ia,blaI,blaR1,blaZ,bleO,erm(A),fosB,gyrA_S84L=POINT,mecA,mecI,mecR1,parC_S80F=POINT,tet(38)",21,"aur,hld,hlgA,hlgB,hlgC,icaC,lukD,lukE,sak,scn,sed,sei,sej,selX,sem,sen=MISTRANSLATION,seo,ser,seu=PARTIAL,splA,splB",4.0.23,2025-06-03.1
PDT000014064.3|SAMN00839744|GCA_000362505.1|Staphylococcus aureus M1034||M1034|Generic,GCA_000362505.1,SAMN00839744,,,,,,PDT000014064.3,2013-04-12,,9,"ant(9)-Ia,blaI,blaPC1,blaR1,erm(A)=PARTIAL_END_OF_CONTIG,fosB,murA_D278E=POINT,murA_E291D=POINT,tet(38)","ant(9)-Ia,blaI,blaPC1,blaR1,erm(A)=PARTIAL_END_OF_CONTIG,fosB,murA_D278E=POINT,murA_E291D=POINT,tet(38)",16,"aur,cna=PARTIAL,hld,hlgA,hlgB,hlgC,icaC,sak,scn,sea,sei,sem,sen=MISTRANSLATION,seu,splE,tst",4.2.7,2026-01-21.1
PDT000014065.3|SAMN00839745|GCA_000362565.1|Staphylococcus aureus M1044||M1044|Generic,GCA_000362565.1,SAMN00839745,,,,,,PDT000014065.3,2013-04-12,,16,"aadD1,ant(9)-Ia,blaI,blaR1,blaZ,bleO,erm(A),fosB,gyrA_S84L=POINT,ileS_V588F=POINT,mecA,mecI,mecR1,mepA,parC_S80F=POINT,tet(38)","aadD1,ant(9)-Ia,blaI,blaR1,blaZ,bleO,erm(A),fosB,gyrA_S84L=POINT,ileS_V588F=POINT,mecA,mecI,mecR1,parC_S80F=POINT,tet(38)",17,"aur,hld,hlgA,hlgB,hlgC,icaC,lukD,lukE,sasG,sei,selX,sem,sen=MISTRANSLATION,seo,seu=PARTIAL,splA,splB",4.0.23,2025-06-03.1
PDT000014066.3|SAMN00839746|GCA_000362585.1|Staphylococcus aureus M1061||M1061|Generic,GCA_000362585.1,SAMN00839746,,,,,,PDT000014066.3,2013-04-12,,20,"aadD1,ant(9)-Ia,aph(3')-IIIa,blaI,blaR1,blaZ,bleO,erm(A),fosB,gyrA_S84L=POINT,mecA,mecI,mecR1,mepA,mph(C),msr(A),parC_E84G=POINT,parC_S80Y=POINT,sat4=PARTIAL,tet(38)","aadD1,ant(9)-Ia,aph(3')-IIIa,blaI,blaR1,blaZ,bleO,erm(A),fosB,gyrA_S84L=POINT,mecA,mecI,mecR1,mph(C),msr(A),parC_E84G=POINT,parC_S80Y=POINT,sat4=PARTIAL,tet(38)",18,"aur,hld,hlgA,hlgB,hlgC,icaC,lukD,lukE,sak,scn,sei,selX,sem,sen=MISTRANSLATION,seo,seu=PARTIAL,splA,splB",4.2.7,2026-01-21.1
PDT000014067.3|SAMN00839747|GCA_000362605.1|Staphylococcus aureus M1062||M1062|Generic,GCA_000362605.1,SAMN00839747,,,,,,PDT000014067.3,2013-04-12,,13,"aadD1,ant(9)-Ia,bleO,erm(A),fosB,gyrA_S84L=POINT,mecA,mecI,mecR1,mepA,parC_E84G=POINT,parC_S80Y=POINT,tet(38)","aadD1,ant(9)-Ia,bleO,erm(A),fosB,gyrA_S84L=POINT,mecA,mecI,mecR1,parC_E84G=POINT,parC_S80Y=POINT,tet(38)",17,"aur,hld,hlgA,hlgB,hlgC,icaC,lukE,sak,scn,sei,selX,sem,sen=MISTRANSLATION,seo,seu=PARTIAL,splA,splB",4.2.7,2026-01-21.1
PDT000014068.3|SAMN00839748|GCA_000362665.1|Staphylococcus aureus M1068||M1068|Generic,GCA_000362665.1,SAMN00839748,,,,,,PDT000014068.3,2013-04-12,,17,"aadD1,ant(9)-Ia,blaI,blaR1,blaZ,bleO,erm(A),fosB,gyrA_S84L=POINT,gyrA_S85P=POINT,mecA,mecI,mecR1,mepA,parC_E84G=POINT,parC_S80Y=POINT,tet(38)","aadD1,ant(9)-Ia,blaI,blaR1,blaZ,bleO,erm(A),fosB,gyrA_S84L=POINT,gyrA_S85P=POINT,mecA,mecI,mecR1,parC_E84G=POINT,parC_S80Y=POINT,tet(38)",21,"aur,hld,hlgA,hlgB,hlgC,icaC,lukD,lukE,sak,scn=PARTIAL,sed,sei,sej,selX,sem,sen=MISTRANSLATION,seo,ser=PARTIAL,seu=PARTIAL,splA,splB",4.0.23,2025-06-03.1
PDT000014069.3|SAMN00839749|GCA_000362705.1|Staphylococcus aureus M1083||M1083|Generic,GCA_000362705.1,SAMN00839749,,,,,,PDT000014069.3,2013-04-12,,17,"aadD1,ant(9)-Ia,blaI,blaR1,blaZ,bleO,erm(A),fosB,gyrA_E88A=POINT,gyrA_S84L=POINT,mecA,mecI,mecR1,mepA,parC_E84G=POINT,parC_S80Y=POINT,tet(38)","aadD1,ant(9)-Ia,blaI,blaR1,blaZ,bleO,erm(A),fosB,gyrA_E88A=POINT,gyrA_S84L=POINT,mecA,mecI,mecR1,parC_E84G=POINT,parC_S80Y=POINT,tet(38)",21,"aur,hld,hlgA,hlgB,hlgC,icaC,lukD,lukE,sak,scn,sed,sei,sej,selX,sem,sen=MISTRANSLATION,seo,ser,seu=PARTIAL,splA,splB",4.2.7,2026-01-21.1
PDT000014070.3|SAMN00839750|GCA_000362805.1|Staphylococcus aureus M1109||M1109|Generic,GCA_000362805.1,SAMN00839750,,,,,,PDT000014070.3,2013-04-12,,22,"aadD1,ant(6)-Ia=MISTRANSLATION,ant(9)-Ia,aph(3')-IIIa,blaI,blaR1,blaZ,bleO,erm(A),fosB,gyrA_S84L=POINT,mecA,mecI,mecR1,mepA,mph(C),msr(A),parC_E84G=POINT,parC_S80Y=POINT,rpoB_A477D=POINT,sat4,tet(38)","aadD1,ant(6)-Ia=MISTRANSLATION,ant(9)-Ia,aph(3')-IIIa,blaI,blaR1,blaZ,bleO,erm(A),fosB,gyrA_S84L=POINT,mecA,mecI,mecR1,mph(C),msr(A),parC_E84G=POINT,parC_S80Y=POINT,rpoB_A477D=POINT,sat4,tet(38)",18,"aur,hld,hlgA,hlgB,hlgC,icaC,lukD,lukE,sak,scn,sei,selX,sem,sen=MISTRANSLATION,seo,seu=PARTIAL,splA,splB",4.2.7,2026-01-21.1
PDT000014071.3|SAMN00839751|GCA_000362845.1|Staphylococcus aureus M1126||M1126|Generic,GCA_000362845.1,SAMN00839751,,,,,,PDT000014071.3,2013-04-12,,23,"aadD1,ant(6)-Ia=MISTRANSLATION,ant(9)-Ia,ant(9)-Ia=PARTIAL_END_OF_CONTIG,aph(3')-IIIa,blaI,blaR1,blaZ,bleO,erm(A),erm(C),fosB,gyrA_S84L=POINT,mecA,mecI,mecR1,mepA,mph(C),msr(A),parC_E84G=POINT,parC_S80Y=POINT,sat4,tet(38)","aadD1,ant(6)-Ia=MISTRANSLATION,ant(9)-Ia,ant(9)-Ia=PARTIAL_END_OF_CONTIG,aph(3')-IIIa,blaI,blaR1,blaZ,bleO,erm(A),erm(C),fosB,gyrA_S84L=POINT,mecA,mecI,mecR1,mph(C),msr(A),parC_E84G=POINT,parC_S80Y=POINT,sat4,tet(38)",17,"aur,hld,hlgA,hlgB,hlgC,icaC,lukE,sak,scn,sei,selX,sem,sen=MISTRANSLATION,seo,seu=PARTIAL,splA,splB",4.2.7,2026-01-21.1
PDT000014072.3|SAMN00839752|GCA_000362865.1|Staphylococcus aureus M1142||M1142|Generic,GCA_000362865.1,SAMN00839752,,,,,,PDT000014072.3,2013-04-12,,17,"aadD1,ant(9)-Ia,blaI,blaR1,blaZ,bleO,erm(A),fosB,gyrA_E88A=POINT,gyrA_S84L=POINT,mecA,mecI,mecR1,mepA,parC_E84G=POINT,parC_S80Y=POINT,tet(38)","aadD1,ant(9)-Ia,blaI,blaR1,blaZ,bleO,erm(A),fosB,gyrA_E88A=POINT,gyrA_S84L=POINT,mecA,mecI,mecR1,parC_E84G=POINT,parC_S80Y=POINT,tet(38)",21,"aur,hld,hlgA,hlgB,hlgC,icaC,lukD,lukE,sak,scn,sed,sei,sej,selX,sem,sen=MISTRANSLATION,seo,ser,seu=PARTIAL,splA,splB",4.0.23,2025-06-03.1
PDT000014073.3|SAMN00839753|GCA_000363025.1|Staphylococcus aureus M1223||M1223|Generic,GCA_000363025.1,SAMN00839753,,,,,,PDT000014073.3,2013-04-12,,16,"aadD1,blaI,blaPC1,blaR1,bleO,folP_E208K=POINT,folP_F17L=POINT,fosB,gyrA_S84L=POINT,mecA,mecR1=PARTIAL,mepA,murA_G257D=POINT,parC_S80F=POINT,tet(38),tet(M)","aadD1,blaI,blaPC1,blaR1,bleO,folP_E208K=POINT,folP_F17L=POINT,fosB,gyrA_S84L=POINT,mecA,mecR1=PARTIAL,murA_G257D=POINT,parC_S80F=POINT,tet(38),tet(M)",20,"aur,hld,hlgA,hlgB,hlgC,icaC,lukD,lukE,sak,sasG=PARTIAL,scn,sea,seb,sek,sel26,selX,seq,splA,splB,splE",4.0.23,2025-06-03.1
PDT000014074.3|SAMN00839754|GCA_000363045.1|Staphylococcus aureus M1224||M1224|Generic,GCA_000363045.1,SAMN00839754,,,,,,PDT000014074.3,2013-04-12,,17,"aadD1,ant(9)-Ia,blaI,blaR1,blaZ,bleO,erm(A),fosB,gyrA_E88K=POINT,gyrA_S84L=POINT,mecA,mecI,mecR1,mepA,parC_E84G=POINT,parC_S80Y=POINT,tet(38)","aadD1,ant(9)-Ia,blaI,blaR1,blaZ,bleO,erm(A),fosB,gyrA_E88K=POINT,gyrA_S84L=POINT,mecA,mecI,mecR1,parC_E84G=POINT,parC_S80Y=POINT,tet(38)",21,"aur,hld,hlgA,hlgB,hlgC,icaC,lukD,lukE,sak,scn,sed,sei,sej,selX,sem,sen=MISTRANSLATION,seo,ser,seu=PARTIAL,splA,splB",4.0.23,2025-06-03.1
PDT000014075.3|SAMN00839755|GCA_000363085.1|Staphylococcus aureus M1244||M1244|Generic,GCA_000363085.1,SAMN00839755,,,,,,PDT000014075.3,2013-04-12,,22,"aadD1,ant(6)-Ia=MISTRANSLATION,ant(9)-Ia,aph(3')-IIIa,blaI,blaR1,blaZ,bleO,erm(A),fosB,gyrA_E88K=POINT,gyrA_S84L=POINT,mecA,mecI,mecR1,mepA,mph(C),msr(A),parC_E84G=POINT,parC_S80Y=POINT,sat4,tet(38)","aadD1,ant(6)-Ia=MISTRANSLATION,ant(9)-Ia,aph(3')-IIIa,blaI,blaR1,blaZ,bleO,erm(A),fosB,gyrA_E88K=POINT,gyrA_S84L=POINT,mecA,mecI,mecR1,mph(C),msr(A),parC_E84G=POINT,parC_S80Y=POINT,sat4,tet(38)",18,"aur,hld,hlgA,hlgB,hlgC,icaC,lukD,lukE,sak,scn,sei,selX,sem,sen=MISTRANSLATION,seo,seu=PARTIAL,splA,splB",4.2.7,2026-01-21.1
PDT000014076.3|SAMN00839756|GCA_000363165.1|Staphylococcus aureus M1256||M1256|Generic,GCA_000363165.1,SAMN00839756,,,,,,PDT000014076.3,2013-04-12,,12,"blaI,blaPC1,blaR1,fosB,glpT_A100V=POINT,glpT_V213I=POINT,mecA,mecR1=PARTIAL,mepA,murA_D278E=POINT,murA_E291D=POINT,tet(38)","blaI,blaPC1,blaR1,fosB,glpT_A100V=POINT,glpT_V213I=POINT,mecA,mecR1=PARTIAL,murA_D278E=POINT,murA_E291D=POINT,tet(38)",14,"aur,hld,hlgA,hlgB,hlgC,icaC,sak,scn,sei,sem,sen=MISTRANSLATION,seu,splE,tst",4.0.23,2025-06-03.1
PDT000014077.3|SAMN00839757|GCA_000363205.1|Staphylococcus aureus M1275||M1275|Generic,GCA_000363205.1,SAMN00839757,,,,,,PDT000014077.3,2013-04-12,,15,"aadD1,ant(9)-Ia,blaI,blaR1,blaZ,bleO,erm(A),fosB,gyrA_S84L=POINT,mecA,mecI,mecR1,mepA,parC_S80F=POINT,tet(38)","aadD1,ant(9)-Ia,blaI,blaR1,blaZ,bleO,erm(A),fosB,gyrA_S84L=POINT,mecA,mecI,mecR1,parC_S80F=POINT,tet(38)",21,"aur,hld,hlgA,hlgB,hlgC,icaC,lukD,lukE,sak,scn,sed,sei,sej,selX,sem,sen=MISTRANSLATION,seo,ser,seu=PARTIAL,splA,splB",4.2.7,2026-01-21.1
PDT000014078.3|SAMN00839758|GCA_000363245.1|Staphylococcus aureus M1286||M1286|Generic,GCA_000363245.1,SAMN00839758,,,,,,PDT000014078.3,2013-04-12,,17,"aadD1,ant(9)-Ia,blaI,blaR1,blaZ,bleO,erm(A),fosB,gyrA_S84L=POINT,gyrA_S85P=POINT,mecA,mecI,mecR1,mepA,parC_E84G=POINT,parC_S80Y=POINT,tet(38)","aadD1,ant(9)-Ia,blaI,blaR1,blaZ,bleO,erm(A),fosB,gyrA_S84L=POINT,gyrA_S85P=POINT,mecA,mecI,mecR1,parC_E84G=POINT,parC_S80Y=POINT,tet(38)",21,"aur,hld,hlgA,hlgB,hlgC,icaC,lukD,lukE,sak,scn,sed,sei,sej,selX,sem,sen=MISTRANSLATION,seo,ser=PARTIAL,seu=PARTIAL,splA,splB",4.2.7,2026-01-21.1
PDT000014079.3|SAMN00839759|GCA_000363285.1|Staphylococcus aureus M1309||M1309|Generic,GCA_000363285.1,SAMN00839759,,,,,,PDT000014079.3,2013-04-12,,17,"aadD1,ant(9)-Ia,blaI,blaR1,blaZ=MISTRANSLATION,bleO,erm(A),fosB,gyrA_S84L=POINT,mecA,mecI,mecR1,mepA,parC_E84G=POINT,parC_S80Y=POINT,rpoB_S464P=POINT,tet(38)","aadD1,ant(9)-Ia,blaI,blaR1,blaZ=MISTRANSLATION,bleO,erm(A),fosB,gyrA_S84L=POINT,mecA,mecI,mecR1,parC_E84G=POINT,parC_S80Y=POINT,rpoB_S464P=POINT,tet(38)",21,"aur,hld,hlgA,hlgB,hlgC,icaC,lukD,lukE,sak,scn,sed,sei,sej,selX,sem,sen=MISTRANSLATION,seo,ser,seu=PARTIAL,splA,splB",4.2.7,2026-01-21.1
PDT000014080.3|SAMN00839760|GCA_000363445.1|Staphylococcus aureus M1374||M1374|Generic,GCA_000363445.1,SAMN00839760,,,,,,PDT000014080.3,2013-04-12,,16,"aadD1,ant(9)-Ia,blaI,blaR1,blaZ,bleO,erm(A),fosB,gyrA_S84L=POINT,mecA,mecI,mecR1,mepA,parC_E84G=POINT,parC_S80Y=POINT,tet(38)","aadD1,ant(9)-Ia,blaI,blaR1,blaZ,bleO,erm(A),fosB,gyrA_S84L=POINT,mecA,mecI,mecR1,parC_E84G=POINT,parC_S80Y=POINT,tet(38)",21,"aur,hld,hlgA,hlgB,hlgC,icaC,lukD,lukE,sak,scn,sed,sei,sej,selX,sem,sen=MISTRANSLATION,seo,ser=PARTIAL,seu=PARTIAL,splA,splB",4.2.7,2026-01-21.1
PDT000014081.3|SAMN00839761|GCA_000363485.1|Staphylococcus aureus M1405||M1405|Generic,GCA_000363485.1,SAMN00839761,,,,,,PDT000014081.3,2013-04-12,,23,"aadD1,ant(6)-Ia=MISTRANSLATION,ant(9)-Ia,ant(9)-Ia=PARTIAL_END_OF_CONTIG,aph(3')-IIIa,blaI,blaR1,blaZ,bleO,erm(A),erm(C),fosB,gyrA_S84L=POINT,mecA,mecI,mecR1,mepA,mph(C),msr(A),parC_E84G=POINT,parC_S80Y=POINT,sat4,tet(38)","aadD1,ant(6)-Ia=MISTRANSLATION,ant(9)-Ia,ant(9)-Ia=PARTIAL_END_OF_CONTIG,aph(3')-IIIa,blaI,blaR1,blaZ,bleO,erm(A),erm(C),fosB,gyrA_S84L=POINT,mecA,mecI,mecR1,mph(C),msr(A),parC_E84G=POINT,parC_S80Y=POINT,sat4,tet(38)",17,"aur,hld,hlgA,hlgB,hlgC,icaC,lukE,sak,scn,sei,selX,sem,sen=MISTRANSLATION,seo,seu=PARTIAL,splA,splB",4.2.7,2026-01-21.1
PDT000014082.3|SAMN00839762|GCA_000363605.1|Staphylococcus aureus M1510||M1510|Generic,GCA_000363605.1,SAMN00839762,,,,,,PDT000014082.3,2013-04-12,,18,"aadD1,ant(9)-Ia,blaI,blaR1,blaZ,bleO,erm(A),fosB,fusA_L461S=POINT,fusA_V90A=POINT,gyrA_E88K=POINT,mecA,mecI,mecR1,mepA,parC_S80F=POINT,tet(38),tet(M)","aadD1,ant(9)-Ia,blaI,blaR1,blaZ,bleO,erm(A),fosB,fusA_L461S=POINT,fusA_V90A=POINT,gyrA_E88K=POINT,mecA,mecI,mecR1,parC_S80F=POINT,tet(38),tet(M)",22,"aur,hld,hlgA,hlgB,hlgC,icaC,lukD,lukE,sak=PARTIAL,sasG=PARTIAL,scn,sec3,sei,sel,selX,sem,sen=MISTRANSLATION,seo,seu=PARTIAL,splA,splB,tst",4.2.7,2026-01-21.1
PDT000014164.3|SAMN02596935|GCA_000364005.1|Staphylococcus aureus M0075||M0075|Generic,GCA_000364005.1,SAMN02596935,,,,,,PDT000014164.3,2013-04-12,,17,"aadD1,ant(9)-Ia,blaI,blaR1,blaZ,bleO,erm(A),fosB,gyrA_S84L=POINT,gyrA_S85P=POINT,mecA,mecI,mecR1,mepA,parC_E84G=POINT,parC_S80Y=POINT,tet(38)","aadD1,ant(9)-Ia,blaI,blaR1,blaZ,bleO,erm(A),fosB,gyrA_S84L=POINT,gyrA_S85P=POINT,mecA,mecI,mecR1,parC_E84G=POINT,parC_S80Y=POINT,tet(38)",21,"aur,hld,hlgA,hlgB,hlgC,icaC,lukD,lukE,sak,scn,sed,sei,sej,selX,sem,sen=MISTRANSLATION,seo,ser=PARTIAL,seu=PARTIAL,splA,splB",4.2.7,2026-01-21.1
PDT000014165.3|SAMN02596936|GCA_000364025.1|Staphylococcus aureus M0294||M0294|Generic,GCA_000364025.1,SAMN02596936,,,,,,PDT000014165.3,2013-04-12,,22,"aadD1,ant(6)-Ia=MISTRANSLATION,ant(9)-Ia,aph(3')-IIIa,blaI,blaR1,blaZ,bleO,erm(A),fosB,gyrA_E88K=POINT,gyrA_S84L=POINT,mecA,mecI,mecR1,mepA,mph(C),msr(A),parC_E84G=POINT,parC_S80Y=POINT,sat4,tet(38)","aadD1,ant(6)-Ia=MISTRANSLATION,ant(9)-Ia,aph(3')-IIIa,blaI,blaR1,blaZ,bleO,erm(A),fosB,gyrA_E88K=POINT,gyrA_S84L=POINT,mecA,mecI,mecR1,mph(C),msr(A),parC_E84G=POINT,parC_S80Y=POINT,sat4,tet(38)",18,"aur,hld,hlgA,hlgB,hlgC,icaC,lukD,lukE,sak,scn,sei,selX,sem,sen=MISTRANSLATION,seo,seu=PARTIAL,splA,splB",4.0.23,2025-06-03.1
PDT000014166.3|SAMN02596937|GCA_000364045.1|Staphylococcus aureus M1060||M1060|Generic,GCA_000364045.1,SAMN02596937,,,,,,PDT000014166.3,2013-04-12,,22,"aadD1,ant(6)-Ia=MISTRANSLATION,ant(9)-Ia,aph(3')-IIIa,blaI,blaR1,blaZ,bleO,erm(A),erm(C),fosB,gyrA_S84L=POINT,mecA,mecI,mecR1,mepA,mph(C),msr(A),parC_E84G=POINT,parC_S80Y=POINT,sat4,tet(38)","aadD1,ant(6)-Ia=MISTRANSLATION,ant(9)-Ia,aph(3')-IIIa,blaI,blaR1,blaZ,bleO,erm(A),erm(C),fosB,gyrA_S84L=POINT,mecA,mecI,mecR1,mph(C),msr(A),parC_E84G=POINT,parC_S80Y=POINT,sat4,tet(38)",17,"aur,hld,hlgA,hlgB,hlgC,icaC,lukE,sak,scn,sei,selX,sem,sen=MISTRANSLATION,seo,seu=PARTIAL,splA,splB",4.0.23,2025-06-03.1
PDT000014167.3|SAMN02596938|GCA_000364065.1|Staphylococcus aureus M1078||M1078|Generic,GCA_000364065.1,SAMN02596938,,,,,,PDT000014167.3,2013-04-12,,17,"aadD1,ant(9)-Ia,blaI,blaR1=PARTIAL_END_OF_CONTIG,blaZ,bleO,erm(A),fosB,gyrA_E88A=POINT,gyrA_S84L=POINT,mecA,mecI,mecR1,mepA,parC_E84G=POINT,parC_S80Y=POINT,tet(38)","aadD1,ant(9)-Ia,blaI,blaR1=PARTIAL_END_OF_CONTIG,blaZ,bleO,erm(A),fosB,gyrA_E88A=POINT,gyrA_S84L=POINT,mecA,mecI,mecR1,parC_E84G=POINT,parC_S80Y=POINT,tet(38)",21,"aur,hld,hlgA,hlgB,hlgC,icaC,lukD,lukE,sak,scn,sed,sei,sej,selX,sem,sen=MISTRANSLATION,seo,ser,seu=PARTIAL,splA,splB",4.0.23,2025-06-03.1
PDT000014168.3|SAMN02596939|GCA_000364085.1|Staphylococcus aureus M1193||M1193|Generic,GCA_000364085.1,SAMN02596939,,,,,,PDT000014168.3,2013-04-12,,16,"aadD1,ant(9)-Ia,blaI,blaR1,blaZ,bleO,erm(A),fosB,gyrA_S84L=POINT,mecA,mecI,mecR1,mepA,parC_E84G=POINT,parC_S80Y=POINT,tet(38)","aadD1,ant(9)-Ia,blaI,blaR1,blaZ,bleO,erm(A),fosB,gyrA_S84L=POINT,mecA,mecI,mecR1,parC_E84G=POINT,parC_S80Y=POINT,tet(38)",20,"aur,hld,hlgA,hlgB,hlgC,icaC,lukE,sak,scn,sed,sei,sej,selX,sem,sen=MISTRANSLATION,seo,ser,seu=PARTIAL,splA,splB",4.0.23,2025-06-03.1
PDT000014169.3|SAMN02596940|GCA_000364105.1|Staphylococcus aureus M1228||M1228|Generic,GCA_000364105.1,SAMN02596940,,,,,,PDT000014169.3,2013-04-12,,11,"23S_C2220T=POINT,blaI,blaR1=HMM,blaZ,dfrB_A135T=POINT,gyrA_S84L=POINT,mecA,mecR1=PARTIAL,mepA,parC_S80F=POINT,tet(38)","23S_C2220T=POINT,blaI,blaR1=HMM,blaZ,dfrB_A135T=POINT,gyrA_S84L=POINT,mecA,mecR1=PARTIAL,parC_S80F=POINT,tet(38)",15,"aur,cna=PARTIAL,hld,hlgA,hlgB,hlgC,icaC,sec1,sei,sel,sel26,sem,sen=MISTRANSLATION,seo,seu",4.0.23,2025-06-03.1
PDT000014170.3|SAMN02596941|GCA_000364125.1|Staphylococcus aureus M1407||M1407|Generic,GCA_000364125.1,SAMN02596941,,,,,,PDT000014170.3,2013-04-12,,12,"aadD1,ant(9)-Ia,bleO,erm(A),fosB,gyrA_S84L=POINT,mecA,mecI,mecR1,mepA,parC_S80F=POINT,tet(38)","aadD1,ant(9)-Ia,bleO,erm(A),fosB,gyrA_S84L=POINT,mecA,mecI,mecR1,parC_S80F=POINT,tet(38)",20,"aur,hld,hlgA,hlgB,hlgC,icaC,lukD,lukE,sak,sasG,scn,sei,selX,sem,sen=MISTRANSLATION,seo,sep,seu=PARTIAL,splA,splB",4.0.23,2025-06-03.1
PDT000014171.3|SAMN02596942|GCA_000364145.1|Staphylococcus aureus M1466||M1466|Generic,GCA_000364145.1,SAMN02596942,,,,,,PDT000014171.3,2013-04-12,,22,"aadD1,ant(6)-Ia=MISTRANSLATION,ant(9)-Ia,aph(3')-IIIa,blaI,blaR1,blaZ,bleO,erm(A),fosB,gyrA_S84L=POINT,mecA,mecI,mecR1,mepA,mph(C),msr(A)=PARTIAL_END_OF_CONTIG,parC_E84G=POINT,parC_S80Y=POINT,rpoB_Q468K=POINT,sat4,tet(38)","aadD1,ant(6)-Ia=MISTRANSLATION,ant(9)-Ia,aph(3')-IIIa,blaI,blaR1,blaZ,bleO,erm(A),fosB,gyrA_S84L=POINT,mecA,mecI,mecR1,mph(C),msr(A)=PARTIAL_END_OF_CONTIG,parC_E84G=POINT,parC_S80Y=POINT,rpoB_Q468K=POINT,sat4,tet(38)",18,"aur,hld,hlgA,hlgB,hlgC,icaC,lukD,lukE,sak,scn,sei,selX,sem,sen=MISTRANSLATION,seo,seu=PARTIAL,splA,splB",4.0.23,2025-06-03.1
PDT000014318.3|SAMN00809065|GCA_000362925.1|Staphylococcus aureus M1188||M1188|Generic,GCA_000362925.1,SAMN00809065,2004,"USA: Boston, MA",Homo sapiens,,,PDT000014318.3,2013-04-12,,15,"aadD1,ant(9)-Ia,blaI,blaR1=MISTRANSLATION,blaZ,bleO,erm(A),fosB,gyrA_S84L=POINT,mecA,mecI,mecR1,mepA,parC_S80F=POINT,tet(38)","aadD1,ant(9)-Ia,blaI,blaR1=MISTRANSLATION,blaZ,bleO,erm(A),fosB,gyrA_S84L=POINT,mecA,mecI,mecR1,parC_S80F=POINT,tet(38)",22,"aur,hld,hlgA,hlgB,hlgC,icaC,lukD,lukE,sak,scn,sed=PARTIAL,sei,sej,selX,sem,sen=MISTRANSLATION,seo,sep,ser,seu=PARTIAL,splA,splB",4.0.23,2025-06-03.1
PDT000014319.3|SAMN00809069|GCA_000363005.1|Staphylococcus aureus M1216||M1216|Generic,GCA_000363005.1,SAMN00809069,2004,"USA: Boston, MA",Homo sapiens,,,PDT000014319.3,2013-04-12,,9,"blaI,blaR1,blaZ,fosB,mecA,mepA,tet(38),tet(M),vga(A)","blaI,blaR1,blaZ,fosB,mecA,tet(38),tet(M),vga(A)",11,"aur,hld,hlgA,hlgB,hlgC,icaC,lukE,sel26=MISTRANSLATION,selX,splA,splB",4.2.7,2026-01-21.1
PDT000015255.2|SAMN02470764|GCA_000409145.1|Staphylococcus aureus subsp. aureus H29||H29|Generic,GCA_000409145.1,SAMN02470764,,USA: Paso Del Norte Region,cow,raw milk sample from udder of cow under veterinary care,,PDT000015255.2,2013-06-05,,16,"aadD1,ant(9)-Ia,blaI,blaR1,blaZ,bleO,erm(A),fosB,gyrA_S84L=POINT,mecA,mecI,mecR1,mepA,parC_S80F=POINT,tet(38),tet(M)","aadD1,ant(9)-Ia,blaI,blaR1,blaZ,bleO,erm(A),fosB,gyrA_S84L=POINT,mecA,mecI,mecR1,parC_S80F=POINT,tet(38),tet(M)",21,"aur,hld,hlgA,hlgB,hlgC,icaC,lukD,lukE,sak,scn,sed=PARTIAL,sei,sej,selX,sem,sen=MISTRANSLATION,seo,ser=PARTIAL,seu=PARTIAL,splA,splB",4.0.23,2025-06-03.1
PDT000015256.2|SAMN02470765|GCA_000409165.1|Staphylococcus aureus subsp. aureus PB32||PB32|Generic,GCA_000409165.1,SAMN02470765,,USA: Paso Del Norte,cow,raw milk sample from udder of healthy cow,,PDT000015256.2,2013-06-05,,5,"ant(9)-Ia=PARTIAL_END_OF_CONTIG,blaR1=HMM,blaZ,mepA,tet(38)","ant(9)-Ia=PARTIAL_END_OF_CONTIG,blaR1=HMM,blaZ,tet(38)",12,"aur,hld,hlgA,hlgB,hlgC,icaC,lukD,lukE,selX,splA,splB,splE",4.0.23,2025-06-03.1
PDT000015274.3|SAMN02470734|GCA_000401455.1|Staphylococcus aureus subsp. aureus 122051||122051|Generic,GCA_000401455.1,SAMN02470734,2005,Switzerland: Geneva,Homo sapiens,pus from patient with SSTI; ST30 PVL carrier,,PDT000015274.3,2013-05-24,,12,"blaI,blaPC1,blaR1,fosB,glpT_A100V=POINT,glpT_V213I=POINT,mecA,mecR1=PARTIAL,mepA,murA_D278E=POINT,murA_E291D=POINT,tet(38)","blaI,blaPC1,blaR1,fosB,glpT_A100V=POINT,glpT_V213I=POINT,mecA,mecR1=PARTIAL,murA_D278E=POINT,murA_E291D=POINT,tet(38)",15,"aur,hld,hlgA,hlgB,hlgC,icaC,lukF-PV,lukS-PV,sak,scn,sei,sem,sen=MISTRANSLATION,seu,splE",4.0.23,2025-06-03.1
PDT000015275.3|SAMN02470730|GCA_000401595.1|Staphylococcus aureus subsp. aureus 112808A||112808A|Generic,GCA_000401595.1,SAMN02470730,2008,Switzerland,cow with bovine mastitis,nasal colonization,,PDT000015275.3,2013-05-24,,12,"blaI,blaR1=HMM,blaZ,glpT_A100V=POINT,glpT_F3I=POINT,mecA,mepA,murA_D278E=POINT,murA_E291D=POINT,tet(38),tet(K),tet(M)","blaI,blaR1=HMM,blaZ,glpT_A100V=POINT,glpT_F3I=POINT,mecA,murA_D278E=POINT,murA_E291D=POINT,tet(38),tet(K),tet(M)",7,"aur,hld,hlgA,hlgB,hlgC,icaC,sel26",4.0.23,2025-06-03.1
PDT000015276.3|SAMN02470733|GCA_000401475.1|Staphylococcus aureus subsp. aureus MRGR3||MRGR3|Generic,GCA_000401475.1,SAMN02470733,1990,Switzerland: Geneva,Homo sapiens,catheter-related sepsis,,PDT000015276.3,2013-05-24,,21,"aac(6')-Ie/aph(2'')-Ia,ant(6)-Ia=PARTIAL,ant(9)-Ia,aph(3')-IIIa,blaI,blaPC1,blaR1,erm(A),erm(C)=PARTIAL_END_OF_CONTIG,folP_E258EKE=POINT,folP_F17L=POINT,fosB,mecA,mecI=MISTRANSLATION,mecR1,mepA,murA_G257D=POINT,sat4=PARTIAL_END_OF_CONTIG,tet(38),tet(K),tet(M)","aac(6')-Ie/aph(2'')-Ia,ant(6)-Ia=PARTIAL,ant(9)-Ia,aph(3')-IIIa,blaI,blaPC1,blaR1,erm(A),erm(C)=PARTIAL_END_OF_CONTIG,folP_E258EKE=POINT,folP_F17L=POINT,fosB,mecA,mecI=MISTRANSLATION,mecR1,murA_G257D=POINT,sat4=PARTIAL_END_OF_CONTIG,tet(38),tet(K),tet(M)",18,"aur,hld,hlgA,hlgB,hlgC,icaC=PARTIAL,lukD,lukE,sak,scn,sea,sek,sel26,selX,seq,splA,splB,splE",4.2.7,2026-01-21.1
PDT000015389.3|SAMN02603909|GCA_000412775.1|Staphylococcus aureus CA-347||CA-347|Generic,GCA_000412775.1,SAMN02603909,,,,,,PDT000015389.3,2013-06-20,,20,"aadD1,ant(9)-Ia,blaI,blaR1,blaZ,bleO,erm(A),folP_A184V=POINT,folP_F17L=POINT,glpT_A100V=POINT,gyrA_S84L=POINT,mecA,mecI,mecR1,mepA,murA_E291D=POINT,murA_T396N=POINT,parC_S80F=POINT,parE_P585S=POINT,tet(38)","aadD1,ant(9)-Ia,blaI,blaR1,blaZ,bleO,erm(A),folP_A184V=POINT,folP_F17L=POINT,glpT_A100V=POINT,gyrA_S84L=POINT,mecA,mecI,mecR1,murA_E291D=POINT,murA_T396N=POINT,parC_S80F=POINT,parE_P585S=POINT,tet(38)",14,"aur=PARTIAL,hld,hlgA,hlgB,hlgC,icaC,sak,scn,sei,sel26,sem,sen=PARTIAL,seo,seu",4.0.23,2025-06-03.1
PDT000015565.3|SAMEA2272764|GCA_000403685.1|Staphylococcus aureus subsp. aureus S1800||S1800|Generic,GCA_000403685.1,SAMEA2272764,2005,Greece:Patras,Homo sapiens,,,PDT000015565.3,2013-05-30,,12,"ant(6)-Ia,aph(3')-IIIa,blaI,blaR1,blaZ,fusB,mecA,mecR1=PARTIAL,mepA,sat4,tet(38),tet(K)","ant(6)-Ia,aph(3')-IIIa,blaI,blaR1,blaZ,fusB,mecA,mecR1=PARTIAL,sat4,tet(38),tet(K)",17,"aur,ednB,hld,hlgA,hlgB=PARTIAL,hlgC,icaC,lukD,lukE,lukF-PV=PARTIAL_END_OF_CONTIG,lukS-PV,sak,sel26,selX,sey,splA,splB",4.2.7,2026-01-21.1
PDT000015883.3|SAMN00809068|GCA_000362985.1|Staphylococcus aureus M1215||M1215|Generic,GCA_000362985.1,SAMN00809068,2004,"USA: Boston, MA",Homo sapiens,,,PDT000015883.3,2013-04-12,,16,"aadD1,ant(9)-Ia,blaI,blaR1,blaZ,bleO,erm(A),fosB,gyrA_S84L=POINT,mecA,mecI,mecR1,mepA,parC_E84G=POINT,parC_S80Y=POINT,tet(38)","aadD1,ant(9)-Ia,blaI,blaR1,blaZ,bleO,erm(A),fosB,gyrA_S84L=POINT,mecA,mecI,mecR1,parC_E84G=POINT,parC_S80Y=POINT,tet(38)",20,"aur,hld,hlgA,hlgB,hlgC,icaC,lukE,sak,scn,sed,sei,sej,selX,sem,sen=MISTRANSLATION,seo,ser,seu=PARTIAL,splA,splB",4.0.23,2025-06-03.1
PDT000015929.3|SAMN02470727|GCA_000401435.1|Staphylococcus aureus subsp. aureus 091751||91751|Generic,GCA_000401435.1,SAMN02470727,2001,Switzerland: Geneva,Homo sapiens,nasal colonization from patient at pediatric clinic with SSTI,,PDT000015929.3,2013-05-24,,9,"blaI,blaR1=HMM,blaZ,fosB,fusC,mecA,mecR1=PARTIAL,mepA,tet(38)","blaI,blaR1=HMM,blaZ,fosB,fusC,mecA,mecR1=PARTIAL,tet(38)",21,"aur,hld,hlgA,hlgB,hlgC,icaC,lukD,lukE,lukF-PV,lukS-PV,sak,scn,sei,sel30,selX,sem,sen=MISTRANSLATION,seo,seu=PARTIAL,splA,splB=PARTIAL",4.0.23,2025-06-03.1
PDT000015930.3|SAMN02471941|GCA_000403115.1|Staphylococcus aureus subsp. aureus CBD-635||CBD-635|Generic,GCA_000403115.1,SAMN02471941,,,,,,PDT000015930.3,2013-05-29,,15,"aadD1,ant(9)-Ia,bleO,erm(A),fosB,gyrA_E88K=POINT,gyrA_S84L=POINT,mecA,mecI,mecR1,mepA,mupA,parC_E84G=POINT,parC_S80Y=POINT,tet(38)","aadD1,ant(9)-Ia,bleO,erm(A),fosB,gyrA_E88K=POINT,gyrA_S84L=POINT,mecA,mecI,mecR1,mupA,parC_E84G=POINT,parC_S80Y=POINT,tet(38)",16,"aur,hld,hlgA,hlgB,hlgC,icaC,lukD,lukE,sei,selX,sem,sen=MISTRANSLATION,seo,seu=PARTIAL,splA,splB",4.0.23,2025-07-16.1
PDT000015966.3|SAMN02603524|GCA_000418345.1|Staphylococcus aureus||Bmb9393|Generic,GCA_000418345.1,SAMN02603524,1993,Brazil: Rio de Janeiro,Homo sapiens,,,PDT000015966.3,2013-07-05,,26,"aac(6')-Ie/aph(2'')-Ia,ant(6)-Ia,ant(9)-Ia=MISTRANSLATION,aph(3')-IIIa,blaI,blaPC1,blaR1,cat-TC=MISTRANSLATION,catA,dfrB_F99Y=POINT,dfrB_H150R=POINT,erm(A),folP_E258EKE=POINT,folP_F17L=POINT,fosB,gyrA_S84L=POINT,mecA,mecI=MISTRANSLATION,mecR1,mepA,murA_G257D=POINT,parC_S80F=POINT,rpoB_H481N=POINT,sat4,tet(38),tet(M)=PARTIAL","aac(6')-Ie/aph(2'')-Ia,ant(6)-Ia,ant(9)-Ia=MISTRANSLATION,aph(3')-IIIa,blaI,blaPC1,blaR1,cat-TC=MISTRANSLATION,catA,dfrB_F99Y=POINT,dfrB_H150R=POINT,erm(A),folP_E258EKE=POINT,folP_F17L=POINT,fosB,gyrA_S84L=POINT,mecA,mecI=MISTRANSLATION,mecR1,murA_G257D=POINT,parC_S80F=POINT,rpoB_H481N=POINT,sat4,tet(38),tet(M)=PARTIAL",15,"aur,hld,hlgA,hlgB,hlgC,icaC=PARTIAL,lukD,lukE,sak,scn,sel26,selX,splA,splB,splE",4.0.23,2025-06-03.1
PDT000016149.3|SAMN02146299|GCA_000421995.1|Staphylococcus aureus SA_ST125_MupR||SA_ST125_MupR|Pathogen: clinical or host-associated,GCA_000421995.1,SAMN02146299,2006,Spain,Homo sapiens,hospital,,PDT000016149.3,2013-07-10,,20,"aac(6')-Ie/aph(2'')-Ia,aadD1=PARTIAL_END_OF_CONTIG,ant(6)-Ia=MISTRANSLATION,aph(3')-IIIa,blaI,blaR1,blaZ,bleO,fosB,gyrA_S84L=POINT,mecA,mecR1=PARTIAL,mepA,mph(C),msr(A),mupA,parC_S80F=POINT,parE_D432H=POINT,sat4,tet(38)","aac(6')-Ie/aph(2'')-Ia,aadD1=PARTIAL_END_OF_CONTIG,ant(6)-Ia=MISTRANSLATION,aph(3')-IIIa,blaI,blaR1,blaZ,bleO,fosB,gyrA_S84L=POINT,mecA,mecR1=PARTIAL,mph(C),msr(A),mupA,parC_S80F=POINT,parE_D432H=POINT,sat4,tet(38)",16,"aur,hld,hlgA,hlgB,hlgC,icaC,lukD,lukE,sei,selX,sem,sen=MISTRANSLATION,seo,seu=PARTIAL,splA,splB",4.0.23,2025-06-03.1
PDT000016172.2|SAMN02207969|GCA_000439835.1|Staphylococcus aureus LCT-SA67||LCT-SA67|Generic,GCA_000439835.1,SAMN02207969,,,,,,PDT000016172.2,2013-07-24,,7,"fosB,glpT_A100V=POINT,glpT_V213I=POINT,mepA,murA_D278E=POINT,murA_E291D=POINT,tet(38)","fosB,glpT_A100V=POINT,glpT_V213I=POINT,murA_D278E=POINT,murA_E291D=POINT,tet(38)",13,"aur,hld,hlgA,hlgB,hlgC,icaC,lukF-PV,lukS-PV,sei,sem,sen=MISTRANSLATION,seu,splE",4.0.23,2025-06-03.1
PDT000016530.3|SAMN00103091|GCA_000160335.2|Staphylococcus aureus subsp. aureus 55/2053||55/2053|Generic,GCA_000160335.2,SAMN00103091,,,,,,PDT000016530.3,2013-08-23,,10,"blaI,blaPC1,blaR1,fosB,glpT_A100V=POINT,glpT_V213I=POINT,mepA,murA_D278E=POINT,murA_E291D=POINT,tet(38)","blaI,blaPC1,blaR1,fosB,glpT_A100V=POINT,glpT_V213I=POINT,murA_D278E=POINT,murA_E291D=POINT,tet(38)",16,"aur,cna,hld,hlgA,hlgB,hlgC,icaC=PARTIAL,lukF-PV,lukS-PV,sak,scn,sei,sem,sen=MISTRANSLATION,seu,splE",4.0.23,2025-06-03.1
PDT000016546.3|SAMN02604264|GCA_000462955.1|Staphylococcus aureus subsp. aureus 6850||6850|Generic,GCA_000462955.1,SAMN02604264,,,,,,PDT000016546.3,2013-08-30,,8,"blaI,blaR1=HMM,blaZ,glpT_A100V=POINT,mepA,murA_E291D=POINT,murA_T396N=POINT,tet(38)","blaI,blaR1=HMM,blaZ,glpT_A100V=POINT,murA_E291D=POINT,murA_T396N=POINT,tet(38)",16,"aur,hld,hlgA,hlgB,hlgC,icaC,lukE,sak,scn,sei,selX,sem,seu,sey,splA,splB",4.0.23,2025-06-03.1
PDT000016547.3|SAMN02603420|GCA_000463055.1|Staphylococcus aureus subsp. aureus CN1||CN1|Generic,GCA_000463055.1,SAMN02603420,,,,,,PDT000016547.3,2013-08-30,,11,"aadD1,blaI,blaR1=HMM,blaZ,bleO,erm(C),fosB,mecA,mecR1=PARTIAL,mepA,tet(38)","aadD1,blaI,blaR1=HMM,blaZ,bleO,erm(C),fosB,mecA,mecR1=PARTIAL",17,"aur,hld,hlgA,hlgB,hlgC,icaC,lukD,lukE,sak,scn=PARTIAL,sei,sem,sen=MISTRANSLATION,seo,seu,splA,splB",4.2.7,2026-03-24.1
PDT000017017.3|SAMN00138225|GCA_000463035.1|Staphylococcus aureus subsp. aureus CO-08||CO-08|Generic,GCA_000463035.1,SAMN00138225,,,,,,PDT000017017.3,2013-08-30,,17,"aac(6')-Ie/aph(2'')-Ia,ant(6)-Ia=PARTIAL,aph(3')-IIIa,blaI,blaR1,blaR1=HMM,blaZ,dfrG,fosB,gyrA_S84L=POINT,mecA,mepA,mph(C),msr(A),parC_S80F=POINT,sat4=PARTIAL,tet(38)","aac(6')-Ie/aph(2'')-Ia,ant(6)-Ia=PARTIAL,aph(3')-IIIa,blaI,blaR1,blaR1=HMM,blaZ,dfrG,fosB,gyrA_S84L=POINT,mecA,mph(C),msr(A),parC_S80F=POINT,sat4=PARTIAL,tet(38)",21,"aur,hld,hlgA,hlgB,hlgC,icaC,lukF-PV,lukS-PV,scn,sea,sec2,sei,sel=PARTIAL,sel27,sel28,selX,selZ,sem,sen=MISTRANSLATION,seo,seu",4.0.23,2025-06-03.1
PDT000017136.3|SAMN00996491|GCA_000470845.1|Staphylococcus aureus subsp. aureus SA957|||Generic,GCA_000470845.1,SAMN00996491,,,,,,PDT000017136.3,2013-09-24,,6,"glpT_A100V=POINT,mecA,mepA,murA_E291D=POINT,murA_T396N=POINT,tet(38)","glpT_A100V=POINT,mecA,murA_E291D=POINT,murA_T396N=POINT,tet(38)",14,"aur,hld,hlgA,hlgB,hlgC,icaC,lukF-PV,lukS-PV,scn,seb,sek,selX,seq,sey",4.0.23,2025-06-03.1
PDT000017137.3|SAMN02603110|GCA_000470865.1|Staphylococcus aureus subsp. aureus SA40||SA40|Generic,GCA_000470865.1,SAMN02603110,,,,,,PDT000017137.3,2013-09-24,,7,"glpT_A100V=POINT,mecA,mecR1=PARTIAL,mepA,murA_E291D=POINT,murA_T396N=POINT,tet(38)","glpT_A100V=POINT,mecA,mecR1=PARTIAL,murA_E291D=POINT,murA_T396N=POINT",12,"aur,hld,hlgA,hlgB,hlgC,icaC,scn,seb,sek,selX,seq,sey",4.2.7,2026-03-24.1
PDT000017297.3|SAMN02179359|GCA_000442355.1|Staphylococcus aureus SA16||SA16|Pathogen: clinical or host-associated,GCA_000442355.1,SAMN02179359,2009-07-07,Brazil,Homo sapiens,blood,,PDT000017297.3,2013-07-31,,17,"aadD1,ant(9)-Ia,blaI,blaR1,blaZ,bleO,erm(A),erm(C)=PARTIAL_END_OF_CONTIG,fosB,gyrA_S84L=POINT,mecA,mecI,mecR1,mepA,parC_S80F=POINT,rpoB_H481N=POINT,tet(38)","aadD1,ant(9)-Ia,blaI,blaR1,blaZ,bleO,erm(A),erm(C)=PARTIAL_END_OF_CONTIG,fosB,gyrA_S84L=POINT,mecA,mecI,mecR1,parC_S80F=POINT,rpoB_H481N=POINT,tet(38)",20,"aur,hld,hlgA,hlgB,hlgC,icaC,lukD,lukE,sak,sasG=PARTIAL,scn,sei,selX,sem,sen=MISTRANSLATION,seo,sep,seu=PARTIAL,splA,splB",4.0.23,2025-07-16.1
PDT000017308.3|SAMN02469810|GCA_000443125.1|Staphylococcus aureus S100||S100|Generic,GCA_000443125.1,SAMN02469810,2010,France,Homo sapiens,blood from patient with bloodstream infection,,PDT000017308.3,2013-08-02,,9,"blaI,blaR1=HMM,blaZ,glpT_A100V=POINT,glpT_F3I=POINT,mepA,murA_D278E=POINT,murA_E291D=POINT,tet(38)","blaI,blaR1=HMM,blaZ,glpT_A100V=POINT,glpT_F3I=POINT,murA_D278E=POINT,murA_E291D=POINT",8,"aur,hld,hlgA,hlgB,hlgC,icaC,scn,sel26",4.2.7,2026-03-24.1
PDT000017314.3|SAMN02469812|GCA_000443245.1|Staphylococcus aureus S130||S130|Generic,GCA_000443245.1,SAMN02469812,2010,Netherlands,Homo sapiens,feces,,PDT000017314.3,2013-08-05,,18,"aadD1,blaI,blaR1,blaZ,bleO,dfrS1,erm(C),glpT_A100V=POINT,glpT_F3I=POINT,mecA,mecR1=PARTIAL,mepA,murA_D278E=POINT,murA_E291D=POINT,parC_S80F=POINT,tet(38),tet(L),tet(M)","aadD1,blaI,blaR1,blaZ,bleO,dfrS1,erm(C),glpT_A100V=POINT,glpT_F3I=POINT,mecA,mecR1=PARTIAL,murA_D278E=POINT,murA_E291D=POINT,parC_S80F=POINT,tet(L),tet(M)",8,"aur,cna=PARTIAL_END_OF_CONTIG,hld,hlgA,hlgB,hlgC,icaC,sel26",4.2.7,2026-03-24.1
PDT000017315.3|SAMN02469811|GCA_000443265.1|Staphylococcus aureus S123||S123|Generic,GCA_000443265.1,SAMN02469811,2010,Netherlands,pig,feces,,PDT000017315.3,2013-08-05,,12,"blaI,blaR1=HMM,blaZ,erm(B),glpT_A100V=POINT,glpT_F3I=POINT,mepA,murA_D278E=POINT,murA_E291D=POINT,str,tet(38),tet(M)","blaI,blaR1=HMM,blaZ,erm(B),glpT_A100V=POINT,glpT_F3I=POINT,murA_D278E=POINT,murA_E291D=POINT,str,tet(M)",8,"aur,cna=PARTIAL_END_OF_CONTIG,hld,hlgA,hlgB,hlgC,icaC,sel26",4.2.7,2026-03-24.1
PDT000017624.4|SAMN02469814|GCA_000455725.2|Staphylococcus aureus S1||S1|Generic,GCA_000455725.2,SAMN02469814,2008,France,Homo sapiens,feces,,PDT000017624.4,2015-10-29,,16,"apmA,apmA=PARTIAL_END_OF_CONTIG,blaI,blaR1=HMM,blaZ,erm(C),glpT_A100V=POINT,glpT_F3I=POINT,mecA,mepA,murA_D278E=POINT,murA_E291D=POINT,spd,tet(38),tet(K),tet(M)","apmA,apmA=PARTIAL_END_OF_CONTIG,blaI,blaR1=HMM,blaZ,erm(C),glpT_A100V=POINT,glpT_F3I=POINT,mecA,murA_D278E=POINT,murA_E291D=POINT,spd,tet(K),tet(M)",8,"aur,cna=PARTIAL_END_OF_CONTIG,hld,hlgA,hlgB,hlgC,icaC,sel26",4.2.7,2026-03-24.1
PDT000018335.3|SAMN02469813|GCA_000443285.1|Staphylococcus aureus S94||S94|Generic,GCA_000443285.1,SAMN02469813,2009,France,Homo sapiens,blood from patient with bloodstream infection,,PDT000018335.3,2013-08-05,,7,"erm(T),glpT_A100V=POINT,glpT_F3I=POINT,mepA,murA_D278E=POINT,murA_E291D=POINT,tet(38)","erm(T),glpT_A100V=POINT,glpT_F3I=POINT,murA_D278E=POINT,murA_E291D=POINT,tet(38)",8,"aur,hld,hlgA,hlgB,hlgC,icaC,scn,sel26",4.0.23,2025-06-03.1
PDT000018941.3|SAMN02370325|GCA_000485885.1|Staphylococcus aureus subsp. aureus Z172||Z172|Pathogen: clinical or host-associated,GCA_000485885.1,SAMN02370325,2010,Taiwan,Homo sapiens,blood,,PDT000018941.3,2013-10-29,,29,"aac(6')-Ie/aph(2'')-Ia,ant(6)-Ia=PARTIAL,ant(9)-Ia,aph(3')-IIIa,blaI,blaPC1,blaR1,dfrG,erm(A),folP_E258EKE=POINT,folP_F17L=POINT,fosB,fusA_L461K=POINT,gyrA_S84L=POINT,gyrA_S85P=POINT,mecA,mecI=MISTRANSLATION,mecR1,mepA,mprF_T345I=POINT,murA_G257D=POINT,parC_S80F=POINT,parE_D432N=POINT,rpoB_H481N=POINT,sat4=PARTIAL,tet(38),tet(K)=PARTIAL,tet(M),walK_R263C=POINT","aac(6')-Ie/aph(2'')-Ia,ant(6)-Ia=PARTIAL,ant(9)-Ia,aph(3')-IIIa,blaI,blaPC1,blaR1,dfrG,erm(A),folP_E258EKE=POINT,folP_F17L=POINT,fosB,fusA_L461K=POINT,gyrA_S84L=POINT,gyrA_S85P=POINT,mecA,mecI=MISTRANSLATION,mecR1,mprF_T345I=POINT,murA_G257D=POINT,parC_S80F=POINT,parE_D432N=POINT,rpoB_H481N=POINT,sat4=PARTIAL,tet(38),tet(K)=PARTIAL,tet(M),walK_R263C=POINT",18,"aur,hld,hlgA,hlgB,hlgC,icaC=PARTIAL,lukD,lukE,sak,sasG=PARTIAL,scn,sea,sek,sel26,selX,seq,splA,splB",4.0.23,2025-06-03.1
PDT000019352.3|SAMN02470726|GCA_000401575.1|Staphylococcus aureus subsp. aureus 103564||103564|Generic,GCA_000401575.1,SAMN02470726,2002,Switzerland: Geneva,Homo sapiens,"furunculosis, ST80 PVL carrier, family cluster SSTI",,PDT000019352.3,2013-05-24,,14,"ant(6)-Ia,aph(3')-IIIa,blaI,blaR1,blaZ,fusA_L461K=POINT,fusB,ileS_V588F=POINT,mecA,mecR1=PARTIAL,mepA,sat4,tet(38),tet(K)","ant(6)-Ia,aph(3')-IIIa,blaI,blaR1,blaZ,fusA_L461K=POINT,fusB,ileS_V588F=POINT,mecA,mecR1=PARTIAL,sat4,tet(38),tet(K)",18,"aur,ednB,hld,hlgA,hlgB,hlgC,icaC,lukD,lukE,lukF-PV,lukS-PV,sak,scn=PARTIAL,sel26,selX,sey,splA,splB",4.2.7,2026-01-21.1
PDT000019400.3|SAMN02469896|GCA_000496095.1|Staphylococcus aureus subsp. aureus PSP1996||PSP1996|Generic,GCA_000496095.1,SAMN02469896,1996,Spain,Homo sapiens,sputum from a cystic fibrosis patient,,PDT000019400.3,2013-11-07,,19,"aac(6')-Ie/aph(2'')-Ia,aadD1,ant(9)-Ia,blaI,blaPC1,blaR1,bleO,erm(A),folP_E208K=POINT,folP_T51M=POINT,fosB,gyrA_S84L=POINT,mecA,mecR1=PARTIAL,mepA,parC_S80F=POINT,rpoB_H481N=POINT,tet(38),tet(M)","aac(6')-Ie/aph(2'')-Ia,aadD1,ant(9)-Ia,blaI,blaPC1,blaR1,bleO,erm(A),folP_E208K=POINT,folP_T51M=POINT,fosB,gyrA_S84L=POINT,mecA,mecR1=PARTIAL,parC_S80F=POINT,rpoB_H481N=POINT,tet(38),tet(M)",14,"aur,hld,hlgA,hlgB,hlgC,icaC=PARTIAL,lukD,lukE,scn,sel26=MISTRANSLATION,selX,splA,splB,splE",4.0.23,2025-06-03.1
PDT000019720.3|SAMN02470878|GCA_000390205.1|Staphylococcus aureus subsp. aureus 06BA18369||06BA18369|Generic,GCA_000390205.1,SAMN02470878,2006,Canada: Saskatchewan,Homo sapiens,skin and soft tissue infection,,PDT000019720.3,2013-05-10,,7,"blaI,blaPC1,blaR1,fosB,fusC,mepA,tet(38)","blaI,blaPC1,blaR1,fosB,fusC",22,"aur,hld,hlgA,hlgB,hlgC,icaC,lukD,lukE,sak,scn,sec3,sei,sel,sel30,selX,sem,sen=MISTRANSLATION,seo,seu=PARTIAL,splA,splB,tst",4.2.7,2026-03-24.1
PDT000019978.3|SAMN00862107|GCA_000507705.1|Staphylococcus aureus subsp. aureus KPL1845||KPL1845|Generic,GCA_000507705.1,SAMN00862107,,,,,,PDT000019978.3,2013-12-13,,4,"blaZ,glpT_A100V=POINT,mepA,tet(38)","blaZ,glpT_A100V=POINT,tet(38)",11,"aur,hld,hlgA,hlgB,hlgC,icaC,lukE,selX,splA,splB,splE",4.0.23,2025-06-03.1
PDT000019979.3|SAMN00862121|GCA_000507725.1|Staphylococcus aureus subsp. aureus KPL1828||KPL1828|Generic,GCA_000507725.1,SAMN00862121,,,,,,PDT000019979.3,2013-12-13,,6,"blaI=PARTIAL_END_OF_CONTIG,blaR1,blaZ=PARTIAL,fosB,mepA,tet(38)","blaI=PARTIAL_END_OF_CONTIG,blaR1,blaZ=PARTIAL,fosB,tet(38)",12,"aur,hld,hlgA,hlgB,hlgC,icaC,lukD,lukE,scn,splA,splB,splE",4.0.23,2025-06-03.1
PDT000020366.2|SAMN02597330|GCA_000516935.1|Staphylococcus aureus subsp. aureus ST772-MRSA-V||ST772-MRSA-V|Generic,GCA_000516935.1,SAMN02597330,2007,Australia: WA,Homo sapiens,clinical isolate,,PDT000020366.2,2014-01-08,,17,"aac(6')-Ie/aph(2'')-Ia,ant(6)-Ia=PARTIAL,aph(3')-IIIa,blaI,blaR1,blaR1=PARTIAL_END_OF_CONTIG,blaZ,dfrG,fosB,gyrA_S84L=POINT,mecA,mepA,mph(C),msr(A),parC_S80Y=POINT,sat4=PARTIAL,tet(38)","aac(6')-Ie/aph(2'')-Ia,ant(6)-Ia=PARTIAL,aph(3')-IIIa,blaI,blaR1,blaR1=PARTIAL_END_OF_CONTIG,blaZ,dfrG,fosB,gyrA_S84L=POINT,mecA,mph(C),msr(A),parC_S80Y=POINT,sat4=PARTIAL,tet(38)",22,"aur,cna=PARTIAL_END_OF_CONTIG,hld,hlgA,hlgB,hlgC,icaC,lukF-PV,lukS-PV,scn,sea,sec2,sei,sel=PARTIAL,sel27,sel28,selX,selZ,sem,sen=MISTRANSLATION,seo,seu",4.0.23,2025-06-03.1
PDT000020740.2|SAMN02383529|GCA_000525105.1|Staphylococcus aureus DAR948||DAR948|Generic,GCA_000525105.1,SAMN02383529,,"USA: US, NY",Homo sapiens,blood,,PDT000020740.2,2014-01-31,,11,"blaI=PARTIAL_END_OF_CONTIG,blaZ=PARTIAL_END_OF_CONTIG,fexA,fexA_A37V=POINT,fexA_G33A=POINT,fosB,mecA,mecR1=PARTIAL,mepA,tet(38),tet(M)","blaI=PARTIAL_END_OF_CONTIG,blaZ=PARTIAL_END_OF_CONTIG,fexA,fexA_A37V=POINT,fexA_G33A=POINT,fosB,mecA,mecR1=PARTIAL,tet(38),tet(M)",21,"aur,hld,hlgA,hlgB,hlgC,icaC,lukD,lukE,sak,scn,sed=PARTIAL_END_OF_CONTIG,sei,sej,selX,sem,sen=MISTRANSLATION,seo,sep,seu=PARTIAL,splA,splB",4.0.23,2025-06-03.1
PDT000020741.2|SAMN02383530|GCA_000525125.1|Staphylococcus aureus DAR1199||DAR1199|Generic,GCA_000525125.1,SAMN02383530,,"USA: US, NY",Homo sapiens,Respiratory culture,,PDT000020741.2,2014-01-31,,13,"ant(6)-Ia=PARTIAL,aph(3')-IIIa,blaI,blaR1=PARTIAL_END_OF_CONTIG,blaZ,fosB,gyrA_S84L=POINT,mepA,mph(C),msr(A),parC_S80Y=POINT,sat4,tet(38)","ant(6)-Ia=PARTIAL,aph(3')-IIIa,blaI,blaR1=PARTIAL_END_OF_CONTIG,blaZ,fosB,gyrA_S84L=POINT,mph(C),msr(A),parC_S80Y=POINT,sat4,tet(38)",21,"aur,hld,hlgA,hlgB,hlgC,icaC,lukD,lukE,sak,scn,sed=PARTIAL_END_OF_CONTIG,sei,sej,selX,sem,sen=MISTRANSLATION,seo,ser,seu=PARTIAL,splA,splB",4.2.7,2026-01-21.1
PDT000020742.2|SAMN02383531|GCA_000525145.1|Staphylococcus aureus DAR1280||DAR1280|Generic,GCA_000525145.1,SAMN02383531,,"USA: US, NY",Homo sapiens,urine,,PDT000020742.2,2014-01-31,,13,"ant(9)-Ia,blaI,blaR1,blaZ,erm(A),fosB,gyrA_E88K=POINT,gyrA_S84L=POINT,ileS_V588F=POINT,mepA,parC_E84G=POINT,parC_S80Y=POINT,tet(38)","ant(9)-Ia,blaI,blaR1,blaZ,erm(A),fosB,gyrA_E88K=POINT,gyrA_S84L=POINT,ileS_V588F=POINT,parC_E84G=POINT,parC_S80Y=POINT,tet(38)",21,"aur,hld,hlgA,hlgB,hlgC,icaC,lukD,lukE,sak,scn,sed,sei,sej,selX,sem,sen=MISTRANSLATION,seo,ser,seu=PARTIAL,splA,splB",4.2.7,2026-01-21.1
PDT000020743.2|SAMN02383532|GCA_000525165.1|Staphylococcus aureus DAR1366||DAR1366|Generic,GCA_000525165.1,SAMN02383532,,"USA: US, NY",Homo sapiens,blood,,PDT000020743.2,2014-01-31,,17,"aadD1,ant(9)-Ia,blaI,blaR1,blaZ,bleO,erm(A),fosB,gyrA_E88K=POINT,gyrA_S84L=POINT,mecA,mecI,mecR1,mepA,parC_E84G=POINT,parC_S80Y=POINT,tet(38)","aadD1,ant(9)-Ia,blaI,blaR1,blaZ,bleO,erm(A),fosB,gyrA_E88K=POINT,gyrA_S84L=POINT,mecA,mecI,mecR1,parC_E84G=POINT,parC_S80Y=POINT,tet(38)",21,"aur,hld,hlgA,hlgB,hlgC,icaC,lukD,lukE,sak,scn,sed,sei,sej,selX,sem,sen=MISTRANSLATION,seo,ser,seu=PARTIAL,splA,splB",4.0.23,2025-06-03.1
PDT000020744.2|SAMN02383533|GCA_000525185.1|Staphylococcus aureus DAR1503||DAR1503|Generic,GCA_000525185.1,SAMN02383533,,"USA: US, NY",Homo sapiens,blood,,PDT000020744.2,2014-01-31,,14,"aadD1,ant(9)-Ia,bleO,erm(A),fosB,gyrA_S84L=POINT,mecA,mecI,mecR1,mepA,parC_E84G=POINT,parC_S80Y=POINT,rpoB_R484H=POINT,tet(38)","aadD1,ant(9)-Ia,bleO,erm(A),fosB,gyrA_S84L=POINT,mecA,mecI,mecR1,parC_E84G=POINT,parC_S80Y=POINT,rpoB_R484H=POINT,tet(38)",18,"aur,hld,hlgA,hlgB,hlgC,icaC,lukD,lukE,sak,scn,sei,selX,sem,sen=MISTRANSLATION,seo,seu=PARTIAL,splA,splB",4.0.23,2025-06-03.1
PDT000020745.2|SAMN02383534|GCA_000525205.1|Staphylococcus aureus DAR3170||DAR3170|Generic,GCA_000525205.1,SAMN02383534,,Argentina,Homo sapiens,Septic arthritis,,PDT000020745.2,2014-01-31,,8,"fexA,fexA_A37V=POINT,fexA_G33A=POINT,fosB,gyrA_S84L=POINT,mepA,parC_S80F=POINT,tet(38)","fexA,fexA_A37V=POINT,fexA_G33A=POINT,fosB,gyrA_S84L=POINT,parC_S80F=POINT,tet(38)",17,"aur,hld,hlgA,hlgB,hlgC,icaC,lukD,lukE,sei,selX,sem,sen=MISTRANSLATION,seo,seu=PARTIAL,splA,splB,tst",4.0.23,2025-06-03.1
PDT000020746.2|SAMN02383535|GCA_000525225.1|Staphylococcus aureus DAR3172||DAR3172|Generic,GCA_000525225.1,SAMN02383535,,Argentina,Homo sapiens,Osteomyelitis,,PDT000020746.2,2014-01-31,,6,"blaI,blaR1,blaZ,fosB,mepA,tet(38)","blaI,blaR1,blaZ,fosB,tet(38)",20,"aur,hld,hlgA,hlgB,hlgC,icaC,lukD,lukE,sak,scn,sea,sei,sel30,selX,sem,sen=MISTRANSLATION,seo,seu=PARTIAL,splA,splB",4.2.7,2026-01-21.1
PDT000020747.2|SAMN02383536|GCA_000525245.1|Staphylococcus aureus DAR3165||DAR3165|Generic,GCA_000525245.1,SAMN02383536,,Argentina,Homo sapiens,Osteomyelitis,,PDT000020747.2,2014-01-31,,8,"blaI,blaPC1,blaR1,fosB,mecA,mecR1=PARTIAL,mepA,tet(38)","blaI,blaPC1,blaR1,fosB,mecA,mecR1=PARTIAL,tet(38)",22,"aur,hld,hlgA,hlgB,hlgC,icaC,lukD,lukE,lukF-PV,lukS-PV,sak,scn,sea,sei,sel30,selX,sem,sen=MISTRANSLATION,seo,seu=PARTIAL,splA,splB",4.2.7,2026-01-21.1
PDT000020748.2|SAMN02383537|GCA_000525265.1|Staphylococcus aureus DAR5898||DAR5898|Generic,GCA_000525265.1,SAMN02383537,,Venezuela,Homo sapiens,blood,,PDT000020748.2,2014-01-31,,16,"aac(6')-Ie/aph(2'')-Ia,ant(6)-Ia,ant(9)-Ia,aph(3')-IIIa,blaI,blaPC1,blaR1,erm(A),fosB,gyrA_S84L=POINT,mecA,mecR1=PARTIAL,mepA,parC_S80F=POINT,sat4,tet(38)","aac(6')-Ie/aph(2'')-Ia,ant(6)-Ia,ant(9)-Ia,aph(3')-IIIa,blaI,blaPC1,blaR1,erm(A),fosB,gyrA_S84L=POINT,mecA,mecR1=PARTIAL,parC_S80F=POINT,sat4,tet(38)",17,"aur,hld,hlgA,hlgB,hlgC,icaC,lukD,lukE,sak,scn,sei,selX,sen=MISTRANSLATION,seo,seu=PARTIAL,splA,splB",4.0.23,2025-06-03.1
PDT000020749.2|SAMN02383538|GCA_000525285.1|Staphylococcus aureus DAR5897||DAR5897|Generic,GCA_000525285.1,SAMN02383538,,Venezuela,Homo sapiens,blood,,PDT000020749.2,2014-01-31,,14,"aac(6')-Ie/aph(2'')-Ia,ant(6)-Ia,ant(9)-Ia,aph(3')-IIIa,erm(A),fosB,gyrA_S84L=POINT,mecA,mecR1=PARTIAL,mepA,parC_S80F=POINT,parE_P451S=POINT,sat4,tet(38)","aac(6')-Ie/aph(2'')-Ia,ant(6)-Ia,ant(9)-Ia,aph(3')-IIIa,erm(A),fosB,gyrA_S84L=POINT,mecA,mecR1=PARTIAL,parC_S80F=POINT,parE_P451S=POINT,sat4,tet(38)",17,"aur,hld,hlgA,hlgB,hlgC,icaC,lukD,lukE,sak,scn,sei,selX,sen=MISTRANSLATION,seo,seu=PARTIAL,splA,splB",4.0.23,2025-06-03.1
PDT000020750.2|SAMN02383539|GCA_000525305.1|Staphylococcus aureus DAR5896||DAR5896|Generic,GCA_000525305.1,SAMN02383539,,Venezuela,Homo sapiens,blood,,PDT000020750.2,2014-01-31,,13,"aac(6')-Ie/aph(2'')-Ia,ant(9)-Ia,blaI,blaPC1,blaR1,erm(A),fosB,gyrA_S84L=POINT,mecA,mecR1=PARTIAL,mepA,parC_S80F=POINT,tet(38)","aac(6')-Ie/aph(2'')-Ia,ant(9)-Ia,blaI,blaPC1,blaR1,erm(A),fosB,gyrA_S84L=POINT,mecA,mecR1=PARTIAL,parC_S80F=POINT,tet(38)",18,"aur,hld,hlgA,hlgB,hlgC,icaC,lukD,lukE,sak,scn,sea,sei,selX,sen=MISTRANSLATION,seo,seu=PARTIAL,splA,splB",4.0.23,2025-06-03.1
PDT000020751.2|SAMN02383540|GCA_000525325.1|Staphylococcus aureus DAR5895||DAR5895|Generic,GCA_000525325.1,SAMN02383540,,Venezuela,Homo sapiens,blood,,PDT000020751.2,2014-01-31,,16,"aac(6')-Ie/aph(2'')-Ia,ant(6)-Ia,ant(9)-Ia,aph(3')-IIIa,blaI,blaPC1,blaR1,erm(A),fosB,gyrA_S84L=POINT,mecA,mecR1=PARTIAL,mepA,parC_S80F=POINT,sat4,tet(38)","aac(6')-Ie/aph(2'')-Ia,ant(6)-Ia,ant(9)-Ia,aph(3')-IIIa,blaI,blaPC1,blaR1,erm(A),fosB,gyrA_S84L=POINT,mecA,mecR1=PARTIAL,parC_S80F=POINT,sat4,tet(38)",17,"aur,hld,hlgA,hlgB,hlgC,icaC,lukD,lukE,sak,scn,sei,selX,sen=MISTRANSLATION,seo,seu=PARTIAL,splA,splB",4.2.7,2026-01-21.1
PDT000020752.2|SAMN02383541|GCA_000525345.1|Staphylococcus aureus DAR5894||DAR5894|Generic,GCA_000525345.1,SAMN02383541,,Venezuela,Homo sapiens,blood,,PDT000020752.2,2014-01-31,,16,"aac(6')-Ie/aph(2'')-Ia,ant(6)-Ia,ant(9)-Ia,aph(3')-IIIa,blaI,blaPC1,blaR1,erm(A),fosB,gyrA_S84L=POINT,mecA,mecR1=PARTIAL,mepA,parC_S80F=POINT,sat4,tet(38)","aac(6')-Ie/aph(2'')-Ia,ant(6)-Ia,ant(9)-Ia,aph(3')-IIIa,blaI,blaPC1,blaR1,erm(A),fosB,gyrA_S84L=POINT,mecA,mecR1=PARTIAL,parC_S80F=POINT,sat4,tet(38)",17,"aur,hld,hlgA,hlgB,hlgC,icaC,lukD,lukE,sak,scn,sei,selX,sen=MISTRANSLATION,seo,seu=PARTIAL,splA,splB",4.2.7,2026-01-21.1
PDT000020753.2|SAMN02383542|GCA_000525365.1|Staphylococcus aureus DAR5893||DAR5893|Generic,GCA_000525365.1,SAMN02383542,,Venezuela,Homo sapiens,blood,,PDT000020753.2,2014-01-31,,13,"aac(6')-Ie/aph(2'')-Ia,ant(6)-Ia,ant(9)-Ia,aph(3')-IIIa,erm(A),fosB,gyrA_S84L=POINT,mecA,mecR1=PARTIAL,mepA,parC_S80F=POINT,sat4,tet(38)","aac(6')-Ie/aph(2'')-Ia,ant(6)-Ia,ant(9)-Ia,aph(3')-IIIa,erm(A),fosB,gyrA_S84L=POINT,mecA,mecR1=PARTIAL,parC_S80F=POINT,sat4,tet(38)",17,"aur,hld,hlgA,hlgB,hlgC,icaC,lukD,lukE,sak,scn,sei,selX,sen=MISTRANSLATION,seo,seu=PARTIAL,splA,splB",4.0.23,2025-06-03.1
PDT000020754.2|SAMN02383543|GCA_000525385.1|Staphylococcus aureus DAR5892||DAR5892|Generic,GCA_000525385.1,SAMN02383543,,Venezuela,Homo sapiens,blood,,PDT000020754.2,2014-01-31,,16,"aac(6')-Ie/aph(2'')-Ia,ant(6)-Ia,ant(9)-Ia,aph(3')-IIIa,blaI,blaPC1,blaR1,erm(A),fosB,gyrA_S84L=POINT,mecA,mecR1=PARTIAL,mepA,parC_S80F=POINT,sat4,tet(38)","aac(6')-Ie/aph(2'')-Ia,ant(6)-Ia,ant(9)-Ia,aph(3')-IIIa,blaI,blaPC1,blaR1,erm(A),fosB,gyrA_S84L=POINT,mecA,mecR1=PARTIAL,parC_S80F=POINT,sat4,tet(38)",17,"aur,hld,hlgA,hlgB,hlgC,icaC,lukD,lukE,sak,scn,sei,selX,sen=MISTRANSLATION,seo,seu=PARTIAL,splA,splB",4.0.23,2025-06-03.1
PDT000020755.2|SAMN02383545|GCA_000525425.1|Staphylococcus aureus DAR5882||DAR5882|Generic,GCA_000525425.1,SAMN02383545,,Peru,Homo sapiens,blood,,PDT000020755.2,2014-01-31,,16,"aac(6')-Ie/aph(2'')-Ia,ant(6)-Ia,ant(9)-Ia,aph(3')-IIIa,blaI,blaPC1,blaR1,erm(A),fosB,gyrA_S84L=POINT,mecA,mecR1=PARTIAL,mepA,parC_S80F=POINT,sat4,tet(38)","aac(6')-Ie/aph(2'')-Ia,ant(6)-Ia,ant(9)-Ia,aph(3')-IIIa,blaI,blaPC1,blaR1,erm(A),fosB,gyrA_S84L=POINT,mecA,mecR1=PARTIAL,parC_S80F=POINT,sat4,tet(38)",17,"aur,hld,hlgA,hlgB,hlgC,icaC,lukD,lukE,sak,scn,sei,selX,sen=MISTRANSLATION,seo,seu=PARTIAL,splA,splB",4.0.23,2025-06-03.1
PDT000020756.2|SAMN02383546|GCA_000525445.1|Staphylococcus aureus DAR5883||DAR5883|Generic,GCA_000525445.1,SAMN02383546,,Peru,Homo sapiens,blood,,PDT000020756.2,2014-01-31,,13,"aac(6')-Ie/aph(2'')-Ia,ant(6)-Ia,ant(9)-Ia,aph(3')-IIIa,erm(A),fosB,gyrA_S84L=POINT,mecA,mecR1=PARTIAL,mepA,parC_S80F=POINT,sat4,tet(38)","aac(6')-Ie/aph(2'')-Ia,ant(6)-Ia,ant(9)-Ia,aph(3')-IIIa,erm(A),fosB,gyrA_S84L=POINT,mecA,mecR1=PARTIAL,parC_S80F=POINT,sat4,tet(38)",18,"aur,hld,hlgA,hlgB,hlgC,icaC,lukD,lukE,sak,scn,sei,selX,sem,sen=MISTRANSLATION,seo,seu=PARTIAL,splA,splB",4.0.23,2025-06-03.1
PDT000020757.2|SAMN02383547|GCA_000525465.1|Staphylococcus aureus DAR5876||DAR5876|Generic,GCA_000525465.1,SAMN02383547,,Brazil,Homo sapiens,blood,,PDT000020757.2,2014-01-31,,16,"aac(6')-Ie/aph(2'')-Ia,ant(6)-Ia,ant(9)-Ia,aph(3')-IIIa,blaI,blaPC1,blaR1,erm(A),fosB,gyrA_S84L=POINT,mecA,mecR1=PARTIAL,mepA,parC_S80F=POINT,sat4,tet(38)","aac(6')-Ie/aph(2'')-Ia,ant(6)-Ia,ant(9)-Ia,aph(3')-IIIa,blaI,blaPC1,blaR1,erm(A),fosB,gyrA_S84L=POINT,mecA,mecR1=PARTIAL,parC_S80F=POINT,sat4,tet(38)",18,"aur,hld,hlgA,hlgB,hlgC,icaC,lukD,lukE,sak,scn,sei,selX,sem,sen=MISTRANSLATION,seo,seu=PARTIAL,splA,splB",4.0.23,2025-06-03.1
PDT000020758.2|SAMN02383548|GCA_000525485.1|Staphylococcus aureus DAR5866||DAR5866|Generic,GCA_000525485.1,SAMN02383548,,Argentina,Homo sapiens,blood,,PDT000020758.2,2014-01-31,,16,"aac(6')-Ie/aph(2'')-Ia,ant(6)-Ia,ant(9)-Ia,aph(3')-IIIa,blaI,blaPC1,blaR1,erm(A),fosB,gyrA_S84L=POINT,mecA,mecR1=PARTIAL,mepA,parC_S80F=POINT,sat4,tet(38)","aac(6')-Ie/aph(2'')-Ia,ant(6)-Ia,ant(9)-Ia,aph(3')-IIIa,blaI,blaPC1,blaR1,erm(A),fosB,gyrA_S84L=POINT,mecA,mecR1=PARTIAL,parC_S80F=POINT,sat4,tet(38)",16,"aur,hld,hlgA,hlgB,hlgC,icaC,lukD,lukE,sak,scn,sei,selX,sen=MISTRANSLATION,seo,splA,splB",4.2.7,2026-01-21.1
PDT000020759.2|SAMN02383549|GCA_000525505.1|Staphylococcus aureus DAR5860||DAR5860|Generic,GCA_000525505.1,SAMN02383549,,Venezuela,Homo sapiens,blood,,PDT000020759.2,2014-01-31,,16,"aac(6')-Ie/aph(2'')-Ia,ant(6)-Ia,ant(9)-Ia,aph(3')-IIIa,blaI,blaPC1,blaR1,erm(A),fosB,gyrA_S84L=POINT,mecA,mecR1=PARTIAL,mepA,parC_S80F=POINT,sat4,tet(38)","aac(6')-Ie/aph(2'')-Ia,ant(6)-Ia,ant(9)-Ia,aph(3')-IIIa,blaI,blaPC1,blaR1,erm(A),fosB,gyrA_S84L=POINT,mecA,mecR1=PARTIAL,parC_S80F=POINT,sat4,tet(38)",15,"aur,hld,hlgA,hlgB,hlgC,icaC,lukD,lukE,sei,selX,sen=MISTRANSLATION,seo,seu=PARTIAL,splA,splB",4.2.7,2026-01-21.1
PDT000020760.2|SAMN02383550|GCA_000525525.1|Staphylococcus aureus DAR5844||DAR5844|Generic,GCA_000525525.1,SAMN02383550,,Peru,Homo sapiens,Bronchoalveolar aspirate,,PDT000020760.2,2014-01-31,,10,"aac(6')-Ie/aph(2'')-Ia,ant(9)-Ia,erm(A),fosB,gyrA_S84L=POINT,mecA,mecR1=PARTIAL,mepA,parC_S80F=POINT,tet(38)","aac(6')-Ie/aph(2'')-Ia,ant(9)-Ia,erm(A),fosB,gyrA_S84L=POINT,mecA,mecR1=PARTIAL,parC_S80F=POINT,tet(38)",17,"aur,hld,hlgA,hlgB=PARTIAL,hlgC,icaC,lukD,lukE,sak,scn,sei,selX,sen=MISTRANSLATION,seo,seu=PARTIAL,splA,splB",4.2.7,2026-01-21.1
PDT000020761.2|SAMN02383551|GCA_000525545.1|Staphylococcus aureus DAR5842||DAR5842|Generic,GCA_000525545.1,SAMN02383551,,Peru,Homo sapiens,blood,,PDT000020761.2,2014-01-31,,16,"aac(6')-Ie/aph(2'')-Ia,ant(6)-Ia,ant(9)-Ia,aph(3')-IIIa,blaI,blaPC1,blaR1,erm(A),fosB,gyrA_S84L=POINT,mecA,mecR1=PARTIAL,mepA,parC_S80F=POINT,sat4,tet(38)","aac(6')-Ie/aph(2'')-Ia,ant(6)-Ia,ant(9)-Ia,aph(3')-IIIa,blaI,blaPC1,blaR1,erm(A),fosB,gyrA_S84L=POINT,mecA,mecR1=PARTIAL,parC_S80F=POINT,sat4,tet(38)",17,"aur,hld,hlgA,hlgB=PARTIAL,hlgC,icaC,lukD,lukE,sak,scn,sei,selX,sen=MISTRANSLATION,seo,seu=PARTIAL,splA,splB",4.0.23,2025-06-03.1
PDT000020762.2|SAMN02383552|GCA_000525565.1|Staphylococcus aureus DAR5810||DAR5810|Generic,GCA_000525565.1,SAMN02383552,,Colombia,Homo sapiens,Abdominal abscess,,PDT000020762.2,2014-01-31,,16,"aac(6')-Ie/aph(2'')-Ia,ant(6)-Ia,ant(9)-Ia,aph(3')-IIIa,blaI,blaPC1,blaR1=PARTIAL_END_OF_CONTIG,erm(A),fosB,gyrA_S84L=POINT,mecA,mecR1=PARTIAL,mepA,parC_S80F=POINT,sat4,tet(38)","aac(6')-Ie/aph(2'')-Ia,ant(6)-Ia,ant(9)-Ia,aph(3')-IIIa,blaI,blaPC1,blaR1=PARTIAL_END_OF_CONTIG,erm(A),fosB,gyrA_S84L=POINT,mecA,mecR1=PARTIAL,parC_S80F=POINT,sat4,tet(38)",17,"aur,hld,hlgA,hlgB,hlgC,icaC,lukD,lukE,sak,scn,sei,selX,sen=MISTRANSLATION,seo,seu=PARTIAL,splA,splB",4.0.23,2025-06-03.1
PDT000020849.2|SAMN02325629|GCA_000527355.1|Staphylococcus aureus M0662||M0662|Generic,GCA_000527355.1,SAMN02325629,2004-01-22,"USA: Boston, MA",Homo sapiens,bronchial alveolar lavage,,PDT000020849.2,2014-02-03,,16,"aadD1,ant(9)-Ia,blaI,blaR1,blaZ,bleO,erm(A),fosB,gyrA_S84L=POINT,mecA,mecI,mecR1,mepA,parC_E84G=POINT,parC_S80Y=POINT,tet(38)","aadD1,ant(9)-Ia,blaI,blaR1,blaZ,bleO,erm(A),fosB,gyrA_S84L=POINT,mecA,mecI,mecR1,parC_E84G=POINT,parC_S80Y=POINT,tet(38)",21,"aur,hld,hlgA,hlgB,hlgC,icaC,lukD,lukE,sak,scn,sed,sei,sej,selX,sem,sen=MISTRANSLATION,seo,ser,seu=PARTIAL,splA,splB",4.0.23,2025-06-03.1
PDT000020850.2|SAMN02325624|GCA_000527375.1|Staphylococcus aureus M0741||M0741|Generic,GCA_000527375.1,SAMN02325624,2004-02-03,"USA: Boston, MA",Homo sapiens,nares,,PDT000020850.2,2014-02-03,,17,"aac(6')-Ie/aph(2'')-Ia,aadD1,ant(9)-Ia,blaI,blaZ,bleO,dfrS1,erm(A),fosB,gyrA_S84L=POINT,mecA,mecI,mecR1,mepA,parC_S80F=POINT,rpoB_H481N=POINT,tet(38)","aac(6')-Ie/aph(2'')-Ia,aadD1,ant(9)-Ia,blaI,blaZ,bleO,dfrS1,erm(A),fosB,gyrA_S84L=POINT,mecA,mecI,mecR1,parC_S80F=POINT,rpoB_H481N=POINT,tet(38)",20,"aur,hld,hlgA,hlgB,hlgC,icaC,lukD,lukE,sak,sasG=PARTIAL_END_OF_CONTIG,scn,sei,selX,sem,sen=MISTRANSLATION,seo,sep,seu=PARTIAL,splA,splB",4.2.7,2026-01-21.1
PDT000020851.2|SAMN02325618|GCA_000527395.1|Staphylococcus aureus M0732||M0732|Generic,GCA_000527395.1,SAMN02325618,2004-02-06,"USA: Boston, MA",Homo sapiens,sputum,,PDT000020851.2,2014-02-03,,15,"aadD1,ant(9)-Ia,blaI,blaR1,blaZ,bleO,erm(A),fosB,gyrA_S84L=POINT,mecA,mecI,mecR1,mepA,parC_S80Y=POINT,tet(38)","aadD1,ant(9)-Ia,blaI,blaR1,blaZ,bleO,erm(A),fosB,gyrA_S84L=POINT,mecA,mecI,mecR1,parC_S80Y=POINT,tet(38)",19,"aur,hld,hlgA,hlgB,hlgC,icaC,lukD,lukE,sak,scn,sei,selX,sem,sen=MISTRANSLATION,seo,sep,seu=PARTIAL,splA,splB",4.2.7,2026-01-21.1
PDT000020852.2|SAMN02325614|GCA_000527415.1|Staphylococcus aureus M0728||M0728|Generic,GCA_000527415.1,SAMN02325614,2004-02-02,"USA: Boston, MA",Homo sapiens,bronchial secretions,,PDT000020852.2,2014-02-03,,16,"aac(6')-Ie/aph(2'')-Ia,aadD1,ant(9)-Ia,blaI=PARTIAL_END_OF_CONTIG,bleO,dfrS1,erm(A),fosB,gyrA_S84L=POINT,mecA,mecI,mecR1,mepA,parC_S80F=POINT,rpoB_H481N=POINT,tet(38)","aac(6')-Ie/aph(2'')-Ia,aadD1,ant(9)-Ia,blaI=PARTIAL_END_OF_CONTIG,bleO,dfrS1,erm(A),fosB,gyrA_S84L=POINT,mecA,mecI,mecR1,parC_S80F=POINT,rpoB_H481N=POINT,tet(38)",19,"aur,hld,hlgA,hlgB,hlgC,icaC,lukD,lukE,sak,scn,sei,selX,sem,sen=MISTRANSLATION,seo,sep,seu=PARTIAL,splA,splB",4.0.23,2025-06-03.1
PDT000020853.2|SAMN02325612|GCA_000527435.1|Staphylococcus aureus M0725||M0725|Generic,GCA_000527435.1,SAMN02325612,2004-01-31,"USA: Boston, MA",Homo sapiens,sputum,,PDT000020853.2,2014-02-03,,16,"aadD1,ant(9)-Ia,blaI,blaR1,blaZ,bleO,erm(A),fosB,gyrA_S84L=POINT,mecA,mecI,mecR1,mepA,parC_E84G=POINT,parC_S80Y=POINT,tet(38)","aadD1,ant(9)-Ia,blaI,blaR1,blaZ,bleO,erm(A),fosB,gyrA_S84L=POINT,mecA,mecI,mecR1,parC_E84G=POINT,parC_S80Y=POINT,tet(38)",21,"aur,hld,hlgA,hlgB,hlgC,icaC,lukD,lukE,sak,scn,sed=PARTIAL_END_OF_CONTIG,sei,sej,selX=MISTRANSLATION,sem,sen=MISTRANSLATION,seo,ser=PARTIAL,seu=PARTIAL,splA,splB",4.0.23,2025-06-03.1
PDT000020854.2|SAMN02325610|GCA_000527455.1|Staphylococcus aureus M0723||M0723|Generic,GCA_000527455.1,SAMN02325610,2004-01-31,"USA: Boston, MA",Homo sapiens,fluid,,PDT000020854.2,2014-02-03,,14,"aadD1,ant(9)-Ia,blaZ=PARTIAL_END_OF_CONTIG,bleO,erm(A),fosB,gyrA_S84L=POINT,mecA,mecI,mecR1,mepA,parC_E84G=POINT,parC_S80Y=POINT,tet(38)","aadD1,ant(9)-Ia,blaZ=PARTIAL_END_OF_CONTIG,bleO,erm(A),fosB,gyrA_S84L=POINT,mecA,mecI,mecR1,parC_E84G=POINT,parC_S80Y=POINT,tet(38)",18,"aur,hld,hlgA,hlgB,hlgC,icaC,lukD,lukE,sak,scn,sei,selX=MISTRANSLATION,sem,sen=MISTRANSLATION,seo,seu=PARTIAL,splA,splB",4.0.23,2025-07-16.1
PDT000020855.2|SAMN02325601|GCA_000527475.1|Staphylococcus aureus M0710||M0710|Generic,GCA_000527475.1,SAMN02325601,2004-01-29,"USA: Boston, MA",Homo sapiens,nares,,PDT000020855.2,2014-02-03,,14,"ant(9)-Ia,blaI,blaR1=PARTIAL_END_OF_CONTIG,blaZ=PARTIAL_END_OF_CONTIG,erm(A),fosB,gyrA_S84L=POINT,mecA,mecI,mecR1,mepA,parC_E84G=POINT,parC_S80Y=POINT,tet(38)","ant(9)-Ia,blaI,blaR1=PARTIAL_END_OF_CONTIG,blaZ=PARTIAL_END_OF_CONTIG,erm(A),fosB,gyrA_S84L=POINT,mecA,mecI,mecR1,parC_E84G=POINT,parC_S80Y=POINT,tet(38)",18,"aur,hld,hlgA,hlgB,hlgC,icaC,lukE,sak,scn,sed,sei,selX,sem,sen=MISTRANSLATION,seo,seu=PARTIAL,splA,splB",4.0.23,2025-06-03.1
PDT000020856.2|SAMN02325596|GCA_000527495.1|Staphylococcus aureus M0704||M0704|Generic,GCA_000527495.1,SAMN02325596,2004-01-28,"USA: Boston, MA",Homo sapiens,nares,,PDT000020856.2,2014-02-03,,15,"aadD1,ant(9)-Ia,bleO,erm(A),fosB,gyrA_E88K=POINT,gyrA_S84L=POINT,mecA,mecI,mecR1,mepA,mph(C),parC_E84G=POINT,parC_S80Y=POINT,tet(38)","aadD1,ant(9)-Ia,bleO,erm(A),fosB,gyrA_E88K=POINT,gyrA_S84L=POINT,mecA,mecI,mecR1,mph(C),parC_E84G=POINT,parC_S80Y=POINT,tet(38)",18,"aur,hld,hlgA,hlgB,hlgC,icaC,lukD,lukE,sak,scn,sei,selX,sem,sen=MISTRANSLATION,seo,seu=PARTIAL,splA,splB",4.2.7,2026-01-21.1
PDT000020857.2|SAMN02325589|GCA_000527515.1|Staphylococcus aureus M0696||M0696|Generic,GCA_000527515.1,SAMN02325589,2004-01-27,"USA: Boston, MA",Homo sapiens,nares,,PDT000020857.2,2014-02-03,,17,"aadD1,ant(9)-Ia,blaI,blaR1,blaZ,bleO,erm(A),erm(C)=PARTIAL_END_OF_CONTIG,fosB,gyrA_S84L=POINT,mecA,mecI,mecR1,mepA,parC_E84G=POINT,parC_S80Y=POINT,tet(38)","aadD1,ant(9)-Ia,blaI,blaR1,blaZ,bleO,erm(A),erm(C)=PARTIAL_END_OF_CONTIG,fosB,gyrA_S84L=POINT,mecA,mecI,mecR1,parC_E84G=POINT,parC_S80Y=POINT,tet(38)",21,"aur,hld,hlgA,hlgB,hlgC,icaC,lukD,lukE,sak,scn,sed,sei,sej=PARTIAL_END_OF_CONTIG,selX,sem,sen=MISTRANSLATION,seo,ser,seu=PARTIAL,splA,splB",4.0.23,2025-06-03.1
PDT000020858.2|SAMN02325587|GCA_000527535.1|Staphylococcus aureus M0691||M0691|Generic,GCA_000527535.1,SAMN02325587,2004-01-27,"USA: Boston, MA",Homo sapiens,nares,,PDT000020858.2,2014-02-03,,15,"aadD1,ant(9)-Ia,aph(3')-IIIa,bleO,erm(A),fosB,gyrA_S84L=POINT,mecA,mecI,mecR1,mepA,msr(A)=PARTIAL_END_OF_CONTIG,parC_E84G=POINT,parC_S80Y=POINT,tet(38)","aadD1,ant(9)-Ia,aph(3')-IIIa,bleO,erm(A),fosB,gyrA_S84L=POINT,mecA,mecI,mecR1,msr(A)=PARTIAL_END_OF_CONTIG,parC_E84G=POINT,parC_S80Y=POINT,tet(38)",17,"aur,hld,hlgA,hlgB,hlgC,icaC,lukE,sak,scn,sei,selX,sem,sen=MISTRANSLATION,seo,seu=PARTIAL,splA,splB",4.0.23,2025-06-03.1
PDT000020859.2|SAMN02325540|GCA_000527555.1|Staphylococcus aureus M0626||M0626|Generic,GCA_000527555.1,SAMN02325540,2004-01-18,"USA: Boston, MA",Homo sapiens,sputum,,PDT000020859.2,2014-02-03,,13,"aadD1,ant(9)-Ia,bleO,erm(A),fosB,gyrA_S84L=POINT,mecA,mecI,mecR1,mepA,parC_E84G=POINT,parC_S80Y=POINT,tet(38)","aadD1,ant(9)-Ia,bleO,erm(A),fosB,gyrA_S84L=POINT,mecA,mecI,mecR1,parC_E84G=POINT,parC_S80Y=POINT,tet(38)",18,"aur,hld,hlgA,hlgB,hlgC,icaC=PARTIAL,lukE,sak,scn,sed=PARTIAL_END_OF_CONTIG,sei,selX,sem,sen=MISTRANSLATION,seo,seu=PARTIAL,splA,splB",4.0.23,2025-06-03.1
PDT000020860.2|SAMN02325550|GCA_000527575.1|Staphylococcus aureus M0642||M0642|Generic,GCA_000527575.1,SAMN02325550,2004-01-19,"USA: Boston, MA",Homo sapiens,nares,,PDT000020860.2,2014-02-03,,14,"aadD1,ant(9)-Ia,bleO,erm(A),fosB,gyrA_E88K=POINT,gyrA_S84L=POINT,mecA,mecI,mecR1,mepA,parC_E84G=POINT,parC_S80Y=POINT,tet(38)","aadD1,ant(9)-Ia,bleO,erm(A),fosB,gyrA_E88K=POINT,gyrA_S84L=POINT,mecA,mecI,mecR1,parC_E84G=POINT,parC_S80Y=POINT,tet(38)",18,"aur,hld,hlgA,hlgB,hlgC,icaC,lukD,lukE,sak,scn,sei,selX,sem,sen=MISTRANSLATION,seo,seu=PARTIAL,splA,splB",4.0.23,2025-06-03.1
PDT000020861.2|SAMN02325552|GCA_000527595.1|Staphylococcus aureus M0644||M0644|Generic,GCA_000527595.1,SAMN02325552,2004-01-20,"USA: Boston, MA",Homo sapiens,nares,,PDT000020861.2,2014-02-03,,14,"aadD1,ant(9)-Ia,bleO,erm(A),fosB,gyrA_E88K=POINT,gyrA_S84L=POINT,mecA,mecI,mecR1,mepA,parC_E84G=POINT,parC_S80Y=POINT,tet(38)","aadD1,ant(9)-Ia,bleO,erm(A),fosB,gyrA_E88K=POINT,gyrA_S84L=POINT,mecA,mecI,mecR1,parC_E84G=POINT,parC_S80Y=POINT,tet(38)",18,"aur,hld,hlgA,hlgB,hlgC,icaC,lukD,lukE,sak,scn,sei,selX,sem,sen=MISTRANSLATION,seo,seu=PARTIAL,splA,splB",4.2.7,2026-01-21.1
PDT000020862.2|SAMN02325556|GCA_000527615.1|Staphylococcus aureus M0651||M0651|Generic,GCA_000527615.1,SAMN02325556,2004-01-20,"USA: Boston, MA",Homo sapiens,nares,,PDT000020862.2,2014-02-03,,15,"aadD1,ant(9)-Ia,blaI=PARTIAL_END_OF_CONTIG,blaR1,bleO,erm(A),fosB,gyrA_S84L=POINT,mecA,mecI,mecR1,mepA,parC_E84G=POINT,parC_S80Y=POINT,tet(38)","aadD1,ant(9)-Ia,blaI=PARTIAL_END_OF_CONTIG,blaR1,bleO,erm(A),fosB,gyrA_S84L=POINT,mecA,mecI,mecR1,parC_E84G=POINT,parC_S80Y=POINT,tet(38)",21,"aur,hld,hlgA,hlgB,hlgC,icaC,lukD,lukE,sak,scn,sed,sei,sej,selX=MISTRANSLATION,sem,sen=MISTRANSLATION,seo,ser=PARTIAL,seu=PARTIAL,splA,splB",4.0.23,2025-06-03.1
PDT000020863.2|SAMN02325560|GCA_000527635.1|Staphylococcus aureus M0655||M0655|Generic,GCA_000527635.1,SAMN02325560,2004-01-20,"USA: Boston, MA",Homo sapiens,nares,,PDT000020863.2,2014-02-03,,16,"aadD1,ant(9)-Ia,blaI,blaR1,blaZ,bleO,erm(A),fosB,gyrA_S84L=POINT,mecA,mecI,mecR1,mepA,parC_E84G=POINT,parC_S80Y=POINT,tet(38)","aadD1,ant(9)-Ia,blaI,blaR1,blaZ,bleO,erm(A),fosB,gyrA_S84L=POINT,mecA,mecI,mecR1,parC_E84G=POINT,parC_S80Y=POINT,tet(38)",21,"aur,hld,hlgA,hlgB,hlgC,icaC,lukD,lukE,sak,scn,sed=PARTIAL_END_OF_CONTIG,sei,sej,selX,sem,sen=MISTRANSLATION,seo,ser,seu=PARTIAL,splA,splB",4.0.23,2025-06-03.1
PDT000020864.2|SAMN02325565|GCA_000527655.1|Staphylococcus aureus M0661||M0661|Generic,GCA_000527655.1,SAMN02325565,2004-01-22,"USA: Boston, MA",Homo sapiens,sputum,,PDT000020864.2,2014-02-03,,13,"aadD1,ant(9)-Ia,bleO,erm(A),fosB,gyrA_S84L=POINT,mecA,mecI,mecR1,mepA,parC_E84G=POINT,parC_S80Y=POINT,tet(38)","aadD1,ant(9)-Ia,bleO,erm(A),fosB,gyrA_S84L=POINT,mecA,mecI,mecR1,parC_E84G=POINT,parC_S80Y=POINT,tet(38)",17,"aur,hld,hlgA,hlgB,hlgC,icaC,lukE,sak,scn,sei,selX,sem,sen=MISTRANSLATION,seo,seu=PARTIAL,splA,splB",4.0.23,2025-06-03.1
PDT000020865.2|SAMN02325568|GCA_000527675.1|Staphylococcus aureus M0667||M0667|Generic,GCA_000527675.1,SAMN02325568,2004-01-23,"USA: Boston, MA",Homo sapiens,sputum,,PDT000020865.2,2014-02-03,,13,"aadD1,ant(9)-Ia,bleO,erm(A),fosB,gyrA_S84L=POINT,mecA,mecI,mecR1,mepA,parC_E84G=POINT,parC_S80Y=POINT,tet(38)","aadD1,ant(9)-Ia,bleO,erm(A),fosB,gyrA_S84L=POINT,mecA,mecI,mecR1,parC_E84G=POINT,parC_S80Y=POINT,tet(38)",21,"aur,hld,hlgA,hlgB,hlgC,icaC,lukD,lukE,sak,scn,sed,sei,sej,selX=MISTRANSLATION,sem,sen=MISTRANSLATION,seo,ser=PARTIAL,seu=PARTIAL,splA,splB",4.0.23,2025-06-03.1
PDT000020867.2|SAMN02325541|GCA_000527715.1|Staphylococcus aureus M0627||M0627|Generic,GCA_000527715.1,SAMN02325541,2004-01-18,"USA: Boston, MA",Homo sapiens,sputum,,PDT000020867.2,2014-02-03,,13,"aadD1,ant(9)-Ia,bleO,erm(A),fosB=PARTIAL,gyrA_S84L=POINT,mecA,mecI,mecR1,mepA,parC_E84K=POINT,parC_S80F=POINT,tet(38)","aadD1,ant(9)-Ia,bleO,erm(A),fosB=PARTIAL,gyrA_S84L=POINT,mecA,mecI,mecR1,parC_E84K=POINT,parC_S80F=POINT,tet(38)",17,"aur,hld,hlgA,hlgB,hlgC,icaC,lukD,lukE,sak,scn,sei,selX,sem,sen=MISTRANSLATION,seo,splA,splB",4.0.23,2025-06-03.1
PDT000020868.2|SAMN02325542|GCA_000527735.1|Staphylococcus aureus M0630||M0630|Generic,GCA_000527735.1,SAMN02325542,2004-01-19,"USA: Boston, MA",Homo sapiens,sputum,,PDT000020868.2,2014-02-03,,15,"aadD1,blaI,blaR1,bleO,folP_E208K=POINT,folP_F17L=POINT,fosB,gyrA_S84L=POINT,mecA,mecR1=PARTIAL,mepA,murA_G257D=POINT,parC_S80F=POINT,tet(38),tet(M)","aadD1,blaI,blaR1,bleO,folP_E208K=POINT,folP_F17L=POINT,fosB,gyrA_S84L=POINT,mecA,mecR1=PARTIAL,murA_G257D=POINT,parC_S80F=POINT,tet(38),tet(M)",19,"aur,hld,hlgA,hlgB,hlgC,icaC,lukD,lukE,sak,scn,sea,seb,sek,sel26,selX,seq,splA,splB,splE",4.0.23,2025-06-03.1
PDT000020869.2|SAMN02325543|GCA_000527755.1|Staphylococcus aureus M0631||M0631|Generic,GCA_000527755.1,SAMN02325543,2004-01-19,"USA: Boston, MA",Homo sapiens,sputum,,PDT000020869.2,2014-02-03,,17,"aadD1,ant(9)-Ia,blaR1=PARTIAL_END_OF_CONTIG,bleO,erm(A),fosB,gyrA_E88K=POINT,gyrA_S84L=POINT,mecA,mecI,mecR1,mepA,mph(C),msr(A)=PARTIAL_END_OF_CONTIG,parC_E84G=POINT,parC_S80Y=POINT,tet(38)","aadD1,ant(9)-Ia,blaR1=PARTIAL_END_OF_CONTIG,bleO,erm(A),fosB,gyrA_E88K=POINT,gyrA_S84L=POINT,mecA,mecI,mecR1,mph(C),msr(A)=PARTIAL_END_OF_CONTIG,parC_E84G=POINT,parC_S80Y=POINT,tet(38)",18,"aur,hld,hlgA,hlgB,hlgC,icaC,lukD,lukE,sak,scn,sei,selX,sem,sen=MISTRANSLATION,seo,seu=PARTIAL,splA,splB",4.0.23,2025-06-03.1
PDT000020870.2|SAMN02325544|GCA_000527795.1|Staphylococcus aureus M0632||M0632|Generic,GCA_000527795.1,SAMN02325544,2004-01-19,"USA: Boston, MA",Homo sapiens,nares,,PDT000020870.2,2014-02-03,,13,"aadD1,ant(9)-Ia,bleO,erm(A),fosB=PARTIAL,gyrA_S84L=POINT,mecA,mecI,mecR1,mepA,parC_E84K=POINT,parC_S80F=POINT,tet(38)","aadD1,ant(9)-Ia,bleO,erm(A),fosB=PARTIAL,gyrA_S84L=POINT,mecA,mecI,mecR1,parC_E84K=POINT,parC_S80F=POINT,tet(38)",17,"aur,hld,hlgA,hlgB,hlgC,icaC,lukD,lukE,sak,scn,sei,selX,sem,sen=MISTRANSLATION,seo,splA,splB",4.0.23,2025-06-03.1
PDT000020871.2|SAMN02325545|GCA_000527815.1|Staphylococcus aureus M0634||M0634|Generic,GCA_000527815.1,SAMN02325545,2004-01-21,"USA: Boston, MA",Homo sapiens,tip,,PDT000020871.2,2014-02-03,,13,"aadD1,ant(9)-Ia,bleO,erm(A),fosB,gyrA_S84L=POINT,mecA,mecI,mecR1,mepA,parC_E84G=POINT,parC_S80Y=POINT,tet(38)","aadD1,ant(9)-Ia,bleO,erm(A),fosB,gyrA_S84L=POINT,mecA,mecI,mecR1,parC_E84G=POINT,parC_S80Y=POINT,tet(38)",18,"aur,hld,hlgA,hlgB,hlgC,icaC,lukD,lukE,sak,scn,sei,selX,sem,sen=MISTRANSLATION,seo,seu=PARTIAL,splA,splB",4.2.7,2026-01-21.1
PDT000020872.2|SAMN02325546|GCA_000527835.1|Staphylococcus aureus M0636||M0636|Generic,GCA_000527835.1,SAMN02325546,2004-01-21,"USA: Boston, MA",Homo sapiens,nares,,PDT000020872.2,2014-02-03,,16,"aadD1,blaI,blaPC1,blaR1,bleO,folP_E208K=POINT,folP_F17L=POINT,fosB,gyrA_S84L=POINT,mecA,mecR1=PARTIAL,mepA,murA_G257D=POINT,parC_S80F=POINT,tet(38),tet(M)","aadD1,blaI,blaPC1,blaR1,bleO,folP_E208K=POINT,folP_F17L=POINT,fosB,gyrA_S84L=POINT,mecA,mecR1=PARTIAL,murA_G257D=POINT,parC_S80F=POINT,tet(38),tet(M)",19,"aur,hld,hlgA,hlgB,hlgC,icaC,lukD,lukE,sak,scn,sea,seb,sek,sel26,selX,seq,splA,splB,splE",4.2.7,2026-01-21.1
PDT000020873.2|SAMN02325547|GCA_000527855.1|Staphylococcus aureus M0637||M0637|Generic,GCA_000527855.1,SAMN02325547,2004-01-21,"USA: Boston, MA",Homo sapiens,nares,,PDT000020873.2,2014-02-03,,16,"aadD1,ant(9)-Ia,blaI,blaR1=PARTIAL_END_OF_CONTIG,bleO,erm(A),fosB,gyrA_E88K=POINT,gyrA_S84L=POINT,mecA,mecI,mecR1,mepA,parC_E84G=POINT,parC_S80Y=POINT,tet(38)","aadD1,ant(9)-Ia,blaI,blaR1=PARTIAL_END_OF_CONTIG,bleO,erm(A),fosB,gyrA_E88K=POINT,gyrA_S84L=POINT,mecA,mecI,mecR1,parC_E84G=POINT,parC_S80Y=POINT,tet(38)",21,"aur,hld,hlgA,hlgB,hlgC,icaC,lukD,lukE,sak,scn,sed=PARTIAL_END_OF_CONTIG,sei,sej=PARTIAL_END_OF_CONTIG,selX,sem,sen=MISTRANSLATION,seo,ser=PARTIAL_END_OF_CONTIG,seu=PARTIAL,splA,splB",4.0.23,2025-06-03.1
PDT000020874.2|SAMN02325548|GCA_000527875.1|Staphylococcus aureus M0638||M0638|Generic,GCA_000527875.1,SAMN02325548,2004-01-21,"USA: Boston, MA",Homo sapiens,sputum,,PDT000020874.2,2014-02-03,,14,"aadD1,ant(9)-Ia,bleO,erm(A),fosB,gyrA_E88K=POINT,gyrA_S84L=POINT,mecA,mecI,mecR1,mepA,parC_E84G=POINT,parC_S80Y=POINT,tet(38)","aadD1,ant(9)-Ia,bleO,erm(A),fosB,gyrA_E88K=POINT,gyrA_S84L=POINT,mecA,mecI,mecR1,parC_E84G=POINT,parC_S80Y=POINT,tet(38)",18,"aur,hld,hlgA,hlgB,hlgC,icaC,lukD,lukE,sak,scn,sei,selX,sem,sen=MISTRANSLATION,seo,seu=PARTIAL,splA,splB",4.0.23,2025-06-03.1
PDT000020875.2|SAMN02325549|GCA_000527895.1|Staphylococcus aureus M0640||M0640|Generic,GCA_000527895.1,SAMN02325549,2004-01-19,"USA: Boston, MA",Homo sapiens,blood,,PDT000020875.2,2014-02-03,,12,"ant(9)-Ia,blaI,erm(A),fosB,gyrA_S84L=POINT,mecA,mecI,mecR1,mepA,parC_E84G=POINT,parC_S80Y=POINT,tet(38)","ant(9)-Ia,blaI,erm(A),fosB,gyrA_S84L=POINT,mecA,mecI,mecR1,parC_E84G=POINT,parC_S80Y=POINT,tet(38)",20,"aur,hld,hlgA,hlgB,hlgC,icaC,lukD,lukE,sak,scn,sed=PARTIAL_END_OF_CONTIG,sei,selX,sem,sen=MISTRANSLATION,seo,ser=PARTIAL_END_OF_CONTIG,seu=PARTIAL,splA,splB",4.0.23,2025-07-16.1
PDT000020876.2|SAMN02325551|GCA_000527915.1|Staphylococcus aureus M0643||M0643|Generic,GCA_000527915.1,SAMN02325551,2004-01-19,"USA: Boston, MA",Homo sapiens,broncoscopy,,PDT000020876.2,2014-02-03,,14,"aadD1,ant(9)-Ia,bleO,erm(A),fosB,gyrA_E88K=POINT,gyrA_S84L=POINT,mecA,mecI,mecR1,mepA,parC_E84G=POINT,parC_S80Y=POINT,tet(38)","aadD1,ant(9)-Ia,bleO,erm(A),fosB,gyrA_E88K=POINT,gyrA_S84L=POINT,mecA,mecI,mecR1,parC_E84G=POINT,parC_S80Y=POINT,tet(38)",18,"aur,hld,hlgA,hlgB,hlgC,icaC,lukD,lukE,sak,scn,sei,selX,sem,sen=MISTRANSLATION,seo,seu=PARTIAL,splA,splB",4.2.7,2026-01-21.1
PDT000020877.2|SAMN02325553|GCA_000527935.1|Staphylococcus aureus M0645||M0645|Generic,GCA_000527935.1,SAMN02325553,2004-01-20,"USA: Boston, MA",Homo sapiens,nares,,PDT000020877.2,2014-02-03,,17,"aac(6')-Ie/aph(2'')-Ia,aadD1,blaI,blaR1,bleO,dfrS1,folP_E208K=POINT,folP_F17L=POINT,fosB,gyrA_S84L=POINT,mecA,mecR1=PARTIAL,mepA,murA_G257D=POINT,parC_S80F=POINT,tet(38),tet(M)","aac(6')-Ie/aph(2'')-Ia,aadD1,blaI,blaR1,bleO,dfrS1,folP_E208K=POINT,folP_F17L=POINT,fosB,gyrA_S84L=POINT,mecA,mecR1=PARTIAL,murA_G257D=POINT,parC_S80F=POINT,tet(38),tet(M)",19,"aur,hld,hlgA,hlgB,hlgC,icaC,lukD,lukE,sak,scn,sea,seb,sek,sel26,selX,seq,splA,splB,splE",4.2.7,2026-01-21.1
PDT000020878.2|SAMN02325554|GCA_000527955.1|Staphylococcus aureus M0647||M0647|Generic,GCA_000527955.1,SAMN02325554,2004-01-20,"USA: Boston, MA",Homo sapiens,nares,,PDT000020878.2,2014-02-03,,23,"aadD1,ant(6)-Ia=MISTRANSLATION,ant(9)-Ia,aph(3')-IIIa,blaI,blaR1,blaZ,bleO,erm(A),fosB,fosB=PARTIAL,gyrA_E88K=POINT,gyrA_S84L=POINT,mecA,mecI,mecR1,mepA,mph(C),msr(A),parC_E84G=POINT,parC_S80Y=POINT,sat4,tet(38)","aadD1,ant(6)-Ia=MISTRANSLATION,ant(9)-Ia,aph(3')-IIIa,blaI,blaR1,blaZ,bleO,erm(A),fosB,fosB=PARTIAL,gyrA_E88K=POINT,gyrA_S84L=POINT,mecA,mecI,mecR1,mph(C),msr(A),parC_E84G=POINT,parC_S80Y=POINT,sat4,tet(38)",18,"aur,hld,hlgA,hlgB,hlgC,icaC,lukD,lukE,sak,scn,sei,selX,sem,sen=MISTRANSLATION,seo,seu=PARTIAL,splA,splB",4.0.23,2025-06-03.1
PDT000020879.2|SAMN02325555|GCA_000527975.1|Staphylococcus aureus M0649||M0649|Generic,GCA_000527975.1,SAMN02325555,2004-01-20,"USA: Boston, MA",Homo sapiens,nares,,PDT000020879.2,2014-02-03,,13,"ant(9)-Ia,blaI,blaR1=PARTIAL_END_OF_CONTIG,erm(A),fosB,gyrA_S84L=POINT,mecA,mecI,mecR1,mepA,parC_E84G=POINT,parC_S80Y=POINT,tet(38)","ant(9)-Ia,blaI,blaR1=PARTIAL_END_OF_CONTIG,erm(A),fosB,gyrA_S84L=POINT,mecA,mecI,mecR1,parC_E84G=POINT,parC_S80Y=POINT,tet(38)",19,"aur,hld,hlgA,hlgB,hlgC,icaC,lukD,lukE,sak,scn,sei,sej,selX,sem,sen=MISTRANSLATION,seo,seu=PARTIAL,splA,splB",4.0.23,2025-06-03.1
PDT000020880.2|SAMN02325557|GCA_000527995.1|Staphylococcus aureus M0652||M0652|Generic,GCA_000527995.1,SAMN02325557,2004-01-20,"USA: Boston, MA",Homo sapiens,nares,,PDT000020880.2,2014-02-03,,20,"aadD1,ant(6)-Ia=MISTRANSLATION,ant(9)-Ia,aph(3')-IIIa,blaR1=PARTIAL_END_OF_CONTIG,blaZ=PARTIAL_END_OF_CONTIG,bleO,erm(A),fosB,gyrA_S84L=POINT,mecA,mecI,mecR1,mepA,mph(C),msr(A)=PARTIAL_END_OF_CONTIG,parC_E84G=POINT,parC_S80Y=POINT,sat4=PARTIAL_END_OF_CONTIG,tet(38)","aadD1,ant(6)-Ia=MISTRANSLATION,ant(9)-Ia,aph(3')-IIIa,blaR1=PARTIAL_END_OF_CONTIG,blaZ=PARTIAL_END_OF_CONTIG,bleO,erm(A),fosB,gyrA_S84L=POINT,mecA,mecI,mecR1,mph(C),msr(A)=PARTIAL_END_OF_CONTIG,parC_E84G=POINT,parC_S80Y=POINT,sat4=PARTIAL_END_OF_CONTIG,tet(38)",18,"aur,hld,hlgA,hlgB,hlgC,icaC,lukD,lukE,sak,scn,sei,selX,sem,sen=MISTRANSLATION,seo,seu=PARTIAL,splA,splB",4.0.23,2025-06-03.1
PDT000020881.2|SAMN02325558|GCA_000528015.1|Staphylococcus aureus M0653||M0653|Generic,GCA_000528015.1,SAMN02325558,2004-01-20,"USA: Boston, MA",Homo sapiens,nares,,PDT000020881.2,2014-02-03,,16,"aadD1,ant(9)-Ia,blaR1=PARTIAL_END_OF_CONTIG,bleO,erm(A),fosB,gyrA_E88K=POINT,gyrA_S84L=POINT,mecA,mecI,mecR1,mepA,msr(A)=PARTIAL_END_OF_CONTIG,parC_E84G=POINT,parC_S80Y=POINT,tet(38)","aadD1,ant(9)-Ia,blaR1=PARTIAL_END_OF_CONTIG,bleO,erm(A),fosB,gyrA_E88K=POINT,gyrA_S84L=POINT,mecA,mecI,mecR1,msr(A)=PARTIAL_END_OF_CONTIG,parC_E84G=POINT,parC_S80Y=POINT,tet(38)",18,"aur,hld,hlgA,hlgB,hlgC,icaC,lukD,lukE,sak,scn,sei,selX,sem,sen=MISTRANSLATION,seo,seu=PARTIAL,splA,splB",4.2.7,2026-01-21.1
PDT000020882.2|SAMN02325559|GCA_000528035.1|Staphylococcus aureus M0654||M0654|Generic,GCA_000528035.1,SAMN02325559,2004-01-20,"USA: Boston, MA",Homo sapiens,rectal swab,,PDT000020882.2,2014-02-03,,12,"ant(9)-Ia,blaZ=PARTIAL_END_OF_CONTIG,erm(A),fosB,gyrA_S84L=POINT,mecA,mecI,mecR1,mepA,parC_E84G=POINT,parC_S80Y=POINT,tet(38)","ant(9)-Ia,blaZ=PARTIAL_END_OF_CONTIG,erm(A),fosB,gyrA_S84L=POINT,mecA,mecI,mecR1,parC_E84G=POINT,parC_S80Y=POINT,tet(38)",20,"aur,hld,hlgA,hlgB,hlgC,icaC,lukD,lukE,sak,scn,sed=PARTIAL_END_OF_CONTIG,sei,selX,sem,sen=MISTRANSLATION,seo,ser=PARTIAL_END_OF_CONTIG,seu=PARTIAL,splA,splB",4.2.7,2026-01-21.1
PDT000020883.2|SAMN02325561|GCA_000528055.1|Staphylococcus aureus M0656||M0656|Generic,GCA_000528055.1,SAMN02325561,2004-01-21,"USA: Boston, MA",Homo sapiens,nares,,PDT000020883.2,2014-02-03,,17,"aadD1,ant(9)-Ia,blaI,blaZ=PARTIAL_END_OF_CONTIG,bleO,erm(A),fosB,gyrA_E88K=POINT,gyrA_S84L=POINT,mecA,mecI,mecR1,mepA,msr(A)=PARTIAL_END_OF_CONTIG,parC_E84G=POINT,parC_S80Y=POINT,tet(38)","aadD1,ant(9)-Ia,blaI,blaZ=PARTIAL_END_OF_CONTIG,bleO,erm(A),fosB,gyrA_E88K=POINT,gyrA_S84L=POINT,mecA,mecI,mecR1,msr(A)=PARTIAL_END_OF_CONTIG,parC_E84G=POINT,parC_S80Y=POINT,tet(38)",18,"aur,hld,hlgA,hlgB,hlgC,icaC,lukD,lukE,sak,scn,sei,selX,sem,sen=MISTRANSLATION,seo,seu=PARTIAL,splA,splB",4.0.23,2025-06-03.1
PDT000020884.2|SAMN02325562|GCA_000528075.1|Staphylococcus aureus M0657||M0657|Generic,GCA_000528075.1,SAMN02325562,2004-01-21,"USA: Boston, MA",Homo sapiens,,,PDT000020884.2,2014-02-03,,13,"ant(9)-Ia,blaI=PARTIAL_END_OF_CONTIG,erm(A),fosB,gyrA_E88K=POINT,gyrA_S84L=POINT,mecA,mecI,mecR1,mepA,parC_E84G=POINT,parC_S80Y=POINT,tet(38)","ant(9)-Ia,blaI=PARTIAL_END_OF_CONTIG,erm(A),fosB,gyrA_E88K=POINT,gyrA_S84L=POINT,mecA,mecI,mecR1,parC_E84G=POINT,parC_S80Y=POINT,tet(38)",20,"aur,hld,hlgA,hlgB,hlgC,icaC,lukD,lukE,sak,scn,sei,sej,selX,sem,sen=MISTRANSLATION,seo,ser=PARTIAL_END_OF_CONTIG,seu=PARTIAL,splA,splB",4.0.23,2025-06-03.1
PDT000020885.2|SAMN02325563|GCA_000528095.1|Staphylococcus aureus M0658||M0658|Generic,GCA_000528095.1,SAMN02325563,2004-01-21,"USA: Boston, MA",Homo sapiens,sputum,,PDT000020885.2,2014-02-03,,17,"aadD1,aph(2'')-Ia=HMM,blaI,blaR1,bleO,dfrS1,folP_E208K=POINT,folP_F17L=POINT,fosB,gyrA_S84L=POINT,mecA,mecR1=PARTIAL,mepA,murA_G257D=POINT,parC_S80F=POINT,tet(38),tet(M)","aadD1,aph(2'')-Ia=HMM,blaI,blaR1,bleO,dfrS1,folP_E208K=POINT,folP_F17L=POINT,fosB,gyrA_S84L=POINT,mecA,mecR1=PARTIAL,murA_G257D=POINT,parC_S80F=POINT,tet(38),tet(M)",19,"aur,hld,hlgA,hlgB,hlgC,icaC,lukD,lukE,sak,scn,sea,seb,sek,sel26,selX,seq,splA,splB,splE",4.0.23,2025-06-03.1
PDT000020886.2|SAMN02325564|GCA_000528115.1|Staphylococcus aureus M0659||M0659|Generic,GCA_000528115.1,SAMN02325564,2004-01-21,"USA: Boston, MA",Homo sapiens,wound,,PDT000020886.2,2014-02-03,,16,"aadD1,ant(9)-Ia,blaI,blaR1,blaZ,bleO,erm(A),erm(C),fosB,gyrA_S84L=POINT,mecA=PARTIAL_END_OF_CONTIG,mecI,mecR1,mepA,parC_S80Y=POINT,tet(38)","aadD1,ant(9)-Ia,blaI,blaR1,blaZ,bleO,erm(A),erm(C),fosB,gyrA_S84L=POINT,mecA=PARTIAL_END_OF_CONTIG,mecI,mecR1,parC_S80Y=POINT,tet(38)",19,"aur,hld,hlgA,hlgB,hlgC,icaC,lukD,lukE,sak,scn,sei,selX,sem,sen=MISTRANSLATION,seo,sep,seu=PARTIAL,splA,splB",4.0.23,2025-06-03.1
PDT000020887.2|SAMN02325566|GCA_000528135.1|Staphylococcus aureus M0664||M0664|Generic,GCA_000528135.1,SAMN02325566,2004-01-22,"USA: Boston, MA",Homo sapiens,bronchial washings,,PDT000020887.2,2014-02-03,,15,"aadD1,ant(9)-Ia,blaI=PARTIAL_END_OF_CONTIG,blaZ=PARTIAL_END_OF_CONTIG,bleO,erm(A),fosB,gyrA_S84L=POINT,mecA,mecI,mecR1,mepA,parC_E84G=POINT,parC_S80Y=POINT,tet(38)","aadD1,ant(9)-Ia,blaI=PARTIAL_END_OF_CONTIG,blaZ=PARTIAL_END_OF_CONTIG,bleO,erm(A),fosB,gyrA_S84L=POINT,mecA,mecI,mecR1,parC_E84G=POINT,parC_S80Y=POINT,tet(38)",20,"aur,hld,hlgA,hlgB,hlgC,icaC,lukD,lukE,sak,scn,sei,sej=PARTIAL_END_OF_CONTIG,selX=MISTRANSLATION,sem,sen=MISTRANSLATION,seo,ser=PARTIAL,seu=PARTIAL,splA,splB",4.2.7,2026-01-21.1
PDT000020888.2|SAMN02325567|GCA_000528155.1|Staphylococcus aureus M0666||M0666|Generic,GCA_000528155.1,SAMN02325567,2004-01-22,"USA: Boston, MA",Homo sapiens,drainage,,PDT000020888.2,2014-02-03,,16,"aadD1,ant(9)-Ia,blaI,blaR1=PARTIAL_END_OF_CONTIG,blaZ,bleO,erm(A),fosB,gyrA_S84L=POINT,mecA,mecI,mecR1,mepA,parC_E84G=POINT,parC_S80Y=POINT,tet(38)","aadD1,ant(9)-Ia,blaI,blaR1=PARTIAL_END_OF_CONTIG,blaZ,bleO,erm(A),fosB,gyrA_S84L=POINT,mecA,mecI,mecR1,parC_E84G=POINT,parC_S80Y=POINT,tet(38)",19,"aur,hld,hlgA,hlgB,hlgC,icaC,lukD,lukE,sak,scn,sei,selX=MISTRANSLATION,sem,sen=MISTRANSLATION,seo,ser=PARTIAL,seu=PARTIAL,splA,splB",4.0.23,2025-06-03.1
PDT000020889.2|SAMN02325569|GCA_000528175.1|Staphylococcus aureus M0668||M0668|Generic,GCA_000528175.1,SAMN02325569,2004-01-23,"USA: Boston, MA",Homo sapiens,nares,,PDT000020889.2,2014-02-03,,14,"aadD1,blaR1,bleO,folP_E208K=POINT,folP_F17L=POINT,fosB,gyrA_S84L=POINT,mecA,mecR1=PARTIAL,mepA,murA_G257D=POINT,parC_S80F=POINT,tet(38),tet(M)","aadD1,blaR1,bleO,folP_E208K=POINT,folP_F17L=POINT,fosB,gyrA_S84L=POINT,mecA,mecR1=PARTIAL,murA_G257D=POINT,parC_S80F=POINT,tet(38),tet(M)",19,"aur,hld,hlgA,hlgB,hlgC,icaC,lukD,lukE,sak,scn,sea,seb,sek,sel26,selX,seq,splA,splB,splE",4.0.23,2025-06-03.1
PDT000020890.2|SAMN02325570|GCA_000528195.1|Staphylococcus aureus M0669||M0669|Generic,GCA_000528195.1,SAMN02325570,2004-01-21,"USA: Boston, MA",Homo sapiens,blood,,PDT000020890.2,2014-02-03,,13,"ant(9)-Ia,blaI,blaR1=PARTIAL_END_OF_CONTIG,erm(A),fosB,gyrA_S84L=POINT,mecA,mecI,mecR1,mepA,parC_E84G=POINT,parC_S80Y=POINT,tet(38)","ant(9)-Ia,blaI,blaR1=PARTIAL_END_OF_CONTIG,erm(A),fosB,gyrA_S84L=POINT,mecA,mecI,mecR1,parC_E84G=POINT,parC_S80Y=POINT,tet(38)",20,"aur,hld,hlgA,hlgB,hlgC,icaC,lukD,lukE,sak,scn,sed=PARTIAL_END_OF_CONTIG,sei,sej=PARTIAL_END_OF_CONTIG,selX,sem,sen=MISTRANSLATION,seo,seu=PARTIAL,splA,splB",4.0.23,2025-06-03.1
PDT000020891.2|SAMN02325571|GCA_000528215.1|Staphylococcus aureus M0670||M0670|Generic,GCA_000528215.1,SAMN02325571,2004-01-24,"USA: Boston, MA",Homo sapiens,,,PDT000020891.2,2014-02-03,,11,"ant(9)-Ia,erm(A),fosB,gyrA_S84L=POINT,mecA,mecI,mecR1,mepA,parC_E84G=POINT,parC_S80Y=POINT,tet(38)","ant(9)-Ia,erm(A),fosB,gyrA_S84L=POINT,mecA,mecI,mecR1,parC_E84G=POINT,parC_S80Y=POINT,tet(38)",20,"aur,hld,hlgA,hlgB,hlgC,icaC,lukD,lukE,sak,scn,sei,sej=PARTIAL_END_OF_CONTIG,selX,sem,sen=MISTRANSLATION,seo,ser=PARTIAL_END_OF_CONTIG,seu=PARTIAL,splA,splB",4.0.23,2025-06-03.1
PDT000020892.2|SAMN02325572|GCA_000528235.1|Staphylococcus aureus M0671||M0671|Generic,GCA_000528235.1,SAMN02325572,2004-01-24,"USA: Boston, MA",Homo sapiens,sputum,,PDT000020892.2,2014-02-03,,16,"aadD1,blaI,blaPC1,blaR1,bleO,folP_E208K=POINT,folP_F17L=POINT,fosB,gyrA_S84L=POINT,mecA,mecR1=PARTIAL,mepA,murA_G257D=POINT,parC_S80F=POINT,tet(38),tet(M)","aadD1,blaI,blaPC1,blaR1,bleO,folP_E208K=POINT,folP_F17L=POINT,fosB,gyrA_S84L=POINT,mecA,mecR1=PARTIAL,murA_G257D=POINT,parC_S80F=POINT,tet(38),tet(M)",19,"aur,hld,hlgA,hlgB,hlgC,icaC,lukD,lukE,sak,scn,sea,seb,sek,sel26,selX,seq,splA,splB,splE",4.2.7,2026-01-21.1
PDT000020893.2|SAMN02325573|GCA_000528255.1|Staphylococcus aureus M0672||M0672|Generic,GCA_000528255.1,SAMN02325573,2004-01-24,"USA: Boston, MA",Homo sapiens,sputum,,PDT000020893.2,2014-02-03,,14,"aadD1,ant(9)-Ia,bleO,erm(A),fosB,gyrA_E88K=POINT,gyrA_S84L=POINT,mecA,mecI,mecR1,mepA,parC_E84G=POINT,parC_S80Y=POINT,tet(38)","aadD1,ant(9)-Ia,bleO,erm(A),fosB,gyrA_E88K=POINT,gyrA_S84L=POINT,mecA,mecI,mecR1,parC_E84G=POINT,parC_S80Y=POINT,tet(38)",18,"aur,hld,hlgA,hlgB,hlgC,icaC,lukD,lukE,sak,scn,sei,selX,sem,sen=MISTRANSLATION,seo,seu=PARTIAL,splA,splB",4.0.23,2025-06-03.1
PDT000020894.2|SAMN02325574|GCA_000528275.1|Staphylococcus aureus M0674||M0674|Generic,GCA_000528275.1,SAMN02325574,2004-01-25,"USA: Boston, MA",Homo sapiens,sputum,,PDT000020894.2,2014-02-03,,18,"aadD1,ant(9)-Ia,blaR1=PARTIAL_END_OF_CONTIG,blaZ=PARTIAL_END_OF_CONTIG,bleO,erm(A),fosB,gyrA_E88K=POINT,gyrA_S84L=POINT,mecA,mecI,mecR1,mepA,mph(C)=PARTIAL_END_OF_CONTIG,msr(A),parC_E84G=POINT,parC_S80Y=POINT,tet(38)","aadD1,ant(9)-Ia,blaR1=PARTIAL_END_OF_CONTIG,blaZ=PARTIAL_END_OF_CONTIG,bleO,erm(A),fosB,gyrA_E88K=POINT,gyrA_S84L=POINT,mecA,mecI,mecR1,mph(C)=PARTIAL_END_OF_CONTIG,msr(A),parC_E84G=POINT,parC_S80Y=POINT,tet(38)",18,"aur,hld,hlgA,hlgB,hlgC,icaC,lukD,lukE,sak,scn,sei,selX,sem,sen=MISTRANSLATION,seo,seu=PARTIAL,splA,splB",4.0.23,2025-06-03.1
PDT000020895.2|SAMN02325575|GCA_000528295.1|Staphylococcus aureus M0677||M0677|Generic,GCA_000528295.1,SAMN02325575,2004-01-25,"USA: Boston, MA",Homo sapiens,sputum,,PDT000020895.2,2014-02-03,,15,"aadD1,ant(9)-Ia,blaI,blaZ=PARTIAL_END_OF_CONTIG,bleO,erm(A),fosB=PARTIAL,gyrA_S84L=POINT,mecA,mecI,mecR1,mepA,parC_E84K=POINT,parC_S80F=POINT,tet(38)","aadD1,ant(9)-Ia,blaI,blaZ=PARTIAL_END_OF_CONTIG,bleO,erm(A),fosB=PARTIAL,gyrA_S84L=POINT,mecA,mecI,mecR1,parC_E84K=POINT,parC_S80F=POINT,tet(38)",19,"aur,hld,hlgA,hlgB,hlgC,icaC,lukD,lukE,sak,scn,sei,sej,selX,sem,sen=MISTRANSLATION,seo,ser=PARTIAL_END_OF_CONTIG,splA,splB",4.0.23,2025-06-03.1
PDT000020896.2|SAMN02325576|GCA_000528315.1|Staphylococcus aureus M0678||M0678|Generic,GCA_000528315.1,SAMN02325576,2004-01-25,"USA: Boston, MA",Homo sapiens,sputum,,PDT000020896.2,2014-02-03,,13,"aadD1,ant(9)-Ia,ant(9)-Ia=PARTIAL,bleO,erm(A),fosB,gyrA_S84L=POINT,mecA,mecI,mecR1,mepA,parC_S80Y=POINT,tet(38)","aadD1,ant(9)-Ia,ant(9)-Ia=PARTIAL,bleO,erm(A),fosB,gyrA_S84L=POINT,mecA,mecI,mecR1,parC_S80Y=POINT,tet(38)",20,"aur,hld,hlgA,hlgB,hlgC,icaC,lukD,lukE,sak,scn,sei,sej,selX,sem,sen=MISTRANSLATION,seo,sep,seu=PARTIAL,splA,splB",4.0.23,2025-06-03.1
PDT000020897.2|SAMN02325577|GCA_000528335.1|Staphylococcus aureus M0679||M0679|Generic,GCA_000528335.1,SAMN02325577,2004-01-26,"USA: Boston, MA",Homo sapiens,nares,,PDT000020897.2,2014-02-03,,17,"aadD1,ant(9)-Ia,blaI,blaR1=PARTIAL_END_OF_CONTIG,blaZ,bleO,erm(A),fosB,gyrA_S84L=POINT,mecA,mecI,mecR1,mepA,msr(A)=PARTIAL_END_OF_CONTIG,parC_E84G=POINT,parC_S80Y=POINT,tet(38)","aadD1,ant(9)-Ia,blaI,blaR1=PARTIAL_END_OF_CONTIG,blaZ,bleO,erm(A),fosB,gyrA_S84L=POINT,mecA,mecI,mecR1,msr(A)=PARTIAL_END_OF_CONTIG,parC_E84G=POINT,parC_S80Y=POINT,tet(38)",18,"aur,hld,hlgA,hlgB,hlgC,icaC,lukD,lukE,sak,scn,sei,selX,sem,sen=MISTRANSLATION,seo,seu=PARTIAL,splA,splB",4.2.7,2026-01-21.1
PDT000020898.2|SAMN02325578|GCA_000528355.1|Staphylococcus aureus M0680||M0680|Generic,GCA_000528355.1,SAMN02325578,2004-01-26,"USA: Boston, MA",Homo sapiens,nares,,PDT000020898.2,2014-02-03,,17,"aadD1,ant(9)-Ia,blaR1,blaZ,bleO,erm(A),fosB,gyrA_E88K=POINT,gyrA_S84L=POINT,ileS_V588F=POINT,mecA,mecI,mecR1,mepA,parC_E84K=POINT,parC_S80Y=POINT,tet(38)","aadD1,ant(9)-Ia,blaR1,blaZ,bleO,erm(A),fosB,gyrA_E88K=POINT,gyrA_S84L=POINT,ileS_V588F=POINT,mecA,mecI,mecR1,parC_E84K=POINT,parC_S80Y=POINT,tet(38)",21,"aur,hld,hlgA,hlgB,hlgC,icaC,lukD,lukE,sak,scn,sed=PARTIAL,sei,sej,selX,sem,sen=MISTRANSLATION,seo,ser,seu=PARTIAL,splA,splB",4.0.23,2025-06-03.1
PDT000020899.2|SAMN02325579|GCA_000528375.1|Staphylococcus aureus M0681||M0681|Generic,GCA_000528375.1,SAMN02325579,2004-01-26,"USA: Boston, MA",Homo sapiens,nares,,PDT000020899.2,2014-02-03,,18,"aac(6')-Ie/aph(2'')-Ia,aadD1,ant(9)-Ia,blaI=PARTIAL_END_OF_CONTIG,blaR1,blaZ,bleO,dfrS1,erm(A),fosB,gyrA_S84L=POINT,mecA,mecI,mecR1,mepA,parC_S80F=POINT,rpoB_H481N=POINT,tet(38)","aac(6')-Ie/aph(2'')-Ia,aadD1,ant(9)-Ia,blaI=PARTIAL_END_OF_CONTIG,blaR1,blaZ,bleO,dfrS1,erm(A),fosB,gyrA_S84L=POINT,mecA,mecI,mecR1,parC_S80F=POINT,rpoB_H481N=POINT,tet(38)",19,"aur,hld,hlgA,hlgB,hlgC,icaC,lukD,lukE,sak,scn,sei,selX,sem,sen=MISTRANSLATION,seo,sep,seu=PARTIAL,splA,splB",4.0.23,2025-06-03.1
PDT000020900.2|SAMN02325580|GCA_000528395.1|Staphylococcus aureus M0682||M0682|Generic,GCA_000528395.1,SAMN02325580,2004-01-26,"USA: Boston, MA",Homo sapiens,wound,,PDT000020900.2,2014-02-03,,13,"aadD1,ant(9)-Ia,bleO,erm(A),fosB,gyrA_S84L=POINT,mecA,mecI,mecR1,mepA,parC_E84G=POINT,parC_S80Y=POINT,tet(38)","aadD1,ant(9)-Ia,bleO,erm(A),fosB,gyrA_S84L=POINT,mecA,mecI,mecR1,parC_E84G=POINT,parC_S80Y=POINT,tet(38)",17,"aur,hld,hlgA,hlgB,hlgC,icaC,lukE,sak,scn,sei,selX,sem,sen=MISTRANSLATION,seo,seu=PARTIAL,splA,splB",4.0.23,2025-06-03.1
PDT000020901.2|SAMN02325581|GCA_000528415.1|Staphylococcus aureus M0683||M0683|Generic,GCA_000528415.1,SAMN02325581,2004-01-26,"USA: Boston, MA",Homo sapiens,sputum,,PDT000020901.2,2014-02-03,,17,"aadD1,ant(6)-Ia=MISTRANSLATION,ant(9)-Ia,aph(3')-IIIa=PARTIAL_END_OF_CONTIG,bleO,erm(A),fosB,gyrA_S84L=POINT,mecA,mecI,mecR1,mepA,mph(C),parC_E84G=POINT,parC_S80Y=POINT,sat4,tet(38)","aadD1,ant(6)-Ia=MISTRANSLATION,ant(9)-Ia,aph(3')-IIIa=PARTIAL_END_OF_CONTIG,bleO,erm(A),fosB,gyrA_S84L=POINT,mecA,mecI,mecR1,mph(C),parC_E84G=POINT,parC_S80Y=POINT,sat4,tet(38)",18,"aur,hld,hlgA,hlgB,hlgC,icaC,lukD,lukE,sak,scn,sei,selX,sem,sen=MISTRANSLATION,seo,seu=PARTIAL,splA,splB",4.0.23,2025-06-03.1
PDT000020902.2|SAMN02325582|GCA_000528435.1|Staphylococcus aureus M0684||M0684|Generic,GCA_000528435.1,SAMN02325582,2004-01-26,"USA: Boston, MA",Homo sapiens,sputum,,PDT000020902.2,2014-02-03,,12,"ant(9)-Ia,erm(A),folP_A184V=POINT,folP_F17L=POINT,glpT_A100V=POINT,gyrA_S84L=POINT,mepA,murA_E291D=POINT,murA_T396N=POINT,parC_S80F=POINT,parE_P585S=POINT,tet(38)","ant(9)-Ia,erm(A),folP_A184V=POINT,folP_F17L=POINT,glpT_A100V=POINT,gyrA_S84L=POINT,murA_E291D=POINT,murA_T396N=POINT,parC_S80F=POINT,parE_P585S=POINT,tet(38)",14,"aur=PARTIAL,hld,hlgA,hlgB,hlgC,icaC,sak,scn,sei,sel26,sem,sen,seo,seu",4.2.7,2026-01-21.1
PDT000020903.2|SAMN02325583|GCA_000528455.1|Staphylococcus aureus M0685||M0685|Generic,GCA_000528455.1,SAMN02325583,2004-01-24,"USA: Boston, MA",Homo sapiens,blood,,PDT000020903.2,2014-02-03,,13,"aadD1,ant(9)-Ia,bleO,erm(A),fosB,gyrA_S84L=POINT,mecA,mecI,mecR1,mepA,parC_E84G=POINT,parC_S80Y=POINT,tet(38)","aadD1,ant(9)-Ia,bleO,erm(A),fosB,gyrA_S84L=POINT,mecA,mecI,mecR1,parC_E84G=POINT,parC_S80Y=POINT,tet(38)",19,"aur,hld,hlgA,hlgB,hlgC,icaC,lukD,lukE,sak,sasG,scn,sei,selX,sem,sen=MISTRANSLATION,seo,seu=PARTIAL,splA,splB",4.0.23,2025-06-03.1
PDT000020904.2|SAMN02325584|GCA_000528475.1|Staphylococcus aureus M0686||M0686|Generic,GCA_000528475.1,SAMN02325584,2004-01-25,"USA: Boston, MA",Homo sapiens,blood,,PDT000020904.2,2014-02-03,,13,"aadD1,ant(9)-Ia,bleO,erm(A),fosB,gyrA_S84L=POINT,mecA,mecI,mecR1,mepA,parC_E84G=POINT,parC_S80Y=POINT,tet(38)","aadD1,ant(9)-Ia,bleO,erm(A),fosB,gyrA_S84L=POINT,mecA,mecI,mecR1,parC_E84G=POINT,parC_S80Y=POINT,tet(38)",17,"aur,hld,hlgA,hlgB,hlgC,icaC,lukE,sak,scn,sei,selX,sem,sen=MISTRANSLATION,seo,seu=PARTIAL,splA,splB",4.2.7,2026-01-21.1
PDT000020905.2|SAMN02325585|GCA_000528495.1|Staphylococcus aureus M0689||M0689|Generic,GCA_000528495.1,SAMN02325585,2004-01-27,"USA: Boston, MA",Homo sapiens,sputum,,PDT000020905.2,2014-02-03,,16,"aadD1,ant(9)-Ia,blaI,blaR1,blaZ,bleO,erm(A),fosB,gyrA_S84L=POINT,mecA,mecI,mecR1,mepA,parC_E84G=POINT,parC_S80Y=POINT,tet(38)","aadD1,ant(9)-Ia,blaI,blaR1,blaZ,bleO,erm(A),fosB,gyrA_S84L=POINT,mecA,mecI,mecR1,parC_E84G=POINT,parC_S80Y=POINT,tet(38)",19,"aur,hld,hlgA,hlgB,hlgC,icaC,lukE,sak,scn,sed=PARTIAL,sei,selX,sem,sen=MISTRANSLATION,seo,ser,seu=PARTIAL,splA,splB",4.0.23,2025-06-03.1
PDT000020906.2|SAMN02325586|GCA_000528515.1|Staphylococcus aureus M0690||M0690|Generic,GCA_000528515.1,SAMN02325586,2004-01-27,"USA: Boston, MA",Homo sapiens,sputum,,PDT000020906.2,2014-02-03,,18,"aadD1,ant(9)-Ia,bleO,erm(A),erm(C),folP_A184V=POINT,folP_F17L=POINT,glpT_A100V=POINT,gyrA_S84L=POINT,mecA,mecI=PARTIAL,mecR1,mepA,murA_E291D=POINT,murA_T396N=POINT,parC_S80F=POINT,parE_P585S=POINT,tet(38)","aadD1,ant(9)-Ia,bleO,erm(A),erm(C),folP_A184V=POINT,folP_F17L=POINT,glpT_A100V=POINT,gyrA_S84L=POINT,mecA,mecI=PARTIAL,mecR1,murA_E291D=POINT,murA_T396N=POINT,parC_S80F=POINT,parE_P585S=POINT,tet(38)",14,"aur=PARTIAL,hld,hlgA,hlgB,hlgC,icaC,sak,scn,sei,sel26,sem,sen,seo,seu",4.2.7,2026-01-21.1
PDT000020907.2|SAMN02325588|GCA_000528535.1|Staphylococcus aureus M0693||M0693|Generic,GCA_000528535.1,SAMN02325588,2004-01-27,"USA: Boston, MA",Homo sapiens,nares,,PDT000020907.2,2014-02-03,,15,"aadD1,ant(9)-Ia,blaZ,bleO,erm(A),fosB,gyrA_E88K=POINT,gyrA_S84L=POINT,mecA,mecI,mecR1,mepA,parC_E84G=POINT,parC_S80Y=POINT,tet(38)","aadD1,ant(9)-Ia,blaZ,bleO,erm(A),fosB,gyrA_E88K=POINT,gyrA_S84L=POINT,mecA,mecI,mecR1,parC_E84G=POINT,parC_S80Y=POINT,tet(38)",18,"aur,hld,hlgA,hlgB,hlgC,icaC,lukD,lukE,sak,scn,sei,selX,sem,sen=MISTRANSLATION,seo,seu=PARTIAL,splA,splB",4.0.23,2025-06-03.1
PDT000020908.2|SAMN02325590|GCA_000528555.1|Staphylococcus aureus M0697||M0697|Generic,GCA_000528555.1,SAMN02325590,2004-01-27,"USA: Boston, MA",Homo sapiens,sputum,,PDT000020908.2,2014-02-03,,18,"aadD1,ant(9)-Ia,blaI,blaR1=PARTIAL_END_OF_CONTIG,blaZ=PARTIAL_END_OF_CONTIG,bleO,erm(A),fosB,gyrA_E88K=POINT,gyrA_S84L=POINT,ileS_V588F=POINT,mecA,mecI,mecR1,mepA,parC_E84K=POINT,parC_S80Y=POINT,tet(38)","aadD1,ant(9)-Ia,blaI,blaR1=PARTIAL_END_OF_CONTIG,blaZ=PARTIAL_END_OF_CONTIG,bleO,erm(A),fosB,gyrA_E88K=POINT,gyrA_S84L=POINT,ileS_V588F=POINT,mecA,mecI,mecR1,parC_E84K=POINT,parC_S80Y=POINT,tet(38)",21,"aur,hld,hlgA,hlgB,hlgC,icaC,lukD,lukE,sak,scn,sed=PARTIAL_END_OF_CONTIG,sei,sej,selX,sem,sen=MISTRANSLATION,seo,ser=PARTIAL_END_OF_CONTIG,seu=PARTIAL,splA,splB",4.0.23,2025-06-03.1
PDT000020909.2|SAMN02325591|GCA_000528575.1|Staphylococcus aureus M0698||M0698|Generic,GCA_000528575.1,SAMN02325591,2004-01-27,"USA: Boston, MA",Homo sapiens,nares,,PDT000020909.2,2014-02-03,,16,"aadD1,ant(9)-Ia,blaI,blaZ=PARTIAL_END_OF_CONTIG,bleO,erm(A),fosB,gyrA_E88K=POINT,gyrA_S84L=POINT,mecA,mecI,mecR1,mepA,parC_E84G=POINT,parC_S80Y=POINT,tet(38)","aadD1,ant(9)-Ia,blaI,blaZ=PARTIAL_END_OF_CONTIG,bleO,erm(A),fosB,gyrA_E88K=POINT,gyrA_S84L=POINT,mecA,mecI,mecR1,parC_E84G=POINT,parC_S80Y=POINT,tet(38)",18,"aur,hld,hlgA,hlgB,hlgC,icaC,lukD,lukE,sak,scn,sei,selX,sem,sen=MISTRANSLATION,seo,seu=PARTIAL,splA,splB",4.0.23,2025-06-03.1
PDT000020910.2|SAMN02325592|GCA_000528595.1|Staphylococcus aureus M0699||M0699|Generic,GCA_000528595.1,SAMN02325592,2004-01-27,"USA: Boston, MA",Homo sapiens,nares,,PDT000020910.2,2014-02-03,,10,"ant(9)-Ia,erm(A),fosB,gyrA_S84L=POINT,mecA,mecI,mecR1,mepA,parC_S80F=POINT,tet(38)","ant(9)-Ia,erm(A),fosB,gyrA_S84L=POINT,mecA,mecI,mecR1,parC_S80F=POINT,tet(38)",19,"aur,hld,hlgA,hlgB,hlgC,icaC,lukD,lukE,sak,scn=MISTRANSLATION,sei,selX,sem,sen=MISTRANSLATION,seo,sep,seu=PARTIAL,splA,splB",4.0.23,2025-06-03.1
PDT000020911.2|SAMN02325593|GCA_000528615.1|Staphylococcus aureus M0700||M0700|Generic,GCA_000528615.1,SAMN02325593,2004-01-28,"USA: Boston, MA",Homo sapiens,nares,,PDT000020911.2,2014-02-03,,13,"aadD1,ant(9)-Ia,bleO,erm(A),fosB,gyrA_S84L=POINT,mecA,mecI,mecR1,mepA,parC_E84G=POINT,parC_S80Y=POINT,tet(38)","aadD1,ant(9)-Ia,bleO,erm(A),fosB,gyrA_S84L=POINT,mecA,mecI,mecR1,parC_E84G=POINT,parC_S80Y=POINT,tet(38)",17,"aur,hld,hlgA,hlgB,hlgC,icaC,lukE,sak,scn,sei,selX,sem,sen=MISTRANSLATION,seo,seu=PARTIAL,splA,splB",4.0.23,2025-06-03.1
PDT000020912.2|SAMN02325594|GCA_000528635.1|Staphylococcus aureus M0701||M0701|Generic,GCA_000528635.1,SAMN02325594,2004-01-28,"USA: Boston, MA",Homo sapiens,nares,,PDT000020912.2,2014-02-03,,14,"aadD1,ant(9)-Ia,bleO,erm(A),fosB,gyrA_E88K=POINT,gyrA_S84L=POINT,mecA,mecI,mecR1,mepA,parC_E84G=POINT,parC_S80Y=POINT,tet(38)","aadD1,ant(9)-Ia,bleO,erm(A),fosB,gyrA_E88K=POINT,gyrA_S84L=POINT,mecA,mecI,mecR1,parC_E84G=POINT,parC_S80Y=POINT,tet(38)",18,"aur,hld,hlgA,hlgB,hlgC,icaC,lukD,lukE,sak,scn,sei,selX,sem,sen=MISTRANSLATION,seo,seu=PARTIAL,splA,splB",4.0.23,2025-06-03.1
PDT000020913.2|SAMN02325595|GCA_000528655.1|Staphylococcus aureus M0703||M0703|Generic,GCA_000528655.1,SAMN02325595,2004-01-28,"USA: Boston, MA",Homo sapiens,fluid,,PDT000020913.2,2014-02-03,,14,"ant(9)-Ia,blaI,blaR1=PARTIAL_END_OF_CONTIG,erm(A),fosB,gyrA_S84L=POINT,mecA,mecA=PARTIAL_END_OF_CONTIG,mecI,mecR1,mepA,parC_E84G=POINT,parC_S80Y=POINT,tet(38)","ant(9)-Ia,blaI,blaR1=PARTIAL_END_OF_CONTIG,erm(A),fosB,gyrA_S84L=POINT,mecA,mecA=PARTIAL_END_OF_CONTIG,mecI,mecR1,parC_E84G=POINT,parC_S80Y=POINT,tet(38)",19,"aur,hld,hlgA,hlgB,hlgC,icaC,lukE,sak,scn,sed=PARTIAL_END_OF_CONTIG,sei,sej,selX,sem,sen=MISTRANSLATION,seo,seu=PARTIAL,splA,splB",4.2.7,2026-01-21.1
PDT000020914.2|SAMN02325597|GCA_000528675.1|Staphylococcus aureus M0706||M0706|Generic,GCA_000528675.1,SAMN02325597,2004-01-28,"USA: Boston, MA",Homo sapiens,,,PDT000020914.2,2014-02-03,,18,"aac(6')-Ie=HMM,aadD1,ant(9)-Ia,blaI,blaZ,bleO,dfrS1,erm(A),fosB,gyrA_S84L=POINT,mecA,mecA=PARTIAL_END_OF_CONTIG,mecI,mecR1,mepA,parC_S80F=POINT,rpoB_H481N=POINT,tet(38)","aac(6')-Ie=HMM,aadD1,ant(9)-Ia,blaI,blaZ,bleO,dfrS1,erm(A),fosB,gyrA_S84L=POINT,mecA,mecA=PARTIAL_END_OF_CONTIG,mecI,mecR1,parC_S80F=POINT,rpoB_H481N=POINT,tet(38)",19,"aur,hld,hlgA,hlgB,hlgC,icaC,lukD,lukE,sak,scn,sei,selX,sem,sen=MISTRANSLATION,seo,sep,seu=PARTIAL,splA,splB",4.0.23,2025-06-03.1
PDT000020915.2|SAMN02325598|GCA_000528695.1|Staphylococcus aureus M0707||M0707|Generic,GCA_000528695.1,SAMN02325598,2004-01-28,"USA: Boston, MA",Homo sapiens,nares,,PDT000020915.2,2014-02-03,,16,"aadD1,ant(9)-Ia,blaI,blaR1=PARTIAL_END_OF_CONTIG,bleO,erm(A),fosB,gyrA_S84L=POINT,mecA,mecI,mecR1,mepA,msr(A)=PARTIAL_END_OF_CONTIG,parC_E84G=POINT,parC_S80Y=POINT,tet(38)","aadD1,ant(9)-Ia,blaI,blaR1=PARTIAL_END_OF_CONTIG,bleO,erm(A),fosB,gyrA_S84L=POINT,mecA,mecI,mecR1,msr(A)=PARTIAL_END_OF_CONTIG,parC_E84G=POINT,parC_S80Y=POINT,tet(38)",18,"aur,hld,hlgA,hlgB,hlgC,icaC,lukD,lukE,sak,scn,sei,selX,sem,sen=MISTRANSLATION,seo,seu=PARTIAL,splA,splB",4.0.23,2025-06-03.1
PDT000020916.2|SAMN02325599|GCA_000528715.1|Staphylococcus aureus M0708||M0708|Generic,GCA_000528715.1,SAMN02325599,2004-01-29,"USA: Boston, MA",Homo sapiens,sputum,,PDT000020916.2,2014-02-03,,14,"aadD1,ant(9)-Ia,blaI,bleO,erm(A),fosB,gyrA_S84L=POINT,mecA,mecI,mecR1,mepA,parC_E84G=POINT,parC_S80Y=POINT,tet(38)","aadD1,ant(9)-Ia,blaI,bleO,erm(A),fosB,gyrA_S84L=POINT,mecA,mecI,mecR1,parC_E84G=POINT,parC_S80Y=POINT,tet(38)",18,"aur,hld,hlgA,hlgB,hlgC,icaC,lukD,lukE,sak,scn,sei,selX,sem,sen=MISTRANSLATION,seo,seu=PARTIAL,splA,splB",4.0.23,2025-06-03.1
PDT000020917.2|SAMN02325600|GCA_000528735.1|Staphylococcus aureus M0709||M0709|Generic,GCA_000528735.1,SAMN02325600,2004-01-29,"USA: Boston, MA",Homo sapiens,sputum,,PDT000020917.2,2014-02-03,,16,"aadD1,blaI,blaPC1,blaR1,bleO,folP_E208K=POINT,folP_F17L=POINT,fosB,gyrA_S84L=POINT,mecA,mecR1=PARTIAL,mepA,murA_G257D=POINT,parC_S80F=POINT,tet(38),tet(M)","aadD1,blaI,blaPC1,blaR1,bleO,folP_E208K=POINT,folP_F17L=POINT,fosB,gyrA_S84L=POINT,mecA,mecR1=PARTIAL,murA_G257D=POINT,parC_S80F=POINT,tet(38),tet(M)",19,"aur,hld,hlgA,hlgB,hlgC,icaC,lukD,lukE,sak,scn,sea,seb,sek,sel26,selX,seq,splA,splB,splE",4.0.23,2025-06-03.1
PDT000020918.2|SAMN02325602|GCA_000528755.1|Staphylococcus aureus M0711||M0711|Generic,GCA_000528755.1,SAMN02325602,2004-01-29,"USA: Boston, MA",Homo sapiens,sputum,,PDT000020918.2,2014-02-03,,13,"aadD1,ant(9)-Ia,bleO,erm(A),fosB,gyrA_S84L=POINT,mecA,mecI,mecR1,mepA,parC_E84G=POINT,parC_S80Y=POINT,tet(38)","aadD1,ant(9)-Ia,bleO,erm(A),fosB,gyrA_S84L=POINT,mecA,mecI,mecR1,parC_E84G=POINT,parC_S80Y=POINT,tet(38)",18,"aur,hld,hlgA,hlgB,hlgC,icaC,lukD,lukE,sak,scn,sei,selX,sem,sen=MISTRANSLATION,seo,seu=PARTIAL,splA,splB",4.2.7,2026-01-21.1
PDT000020919.2|SAMN02325603|GCA_000528775.1|Staphylococcus aureus M0713||M0713|Generic,GCA_000528775.1,SAMN02325603,2004-01-29,"USA: Boston, MA",Homo sapiens,wound,,PDT000020919.2,2014-02-03,,13,"aadD1,ant(9)-Ia,bleO,erm(A),fosB,gyrA_S84L=POINT,mecA,mecI,mecR1,mepA,parC_E84G=POINT,parC_S80Y=POINT,tet(38)","aadD1,ant(9)-Ia,bleO,erm(A),fosB,gyrA_S84L=POINT,mecA,mecI,mecR1,parC_E84G=POINT,parC_S80Y=POINT,tet(38)",18,"aur,hld,hlgA,hlgB,hlgC,icaC,lukD,lukE,sak,scn,sei,selX,sem,sen=MISTRANSLATION,seo,seu=PARTIAL,splA,splB",4.0.23,2025-06-03.1
PDT000020920.2|SAMN02325604|GCA_000528795.1|Staphylococcus aureus M0715||M0715|Generic,GCA_000528795.1,SAMN02325604,2004-01-29,"USA: Boston, MA",Homo sapiens,bronchial washings,,PDT000020920.2,2014-02-03,,19,"aadD1,ant(9)-Ia,blaI,blaR1=PARTIAL_END_OF_CONTIG,bleO,erm(A),folP_A184V=POINT,folP_F17L=POINT,glpT_A100V=POINT,gyrA_S84L=POINT,mecA,mecI=PARTIAL,mecR1,mepA,murA_E291D=POINT,murA_T396N=POINT,parC_S80F=POINT,parE_P585S=POINT,tet(38)","aadD1,ant(9)-Ia,blaI,blaR1=PARTIAL_END_OF_CONTIG,bleO,erm(A),folP_A184V=POINT,folP_F17L=POINT,glpT_A100V=POINT,gyrA_S84L=POINT,mecA,mecI=PARTIAL,mecR1,murA_E291D=POINT,murA_T396N=POINT,parC_S80F=POINT,parE_P585S=POINT,tet(38)",14,"aur=PARTIAL,hld,hlgA,hlgB,hlgC,icaC,sak,scn,sei,sel26,sem,sen,seo,seu",4.0.23,2025-06-03.1
PDT000020921.2|SAMN02325605|GCA_000528815.1|Staphylococcus aureus M0716||M0716|Generic,GCA_000528815.1,SAMN02325605,2004-01-29,"USA: Boston, MA",Homo sapiens,tip,,PDT000020921.2,2014-02-03,,16,"aadD1,ant(9)-Ia,blaI,blaR1,blaZ,bleO,erm(A),fosB,gyrA_S84L=POINT,mecA,mecI,mecR1,mepA,parC_E84G=POINT,parC_S80Y=POINT,tet(38)","aadD1,ant(9)-Ia,blaI,blaR1,blaZ,bleO,erm(A),fosB,gyrA_S84L=POINT,mecA,mecI,mecR1,parC_E84G=POINT,parC_S80Y=POINT,tet(38)",21,"aur,hld,hlgA,hlgB,hlgC,icaC,lukD,lukE,sak,scn,sed=PARTIAL_END_OF_CONTIG,sei,sej,selX,sem,sen=MISTRANSLATION,seo,ser=PARTIAL_END_OF_CONTIG,seu=PARTIAL,splA,splB",4.0.23,2025-06-03.1
PDT000020922.2|SAMN02325606|GCA_000528835.1|Staphylococcus aureus M0718||M0718|Generic,GCA_000528835.1,SAMN02325606,2004-01-30,"USA: Boston, MA",Homo sapiens,nares,,PDT000020922.2,2014-02-03,,14,"aadD1,ant(9)-Ia,blaZ,bleO,erm(A),fosB,gyrA_S84L=POINT,mecA,mecI,mecR1,mepA,parC_E84G=POINT,parC_S80Y=POINT,tet(38)","aadD1,ant(9)-Ia,blaZ,bleO,erm(A),fosB,gyrA_S84L=POINT,mecA,mecI,mecR1,parC_E84G=POINT,parC_S80Y=POINT,tet(38)",18,"aur,hld,hlgA,hlgB,hlgC,icaC,lukD,lukE,sak,scn,sei,selX,sem,sen=MISTRANSLATION,seo,seu=PARTIAL,splA,splB",4.0.23,2025-06-03.1
PDT000020923.2|SAMN02325607|GCA_000528855.1|Staphylococcus aureus M0720||M0720|Generic,GCA_000528855.1,SAMN02325607,2004-01-30,"USA: Boston, MA",Homo sapiens,blood,,PDT000020923.2,2014-02-03,,16,"aadD1,ant(9)-Ia,blaR1=PARTIAL_END_OF_CONTIG,blaZ,bleO,erm(A),erm(A)=PARTIAL_END_OF_CONTIG,fosB=PARTIAL,gyrA_S84L=POINT,mecA,mecI,mecR1,mepA,parC_E84K=POINT,parC_S80F=POINT,tet(38)","aadD1,ant(9)-Ia,blaR1=PARTIAL_END_OF_CONTIG,blaZ,bleO,erm(A),erm(A)=PARTIAL_END_OF_CONTIG,fosB=PARTIAL,gyrA_S84L=POINT,mecA,mecI,mecR1,parC_E84K=POINT,parC_S80F=POINT,tet(38)",20,"aur,hld,hlgA,hlgB,hlgC,icaC,lukD,lukE,sak,scn,sed=PARTIAL_END_OF_CONTIG,sei,sej,selX,sem,sen=MISTRANSLATION,seo,ser,splA,splB",4.2.7,2026-01-21.1
PDT000020924.2|SAMN02325608|GCA_000528875.1|Staphylococcus aureus M0721||M0721|Generic,GCA_000528875.1,SAMN02325608,2004-01-31,"USA: Boston, MA",Homo sapiens,nares,,PDT000020924.2,2014-02-03,,16,"aadD1,ant(9)-Ia,blaI,blaR1=PARTIAL_END_OF_CONTIG,blaZ,bleO,erm(A),fosB,gyrA_S84L=POINT,mecA,mecI,mecR1,mepA,parC_E84G=POINT,parC_S80Y=POINT,tet(38)","aadD1,ant(9)-Ia,blaI,blaR1=PARTIAL_END_OF_CONTIG,blaZ,bleO,erm(A),fosB,gyrA_S84L=POINT,mecA,mecI,mecR1,parC_E84G=POINT,parC_S80Y=POINT,tet(38)",20,"aur,hld,hlgA,hlgB,hlgC,icaC,lukD,lukE,sak,scn,sei,sej,selX,sem,sen=MISTRANSLATION,seo,ser=PARTIAL,seu=PARTIAL,splA,splB",4.0.23,2025-06-03.1
PDT000020925.2|SAMN02325609|GCA_000528895.1|Staphylococcus aureus M0722||M0722|Generic,GCA_000528895.1,SAMN02325609,2004-01-31,"USA: Boston, MA",Homo sapiens,nares,,PDT000020925.2,2014-02-03,,14,"aadD1,ant(9)-Ia,bleO,erm(A),fosB,gyrA_S84L=POINT,mecA,mecI,mecR1,mepA,parC_E84G=POINT,parC_S80Y=POINT,rpoB_H481N=POINT,tet(38)","aadD1,ant(9)-Ia,bleO,erm(A),fosB,gyrA_S84L=POINT,mecA,mecI,mecR1,parC_E84G=POINT,parC_S80Y=POINT,rpoB_H481N=POINT,tet(38)",18,"aur,hld,hlgA,hlgB,hlgC,icaC,lukD,lukE,sak,scn,sei,selX,sem,sen=MISTRANSLATION,seo,seu=PARTIAL,splA,splB",4.0.23,2025-06-03.1
PDT000020926.2|SAMN02325611|GCA_000528915.1|Staphylococcus aureus M0724||M0724|Generic,GCA_000528915.1,SAMN02325611,2004-01-31,"USA: Boston, MA",Homo sapiens,sputum,,PDT000020926.2,2014-02-03,,19,"aadD1,ant(9)-Ia,aph(3')-IIIa=PARTIAL_END_OF_CONTIG,blaI,blaR1=PARTIAL_END_OF_CONTIG,blaZ=PARTIAL_END_OF_CONTIG,bleO,erm(A),fosB,gyrA_E88K=POINT,gyrA_S84L=POINT,mecA,mecI,mecR1,mepA,msr(A)=PARTIAL_END_OF_CONTIG,parC_E84G=POINT,parC_S80Y=POINT,tet(38)","aadD1,ant(9)-Ia,aph(3')-IIIa=PARTIAL_END_OF_CONTIG,blaI,blaR1=PARTIAL_END_OF_CONTIG,blaZ=PARTIAL_END_OF_CONTIG,bleO,erm(A),fosB,gyrA_E88K=POINT,gyrA_S84L=POINT,mecA,mecI,mecR1,msr(A)=PARTIAL_END_OF_CONTIG,parC_E84G=POINT,parC_S80Y=POINT,tet(38)",19,"aur,hld,hlgA,hlgB,hlgC,icaC,lukD,lukE,sak,sasG=PARTIAL_END_OF_CONTIG,scn,sei,selX,sem,sen=MISTRANSLATION,seo,seu=PARTIAL,splA,splB",4.0.23,2025-06-03.1
PDT000020927.2|SAMN02325613|GCA_000528935.1|Staphylococcus aureus M0727||M0727|Generic,GCA_000528935.1,SAMN02325613,2004-02-02,"USA: Boston, MA",Homo sapiens,nares,,PDT000020927.2,2014-02-03,,15,"aadD1,ant(9)-Ia,blaI,blaZ,bleO,erm(A),fosB=PARTIAL,gyrA_S84L=POINT,mecA,mecI,mecR1,mepA,parC_E84K=POINT,parC_S80F=POINT,tet(38)","aadD1,ant(9)-Ia,blaI,blaZ,bleO,erm(A),fosB=PARTIAL,gyrA_S84L=POINT,mecA,mecI,mecR1,parC_E84K=POINT,parC_S80F=POINT,tet(38)",19,"aur,hld,hlgA,hlgB,hlgC,icaC,lukD,lukE,sak,scn,sed=PARTIAL_END_OF_CONTIG,sei,selX,sem,sen=MISTRANSLATION,seo,ser,splA,splB",4.0.23,2025-06-03.1
PDT000020928.2|SAMN02325615|GCA_000528955.1|Staphylococcus aureus M0729||M0729|Generic,GCA_000528955.1,SAMN02325615,2004-02-02,"USA: Boston, MA",Homo sapiens,nares,,PDT000020928.2,2014-02-03,,16,"aadD1,blaI,blaPC1,blaR1,bleO,folP_E208K=POINT,folP_F17L=POINT,fosB,gyrA_S84L=POINT,mecA,mecR1=PARTIAL,mepA,murA_G257D=POINT,parC_S80F=POINT,tet(38),tet(M)","aadD1,blaI,blaPC1,blaR1,bleO,folP_E208K=POINT,folP_F17L=POINT,fosB,gyrA_S84L=POINT,mecA,mecR1=PARTIAL,murA_G257D=POINT,parC_S80F=POINT,tet(38),tet(M)",19,"aur,hld,hlgA,hlgB,hlgC,icaC,lukD,lukE,sak,scn,sea,seb,sek,sel26,selX,seq,splA,splB,splE",4.2.7,2026-01-21.1
PDT000020929.2|SAMN02325616|GCA_000528975.1|Staphylococcus aureus M0730||M0730|Generic,GCA_000528975.1,SAMN02325616,2004-02-02,"USA: Boston, MA",Homo sapiens,nares,,PDT000020929.2,2014-02-03,,16,"aadD1,blaI,blaPC1,blaR1,bleO,folP_E208K=POINT,folP_F17L=POINT,fosB,gyrA_S84L=POINT,mecA,mecR1=PARTIAL,mepA,murA_G257D=POINT,parC_S80F=POINT,tet(38),tet(M)","aadD1,blaI,blaPC1,blaR1,bleO,folP_E208K=POINT,folP_F17L=POINT,fosB,gyrA_S84L=POINT,mecA,mecR1=PARTIAL,murA_G257D=POINT,parC_S80F=POINT,tet(38),tet(M)",19,"aur,hld,hlgA,hlgB,hlgC,icaC,lukD,lukE,sak,scn,sea,seb,sek,sel26,selX,seq,splA,splB,splE",4.2.7,2026-01-21.1
PDT000020930.2|SAMN02325617|GCA_000528995.1|Staphylococcus aureus M0731||M0731|Generic,GCA_000528995.1,SAMN02325617,2004-02-05,"USA: Boston, MA",Homo sapiens,sputum,,PDT000020930.2,2014-02-03,,14,"aadD1,ant(9)-Ia,bleO,erm(A),fosB,gyrA_E88K=POINT,gyrA_S84L=POINT,mecA,mecI,mecR1,mepA,parC_E84G=POINT,parC_S80Y=POINT,tet(38)","aadD1,ant(9)-Ia,bleO,erm(A),fosB,gyrA_E88K=POINT,gyrA_S84L=POINT,mecA,mecI,mecR1,parC_E84G=POINT,parC_S80Y=POINT,tet(38)",19,"aur,hld,hlgA,hlgB,hlgC,icaC,lukD,lukE,sak,sasG=PARTIAL,scn,sei,selX,sem,sen=MISTRANSLATION,seo,seu=PARTIAL,splA,splB",4.0.23,2025-06-03.1
PDT000020931.2|SAMN02325619|GCA_000529015.1|Staphylococcus aureus M0733||M0733|Generic,GCA_000529015.1,SAMN02325619,2004-02-06,"USA: Boston, MA",Homo sapiens,sputum,,PDT000020931.2,2014-02-03,,18,"aadD1,ant(9)-Ia,aph(3')-IIIa=PARTIAL_END_OF_CONTIG,blaZ,bleO,erm(A),fosB,gyrA_E88K=POINT,gyrA_S84L=POINT,mecA,mecI,mecR1,mepA,mph(C),parC_E84G=POINT,parC_S80Y=POINT,sat4,tet(38)","aadD1,ant(9)-Ia,aph(3')-IIIa=PARTIAL_END_OF_CONTIG,blaZ,bleO,erm(A),fosB,gyrA_E88K=POINT,gyrA_S84L=POINT,mecA,mecI,mecR1,mph(C),parC_E84G=POINT,parC_S80Y=POINT,sat4,tet(38)",18,"aur,hld,hlgA,hlgB,hlgC,icaC,lukD,lukE,sak,scn,sei,selX,sem,sen=MISTRANSLATION,seo,seu=PARTIAL,splA,splB",4.0.23,2025-06-03.1
PDT000020932.2|SAMN02325620|GCA_000529035.1|Staphylococcus aureus M0734||M0734|Generic,GCA_000529035.1,SAMN02325620,2004-02-06,"USA: Boston, MA",Homo sapiens,nares,,PDT000020932.2,2014-02-03,,16,"aadD1,ant(9)-Ia,blaI,bleO,erm(A),fosB,gyrA_S84L=POINT,mecA,mecI,mecR1,mepA,mph(C)=PARTIAL_END_OF_CONTIG,msr(A),parC_E84G=POINT,parC_S80Y=POINT,tet(38)","aadD1,ant(9)-Ia,blaI,bleO,erm(A),fosB,gyrA_S84L=POINT,mecA,mecI,mecR1,mph(C)=PARTIAL_END_OF_CONTIG,msr(A),parC_E84G=POINT,parC_S80Y=POINT,tet(38)",17,"aur,hld,hlgA,hlgB,hlgC,icaC,lukE,sak,scn,sei,selX,sem,sen=MISTRANSLATION,seo,seu=PARTIAL,splA,splB",4.0.23,2025-06-03.1
PDT000020933.2|SAMN02325621|GCA_000529055.1|Staphylococcus aureus M0736||M0736|Generic,GCA_000529055.1,SAMN02325621,2004-02-06,"USA: Boston, MA",Homo sapiens,nares,,PDT000020933.2,2014-02-03,,16,"aadD1,ant(9)-Ia,blaI,bleO,erm(A),fosB,gyrA_E88K=POINT,gyrA_S84L=POINT,mecA,mecI,mecR1,mepA,mph(C),parC_E84G=POINT,parC_S80Y=POINT,tet(38)","aadD1,ant(9)-Ia,blaI,bleO,erm(A),fosB,gyrA_E88K=POINT,gyrA_S84L=POINT,mecA,mecI,mecR1,mph(C),parC_E84G=POINT,parC_S80Y=POINT,tet(38)",18,"aur,hld,hlgA,hlgB,hlgC,icaC,lukD,lukE,sak,scn,sei,selX,sem,sen=MISTRANSLATION,seo,seu=PARTIAL,splA,splB",4.2.7,2026-01-21.1
PDT000020934.2|SAMN02325622|GCA_000529075.1|Staphylococcus aureus M0737||M0737|Generic,GCA_000529075.1,SAMN02325622,2004-02-06,"USA: Boston, MA",Homo sapiens,nares,,PDT000020934.2,2014-02-03,,19,"aadD1,ant(9)-Ia,blaI=PARTIAL_END_OF_CONTIG,blaR1=PARTIAL_END_OF_CONTIG,blaZ,bleO,erm(A),erm(C),fosB,gyrA_E88K=POINT,gyrA_S84L=POINT,mecA,mecI,mecR1,mepA,msr(A)=PARTIAL_END_OF_CONTIG,parC_E84G=POINT,parC_S80Y=POINT,tet(38)","aadD1,ant(9)-Ia,blaI=PARTIAL_END_OF_CONTIG,blaR1=PARTIAL_END_OF_CONTIG,blaZ,bleO,erm(A),erm(C),fosB,gyrA_E88K=POINT,gyrA_S84L=POINT,mecA,mecI,mecR1,msr(A)=PARTIAL_END_OF_CONTIG,parC_E84G=POINT,parC_S80Y=POINT,tet(38)",18,"aur,hld,hlgA,hlgB,hlgC,icaC,lukD,lukE,sak,scn,sei,selX,sem,sen=MISTRANSLATION,seo,seu=PARTIAL,splA,splB",4.2.7,2026-01-21.1
PDT000020935.2|SAMN02325623|GCA_000529095.1|Staphylococcus aureus M0739||M0739|Generic,GCA_000529095.1,SAMN02325623,2004-02-02,"USA: Boston, MA",Homo sapiens,sputum,,PDT000020935.2,2014-02-03,,13,"aadD1,ant(9)-Ia,bleO,erm(A),fosB,gyrA_S84L=POINT,mecA,mecI,mecR1,mepA,parC_E84G=POINT,parC_S80Y=POINT,tet(38)","aadD1,ant(9)-Ia,bleO,erm(A),fosB,gyrA_S84L=POINT,mecA,mecI,mecR1,parC_E84G=POINT,parC_S80Y=POINT,tet(38)",17,"aur,hld,hlgA,hlgB,hlgC,icaC,lukE,sak,scn,sei,selX,sem,sen=MISTRANSLATION,seo,seu=PARTIAL,splA,splB",4.0.23,2025-06-03.1
PDT000020936.2|SAMN02325625|GCA_000529115.1|Staphylococcus aureus M0742||M0742|Generic,GCA_000529115.1,SAMN02325625,2004-02-03,"USA: Boston, MA",Homo sapiens,nares,,PDT000020936.2,2014-02-03,,17,"aadD1,ant(9)-Ia,blaI,blaR1=PARTIAL_END_OF_CONTIG,bleO,erm(A),fosB,gyrA_E88K=POINT,gyrA_S84L=POINT,mecA,mecI,mecR1,mepA,msr(A)=PARTIAL_END_OF_CONTIG,parC_E84G=POINT,parC_S80Y=POINT,tet(38)","aadD1,ant(9)-Ia,blaI,blaR1=PARTIAL_END_OF_CONTIG,bleO,erm(A),fosB,gyrA_E88K=POINT,gyrA_S84L=POINT,mecA,mecI,mecR1,msr(A)=PARTIAL_END_OF_CONTIG,parC_E84G=POINT,parC_S80Y=POINT,tet(38)",18,"aur,hld,hlgA,hlgB,hlgC,icaC,lukD,lukE,sak,scn,sei,selX,sem,sen=MISTRANSLATION,seo,seu=PARTIAL,splA,splB",4.0.23,2025-06-03.1
PDT000020937.2|SAMN02325626|GCA_000529135.1|Staphylococcus aureus M0625||M0625|Generic,GCA_000529135.1,SAMN02325626,2004-01-18,"USA: Boston, MA",Homo sapiens,drainage,,PDT000020937.2,2014-02-03,,21,"aadD1,ant(6)-Ia=MISTRANSLATION,ant(9)-Ia,aph(3')-IIIa,blaI,blaR1,blaZ,bleO,erm(A),fosB,gyrA_E88K=POINT,gyrA_S84L=POINT,mecA,mecI,mecR1,mepA,msr(A),parC_E84G=POINT,parC_S80Y=POINT,sat4,tet(38)","aadD1,ant(6)-Ia=MISTRANSLATION,ant(9)-Ia,aph(3')-IIIa,blaI,blaR1,blaZ,bleO,erm(A),fosB,gyrA_E88K=POINT,gyrA_S84L=POINT,mecA,mecI,mecR1,msr(A),parC_E84G=POINT,parC_S80Y=POINT,sat4,tet(38)",18,"aur,hld,hlgA,hlgB,hlgC,icaC,lukD,lukE,sak,scn,sei,selX,sem,sen=MISTRANSLATION,seo,seu=PARTIAL,splA,splB",4.0.23,2025-06-03.1
PDT000020938.2|SAMN02325627|GCA_000529155.1|Staphylococcus aureus M0635||M0635|Generic,GCA_000529155.1,SAMN02325627,2004-01-21,"USA: Boston, MA",Homo sapiens,sputum,,PDT000020938.2,2014-02-03,,21,"aadD1,ant(6)-Ia=MISTRANSLATION,ant(9)-Ia,aph(3')-IIIa,blaI,blaR1=PARTIAL_END_OF_CONTIG,blaZ,bleO,erm(A),fosB,gyrA_S84L=POINT,mecA,mecI,mecR1,mepA,mph(C)=PARTIAL_END_OF_CONTIG,msr(A),parC_E84G=POINT,parC_S80Y=POINT,sat4,tet(38)","aadD1,ant(6)-Ia=MISTRANSLATION,ant(9)-Ia,aph(3')-IIIa,blaI,blaR1=PARTIAL_END_OF_CONTIG,blaZ,bleO,erm(A),fosB,gyrA_S84L=POINT,mecA,mecI,mecR1,mph(C)=PARTIAL_END_OF_CONTIG,msr(A),parC_E84G=POINT,parC_S80Y=POINT,sat4,tet(38)",18,"aur,hld,hlgA,hlgB,hlgC,icaC,lukD,lukE,sak,scn,sei,selX,sem,sen=MISTRANSLATION,seo,seu=PARTIAL,splA,splB",4.0.23,2025-06-03.1
PDT000020939.2|SAMN02325628|GCA_000529175.1|Staphylococcus aureus M0650||M0650|Generic,GCA_000529175.1,SAMN02325628,2004-01-20,"USA: Boston, MA",Homo sapiens,nares,,PDT000020939.2,2014-02-03,,18,"aadD1,ant(9)-Ia,blaI,blaR1=PARTIAL_END_OF_CONTIG,blaZ,bleO,erm(A),fosB,gyrA_S84L=POINT,mecA,mecI,mecR1,mepA,mph(C)=PARTIAL_END_OF_CONTIG,msr(A)=PARTIAL_END_OF_CONTIG,parC_E84G=POINT,parC_S80Y=POINT,tet(38)","aadD1,ant(9)-Ia,blaI,blaR1=PARTIAL_END_OF_CONTIG,blaZ,bleO,erm(A),fosB,gyrA_S84L=POINT,mecA,mecI,mecR1,mph(C)=PARTIAL_END_OF_CONTIG,msr(A)=PARTIAL_END_OF_CONTIG,parC_E84G=POINT,parC_S80Y=POINT,tet(38)",18,"aur,hld,hlgA,hlgB,hlgC,icaC,lukD,lukE,sak,scn,sei,selX,sem,sen=MISTRANSLATION,seo,seu=PARTIAL,splA,splB",4.2.7,2026-01-21.1
PDT000020940.2|SAMN02325630|GCA_000529195.1|Staphylococcus aureus M0675||M0675|Generic,GCA_000529195.1,SAMN02325630,2004-01-25,"USA: Boston, MA",Homo sapiens,wound,,PDT000020940.2,2014-02-03,,20,"aadD1,ant(9)-Ia,aph(3')-IIIa,blaI,blaZ=PARTIAL_END_OF_CONTIG,bleO,erm(A),fosB,gyrA_E88K=POINT,gyrA_S84L=POINT,mecA,mecI,mecR1,mepA,mph(C),msr(A),parC_E84G=POINT,parC_S80Y=POINT,sat4,tet(38)","aadD1,ant(9)-Ia,aph(3')-IIIa,blaI,blaZ=PARTIAL_END_OF_CONTIG,bleO,erm(A),fosB,gyrA_E88K=POINT,gyrA_S84L=POINT,mecA,mecI,mecR1,mph(C),msr(A),parC_E84G=POINT,parC_S80Y=POINT,sat4,tet(38)",18,"aur,hld,hlgA,hlgB,hlgC,icaC,lukD,lukE,sak,scn,sei,selX,sem,sen=MISTRANSLATION,seo,seu=PARTIAL,splA,splB",4.0.23,2025-06-03.1
PDT000020942.2|SAMN02325631|GCA_000529255.1|Staphylococcus aureus M0688||M0688|Generic,GCA_000529255.1,SAMN02325631,2004-01-29,"USA: Boston, MA",Homo sapiens,blood,,PDT000020942.2,2014-02-03,,16,"aadD1,ant(9)-Ia,blaI,blaR1=PARTIAL_END_OF_CONTIG,blaZ,bleO,erm(A),fosB,gyrA_S84L=POINT,mecA,mecI,mecR1,mepA,parC_E84G=POINT,parC_S80Y=POINT,tet(38)","aadD1,ant(9)-Ia,blaI,blaR1=PARTIAL_END_OF_CONTIG,blaZ,bleO,erm(A),fosB,gyrA_S84L=POINT,mecA,mecI,mecR1,parC_E84G=POINT,parC_S80Y=POINT,tet(38)",20,"aur,hld,hlgA,hlgB,hlgC,icaC,lukD,lukE,sak,scn,sed=PARTIAL_END_OF_CONTIG,sei,sej,selX,sem,sen=MISTRANSLATION,seo,seu=PARTIAL,splA,splB",4.0.23,2025-06-03.1
PDT000020944.2|SAMN02325632|GCA_000529315.1|Staphylococcus aureus M0702||M0702|Generic,GCA_000529315.1,SAMN02325632,2004-01-28,"USA: Boston, MA",Homo sapiens,abdominal wound,,PDT000020944.2,2014-02-03,,15,"aadD1,ant(9)-Ia,blaI,blaR1,bleO,erm(A),fosB,gyrA_S84L=POINT,mecA,mecI,mecR1,mepA,parC_E84G=POINT,parC_S80Y=POINT,tet(38)","aadD1,ant(9)-Ia,blaI,blaR1,bleO,erm(A),fosB,gyrA_S84L=POINT,mecA,mecI,mecR1,parC_E84G=POINT,parC_S80Y=POINT,tet(38)",21,"aur,hld,hlgA,hlgB,hlgC,icaC,lukD,lukE,sak,scn,sed,sei,sej,selX,sem,sen=MISTRANSLATION,seo,ser=PARTIAL_END_OF_CONTIG,seu=PARTIAL,splA,splB",4.0.23,2025-06-03.1
PDT000020947.2|SAMN02325633|GCA_000529375.1|Staphylococcus aureus M0714||M0714|Generic,GCA_000529375.1,SAMN02325633,2004-01-29,"USA: Boston, MA",Homo sapiens,drainage,,PDT000020947.2,2014-02-03,,15,"aadD1,ant(9)-Ia,blaI,blaR1=PARTIAL_END_OF_CONTIG,bleO,erm(A),fosB,gyrA_S84L=POINT,mecA,mecI,mecR1,mepA,parC_E84G=POINT,parC_S80Y=POINT,tet(38)","aadD1,ant(9)-Ia,blaI,blaR1=PARTIAL_END_OF_CONTIG,bleO,erm(A),fosB,gyrA_S84L=POINT,mecA,mecI,mecR1,parC_E84G=POINT,parC_S80Y=POINT,tet(38)",19,"aur,hld,hlgA,hlgB,hlgC,icaC,lukD,lukE,sak,scn,sei,sej=PARTIAL_END_OF_CONTIG,selX=MISTRANSLATION,sem,sen=MISTRANSLATION,seo,seu=PARTIAL,splA,splB",4.0.23,2025-06-03.1
PDT000020949.2|SAMN02325634|GCA_000529415.1|Staphylococcus aureus M0726||M0726|Generic,GCA_000529415.1,SAMN02325634,2004-02-01,"USA: Boston, MA",Homo sapiens,drainage,,PDT000020949.2,2014-02-03,,14,"aadD1,ant(9)-Ia,bleO,erm(A),fosB,gyrA_E88K=POINT,gyrA_S84L=POINT,mecA,mecI,mecR1,mepA,parC_E84G=POINT,parC_S80Y=POINT,tet(38)","aadD1,ant(9)-Ia,bleO,erm(A),fosB,gyrA_E88K=POINT,gyrA_S84L=POINT,mecA,mecI,mecR1,parC_E84G=POINT,parC_S80Y=POINT,tet(38)",18,"aur,hld,hlgA,hlgB,hlgC,icaC,lukD,lukE,sak,scn,sei,selX,sem,sen=MISTRANSLATION,seo,seu=PARTIAL,splA,splB",4.0.23,2025-06-03.1
PDT000020950.2|SAMN02325635|GCA_000529455.1|Staphylococcus aureus M0735||M0735|Generic,GCA_000529455.1,SAMN02325635,2004-02-06,"USA: Boston, MA",Homo sapiens,sputum,,PDT000020950.2,2014-02-03,,16,"aadD1,ant(9)-Ia,blaI,blaR1=PARTIAL_END_OF_CONTIG,blaZ,bleO,erm(A),fosB=PARTIAL,gyrA_S84L=POINT,mecA,mecI,mecR1,mepA,parC_E84K=POINT,parC_S80F=POINT,tet(38)","aadD1,ant(9)-Ia,blaI,blaR1=PARTIAL_END_OF_CONTIG,blaZ,bleO,erm(A),fosB=PARTIAL,gyrA_S84L=POINT,mecA,mecI,mecR1,parC_E84K=POINT,parC_S80F=POINT,tet(38)",20,"aur,hld,hlgA,hlgB,hlgC,icaC,lukD,lukE,sak,scn,sed,sei,sej,selX,sem,sen=MISTRANSLATION,seo,ser,splA,splB",4.0.23,2025-06-03.1
PDT000020951.2|SAMN02325636|GCA_000529475.1|Staphylococcus aureus M0498||M0498|Generic,GCA_000529475.1,SAMN02325636,2003-12-18,"USA: Boston, MA",Homo sapiens,wound,,PDT000020951.2,2014-02-03,,17,"aadD1,ant(9)-Ia,blaI,blaR1,blaZ,bleO,erm(A),fosB,gyrA_S84L=POINT,mecA,mecI,mecR1,mepA,parC_E84G=POINT,parC_S80Y=POINT,tet(38),tet(M)","aadD1,ant(9)-Ia,blaI,blaR1,blaZ,bleO,erm(A),fosB,gyrA_S84L=POINT,mecA,mecI,mecR1,parC_E84G=POINT,parC_S80Y=POINT,tet(38),tet(M)",21,"aur,hld,hlgA,hlgB,hlgC,icaC,lukD,lukE,sak,scn,sed=PARTIAL_END_OF_CONTIG,sei,sej,selX,sem,sen=MISTRANSLATION,seo,ser,seu=PARTIAL,splA,splB",4.0.23,2025-06-03.1
PDT000020952.2|SAMN02325637|GCA_000529515.1|Staphylococcus aureus M0511||M0511|Generic,GCA_000529515.1,SAMN02325637,2003-12-23,"USA: Boston, MA",Homo sapiens,nares,,PDT000020952.2,2014-02-03,,18,"aac(6')-Ie/aph(2'')-Ia,aadD1,blaI,blaPC1,blaR1,bleO,dfrS1,folP_E208K=POINT,folP_F17L=POINT,fosB,gyrA_S84L=POINT,mecA,mecR1=PARTIAL,mepA,murA_G257D=POINT,parC_S80F=POINT,tet(38),tet(M)","aac(6')-Ie/aph(2'')-Ia,aadD1,blaI,blaPC1,blaR1,bleO,dfrS1,folP_E208K=POINT,folP_F17L=POINT,fosB,gyrA_S84L=POINT,mecA,mecR1=PARTIAL,murA_G257D=POINT,parC_S80F=POINT,tet(38),tet(M)",19,"aur,hld,hlgA,hlgB,hlgC,icaC,lukD,lukE,sak,scn,sea,seb,sek,sel26,selX,seq,splA,splB,splE",4.0.23,2025-06-03.1
PDT000020954.2|SAMN02325638|GCA_000529575.1|Staphylococcus aureus M0524||M0524|Generic,GCA_000529575.1,SAMN02325638,2003-12-27,"USA: Boston, MA",Homo sapiens,sputum,,PDT000020954.2,2014-02-03,,18,"aac(6')-Ie/aph(2'')-Ia,aadD1,blaI,blaPC1,blaR1,bleO,dfrS1,folP_E208K=POINT,folP_F17L=POINT,fosB,gyrA_S84L=POINT,mecA,mecR1=PARTIAL,mepA,murA_G257D=POINT,parC_S80F=POINT,tet(38),tet(M)","aac(6')-Ie/aph(2'')-Ia,aadD1,blaI,blaPC1,blaR1,bleO,dfrS1,folP_E208K=POINT,folP_F17L=POINT,fosB,gyrA_S84L=POINT,mecA,mecR1=PARTIAL,murA_G257D=POINT,parC_S80F=POINT,tet(38),tet(M)",19,"aur,hld,hlgA,hlgB,hlgC,icaC,lukD,lukE,sak,scn,sea,seb,sek,sel26,selX,seq,splA,splB,splE",4.0.23,2025-06-03.1
PDT000020957.2|SAMN02325639|GCA_000529635.1|Staphylococcus aureus M0538||M0538|Generic,GCA_000529635.1,SAMN02325639,2003-12-30,"USA: Boston, MA",Homo sapiens,nares,,PDT000020957.2,2014-02-03,,23,"aadD1,ant(6)-Ia=MISTRANSLATION,ant(9)-Ia,aph(3')-IIIa,blaI,blaR1=PARTIAL_END_OF_CONTIG,blaZ,bleO,erm(A),erm(A)=PARTIAL_END_OF_CONTIG,fosB,gyrA_S84L=POINT,ileS_V588F=POINT,mecA,mecI,mecR1,mepA,mph(C)=PARTIAL_END_OF_CONTIG,msr(A),parC_E84G=POINT,parC_S80Y=POINT,sat4,tet(38)","aadD1,ant(6)-Ia=MISTRANSLATION,ant(9)-Ia,aph(3')-IIIa,blaI,blaR1=PARTIAL_END_OF_CONTIG,blaZ,bleO,erm(A),erm(A)=PARTIAL_END_OF_CONTIG,fosB,gyrA_S84L=POINT,ileS_V588F=POINT,mecA,mecI,mecR1,mph(C)=PARTIAL_END_OF_CONTIG,msr(A),parC_E84G=POINT,parC_S80Y=POINT,sat4,tet(38)",18,"aur,hld,hlgA,hlgB,hlgC,icaC,lukD,lukE,sak,scn,sei,selX,sem,sen=MISTRANSLATION,seo,seu=PARTIAL,splA,splB",4.0.23,2025-06-03.1
PDT000020960.2|SAMN02325640|GCA_000529695.1|Staphylococcus aureus M0551||M0551|Generic,GCA_000529695.1,SAMN02325640,2004-01-02,"USA: Boston, MA",Homo sapiens,sputum,,PDT000020960.2,2014-02-03,,16,"aac(6')-Ie=HMM,aadD1,ant(9)-Ia,blaI,bleO,dfrS1,erm(A),fosB,gyrA_S84L=POINT,mecA,mecI,mecR1,mepA,parC_S80F=POINT,rpoB_H481N=POINT,tet(38)","aac(6')-Ie=HMM,aadD1,ant(9)-Ia,blaI,bleO,dfrS1,erm(A),fosB,gyrA_S84L=POINT,mecA,mecI,mecR1,parC_S80F=POINT,rpoB_H481N=POINT,tet(38)",19,"aur,hld,hlgA,hlgB,hlgC,icaC,lukD,lukE,sak,scn,sei,selX,sem,sen=MISTRANSLATION,seo,sep,seu=PARTIAL,splA,splB",4.0.23,2025-06-03.1
PDT000020963.2|SAMN02325641|GCA_000529735.1|Staphylococcus aureus M0561||M0561|Generic,GCA_000529735.1,SAMN02325641,2004-01-05,"USA: Boston, MA",Homo sapiens,tip,,PDT000020963.2,2014-02-03,,15,"aadD1,ant(9)-Ia,blaI,blaR1,blaZ,bleO,erm(A),fosB,gyrA_S84L=POINT,mecA,mecI,mecR1,mepA,parC_S80Y=POINT,tet(38)","aadD1,ant(9)-Ia,blaI,blaR1,blaZ,bleO,erm(A),fosB,gyrA_S84L=POINT,mecA,mecI,mecR1,parC_S80Y=POINT,tet(38)",19,"aur,hld,hlgA,hlgB,hlgC,icaC,lukD,lukE,sak,scn,sei,selX,sem,sen=MISTRANSLATION,seo,sep,seu=PARTIAL,splA,splB",4.2.7,2026-01-21.1
PDT000020964.2|SAMN02325642|GCA_000529795.1|Staphylococcus aureus M0570||M0570|Generic,GCA_000529795.1,SAMN02325642,2004-01-08,"USA: Boston, MA",Homo sapiens,abdominal wound,,PDT000020964.2,2014-02-03,,18,"aadD1,ant(9)-Ia,blaI,blaZ,bleO,erm(A),fosB,gyrA_S84L=POINT,gyrA_S85P=POINT,mecA,mecI,mecR1,mepA,mph(C)=PARTIAL_END_OF_CONTIG,msr(A),parC_E84G=POINT,parC_S80Y=POINT,tet(38)","aadD1,ant(9)-Ia,blaI,blaZ,bleO,erm(A),fosB,gyrA_S84L=POINT,gyrA_S85P=POINT,mecA,mecI,mecR1,mph(C)=PARTIAL_END_OF_CONTIG,msr(A),parC_E84G=POINT,parC_S80Y=POINT,tet(38)",19,"aur,hld,hlgA,hlgB,hlgC,icaC,lukD,lukE,sak,scn,seb,sei,selX,sem,sen=MISTRANSLATION,seo,seu=PARTIAL,splA=PARTIAL,splB",4.0.23,2025-06-03.1
PDT000020967.2|SAMN02325643|GCA_000529835.1|Staphylococcus aureus M0594||M0594|Generic,GCA_000529835.1,SAMN02325643,2004-01-10,"USA: Boston, MA",Homo sapiens,nares,,PDT000020967.2,2014-02-03,,19,"ant(9)-Ia,ant(9)-Ia=PARTIAL,blaI,blaPC1,blaR1=MISTRANSLATION,erm(A),fosB,glpT_A100V=POINT,glpT_V213I=POINT,gyrA_S84L=POINT,ileS_V588F=POINT,mecA,mecI=MISTRANSLATION,mecR1,mepA,murA_D278E=POINT,murA_E291D=POINT,parC_S80F=POINT,tet(38)","ant(9)-Ia,ant(9)-Ia=PARTIAL,blaI,blaPC1,blaR1=MISTRANSLATION,erm(A),fosB,glpT_A100V=POINT,glpT_V213I=POINT,gyrA_S84L=POINT,ileS_V588F=POINT,mecA,mecI=MISTRANSLATION,mecR1,murA_D278E=POINT,murA_E291D=POINT,parC_S80F=POINT,tet(38)",16,"aur,cna=PARTIAL,hld,hlgA,hlgB,hlgC=MISTRANSLATION,icaC,sak,scn,sea,sei,sem,sen=MISTRANSLATION,seu,splE,tst",4.0.23,2025-06-03.1
PDT000020968.2|SAMN02325644|GCA_000529875.1|Staphylococcus aureus M0608||M0608|Generic,GCA_000529875.1,SAMN02325644,2004-01-13,"USA: Boston, MA",Homo sapiens,eye,,PDT000020968.2,2014-02-03,,18,"aadD1,ant(6)-Ia=MISTRANSLATION,ant(9)-Ia,blaI,blaR1=PARTIAL_END_OF_CONTIG,bleO,erm(A),fosB,gyrA_S84L=POINT,mecA,mecI,mecR1,mepA,msr(A),parC_E84G=POINT,parC_S80Y=POINT,sat4,tet(38)","aadD1,ant(6)-Ia=MISTRANSLATION,ant(9)-Ia,blaI,blaR1=PARTIAL_END_OF_CONTIG,bleO,erm(A),fosB,gyrA_S84L=POINT,mecA,mecI,mecR1,msr(A),parC_E84G=POINT,parC_S80Y=POINT,sat4,tet(38)",18,"aur,hld,hlgA,hlgB,hlgC,icaC,lukD,lukE,sak,scn,sei,selX,sem,sen=MISTRANSLATION,seo,seu=PARTIAL,splA,splB",4.2.7,2026-01-21.1
PDT000020970.2|SAMN02325645|GCA_000529915.1|Staphylococcus aureus M0620||M0620|Generic,GCA_000529915.1,SAMN02325645,2004-01-15,"USA: Boston, MA",Homo sapiens,oral,,PDT000020970.2,2014-02-03,,17,"aadD1,ant(9)-Ia,blaI,blaR1,blaZ,bleO,erm(A),fosB,gyrA_E88A=POINT,gyrA_S84L=POINT,mecA,mecI,mecR1,mepA,parC_E84G=POINT,parC_S80Y=POINT,tet(38)","aadD1,ant(9)-Ia,blaI,blaR1,blaZ,bleO,erm(A),fosB,gyrA_E88A=POINT,gyrA_S84L=POINT,mecA,mecI,mecR1,parC_E84G=POINT,parC_S80Y=POINT,tet(38)",21,"aur,hld,hlgA,hlgB,hlgC,icaC,lukD,lukE,sak,scn,sed=PARTIAL_END_OF_CONTIG,sei,sej,selX,sem,sen=MISTRANSLATION,seo,ser,seu=PARTIAL,splA,splB",4.0.23,2025-06-03.1
PDT000020973.2|SAMN02325646|GCA_000529935.1|Staphylococcus aureus M0371||M0371|Generic,GCA_000529935.1,SAMN02325646,2003-11-25,"USA: Boston, MA",Homo sapiens,hematoma,,PDT000020973.2,2014-02-03,,14,"ant(9)-Ia,blaR1=PARTIAL_END_OF_CONTIG,blaZ=PARTIAL_END_OF_CONTIG,erm(A),fosB,gyrA_E88K=POINT,gyrA_S84L=POINT,mecA,mecI,mecR1,mepA,parC_E84G=POINT,parC_S80Y=POINT,tet(38)","ant(9)-Ia,blaR1=PARTIAL_END_OF_CONTIG,blaZ=PARTIAL_END_OF_CONTIG,erm(A),fosB,gyrA_E88K=POINT,gyrA_S84L=POINT,mecA,mecI,mecR1,parC_E84G=POINT,parC_S80Y=POINT,tet(38)",21,"aur,hld,hlgA,hlgB,hlgC,icaC,lukD,lukE,sak,scn,sed=PARTIAL_END_OF_CONTIG,sei,sej,selX,sem,sen=MISTRANSLATION,seo,ser=PARTIAL_END_OF_CONTIG,seu=PARTIAL,splA,splB",4.2.7,2026-01-21.1
PDT000020975.2|SAMN02325647|GCA_000529995.1|Staphylococcus aureus M0379||M0379|Generic,GCA_000529995.1,SAMN02325647,2003-11-26,"USA: Boston, MA",Homo sapiens,abscess,,PDT000020975.2,2014-02-03,,19,"aadD1,ant(9)-Ia,blaI,blaR1,blaZ,bleO,erm(A),fosB,gyrA_S84L=POINT,gyrA_S85P=POINT,mecA,mecI,mecR1,mepA,mph(C),parC_E84G=POINT,parC_S80Y=POINT,rpoB_H481Y=POINT,tet(38)","aadD1,ant(9)-Ia,blaI,blaR1,blaZ,bleO,erm(A),fosB,gyrA_S84L=POINT,gyrA_S85P=POINT,mecA,mecI,mecR1,mph(C),parC_E84G=POINT,parC_S80Y=POINT,rpoB_H481Y=POINT,tet(38)",18,"aur,hld,hlgA,hlgB,hlgC,icaC,lukD,lukE,sak,scn,sei,selX,sem,sen=MISTRANSLATION,seo,seu=PARTIAL,splA,splB",4.0.23,2025-06-03.1
PDT000020976.2|SAMN02325648|GCA_000530035.1|Staphylococcus aureus M0395||M0395|Generic,GCA_000530035.1,SAMN02325648,2003-11-29,"USA: Boston, MA",Homo sapiens,sputum,,PDT000020976.2,2014-02-03,,13,"aadD1,ant(9)-Ia,bleO,erm(A),fosB,gyrA_S84L=POINT,mecA,mecI,mecR1,mepA,parC_E84G=POINT,parC_S80Y=POINT,tet(38)","aadD1,ant(9)-Ia,bleO,erm(A),fosB,gyrA_S84L=POINT,mecA,mecI,mecR1,parC_E84G=POINT,parC_S80Y=POINT,tet(38)",18,"aur,hld,hlgA,hlgB,hlgC,icaC,lukD,lukE,sak,scn,sei,selX,sem,sen=MISTRANSLATION,seo,seu=PARTIAL,splA,splB",4.0.23,2025-06-03.1
PDT000020979.2|SAMN02325649|GCA_000530075.1|Staphylococcus aureus M0407||M0407|Generic,GCA_000530075.1,SAMN02325649,2003-12-01,"USA: Boston, MA",Homo sapiens,wound,,PDT000020979.2,2014-02-03,,16,"aadD1,ant(9)-Ia,ant(9)-Ia=PARTIAL,blaI,blaR1,blaZ,bleO,erm(A),fosB,gyrA_S84L=POINT,mecA,mecI,mecR1,mepA,parC_S80Y=POINT,tet(38)","aadD1,ant(9)-Ia,ant(9)-Ia=PARTIAL,blaI,blaR1,blaZ,bleO,erm(A),fosB,gyrA_S84L=POINT,mecA,mecI,mecR1,parC_S80Y=POINT,tet(38)",19,"aur,hld,hlgA,hlgB,hlgC,icaC,lukD,lukE,sak,scn,sei,selX,sem,sen=MISTRANSLATION,seo,sep,seu=PARTIAL,splA,splB",4.0.23,2025-06-03.1
PDT000020980.2|SAMN02325650|GCA_000530155.1|Staphylococcus aureus M0418||M0418|Generic,GCA_000530155.1,SAMN02325650,2003-12-03,"USA: Boston, MA",Homo sapiens,nares,,PDT000020980.2,2014-02-03,,17,"aadD1,ant(9)-Ia,blaI,blaR1=PARTIAL_END_OF_CONTIG,blaZ=PARTIAL_END_OF_CONTIG,bleO,erm(A),fosB,gyrA_E88A=POINT,gyrA_S84L=POINT,mecA,mecI,mecR1,mepA,parC_E84G=POINT,parC_S80Y=POINT,tet(38)","aadD1,ant(9)-Ia,blaI,blaR1=PARTIAL_END_OF_CONTIG,blaZ=PARTIAL_END_OF_CONTIG,bleO,erm(A),fosB,gyrA_E88A=POINT,gyrA_S84L=POINT,mecA,mecI,mecR1,parC_E84G=POINT,parC_S80Y=POINT,tet(38)",21,"aur,hld,hlgA,hlgB,hlgC,icaC,lukD,lukE,sak,scn,sed=PARTIAL_END_OF_CONTIG,sei,sej,selX,sem,sen=MISTRANSLATION,seo,ser,seu=PARTIAL,splA,splB",4.0.23,2025-06-03.1
PDT000020982.2|SAMEA3138877|GCA_000530215.1|Staphylococcus aureus subsp. aureus S0460||S0460|Generic,GCA_000530215.1,SAMEA3138877,,,,,,PDT000020982.2,2014-02-03,,10,"blaI,blaZ=PARTIAL,dfrK,mecA,mecR1=PARTIAL,mepA,murA_D278E=POINT,murA_E291D=POINT,tet(38),tet(M)=PARTIAL_END_OF_CONTIG","blaI,blaZ=PARTIAL,dfrK,mecA,mecR1=PARTIAL,murA_D278E=POINT,murA_E291D=POINT,tet(38),tet(M)=PARTIAL_END_OF_CONTIG",7,"aur,hld,hlgA,hlgB,hlgC,icaC,sel26",4.0.23,2025-07-16.1
PDT000020983.2|SAMN02325651|GCA_000530185.1|Staphylococcus aureus M0432||M0432|Generic,GCA_000530185.1,SAMN02325651,2003-12-06,"USA: Boston, MA",Homo sapiens,bronchial alveolar lavage,,PDT000020983.2,2014-02-03,,20,"aadD1,ant(9)-Ia,aph(3')-IIIa,blaI,blaR1=PARTIAL_END_OF_CONTIG,blaZ,bleO,erm(A),fosB,gyrA_S84L=POINT,mecA,mecI,mecR1,mepA,mph(C),msr(A),parC_E84G=POINT,parC_S80Y=POINT,sat4,tet(38)","aadD1,ant(9)-Ia,aph(3')-IIIa,blaI,blaR1=PARTIAL_END_OF_CONTIG,blaZ,bleO,erm(A),fosB,gyrA_S84L=POINT,mecA,mecI,mecR1,mph(C),msr(A),parC_E84G=POINT,parC_S80Y=POINT,sat4,tet(38)",18,"aur,hld,hlgA,hlgB,hlgC,icaC,lukD,lukE,sak,scn,sei,selX,sem,sen=MISTRANSLATION,seo,seu=PARTIAL,splA,splB",4.0.23,2025-06-03.1
PDT000020984.2|SAMN02325652|GCA_000530275.1|Staphylococcus aureus M0443||M0443|Generic,GCA_000530275.1,SAMN02325652,2003-12-10,"USA: Boston, MA",Homo sapiens,wound,,PDT000020984.2,2014-02-03,,4,"blaI,blaR1=PARTIAL_END_OF_CONTIG,mepA,tet(38)","blaI,blaR1=PARTIAL_END_OF_CONTIG,tet(38)",15,"aur,hld,hlgA,hlgB,hlgC,icaC,lukD,lukE,sak,scn,sel26=MISTRANSLATION,selX,splA,splB,splE",4.2.7,2026-01-21.1
PDT000020985.2|SAMN02325653|GCA_000530315.1|Staphylococcus aureus M0456||M0456|Generic,GCA_000530315.1,SAMN02325653,2003-12-11,"USA: Boston, MA",Homo sapiens,nares,,PDT000020985.2,2014-02-03,,15,"aadD1,ant(9)-Ia,blaI,blaR1,blaZ,bleO,erm(A),fosB,gyrA_S84L=POINT,mecA,mecI,mecR1,mepA,parC_S80Y=POINT,tet(38)","aadD1,ant(9)-Ia,blaI,blaR1,blaZ,bleO,erm(A),fosB,gyrA_S84L=POINT,mecA,mecI,mecR1,parC_S80Y=POINT,tet(38)",19,"aur,hld,hlgA,hlgB,hlgC,icaC,lukD,lukE,sak,scn,sei,selX,sem,sen=MISTRANSLATION,seo,sep,seu=PARTIAL,splA,splB",4.0.23,2025-06-03.1
PDT000020987.2|SAMN02325654|GCA_000530395.1|Staphylococcus aureus M0473||M0473|Generic,GCA_000530395.1,SAMN02325654,2003-12-15,"USA: Boston, MA",Homo sapiens,sputum,,PDT000020987.2,2014-02-03,,15,"aadD1,ant(9)-Ia,blaI,blaR1,blaZ,bleO,erm(A),fosB,gyrA_S84L=POINT,mecA,mecI,mecR1,mepA,parC_S80Y=POINT,tet(38)","aadD1,ant(9)-Ia,blaI,blaR1,blaZ,bleO,erm(A),fosB,gyrA_S84L=POINT,mecA,mecI,mecR1,parC_S80Y=POINT,tet(38)",19,"aur,hld,hlgA,hlgB,hlgC,icaC,lukD,lukE,sak,scn,sei,selX,sem,sen=MISTRANSLATION,seo,sep,seu=PARTIAL,splA,splB",4.0.23,2025-06-03.1
PDT000020988.2|SAMN02325655|GCA_000530445.1|Staphylococcus aureus M0492||M0492|Generic,GCA_000530445.1,SAMN02325655,2003-12-17,"USA: Boston, MA",Homo sapiens,wound,,PDT000020988.2,2014-02-03,,17,"aadD1,ant(9)-Ia,blaI,blaR1=PARTIAL_END_OF_CONTIG,blaZ,bleO,erm(A),fosB,gyrA_E88K=POINT,gyrA_S84L=POINT,mecA,mecI,mecR1,mepA,parC_E84G=POINT,parC_S80Y=POINT,tet(38)","aadD1,ant(9)-Ia,blaI,blaR1=PARTIAL_END_OF_CONTIG,blaZ,bleO,erm(A),fosB,gyrA_E88K=POINT,gyrA_S84L=POINT,mecA,mecI,mecR1,parC_E84G=POINT,parC_S80Y=POINT,tet(38)",21,"aur,hld,hlgA,hlgB,hlgC,icaC,lukD,lukE,sak,scn,sed=PARTIAL,sei,sej,selX,sem,sen=MISTRANSLATION,seo,ser=PARTIAL,seu=PARTIAL,splA,splB",4.0.23,2025-06-03.1
PDT000020990.2|SAMN02325656|GCA_000530515.1|Staphylococcus aureus M0243||M0243|Generic,GCA_000530515.1,SAMN02325656,2003-10-26,"USA: Boston, MA",Homo sapiens,sputum,,PDT000020990.2,2014-02-03,,15,"aadD1,ant(9)-Ia,blaI,bleO,erm(A),fosB,gyrA_E88A=POINT,gyrA_S84L=POINT,mecA,mecI,mecR1,mepA,parC_E84G=POINT,parC_S80Y=POINT,tet(38)","aadD1,ant(9)-Ia,blaI,bleO,erm(A),fosB,gyrA_E88A=POINT,gyrA_S84L=POINT,mecA,mecI,mecR1,parC_E84G=POINT,parC_S80Y=POINT,tet(38)",19,"aur,hld,hlgA,hlgB,hlgC,icaC,lukD,lukE,sak,scn,sei,sej,selX,sem,sen=MISTRANSLATION,seo,seu=PARTIAL,splA,splB",4.0.23,2025-06-03.1
PDT000020991.2|SAMN02325661|GCA_000530705.1|Staphylococcus aureus M0311||M0311|Generic,GCA_000530705.1,SAMN02325661,2003-11-10,"USA: Boston, MA",Homo sapiens,nares,,PDT000020991.2,2014-02-03,,16,"aadD1,ant(9)-Ia,blaI,blaZ=PARTIAL_END_OF_CONTIG,bleO,erm(A),fosB,gyrA_E88A=POINT,gyrA_S84L=POINT,mecA,mecI,mecR1,mepA,parC_E84G=POINT,parC_S80Y=POINT,tet(38)","aadD1,ant(9)-Ia,blaI,blaZ=PARTIAL_END_OF_CONTIG,bleO,erm(A),fosB,gyrA_E88A=POINT,gyrA_S84L=POINT,mecA,mecI,mecR1,parC_E84G=POINT,parC_S80Y=POINT,tet(38)",19,"aur,hld,hlgA,hlgB,hlgC,icaC,lukD,lukE,sak,scn,sed=PARTIAL_END_OF_CONTIG,sei,selX,sem,sen=MISTRANSLATION,seo,seu=PARTIAL,splA,splB",4.2.7,2026-01-21.1
PDT000020993.2|SAMN02325663|GCA_000530815.1|Staphylococcus aureus M0343||M0343|Generic,GCA_000530815.1,SAMN02325663,2003-11-18,"USA: Boston, MA",Homo sapiens,ascitic fluid,,PDT000020993.2,2014-02-03,,16,"aadD1,ant(9)-Ia,blaI,blaR1=PARTIAL_END_OF_CONTIG,blaZ,bleO,erm(A),fosB,gyrA_S84L=POINT,mecA,mecI,mecR1,mepA,parC_E84G=POINT,parC_S80Y=POINT,tet(38)","aadD1,ant(9)-Ia,blaI,blaR1=PARTIAL_END_OF_CONTIG,blaZ,bleO,erm(A),fosB,gyrA_S84L=POINT,mecA,mecI,mecR1,parC_E84G=POINT,parC_S80Y=POINT,tet(38)",20,"aur,hld,hlgA,hlgB,hlgC,icaC,lukE,sak,scn,sed,sei,sej,selX,sem,sen=MISTRANSLATION,seo,ser,seu=PARTIAL,splA,splB",4.0.23,2025-06-03.1
PDT000020994.2|SAMEA3138894|GCA_000530855.1|Staphylococcus aureus S1475||S1475|Generic,GCA_000530855.1,SAMEA3138894,2001,Netherlands,Homo sapiens,,,PDT000020994.2,2014-02-03,,12,"ant(6)-Ia,aph(3')-IIIa,blaI,blaR1,blaZ,fusB,mecA,mecR1=PARTIAL,mepA,sat4,tet(38),tet(K)","ant(6)-Ia,aph(3')-IIIa,blaI,blaR1,blaZ,fusB,mecA,mecR1=PARTIAL,sat4,tet(38),tet(K)",18,"aur,ednB,hld,hlgA,hlgB,hlgC,icaC,lukD,lukE,lukF-PV,lukS-PV,sak,scn,sel26,selX,sey,splA,splB",4.0.23,2025-06-03.1
PDT000020995.2|SAMN02325664|GCA_000530865.1|Staphylococcus aureus M0352||M0352|Generic,GCA_000530865.1,SAMN02325664,2003-11-20,"USA: Boston, MA",Homo sapiens,wound,,PDT000020995.2,2014-02-03,,14,"blaI,blaPC1,blaR1,folP_E208K=POINT,folP_F17L=POINT,fosB,gyrA_S84L=POINT,mecA,mecR1=PARTIAL,mepA,murA_G257D=POINT,parC_S80F=POINT,tet(38),tet(M)","blaI,blaPC1,blaR1,folP_E208K=POINT,folP_F17L=POINT,fosB,gyrA_S84L=POINT,mecA,mecR1=PARTIAL,murA_G257D=POINT,parC_S80F=POINT,tet(38),tet(M)",19,"aur,hld,hlgA,hlgB,hlgC,icaC,lukD,lukE,sak,scn,sea,seb,sek,sel26,selX,seq,splA,splB,splE",4.0.23,2025-06-03.1
PDT000020996.2|SAMN02325665|GCA_000530925.1|Staphylococcus aureus M0365||M0365|Generic,GCA_000530925.1,SAMN02325665,2003-11-27,"USA: Boston, MA",Homo sapiens,blood,,PDT000020996.2,2014-02-03,,18,"aadD1,ant(9)-Ia,blaI,blaR1=PARTIAL_END_OF_CONTIG,blaZ=PARTIAL_END_OF_CONTIG,bleO,erm(A),fosB,gyrA_S84L=POINT,gyrA_S85P=POINT,mecA,mecI,mecR1,mepA,parC_E84G=POINT,parC_S80Y=POINT,rpoB_H481N=POINT,tet(38)","aadD1,ant(9)-Ia,blaI,blaR1=PARTIAL_END_OF_CONTIG,blaZ=PARTIAL_END_OF_CONTIG,bleO,erm(A),fosB,gyrA_S84L=POINT,gyrA_S85P=POINT,mecA,mecI,mecR1,parC_E84G=POINT,parC_S80Y=POINT,rpoB_H481N=POINT,tet(38)",18,"aur,hld,hlgA,hlgB,hlgC,icaC,lukD,lukE,sak,scn,sei,selX,sem,sen=MISTRANSLATION,seo,seu=PARTIAL,splA,splB",4.0.23,2025-06-03.1
PDT000020997.2|SAMN02325666|GCA_000530965.1|Staphylococcus aureus M0121||M0121|Generic,GCA_000530965.1,SAMN02325666,2003-10-01,"USA: Boston, MA",Homo sapiens,wound,,PDT000020997.2,2014-02-03,,13,"aadD1,ant(9)-Ia,bleO,erm(A),fosB,gyrA_S84L=POINT,mecA,mecI,mecR1,mepA,parC_E84G=POINT,parC_S80Y=POINT,tet(38)","aadD1,ant(9)-Ia,bleO,erm(A),fosB,gyrA_S84L=POINT,mecA,mecI,mecR1,parC_E84G=POINT,parC_S80Y=POINT,tet(38)",18,"aur,hld,hlgA,hlgB,hlgC,icaC,lukD,lukE,sak,scn,sei,selX,sem,sen=MISTRANSLATION,seo,seu=PARTIAL,splA,splB",4.0.23,2025-06-03.1
PDT000020998.2|SAMN02325667|GCA_000530995.1|Staphylococcus aureus M0130||M0130|Generic,GCA_000530995.1,SAMN02325667,2003-10-02,"USA: Boston, MA",Homo sapiens,nares,,PDT000020998.2,2014-02-03,,16,"aadD1,ant(9)-Ia,blaR1=PARTIAL_END_OF_CONTIG,bleO,erm(A),fosB,gyrA_S84L=POINT,mecA,mecI,mecR1,mepA,mph(C)=PARTIAL_END_OF_CONTIG,msr(A),parC_E84G=POINT,parC_S80Y=POINT,tet(38)","aadD1,ant(9)-Ia,blaR1=PARTIAL_END_OF_CONTIG,bleO,erm(A),fosB,gyrA_S84L=POINT,mecA,mecI,mecR1,mph(C)=PARTIAL_END_OF_CONTIG,msr(A),parC_E84G=POINT,parC_S80Y=POINT,tet(38)",18,"aur,hld,hlgA,hlgB,hlgC,icaC,lukD,lukE,sak,scn,sei,selX,sem,sen=MISTRANSLATION,seo,seu=PARTIAL,splA,splB",4.2.7,2026-01-21.1
PDT000020999.2|SAMN02325668|GCA_000531015.1|Staphylococcus aureus M0139||M0139|Generic,GCA_000531015.1,SAMN02325668,2003-10-04,"USA: Boston, MA",Homo sapiens,blood,,PDT000020999.2,2014-02-03,,6,"blaI,blaR1=HMM,blaZ,fosB,mepA,tet(38)","blaI,blaR1=HMM,blaZ,fosB,tet(38)",17,"aur,hld,hlgA,hlgB,hlgC,icaC,lukD,lukE,sak,scn,sei,sem,sen=MISTRANSLATION,seo,seu,splA,splB",4.0.23,2025-06-03.1
PDT000021000.2|SAMN02325669|GCA_000531035.1|Staphylococcus aureus M0152||M0152|Generic,GCA_000531035.1,SAMN02325669,2003-10-05,"USA: Boston, MA",Homo sapiens,pleural fluid,,PDT000021000.2,2014-02-03,,15,"aadD1,ant(9)-Ia,blaI,blaR1,blaZ,bleO,erm(A),fosB,gyrA_S84L=POINT,mecA,mecI,mecR1,mepA,parC_S80F=POINT,tet(38)","aadD1,ant(9)-Ia,blaI,blaR1,blaZ,bleO,erm(A),fosB,gyrA_S84L=POINT,mecA,mecI,mecR1,parC_S80F=POINT,tet(38)",18,"aur,hld,hlgA,hlgB,hlgC,icaC,lukD,lukE,sak,scn,sei,selX,sem,sen=MISTRANSLATION,seo,seu=PARTIAL,splA,splB",4.0.23,2025-06-03.1
PDT000021001.2|SAMN02325670|GCA_000531065.1|Staphylococcus aureus M0167||M0167|Generic,GCA_000531065.1,SAMN02325670,2003-10-08,"USA: Boston, MA",Homo sapiens,nares,,PDT000021001.2,2014-02-03,,16,"aadD1,ant(9)-Ia,blaI,blaR1,blaZ,bleO,erm(A),erm(C),fosB,gyrA_S84L=POINT,mecA,mecI,mecR1,mepA,parC_S80F=POINT,tet(38)","aadD1,ant(9)-Ia,blaI,blaR1,blaZ,bleO,erm(A),erm(C),fosB,gyrA_S84L=POINT,mecA,mecI,mecR1,parC_S80F=POINT,tet(38)",20,"aur,hld,hlgA,hlgB,hlgC,icaC,lukD,lukE,sak,scn,sei,sej,selX,sem,sen=MISTRANSLATION,seo,ser,seu=PARTIAL,splA,splB",4.0.23,2025-06-03.1
PDT000021003.2|SAMN02325671|GCA_000531115.1|Staphylococcus aureus M0176||M0176|Generic,GCA_000531115.1,SAMN02325671,2003-10-11,"USA: Boston, MA",Homo sapiens,bronchial alveolar lavage,,PDT000021003.2,2014-02-03,,13,"aadD1,ant(9)-Ia,bleO,erm(A),fosB,gyrA_S84L=POINT,mecA,mecI,mecR1,mepA,parC_E84G=POINT,parC_S80Y=POINT,tet(38)","aadD1,ant(9)-Ia,bleO,erm(A),fosB,gyrA_S84L=POINT,mecA,mecI,mecR1,parC_E84G=POINT,parC_S80Y=POINT,tet(38)",18,"aur,hld,hlgA,hlgB,hlgC,icaC,lukD,lukE,sak,scn,sei,selX,sem,sen=MISTRANSLATION,seo,seu=PARTIAL,splA,splB",4.0.23,2025-06-03.1
PDT000021005.2|SAMN02325673|GCA_000531215.1|Staphylococcus aureus M0195||M0195|Generic,GCA_000531215.1,SAMN02325673,2003-10-15,"USA: Boston, MA",Homo sapiens,hip joint fluid,,PDT000021005.2,2014-02-03,,17,"aadD1,ant(9)-Ia,blaI,blaR1=PARTIAL_END_OF_CONTIG,blaZ,bleO,erm(A),fosB,gyrA_S84L=POINT,mecA,mecI,mecR1,mepA,parC_E84G=POINT,parC_S80Y=POINT,rpoB_A477D=POINT,tet(38)","aadD1,ant(9)-Ia,blaI,blaR1=PARTIAL_END_OF_CONTIG,blaZ,bleO,erm(A),fosB,gyrA_S84L=POINT,mecA,mecI,mecR1,parC_E84G=POINT,parC_S80Y=POINT,rpoB_A477D=POINT,tet(38)",20,"aur,hld,hlgA,hlgB,hlgC,icaC,lukE,sak,scn,sed,sei,sej,selX,sem,sen=MISTRANSLATION,seo,ser=PARTIAL_END_OF_CONTIG,seu=PARTIAL,splA,splB",4.0.23,2025-06-03.1
PDT000021007.2|SAMN02325676|GCA_000531375.1|Staphylococcus aureus M0002||M0002|Generic,GCA_000531375.1,SAMN02325676,2003-09-05,"USA: Boston, MA",Homo sapiens,wound,,PDT000021007.2,2014-02-03,,16,"aadD1,blaI,blaPC1,blaR1,bleO,folP_E208K=POINT,folP_F17L=POINT,fosB,gyrA_S84L=POINT,mecA,mecR1=PARTIAL,mepA,murA_G257D=POINT,parC_S80F=POINT,tet(38),tet(M)","aadD1,blaI,blaPC1,blaR1,bleO,folP_E208K=POINT,folP_F17L=POINT,fosB,gyrA_S84L=POINT,mecA,mecR1=PARTIAL,murA_G257D=POINT,parC_S80F=POINT,tet(38),tet(M)",19,"aur,hld,hlgA,hlgB,hlgC,icaC,lukD,lukE,sak,scn,sea,seb,sek,sel26,selX,seq,splA,splB,splE",4.0.23,2025-06-03.1
PDT000021009.2|SAMN02325677|GCA_000531465.1|Staphylococcus aureus M0015||M0015|Generic,GCA_000531465.1,SAMN02325677,2003-09-12,"USA: Boston, MA",Homo sapiens,sputum,,PDT000021009.2,2014-02-03,,22,"aadD1,ant(6)-Ia=MISTRANSLATION,ant(9)-Ia,aph(3')-IIIa=PARTIAL_END_OF_CONTIG,blaI,blaI=PARTIAL_END_OF_CONTIG,blaR1=PARTIAL_END_OF_CONTIG,blaZ,bleO,erm(A),fosB,gyrA_S84L=POINT,mecA,mecI,mecR1,mepA,mph(C),msr(A),parC_E84G=POINT,parC_S80Y=POINT,sat4,tet(38)","aadD1,ant(6)-Ia=MISTRANSLATION,ant(9)-Ia,aph(3')-IIIa=PARTIAL_END_OF_CONTIG,blaI,blaI=PARTIAL_END_OF_CONTIG,blaR1=PARTIAL_END_OF_CONTIG,blaZ,bleO,erm(A),fosB,gyrA_S84L=POINT,mecA,mecI,mecR1,mph(C),msr(A),parC_E84G=POINT,parC_S80Y=POINT,sat4,tet(38)",18,"aur,hld,hlgA,hlgB,hlgC,icaC,lukD,lukE,sak,scn,sei,selX,sem,sen=MISTRANSLATION,seo,seu=PARTIAL,splA,splB",4.2.7,2026-01-21.1
PDT000021010.2|SAMN02325678|GCA_000531495.1|Staphylococcus aureus M0023||M0023|Generic,GCA_000531495.1,SAMN02325678,2003-09-15,"USA: Boston, MA",Homo sapiens,nares,,PDT000021010.2,2014-02-03,,15,"aadD1,ant(9)-Ia,bleO,erm(A),fosB,gyrA_E88K=POINT,gyrA_S84L=POINT,ileS_V588F=POINT,mecA,mecI,mecR1,mepA,parC_E84K=POINT,parC_S80Y=POINT,tet(38)","aadD1,ant(9)-Ia,bleO,erm(A),fosB,gyrA_E88K=POINT,gyrA_S84L=POINT,ileS_V588F=POINT,mecA,mecI,mecR1,parC_E84K=POINT,parC_S80Y=POINT,tet(38)",18,"aur,hld,hlgA,hlgB,hlgC,icaC,lukD,lukE,sak,scn,sei,selX,sem,sen=MISTRANSLATION,seo,seu=PARTIAL,splA,splB",4.0.23,2025-06-03.1
PDT000021011.2|SAMN02325679|GCA_000531555.1|Staphylococcus aureus M0032||M0032|Generic,GCA_000531555.1,SAMN02325679,2003-09-16,"USA: Boston, MA",Homo sapiens,nares,,PDT000021011.2,2014-02-03,,21,"aadD1,ant(6)-Ia=MISTRANSLATION,ant(9)-Ia,aph(3')-IIIa,blaI,blaR1=PARTIAL_END_OF_CONTIG,blaZ,bleO,erm(A),fosB,gyrA_S84L=POINT,mecA,mecI,mecR1,mepA,mph(C),msr(A),parC_E84G=POINT,parC_S80Y=POINT,sat4,tet(38)","aadD1,ant(6)-Ia=MISTRANSLATION,ant(9)-Ia,aph(3')-IIIa,blaI,blaR1=PARTIAL_END_OF_CONTIG,blaZ,bleO,erm(A),fosB,gyrA_S84L=POINT,mecA,mecI,mecR1,mph(C),msr(A),parC_E84G=POINT,parC_S80Y=POINT,sat4,tet(38)",18,"aur,hld,hlgA,hlgB,hlgC,icaC,lukD,lukE,sak,scn,sei,selX,sem,sen=MISTRANSLATION,seo,seu=PARTIAL,splA,splB",4.2.7,2026-01-21.1
PDT000021012.2|SAMN02325680|GCA_000531615.1|Staphylococcus aureus M0047||M0047|Generic,GCA_000531615.1,SAMN02325680,2003-09-18,"USA: Boston, MA",Homo sapiens,bronchial washings,,PDT000021012.2,2014-02-03,,19,"aac(6')-Ie/aph(2'')-Ia,aadD1,blaI,blaPC1,blaR1,bleO,dfrS1,folP_E208K=POINT,folP_F17L=POINT,fosB,gyrA_S84L=POINT,mecA,mecR1=PARTIAL,mepA,murA_G257D=POINT,parC_S80F=POINT,rpoB_S464P=POINT,tet(38),tet(M)","aac(6')-Ie/aph(2'')-Ia,aadD1,blaI,blaPC1,blaR1,bleO,dfrS1,folP_E208K=POINT,folP_F17L=POINT,fosB,gyrA_S84L=POINT,mecA,mecR1=PARTIAL,murA_G257D=POINT,parC_S80F=POINT,rpoB_S464P=POINT,tet(38),tet(M)",19,"aur,hld,hlgA,hlgB,hlgC,icaC,lukD,lukE,sak,scn,sea,seb,sek,sel26,selX,seq,splA,splB,splE",4.0.23,2025-06-03.1
PDT000021013.2|SAMN02325681|GCA_000531665.1|Staphylococcus aureus M0059||M0059|Generic,GCA_000531665.1,SAMN02325681,2003-09-22,"USA: Boston, MA",Homo sapiens,blood,,PDT000021013.2,2014-02-03,,17,"aac(6')-Ie=HMM,aadD1,blaI,blaR1,bleO,folP_E208K=POINT,folP_F17L=POINT,fosB,gyrA_S84L=POINT,mecA,mecR1=PARTIAL,mepA,murA_G257D=POINT,parC_S80F=POINT,rpoB_S464P=POINT,tet(38),tet(M)","aac(6')-Ie=HMM,aadD1,blaI,blaR1,bleO,folP_E208K=POINT,folP_F17L=POINT,fosB,gyrA_S84L=POINT,mecA,mecR1=PARTIAL,murA_G257D=POINT,parC_S80F=POINT,rpoB_S464P=POINT,tet(38),tet(M)",18,"aur,hld,hlgA,hlgB,hlgC,icaC,lukD,lukE,sak,scn,sea,seb,sek,sel26,selX,seq,splA,splB",4.0.23,2025-06-03.1
PDT000021014.2|SAMN02325682|GCA_000531735.1|Staphylococcus aureus M0078||M0078|Generic,GCA_000531735.1,SAMN02325682,2003-09-25,"USA: Boston, MA",Homo sapiens,wound,,PDT000021014.2,2014-02-03,,15,"aadD1,ant(9)-Ia,blaR1=PARTIAL_END_OF_CONTIG,blaZ=PARTIAL_END_OF_CONTIG,bleO,erm(A),fosB,gyrA_S84L=POINT,mecA,mecI,mecR1,mepA,parC_E84G=POINT,parC_S80Y=POINT,tet(38)","aadD1,ant(9)-Ia,blaR1=PARTIAL_END_OF_CONTIG,blaZ=PARTIAL_END_OF_CONTIG,bleO,erm(A),fosB,gyrA_S84L=POINT,mecA,mecI,mecR1,parC_E84G=POINT,parC_S80Y=POINT,tet(38)",19,"aur,hld,hlgA,hlgB,hlgC,icaC=PARTIAL,lukE,sak,scn,sed=PARTIAL_END_OF_CONTIG,sei,sej=PARTIAL_END_OF_CONTIG,selX,sem,sen=MISTRANSLATION,seo,seu=PARTIAL,splA,splB",4.0.23,2025-06-03.1
PDT000021016.2|SAMN02325683|GCA_000531775.1|Staphylococcus aureus M0088||M0088|Generic,GCA_000531775.1,SAMN02325683,2003-09-26,"USA: Boston, MA",Homo sapiens,sputum,,PDT000021016.2,2014-02-03,,16,"aadD1,blaI,blaPC1,blaR1,bleO,folP_E208K=POINT,folP_F17L=POINT,fosB,gyrA_S84L=POINT,mecA,mecR1=PARTIAL,mepA,murA_G257D=POINT,parC_S80F=POINT,tet(38),tet(M)","aadD1,blaI,blaPC1,blaR1,bleO,folP_E208K=POINT,folP_F17L=POINT,fosB,gyrA_S84L=POINT,mecA,mecR1=PARTIAL,murA_G257D=POINT,parC_S80F=POINT,tet(38),tet(M)",19,"aur,hld,hlgA,hlgB,hlgC,icaC,lukD,lukE,sak,scn,sea,seb,sek,sel26,selX,seq,splA,splB,splE",4.2.7,2026-01-21.1
PDT000021017.2|SAMN02325684|GCA_000531835.1|Staphylococcus aureus M0105||M0105|Generic,GCA_000531835.1,SAMN02325684,2003-09-29,"USA: Boston, MA",Homo sapiens,urine (nephrostomy),,PDT000021017.2,2014-02-03,,13,"aadD1,ant(9)-Ia,bleO,erm(A),fosB,gyrA_S84L=POINT,mecA,mecI,mecR1,mepA,parC_E84G=POINT,parC_S80Y=POINT,tet(38)","aadD1,ant(9)-Ia,bleO,erm(A),fosB,gyrA_S84L=POINT,mecA,mecI,mecR1,parC_E84G=POINT,parC_S80Y=POINT,tet(38)",18,"aur,hld,hlgA,hlgB,hlgC,icaC,lukD,lukE,sak,scn,sei,selX,sem,sen=MISTRANSLATION,seo,seu=PARTIAL,splA,splB",4.0.23,2025-06-03.1
PDT000021018.2|SAMN02325685|GCA_000531855.1|Staphylococcus aureus M0113||M0113|Generic,GCA_000531855.1,SAMN02325685,2003-09-30,"USA: Boston, MA",Homo sapiens,tip,,PDT000021018.2,2014-02-03,,17,"aac(6')-Ie/aph(2'')-Ia,aadD1,blaI,blaR1,bleO,folP_E208K=POINT,folP_F17L=POINT,fosB,gyrA_S84L=POINT,mecA,mecR1=PARTIAL,mepA,murA_G257D=POINT,parC_S80F=POINT,rpoB_S464P=POINT,tet(38),tet(M)","aac(6')-Ie/aph(2'')-Ia,aadD1,blaI,blaR1,bleO,folP_E208K=POINT,folP_F17L=POINT,fosB,gyrA_S84L=POINT,mecA,mecR1=PARTIAL,murA_G257D=POINT,parC_S80F=POINT,rpoB_S464P=POINT,tet(38),tet(M)",19,"aur,hld,hlgA,hlgB,hlgC,icaC,lukD,lukE,sak,scn,sea,seb,sek,sel26,selX,seq,splA,splB,splE",4.0.23,2025-06-03.1
PDT000021019.2|SAMN02325756|GCA_000531875.1|Staphylococcus aureus M0745||M0745|Generic,GCA_000531875.1,SAMN02325756,2004-02-02,"USA: Boston, MA",Homo sapiens,nares,,PDT000021019.2,2014-02-03,,20,"aadD1,ant(9)-Ia,blaI,blaR1,blaZ=PARTIAL_END_OF_CONTIG,bleO,erm(A),folP_A184V=POINT,folP_F17L=POINT,glpT_A100V=POINT,gyrA_S84L=POINT,mecA,mecI=PARTIAL,mecR1,mepA,murA_E291D=POINT,murA_T396N=POINT,parC_S80F=POINT,parE_P585S=POINT,tet(38)","aadD1,ant(9)-Ia,blaI,blaR1,blaZ=PARTIAL_END_OF_CONTIG,bleO,erm(A),folP_A184V=POINT,folP_F17L=POINT,glpT_A100V=POINT,gyrA_S84L=POINT,mecA,mecI=PARTIAL,mecR1,murA_E291D=POINT,murA_T396N=POINT,parC_S80F=POINT,parE_P585S=POINT,tet(38)",14,"aur=PARTIAL,hld,hlgA,hlgB,hlgC,icaC,sak,scn,sei,sel26,sem,sen,seo,seu",4.0.23,2025-06-03.1
PDT000021020.2|SAMN02325757|GCA_000531895.1|Staphylococcus aureus M0776||M0776|Generic,GCA_000531895.1,SAMN02325757,2004-02-10,"USA: Boston, MA",Homo sapiens,blood,,PDT000021020.2,2014-02-03,,21,"aadD1,ant(6)-Ia=MISTRANSLATION,ant(9)-Ia,aph(3')-IIIa,blaI,blaR1,blaZ,bleO,erm(A),fosB,gyrA_S84L=POINT,mecA,mecI,mecR1,mepA,mph(C),msr(A),parC_E84G=POINT,parC_S80Y=POINT,sat4,tet(38)","aadD1,ant(6)-Ia=MISTRANSLATION,ant(9)-Ia,aph(3')-IIIa,blaI,blaR1,blaZ,bleO,erm(A),fosB,gyrA_S84L=POINT,mecA,mecI,mecR1,mph(C),msr(A),parC_E84G=POINT,parC_S80Y=POINT,sat4,tet(38)",17,"aur,hld,hlgA,hlgB,hlgC,icaC,lukE,sak,scn,sei,selX,sem,sen=MISTRANSLATION,seo,seu=PARTIAL,splA,splB",4.2.7,2026-01-21.1
PDT000021021.2|SAMN02325760|GCA_000531955.1|Staphylococcus aureus M0816||M0816|Generic,GCA_000531955.1,SAMN02325760,2004-02-20,"USA: Boston, MA",Homo sapiens,bronchial alveolar lavage,,PDT000021021.2,2014-02-03,,16,"aac(6')-Ie/aph(2'')-Ia,aadD1,ant(9)-Ia,blaI,blaR1=PARTIAL_END_OF_CONTIG,bleO,dfrS1,erm(A),fosB,gyrA_S84L=POINT,mecA,mecI,mecR1,mepA,parC_S80F=POINT,tet(38)","aac(6')-Ie/aph(2'')-Ia,aadD1,ant(9)-Ia,blaI,blaR1=PARTIAL_END_OF_CONTIG,bleO,dfrS1,erm(A),fosB,gyrA_S84L=POINT,mecA,mecI,mecR1,parC_S80F=POINT,tet(38)",18,"aur,hld,hlgA,hlgB,hlgC,icaC,lukD,lukE,sak,scn=MISTRANSLATION,sei,selX,sem,sen=MISTRANSLATION,seo,sep,seu=PARTIAL,splB",4.0.23,2025-06-03.1
PDT000021022.2|SAMN02325761|GCA_000531975.1|Staphylococcus aureus M0827||M0827|Generic,GCA_000531975.1,SAMN02325761,2004-02-23,"USA: Boston, MA",Homo sapiens,joint fluid,,PDT000021022.2,2014-02-03,,16,"aadD1,ant(9)-Ia,blaI,blaR1,blaZ=PARTIAL_END_OF_CONTIG,bleO,erm(A),fosB,gyrA_S84L=POINT,mecA,mecI,mecR1,mepA,parC_E84G=POINT,parC_S80Y=POINT,tet(38)","aadD1,ant(9)-Ia,blaI,blaR1,blaZ=PARTIAL_END_OF_CONTIG,bleO,erm(A),fosB,gyrA_S84L=POINT,mecA,mecI,mecR1,parC_E84G=POINT,parC_S80Y=POINT,tet(38)",20,"aur,hld,hlgA,hlgB,hlgC,icaC,lukE,sak,scn,sed,sei,sej,selX,sem,sen=MISTRANSLATION,seo,ser,seu=PARTIAL,splA,splB",4.0.23,2025-06-03.1
PDT000021023.2|SAMN02325762|GCA_000531995.1|Staphylococcus aureus M0849||M0849|Generic,GCA_000531995.1,SAMN02325762,2004-02-24,"USA: Boston, MA",Homo sapiens,nares,,PDT000021023.2,2014-02-03,,16,"aadD1,ant(9)-Ia,blaI,blaR1,blaZ,bleO,erm(A),fosB,gyrA_S84L=POINT,mecA,mecI,mecR1,mepA,parC_E84G=POINT,parC_S80Y=POINT,tet(38)","aadD1,ant(9)-Ia,blaI,blaR1,blaZ,bleO,erm(A),fosB,gyrA_S84L=POINT,mecA,mecI,mecR1,parC_E84G=POINT,parC_S80Y=POINT,tet(38)",20,"aur,hld,hlgA,hlgB,hlgC,icaC,lukD,lukE,sak,scn,sed=PARTIAL_END_OF_CONTIG,sei,sej,sem,sen=MISTRANSLATION,seo,ser=PARTIAL,seu=PARTIAL,splA,splB",4.0.23,2025-06-03.1
PDT000021024.2|SAMN02325763|GCA_000532015.1|Staphylococcus aureus M0860||M0860|Generic,GCA_000532015.1,SAMN02325763,2004-02-27,"USA: Boston, MA",Homo sapiens,abdominal fluid,,PDT000021024.2,2014-02-03,,19,"aadD1,ant(6)-Ia=MISTRANSLATION,ant(9)-Ia,aph(3')-IIIa,blaI,blaR1,bleO,erm(A),fosB,gyrA_S84L=POINT,mecA,mecI,mecR1,mepA,mph(C)=PARTIAL_END_OF_CONTIG,parC_E84G=POINT,parC_S80Y=POINT,sat4,tet(38)","aadD1,ant(6)-Ia=MISTRANSLATION,ant(9)-Ia,aph(3')-IIIa,blaI,blaR1,bleO,erm(A),fosB,gyrA_S84L=POINT,mecA,mecI,mecR1,mph(C)=PARTIAL_END_OF_CONTIG,parC_E84G=POINT,parC_S80Y=POINT,sat4,tet(38)",18,"aur,hld,hlgA,hlgB,hlgC,icaC,lukD,lukE,sak,scn,sei,selX,sem,sen=MISTRANSLATION,seo,seu=PARTIAL,splA,splB",4.2.7,2026-01-21.1
PDT000021025.2|SAMN02325765|GCA_000532035.1|Staphylococcus aureus M0864||M0864|Generic,GCA_000532035.1,SAMN02325765,2004-02-28,"USA: Boston, MA",Homo sapiens,sputum,,PDT000021025.2,2014-02-03,,16,"aadD1,ant(9)-Ia,blaI,blaR1=PARTIAL_END_OF_CONTIG,bleO,erm(A),erm(A)=PARTIAL_END_OF_CONTIG,fosB,gyrA_S84L=POINT,mecA,mecI,mecR1,mepA,parC_E84G=POINT,parC_S80Y=POINT,tet(38)","aadD1,ant(9)-Ia,blaI,blaR1=PARTIAL_END_OF_CONTIG,bleO,erm(A),erm(A)=PARTIAL_END_OF_CONTIG,fosB,gyrA_S84L=POINT,mecA,mecI,mecR1,parC_E84G=POINT,parC_S80Y=POINT,tet(38)",20,"aur,hld,hlgA,hlgB,hlgC,icaC,lukD,lukE,sak,scn,sei,sej=PARTIAL_END_OF_CONTIG,selX,sem,sen=MISTRANSLATION,seo,ser,seu=PARTIAL,splA,splB",4.0.23,2025-06-03.1
PDT000021026.2|SAMN02325782|GCA_000532075.1|Staphylococcus aureus M0884||M0884|Generic,GCA_000532075.1,SAMN02325782,2004-03-02,"USA: Boston, MA",Homo sapiens,sputum,,PDT000021026.2,2014-02-03,,16,"aadD1,ant(9)-Ia,ant(9)-Ia=PARTIAL_END_OF_CONTIG,blaR1=PARTIAL_END_OF_CONTIG,bleO,erm(A),fosB,gyrA_S84L=POINT,mecA,mecI,mecR1,mepA,msr(A)=PARTIAL_END_OF_CONTIG,parC_E84G=POINT,parC_S80Y=POINT,tet(38)","aadD1,ant(9)-Ia,ant(9)-Ia=PARTIAL_END_OF_CONTIG,blaR1=PARTIAL_END_OF_CONTIG,bleO,erm(A),fosB,gyrA_S84L=POINT,mecA,mecI,mecR1,msr(A)=PARTIAL_END_OF_CONTIG,parC_E84G=POINT,parC_S80Y=POINT,tet(38)",17,"aur,hld,hlgA,hlgB,hlgC,icaC,lukE,sak,scn,sei,selX,sem,sen=MISTRANSLATION,seo,seu=PARTIAL,splA,splB",4.2.7,2026-01-21.1
PDT000021027.2|SAMN02325793|GCA_000532095.1|Staphylococcus aureus M0896||M0896|Generic,GCA_000532095.1,SAMN02325793,2004-03-04,"USA: Boston, MA",Homo sapiens,tissue,,PDT000021027.2,2014-02-03,,18,"aadD1,ant(9)-Ia,blaR1=PARTIAL_END_OF_CONTIG,bleO,erm(A),folP_A184V=POINT,folP_F17L=POINT,glpT_A100V=POINT,gyrA_S84L=POINT,mecA,mecI=PARTIAL,mecR1,mepA,murA_E291D=POINT,murA_T396N=POINT,parC_S80F=POINT,parE_P585S=POINT,tet(38)","aadD1,ant(9)-Ia,blaR1=PARTIAL_END_OF_CONTIG,bleO,erm(A),folP_A184V=POINT,folP_F17L=POINT,glpT_A100V=POINT,gyrA_S84L=POINT,mecA,mecI=PARTIAL,mecR1,murA_E291D=POINT,murA_T396N=POINT,parC_S80F=POINT,parE_P585S=POINT,tet(38)",14,"aur=PARTIAL,hld,hlgA,hlgB,hlgC,icaC,sak,scn,sei,sel26,sem,sen,seo,seu",4.0.23,2025-06-03.1
PDT000021028.2|SAMN02325804|GCA_000532115.1|Staphylococcus aureus M0908||M0908|Generic,GCA_000532115.1,SAMN02325804,2004-03-07,"USA: Boston, MA",Homo sapiens,sputum,,PDT000021028.2,2014-02-03,,15,"aadD1,ant(9)-Ia,blaI,bleO,erm(A),fosB,gyrA_E88K=POINT,gyrA_S84L=POINT,mecA,mecI,mecR1,mepA,parC_E84G=POINT,parC_S80Y=POINT,tet(38)","aadD1,ant(9)-Ia,blaI,bleO,erm(A),fosB,gyrA_E88K=POINT,gyrA_S84L=POINT,mecA,mecI,mecR1,parC_E84G=POINT,parC_S80Y=POINT,tet(38)",19,"aur,hld,hlgA,hlgB,hlgC,icaC,lukD,lukE,sak,scn,sei,sej,selX,sem,sen=MISTRANSLATION,seo,seu=PARTIAL,splA,splB",4.0.23,2025-06-03.1
PDT000021029.2|SAMN02325810|GCA_000532135.1|Staphylococcus aureus M0915||M0915|Generic,GCA_000532135.1,SAMN02325810,2004-03-08,"USA: Boston, MA",Homo sapiens,eye,,PDT000021029.2,2014-02-03,,14,"aadD1,ant(9)-Ia,bleO,erm(A),fosB,gyrA_E88K=POINT,gyrA_S84L=POINT,mecA,mecI,mecR1,mepA,parC_E84G=POINT,parC_S80Y=POINT,tet(38)","aadD1,ant(9)-Ia,bleO,erm(A),fosB,gyrA_E88K=POINT,gyrA_S84L=POINT,mecA,mecI,mecR1,parC_E84G=POINT,parC_S80Y=POINT,tet(38)",17,"aur,hld,hlgA,hlgB,hlgC,icaC,lukE,sak,scn,sei,selX,sem,sen=MISTRANSLATION,seo,seu=PARTIAL,splA,splB",4.0.23,2025-06-03.1
PDT000021030.2|SAMN02325828|GCA_000532155.1|Staphylococcus aureus M0938||M0938|Generic,GCA_000532155.1,SAMN02325828,2004-03-11,"USA: Boston, MA",Homo sapiens,sputum,,PDT000021030.2,2014-02-03,,18,"aadD1,ant(9)-Ia,aph(3')-IIIa,blaZ=PARTIAL_END_OF_CONTIG,bleO,erm(A),fosB,gyrA_E88K=POINT,gyrA_S84L=POINT,mecA,mecI,mecR1,mepA,mph(C),msr(A),parC_E84G=POINT,parC_S80Y=POINT,tet(38)","aadD1,ant(9)-Ia,aph(3')-IIIa,blaZ=PARTIAL_END_OF_CONTIG,bleO,erm(A),fosB,gyrA_E88K=POINT,gyrA_S84L=POINT,mecA,mecI,mecR1,mph(C),msr(A),parC_E84G=POINT,parC_S80Y=POINT,tet(38)",18,"aur,hld,hlgA,hlgB,hlgC,icaC,lukD,lukE,sak,scn,sei,selX,sem,sen=MISTRANSLATION,seo,seu=PARTIAL,splA,splB",4.0.23,2025-06-03.1
PDT000021031.2|SAMN02325837|GCA_000532175.1|Staphylococcus aureus M0950||M0950|Generic,GCA_000532175.1,SAMN02325837,2004-03-13,"USA: Boston, MA",Homo sapiens,urine,,PDT000021031.2,2014-02-03,,14,"aadD1,ant(9)-Ia,bleO,erm(A),fosB,gyrA_S84L=POINT,gyrA_S85P=POINT,mecA,mecI,mecR1,mepA,parC_E84G=POINT,parC_S80Y=POINT,tet(38)","aadD1,ant(9)-Ia,bleO,erm(A),fosB,gyrA_S84L=POINT,gyrA_S85P=POINT,mecA,mecI,mecR1,parC_E84G=POINT,parC_S80Y=POINT,tet(38)",19,"aur,hld,hlgA,hlgB,hlgC,icaC,lukE,sak,scn,sei,sej,selX,sem,sen=MISTRANSLATION,seo,ser=PARTIAL_END_OF_CONTIG,seu=PARTIAL,splA,splB",4.2.7,2026-01-21.1
PDT000021032.2|SAMN02325847|GCA_000532195.1|Staphylococcus aureus M0962||M0962|Generic,GCA_000532195.1,SAMN02325847,2004-03-16,"USA: Boston, MA",Homo sapiens,nares,,PDT000021032.2,2014-02-03,,16,"aadD1,ant(9)-Ia,blaI,blaR1=PARTIAL_END_OF_CONTIG,blaZ,bleO,erm(A),fosB,gyrA_S84L=POINT,mecA,mecI,mecR1,mepA,parC_E84G=POINT,parC_S80Y=POINT,tet(38)","aadD1,ant(9)-Ia,blaI,blaR1=PARTIAL_END_OF_CONTIG,blaZ,bleO,erm(A),fosB,gyrA_S84L=POINT,mecA,mecI,mecR1,parC_E84G=POINT,parC_S80Y=POINT,tet(38)",21,"aur,hld,hlgA,hlgB,hlgC,icaC,lukD,lukE,sak,scn,sed=PARTIAL_END_OF_CONTIG,sei,sej,selX=MISTRANSLATION,sem,sen=MISTRANSLATION,seo,ser=PARTIAL,seu=PARTIAL,splA,splB",4.0.23,2025-06-03.1
PDT000021033.2|SAMN02360764|GCA_000532315.1|Staphylococcus aureus M1042||M1042|Generic,GCA_000532315.1,SAMN02360764,2004-03-29,,,,,PDT000021033.2,2014-02-03,,15,"aadD1,ant(9)-Ia,blaI,blaR1=PARTIAL_END_OF_CONTIG,bleO,erm(A),fosB,gyrA_S84L=POINT,mecA,mecI,mecR1,mepA,parC_E84G=POINT,parC_S80Y=POINT,tet(38)","aadD1,ant(9)-Ia,blaI,blaR1=PARTIAL_END_OF_CONTIG,bleO,erm(A),fosB,gyrA_S84L=POINT,mecA,mecI,mecR1,parC_E84G=POINT,parC_S80Y=POINT,tet(38)",20,"aur,hld,hlgA,hlgB,hlgC,icaC,lukD,lukE,sak,scn,sei,sej=PARTIAL_END_OF_CONTIG,selX=MISTRANSLATION,sem,sen=MISTRANSLATION,seo,ser=PARTIAL,seu=PARTIAL,splA,splB",4.0.23,2025-06-03.1
PDT000021034.2|SAMN02360765|GCA_000532335.1|Staphylococcus aureus M1052||M1052|Generic,GCA_000532335.1,SAMN02360765,2004-04-07,,,,,PDT000021034.2,2014-02-03,,16,"aadD1,ant(9)-Ia,blaI,blaR1=PARTIAL_END_OF_CONTIG,blaZ,bleO,erm(A),fosB,gyrA_S84L=POINT,mecA,mecI,mecR1,mepA,parC_E84K=POINT,parC_S80F=POINT,tet(38)","aadD1,ant(9)-Ia,blaI,blaR1=PARTIAL_END_OF_CONTIG,blaZ,bleO,erm(A),fosB,gyrA_S84L=POINT,mecA,mecI,mecR1,parC_E84K=POINT,parC_S80F=POINT,tet(38)",21,"aur,hld,hlgA,hlgB,hlgC,icaC,lukD,lukE,sak,scn,sed=PARTIAL_END_OF_CONTIG,sei,sej,selX,sem,sen=MISTRANSLATION,seo,ser,splA,splB,tst",4.0.23,2025-06-03.1
PDT000021035.2|SAMN02360769|GCA_000532415.1|Staphylococcus aureus M1104||M1104|Generic,GCA_000532415.1,SAMN02360769,2004-04-19,,,,,PDT000021035.2,2014-02-03,,15,"aadD1,ant(9)-Ia,blaI,blaR1,blaZ,bleO,erm(A),fosB,gyrA_S84L=POINT,mecA,mecI,mecR1,mepA,parC_S80F=POINT,tet(38)","aadD1,ant(9)-Ia,blaI,blaR1,blaZ,bleO,erm(A),fosB,gyrA_S84L=POINT,mecA,mecI,mecR1,parC_S80F=POINT,tet(38)",23,"aur,hld,hlgA,hlgB,hlgC,icaC,lukD,lukE,sak,sasG=PARTIAL,scn,sed,sei,sej,selX,sem,sen=MISTRANSLATION,seo,sep,ser,seu=PARTIAL,splA,splB",4.0.23,2025-06-03.1
PDT000021036.2|SAMN02360770|GCA_000532435.1|Staphylococcus aureus M1375||M1375|Generic,GCA_000532435.1,SAMN02360770,2004-06-29,"USA: Boston, MA",Homo sapiens,,,PDT000021036.2,2014-02-03,,18,"aadD1,blaI,blaPC1,blaR1,bleO,dfrS1,folP_E208K=POINT,folP_F17L=POINT,fosB,gyrA_S84L=POINT,mecA,mecR1=PARTIAL,mepA,murA_G257D=POINT,parC_E84G=POINT,parC_S80F=POINT,tet(38),tet(M)","aadD1,blaI,blaPC1,blaR1,bleO,dfrS1,folP_E208K=POINT,folP_F17L=POINT,fosB,gyrA_S84L=POINT,mecA,mecR1=PARTIAL,murA_G257D=POINT,parC_E84G=POINT,parC_S80F=POINT,tet(38),tet(M)",16,"aur,hld,hlgA,hlgB,hlgC,icaC,lukD,lukE,seb,sek,sel26,selX,seq,splA,splB,splE",4.0.23,2025-06-03.1
PDT000021037.2|SAMN02360771|GCA_000532455.1|Staphylococcus aureus M1376||M1376|Generic,GCA_000532455.1,SAMN02360771,2004-06-29,"USA: Boston, MA",Homo sapiens,,,PDT000021037.2,2014-02-03,,15,"aadD1,ant(9)-Ia,blaI,blaR1,blaZ,bleO,erm(A),fosB,gyrA_S84L=POINT,mecA,mecI,mecR1,mepA,parC_S80Y=POINT,tet(38)","aadD1,ant(9)-Ia,blaI,blaR1,blaZ,bleO,erm(A),fosB,gyrA_S84L=POINT,mecA,mecI,mecR1,parC_S80Y=POINT,tet(38)",19,"aur,hld,hlgA,hlgB,hlgC,icaC,lukD,lukE,sak,scn,sei,selX,sem,sen=MISTRANSLATION,seo,sep,seu=PARTIAL,splA,splB",4.2.7,2026-01-21.1
PDT000021038.2|SAMN02360772|GCA_000532475.1|Staphylococcus aureus M1381||M1381|Generic,GCA_000532475.1,SAMN02360772,2004-06-30,"USA: Boston, MA",Homo sapiens,,,PDT000021038.2,2014-02-03,,16,"aadD1,ant(9)-Ia,blaI=PARTIAL_END_OF_CONTIG,blaR1,blaZ,bleO,erm(A),fosB,gyrA_S84L=POINT,mecA,mecI,mecR1,mepA,parC_E84G=POINT,parC_S80Y=POINT,tet(38)","aadD1,ant(9)-Ia,blaI=PARTIAL_END_OF_CONTIG,blaR1,blaZ,bleO,erm(A),fosB,gyrA_S84L=POINT,mecA,mecI,mecR1,parC_E84G=POINT,parC_S80Y=POINT,tet(38)",20,"aur,hld,hlgA,hlgB,hlgC,icaC,lukE,sak,scn,sed=PARTIAL_END_OF_CONTIG,sei,sej,selX,sem,sen=MISTRANSLATION,seo,ser,seu=PARTIAL,splA,splB",4.0.23,2025-06-03.1
PDT000021039.2|SAMN02360778|GCA_000532595.1|Staphylococcus aureus M1440||M1440|Generic,GCA_000532595.1,SAMN02360778,2004-07-13,"USA: Boston, MA",Homo sapiens,,,PDT000021039.2,2014-02-03,,20,"aadD1,ant(9)-Ia,aph(3')-IIIa,blaI,blaR1,blaZ,bleO,erm(A),fosB,gyrA_S84L=POINT,mecA,mecI,mecR1,mepA,mph(C),msr(A),parC_E84G=POINT,parC_S80Y=POINT,sat4,tet(38)","aadD1,ant(9)-Ia,aph(3')-IIIa,blaI,blaR1,blaZ,bleO,erm(A),fosB,gyrA_S84L=POINT,mecA,mecI,mecR1,mph(C),msr(A),parC_E84G=POINT,parC_S80Y=POINT,sat4,tet(38)",18,"aur,hld,hlgA,hlgB,hlgC,icaC,lukD,lukE,sak,scn,sei,selX,sem,sen=MISTRANSLATION,seo,seu=PARTIAL,splA,splB",4.0.23,2025-06-03.1
PDT000021040.2|SAMN02360841|GCA_000532775.1|Staphylococcus aureus M1175||M1175|Generic,GCA_000532775.1,SAMN02360841,2004-11-05,"USA: Boston, MA, USA",Homo sapiens,nares,,PDT000021040.2,2014-02-03,,16,"aadD1,ant(9)-Ia,blaI,blaR1,blaZ,bleO,erm(A),fosB,gyrA_S84L=POINT,mecA,mecI,mecR1,mepA,parC_E84G=POINT,parC_S80Y=POINT,tet(38)","aadD1,ant(9)-Ia,blaI,blaR1,blaZ,bleO,erm(A),fosB,gyrA_S84L=POINT,mecA,mecI,mecR1,parC_E84G=POINT,parC_S80Y=POINT,tet(38)",17,"aur,hld,hlgA,hlgB,hlgC,icaC,lukE,sak,scn,sei,selX,sem,sen=MISTRANSLATION,seo,seu=PARTIAL,splA,splB",4.0.23,2025-06-03.1
PDT000021041.2|SAMN02360842|GCA_000532795.1|Staphylococcus aureus M1176||M1176|Generic,GCA_000532795.1,SAMN02360842,2004-11-05,"USA: Boston, MA, USA",Homo sapiens,nares,,PDT000021041.2,2014-02-03,,16,"aadD1,ant(9)-Ia,blaI,blaR1,blaZ,bleO,erm(A),fosB,gyrA_S84L=POINT,mecA,mecI,mecR1,mepA,parC_E84G=POINT,parC_S80Y=POINT,tet(38)","aadD1,ant(9)-Ia,blaI,blaR1,blaZ,bleO,erm(A),fosB,gyrA_S84L=POINT,mecA,mecI,mecR1,parC_E84G=POINT,parC_S80Y=POINT,tet(38)",17,"aur,hld,hlgA,hlgB,hlgC,icaC,lukE,sak,scn,sei,selX,sem,sen=MISTRANSLATION,seo,seu=PARTIAL,splA,splB",4.0.23,2025-06-03.1
PDT000021042.2|SAMN02360843|GCA_000532815.1|Staphylococcus aureus M1177||M1177|Generic,GCA_000532815.1,SAMN02360843,2004-11-05,"USA: Boston, MA, USA",Homo sapiens,nares,,PDT000021042.2,2014-02-03,,15,"aadD1,ant(9)-Ia,blaI,blaR1,bleO,erm(A),fosB,gyrA_S84L=POINT,mecA,mecI,mecR1,mepA,parC_E84K=POINT,parC_S80F=POINT,tet(38)","aadD1,ant(9)-Ia,blaI,blaR1,bleO,erm(A),fosB,gyrA_S84L=POINT,mecA,mecI,mecR1,parC_E84K=POINT,parC_S80F=POINT,tet(38)",20,"aur,hld,hlgA,hlgB,hlgC,icaC,lukD,lukE,sak,scn,sei,sej,selX,sem,sen=MISTRANSLATION,seo,ser,splA,splB,tst",4.0.23,2025-06-03.1
PDT000021043.2|SAMN02360849|GCA_000532835.1|Staphylococcus aureus M1183||M1183|Generic,GCA_000532835.1,SAMN02360849,2004-12-05,"USA: Boston, MA, USA",Homo sapiens,wound,,PDT000021043.2,2014-02-03,,18,"aadD1,blaI,blaPC1,blaR1,bleO,folP_E208K=POINT,folP_F17L=POINT,fosB,gyrA_S84L=POINT,mecA,mecR1=PARTIAL,mepA,murA_G257D=POINT,parC_E84G=POINT,parC_S80F=POINT,rpoB_S529L=POINT,tet(38),tet(M)","aadD1,blaI,blaPC1,blaR1,bleO,folP_E208K=POINT,folP_F17L=POINT,fosB,gyrA_S84L=POINT,mecA,mecR1=PARTIAL,murA_G257D=POINT,parC_E84G=POINT,parC_S80F=POINT,rpoB_S529L=POINT,tet(38),tet(M)",19,"aur,hld,hlgA,hlgB,hlgC,icaC,lukD,lukE=PARTIAL,sak,scn,sea,seb,sek,sel26,selX,seq,splA,splB,splE",4.0.23,2025-06-03.1
PDT000021044.2|SAMN02360850|GCA_000532855.1|Staphylococcus aureus M1184||M1184|Generic,GCA_000532855.1,SAMN02360850,2004-12-05,"USA: Boston, MA, USA",Homo sapiens,nares,,PDT000021044.2,2014-02-03,,13,"aadD1,ant(9)-Ia,bleO,erm(A),fosB,gyrA_S84L=POINT,mecA,mecI,mecR1,mepA,parC_E84G=POINT,parC_S80Y=POINT,tet(38)","aadD1,ant(9)-Ia,bleO,erm(A),fosB,gyrA_S84L=POINT,mecA,mecI,mecR1,parC_E84G=POINT,parC_S80Y=POINT,tet(38)",18,"aur,hld,hlgA,hlgB,hlgC,icaC,lukD,lukE,sak,scn,sei,selX,sem,sen=MISTRANSLATION,seo,seu=PARTIAL,splA,splB",4.0.23,2025-06-03.1
PDT000021045.2|SAMN02360858|GCA_000532875.1|Staphylococcus aureus M1194||M1194|Generic,GCA_000532875.1,SAMN02360858,2004-05-14,"USA: Boston, MA, USA",Homo sapiens,nares,,PDT000021045.2,2014-02-03,,16,"aadD1,ant(9)-Ia,blaI,blaR1,blaZ,bleO,erm(A),fosB,gyrA_S84L=POINT,mecA,mecI,mecR1,mepA,parC_E84G=POINT,parC_S80Y=POINT,tet(38)","aadD1,ant(9)-Ia,blaI,blaR1,blaZ,bleO,erm(A),fosB,gyrA_S84L=POINT,mecA,mecI,mecR1,parC_E84G=POINT,parC_S80Y=POINT,tet(38)",19,"aur,hld,hlgA,hlgB,hlgC,icaC,lukE,sak,scn,sei,sej,selX,sem,sen=MISTRANSLATION,seo,ser,seu=PARTIAL,splA,splB",4.0.23,2025-06-03.1
PDT000021046.2|SAMN02360860|GCA_000532895.1|Staphylococcus aureus M1196||M1196|Generic,GCA_000532895.1,SAMN02360860,2004-05-14,"USA: Boston, MA, USA",Homo sapiens,tip,,PDT000021046.2,2014-02-03,,13,"aadD1,ant(9)-Ia,bleO,erm(A),fosB,gyrA_S84L=POINT,mecA,mecI,mecR1,mepA,parC_E84G=POINT,parC_S80Y=POINT,tet(38)","aadD1,ant(9)-Ia,bleO,erm(A),fosB,gyrA_S84L=POINT,mecA,mecI,mecR1,parC_E84G=POINT,parC_S80Y=POINT,tet(38)",18,"aur,hld,hlgA,hlgB,hlgC,icaC,lukD,lukE,sak,scn,sei,selX,sem,sen=MISTRANSLATION,seo,seu=PARTIAL,splA,splB",4.0.23,2025-06-03.1
PDT000021047.2|SAMN02360894|GCA_000532915.1|Staphylococcus aureus M1240||M1240|Generic,GCA_000532915.1,SAMN02360894,2004-05-25,"USA: Boston, MA, USA",Homo sapiens,nares,,PDT000021047.2,2014-02-03,,16,"aadD1,ant(9)-Ia,blaI,blaR1=PARTIAL_END_OF_CONTIG,blaZ=PARTIAL_END_OF_CONTIG,bleO,erm(A),fosB,gyrA_S84L=POINT,mecA,mecI,mecR1,mepA,parC_E84G=POINT,parC_S80Y=POINT,tet(38)","aadD1,ant(9)-Ia,blaI,blaR1=PARTIAL_END_OF_CONTIG,blaZ=PARTIAL_END_OF_CONTIG,bleO,erm(A),fosB,gyrA_S84L=POINT,mecA,mecI,mecR1,parC_E84G=POINT,parC_S80Y=POINT,tet(38)",20,"aur,hld,hlgA,hlgB,hlgC,icaC,lukE,sak,scn,sed=PARTIAL_END_OF_CONTIG,sei,sej,selX,sem,sen=MISTRANSLATION,seo,ser=PARTIAL_END_OF_CONTIG,seu=PARTIAL,splA,splB",4.0.23,2025-06-03.1
PDT000021048.2|SAMN02360930|GCA_000532935.1|Staphylococcus aureus M1287||M1287|Generic,GCA_000532935.1,SAMN02360930,2004-07-06,"USA: Boston, MA, USA",Homo sapiens,nares,,PDT000021048.2,2014-02-03,,16,"aadD1,ant(9)-Ia,blaI=MISTRANSLATION,blaZ=PARTIAL_END_OF_CONTIG,bleO,erm(A),fosB,gyrA_E88K=POINT,gyrA_S84L=POINT,mecA,mecI,mecR1,mepA,parC_E84G=POINT,parC_S80Y=POINT,tet(38)","aadD1,ant(9)-Ia,blaI=MISTRANSLATION,blaZ=PARTIAL_END_OF_CONTIG,bleO,erm(A),fosB,gyrA_E88K=POINT,gyrA_S84L=POINT,mecA,mecI,mecR1,parC_E84G=POINT,parC_S80Y=POINT,tet(38)",20,"aur,hld,hlgA,hlgB,hlgC,icaC,lukD,lukE,sak,scn,sei,sej,selX,sem,sen=MISTRANSLATION,seo,ser,seu=PARTIAL,splA,splB",4.2.7,2026-01-21.1
PDT000021049.2|SAMN02360936|GCA_000532955.1|Staphylococcus aureus M1294||M1294|Generic,GCA_000532955.1,SAMN02360936,2004-07-06,"USA: Boston, MA, USA",Homo sapiens,nares,,PDT000021049.2,2014-02-03,,18,"aadD1,blaI,blaPC1,blaR1,bleO,folP_E208K=POINT,folP_F17L=POINT,fosB,gyrA_S84L=POINT,mecA,mecR1=PARTIAL,mepA,murA_G257D=POINT,parC_E84G=POINT,parC_S80F=POINT,rpoB_S529L=POINT,tet(38),tet(M)","aadD1,blaI,blaPC1,blaR1,bleO,folP_E208K=POINT,folP_F17L=POINT,fosB,gyrA_S84L=POINT,mecA,mecR1=PARTIAL,murA_G257D=POINT,parC_E84G=POINT,parC_S80F=POINT,rpoB_S529L=POINT,tet(38),tet(M)",19,"aur,hld,hlgA,hlgB,hlgC,icaC,lukD,lukE=PARTIAL,sak,scn,sea,seb,sek,sel26,selX,seq,splA,splB,splE",4.0.23,2025-06-03.1
PDT000021050.2|SAMN02360941|GCA_000532975.1|Staphylococcus aureus M1299||M1299|Generic,GCA_000532975.1,SAMN02360941,2004-08-06,"USA: Boston, MA, USA",Homo sapiens,nares,,PDT000021050.2,2014-02-03,,18,"aadD1,ant(6)-Ia=MISTRANSLATION,ant(9)-Ia,aph(3')-IIIa,bleO,erm(A),fosB,gyrA_S84L=POINT,mecA,mecI,mecR1,mepA,mph(C),msr(A),parC_E84G=POINT,parC_S80Y=POINT,sat4,tet(38)","aadD1,ant(6)-Ia=MISTRANSLATION,ant(9)-Ia,aph(3')-IIIa,bleO,erm(A),fosB,gyrA_S84L=POINT,mecA,mecI,mecR1,mph(C),msr(A),parC_E84G=POINT,parC_S80Y=POINT,sat4,tet(38)",21,"aur,hld,hlgA,hlgB,hlgC,icaC,lukD,lukE,sak,scn,sed,sei,sej,selX,sem,sen=MISTRANSLATION,seo,ser,seu=PARTIAL,splA,splB",4.0.23,2025-06-03.1
PDT000021051.2|SAMN02360942|GCA_000532995.1|Staphylococcus aureus M1300||M1300|Generic,GCA_000532995.1,SAMN02360942,2004-09-06,"USA: Boston, MA, USA",Homo sapiens,sputum,,PDT000021051.2,2014-02-03,,16,"aadD1,ant(9)-Ia,blaR1=PARTIAL_END_OF_CONTIG,blaZ,bleO,erm(A),fosB,gyrA_E88K=POINT,gyrA_S84L=POINT,mecA,mecI,mecR1,mepA,parC_E84G=POINT,parC_S80Y=POINT,tet(38)","aadD1,ant(9)-Ia,blaR1=PARTIAL_END_OF_CONTIG,blaZ,bleO,erm(A),fosB,gyrA_E88K=POINT,gyrA_S84L=POINT,mecA,mecI,mecR1,parC_E84G=POINT,parC_S80Y=POINT,tet(38)",20,"aur,hld,hlgA,hlgB,hlgC,icaC,lukD,lukE,sak,scn,sei,sej,selX,sem,sen=MISTRANSLATION,seo,ser,seu=PARTIAL,splA,splB",4.0.23,2025-06-03.1
PDT000021052.2|SAMN02363977|GCA_000533015.1|Staphylococcus aureus M1342||M1342|Generic,GCA_000533015.1,SAMN02363977,2004-06-21,"USA: Boston, MA",Homo sapiens,tissue,,PDT000021052.2,2014-02-03,,15,"aadD1,ant(9)-Ia,ant(9)-Ia=PARTIAL_END_OF_CONTIG,bleO,erm(A),erm(A)=PARTIAL_END_OF_CONTIG,fosB,gyrA_S84L=POINT,mecA,mecI,mecR1,mepA,parC_E84G=POINT,parC_S80Y=POINT,tet(38)","aadD1,ant(9)-Ia,ant(9)-Ia=PARTIAL_END_OF_CONTIG,bleO,erm(A),erm(A)=PARTIAL_END_OF_CONTIG,fosB,gyrA_S84L=POINT,mecA,mecI,mecR1,parC_E84G=POINT,parC_S80Y=POINT,tet(38)",17,"aur,hld,hlgA,hlgB,hlgC,icaC,lukE,sak,scn,sei,selX,sem,sen=MISTRANSLATION,seo,seu=PARTIAL,splA,splB",4.0.23,2025-06-03.1
PDT000021053.2|SAMN02363981|GCA_000533035.1|Staphylococcus aureus M1346||M1346|Generic,GCA_000533035.1,SAMN02363981,2004-06-22,"USA: Boston, MA",Homo sapiens,,,PDT000021053.2,2014-02-03,,19,"aadD1,blaI,blaPC1,blaR1,bleO,folP_E208K=POINT,folP_F17L=POINT,fosB,gyrA_S84L=POINT,mecA,mecR1=PARTIAL,mepA,murA_G257D=POINT,parC_E84G=POINT,parC_S80F=POINT,rpoB_H481N=POINT,rpoB_S529L=POINT,tet(38),tet(M)","aadD1,blaI,blaPC1,blaR1,bleO,folP_E208K=POINT,folP_F17L=POINT,fosB,gyrA_S84L=POINT,mecA,mecR1=PARTIAL,murA_G257D=POINT,parC_E84G=POINT,parC_S80F=POINT,rpoB_H481N=POINT,rpoB_S529L=POINT,tet(38),tet(M)",19,"aur,hld,hlgA,hlgB,hlgC,icaC,lukD,lukE=PARTIAL,sak,scn,sea,seb,sek,sel26,selX,seq,splA,splB,splE",4.0.23,2025-06-03.1
PDT000021054.2|SAMN02363999|GCA_000533055.1|Staphylococcus aureus M1475||M1475|Generic,GCA_000533055.1,SAMN02363999,2004-07-27,"USA: Boston, MA",Homo sapiens,blood,,PDT000021054.2,2014-02-03,,15,"aadD1,ant(9)-Ia,blaR1=PARTIAL_END_OF_CONTIG,bleO,erm(A),erm(A)=PARTIAL_END_OF_CONTIG,fosB,gyrA_S84L=POINT,mecA,mecI,mecR1,mepA,parC_E84G=POINT,parC_S80Y=POINT,tet(38)","aadD1,ant(9)-Ia,blaR1=PARTIAL_END_OF_CONTIG,bleO,erm(A),erm(A)=PARTIAL_END_OF_CONTIG,fosB,gyrA_S84L=POINT,mecA,mecI,mecR1,parC_E84G=POINT,parC_S80Y=POINT,tet(38)",17,"aur,hld,hlgA,hlgB,hlgC,icaC,lukE,sak,scn,sei,selX,sem,sen=MISTRANSLATION,seo,seu=PARTIAL,splA,splB",4.2.7,2026-01-21.1
PDT000021055.2|SAMN02364003|GCA_000533075.1|Staphylococcus aureus M1479||M1479|Generic,GCA_000533075.1,SAMN02364003,2004-07-30,"USA: Boston, MA",Homo sapiens,nares,,PDT000021055.2,2014-02-03,,18,"aadD1,ant(9)-Ia,aph(3')-IIIa,blaI,blaR1=PARTIAL_END_OF_CONTIG,bleO,erm(A),fosB,gyrA_S84L=POINT,mecA,mecI,mecR1,mepA,mph(C),parC_E84G=POINT,parC_S80Y=POINT,sat4,tet(38)","aadD1,ant(9)-Ia,aph(3')-IIIa,blaI,blaR1=PARTIAL_END_OF_CONTIG,bleO,erm(A),fosB,gyrA_S84L=POINT,mecA,mecI,mecR1,mph(C),parC_E84G=POINT,parC_S80Y=POINT,sat4,tet(38)",18,"aur,hld,hlgA,hlgB,hlgC,icaC,lukD,lukE,sak,scn,sei,selX,sem,sen=MISTRANSLATION,seo,seu=PARTIAL,splA,splB",4.0.23,2025-06-03.1
PDT000021056.2|SAMN02364004|GCA_000533095.1|Staphylococcus aureus M1480||M1480|Generic,GCA_000533095.1,SAMN02364004,2004-08-02,"USA: Boston, MA",Homo sapiens,nares,,PDT000021056.2,2014-02-03,,16,"aadD1,ant(9)-Ia,blaI=PARTIAL_END_OF_CONTIG,blaR1=PARTIAL_END_OF_CONTIG,bleO,erm(A),fosB,gyrA_S84L=POINT,gyrA_S85P=POINT,mecA,mecI,mecR1,mepA,parC_E84G=POINT,parC_S80Y=POINT,tet(38)","aadD1,ant(9)-Ia,blaI=PARTIAL_END_OF_CONTIG,blaR1=PARTIAL_END_OF_CONTIG,bleO,erm(A),fosB,gyrA_S84L=POINT,gyrA_S85P=POINT,mecA,mecI,mecR1,parC_E84G=POINT,parC_S80Y=POINT,tet(38)",19,"aur,hld,hlgA,hlgB,hlgC,icaC,lukD,lukE,sak,scn,sei,sej=PARTIAL_END_OF_CONTIG,selX,sem,sen=MISTRANSLATION,seo,seu=PARTIAL,splA,splB",4.0.23,2025-06-03.1
PDT000021057.2|SAMN02364008|GCA_000533115.1|Staphylococcus aureus M1485||M1485|Generic,GCA_000533115.1,SAMN02364008,2004-08-05,"USA: Boston, MA",Homo sapiens,bronchial alveolar lavage,,PDT000021057.2,2014-02-03,,17,"aadD1,ant(9)-Ia,aph(3')-IIIa,blaI,blaR1=PARTIAL_END_OF_CONTIG,bleO,erm(A),fosB,gyrA_S84L=POINT,mecA,mecI,mecR1,mepA,parC_E84G=POINT,parC_S80Y=POINT,sat4,tet(38)","aadD1,ant(9)-Ia,aph(3')-IIIa,blaI,blaR1=PARTIAL_END_OF_CONTIG,bleO,erm(A),fosB,gyrA_S84L=POINT,mecA,mecI,mecR1,parC_E84G=POINT,parC_S80Y=POINT,sat4,tet(38)",18,"aur,hld,hlgA,hlgB,hlgC,icaC,lukD,lukE,sak,scn,sei,selX,sem,sen=MISTRANSLATION,seo,seu=PARTIAL,splA,splB",4.0.23,2025-06-03.1
PDT000021058.2|SAMN02364009|GCA_000533135.1|Staphylococcus aureus M1486||M1486|Generic,GCA_000533135.1,SAMN02364009,2004-08-06,"USA: Boston, MA",Homo sapiens,sputum,,PDT000021058.2,2014-02-03,,13,"aadD1,ant(9)-Ia,bleO,erm(A),fosB,gyrA_S84L=POINT,mecA,mecI,mecR1,mepA,parC_E84G=POINT,parC_S80Y=POINT,tet(38)","aadD1,ant(9)-Ia,bleO,erm(A),fosB,gyrA_S84L=POINT,mecA,mecI,mecR1,parC_E84G=POINT,parC_S80Y=POINT,tet(38)",17,"aur,hld,hlgA,hlgB,hlgC,icaC,lukE,sak,scn,sei,selX,sem,sen=MISTRANSLATION,seo,seu=PARTIAL,splA,splB",4.2.7,2026-01-21.1
PDT000021059.2|SAMN02364015|GCA_000533155.1|Staphylococcus aureus M1492||M1492|Generic,GCA_000533155.1,SAMN02364015,2004-08-10,"USA: Boston, MA",Homo sapiens,nares,,PDT000021059.2,2014-02-03,,13,"aadD1,ant(9)-Ia,bleO,erm(A),fosB,gyrA_S84L=POINT,mecA,mecI,mecR1,mepA,parC_E84G=POINT,parC_S80Y=POINT,tet(38)","aadD1,ant(9)-Ia,bleO,erm(A),fosB,gyrA_S84L=POINT,mecA,mecI,mecR1,parC_E84G=POINT,parC_S80Y=POINT,tet(38)",19,"aur,hld,hlgA,hlgB,hlgC,icaC,lukE,sak,scn,sei,sej,selX,sem,sen=MISTRANSLATION,seo,ser=PARTIAL_END_OF_CONTIG,seu=PARTIAL,splA,splB",4.2.7,2026-01-21.1
PDT000021060.2|SAMN02364021|GCA_000533175.1|Staphylococcus aureus M1499||M1499|Generic,GCA_000533175.1,SAMN02364021,2004-08-16,"USA: Boston, MA",Homo sapiens,nares,,PDT000021060.2,2014-02-03,,16,"aadD1,ant(9)-Ia,blaI,blaR1,blaZ,bleO,erm(A),fosB,gyrA_S84L=POINT,mecA,mecI,mecR1,mepA,parC_E84G=POINT,parC_S80Y=POINT,tet(38)","aadD1,ant(9)-Ia,blaI,blaR1,blaZ,bleO,erm(A),fosB,gyrA_S84L=POINT,mecA,mecI,mecR1,parC_E84G=POINT,parC_S80Y=POINT,tet(38)",17,"aur,hld,hlgA,hlgB,hlgC,icaC,lukE,sak,scn,sei,selX,sem,sen=MISTRANSLATION,seo,seu=PARTIAL,splA,splB",4.0.23,2025-06-03.1
PDT000021061.2|SAMN02364024|GCA_000533195.1|Staphylococcus aureus M1502||M1502|Generic,GCA_000533195.1,SAMN02364024,2004-08-21,"USA: Boston, MA",Homo sapiens,nares,,PDT000021061.2,2014-02-03,,14,"aadD1,ant(9)-Ia,bleO,erm(A),fosB,gyrA_E88K=POINT,gyrA_S84L=POINT,mecA,mecI,mecR1,mepA,parC_E84G=POINT,parC_S80Y=POINT,tet(38)","aadD1,ant(9)-Ia,bleO,erm(A),fosB,gyrA_E88K=POINT,gyrA_S84L=POINT,mecA,mecI,mecR1,parC_E84G=POINT,parC_S80Y=POINT,tet(38)",18,"aur,hld,hlgA,hlgB,hlgC,icaC,lukD,lukE,sak,scn,sei,selX,sem,sen=MISTRANSLATION,seo,seu=PARTIAL,splA,splB",4.0.23,2025-06-03.1
PDT000021062.2|SAMN02325122|GCA_000533215.1|Staphylococcus aureus M0018||M0018|Generic,GCA_000533215.1,SAMN02325122,2003-09-13,"USA: Boston, MA",Homo sapiens,sputum,,PDT000021062.2,2014-02-03,,19,"aadD1,ant(6)-Ia=MISTRANSLATION,ant(9)-Ia,aph(3')-IIIa,blaZ=PARTIAL_END_OF_CONTIG,bleO,erm(A),fosB,gyrA_S84L=POINT,mecA,mecI,mecR1,mepA,mph(C)=PARTIAL_END_OF_CONTIG,msr(A),parC_E84G=POINT,parC_S80Y=POINT,sat4,tet(38)","aadD1,ant(6)-Ia=MISTRANSLATION,ant(9)-Ia,aph(3')-IIIa,blaZ=PARTIAL_END_OF_CONTIG,bleO,erm(A),fosB,gyrA_S84L=POINT,mecA,mecI,mecR1,mph(C)=PARTIAL_END_OF_CONTIG,msr(A),parC_E84G=POINT,parC_S80Y=POINT,sat4,tet(38)",18,"aur,hld,hlgA,hlgB,hlgC,icaC,lukD,lukE,sak,scn,sei,selX,sem,sen=MISTRANSLATION,seo,seu=PARTIAL,splA,splB",4.0.23,2025-06-03.1
PDT000021063.2|SAMN02325136|GCA_000533235.1|Staphylococcus aureus M0039||M0039|Generic,GCA_000533235.1,SAMN02325136,2003-09-17,"USA: Boston, MA",Homo sapiens,nares,,PDT000021063.2,2014-02-03,,18,"aadD1,ant(9)-Ia,aph(3')-IIIa,blaI=PARTIAL_END_OF_CONTIG,blaZ=PARTIAL_END_OF_CONTIG,bleO,erm(A),fosB,gyrA_S84L=POINT,mecA,mecI,mecR1,mepA,mph(C)=PARTIAL_END_OF_CONTIG,msr(A)=PARTIAL_END_OF_CONTIG,parC_E84G=POINT,parC_S80Y=POINT,tet(38)","aadD1,ant(9)-Ia,aph(3')-IIIa,blaI=PARTIAL_END_OF_CONTIG,blaZ=PARTIAL_END_OF_CONTIG,bleO,erm(A),fosB,gyrA_S84L=POINT,mecA,mecI,mecR1,mph(C)=PARTIAL_END_OF_CONTIG,msr(A)=PARTIAL_END_OF_CONTIG,parC_E84G=POINT,parC_S80Y=POINT,tet(38)",18,"aur,hld,hlgA,hlgB,hlgC,icaC,lukD,lukE,sak,scn,sei,selX,sem,sen=MISTRANSLATION,seo,seu=PARTIAL,splA,splB",4.0.23,2025-06-03.1
PDT000021064.2|SAMN02325145|GCA_000533255.1|Staphylococcus aureus M0050||M0050|Generic,GCA_000533255.1,SAMN02325145,2003-09-20,"USA: Boston, MA",Homo sapiens,bronchial washings,,PDT000021064.2,2014-02-03,,17,"aadD1,ant(9)-Ia,blaI,blaR1=PARTIAL_END_OF_CONTIG,blaZ,bleO,erm(A),fosB,gyrA_S84L=POINT,mecA,mecI,mecR1,mepA,msr(A)=PARTIAL_END_OF_CONTIG,parC_E84G=POINT,parC_S80Y=POINT,tet(38)","aadD1,ant(9)-Ia,blaI,blaR1=PARTIAL_END_OF_CONTIG,blaZ,bleO,erm(A),fosB,gyrA_S84L=POINT,mecA,mecI,mecR1,msr(A)=PARTIAL_END_OF_CONTIG,parC_E84G=POINT,parC_S80Y=POINT,tet(38)",18,"aur,hld,hlgA,hlgB,hlgC,icaC,lukD,lukE,sak,scn,sei,selX,sem,sen=MISTRANSLATION,seo,seu=PARTIAL,splA,splB",4.2.7,2026-01-21.1
PDT000021065.2|SAMN02325149|GCA_000533275.1|Staphylococcus aureus M0056||M0056|Generic,GCA_000533275.1,SAMN02325149,2003-09-21,"USA: Boston, MA",Homo sapiens,sputum,,PDT000021065.2,2014-02-03,,16,"aadD1,ant(9)-Ia,blaI,blaR1=PARTIAL_END_OF_CONTIG,blaZ,bleO,erm(A),fosB,gyrA_S84L=POINT,mecA,mecI,mecR1,mepA,parC_E84G=POINT,parC_S80Y=POINT,tet(38)","aadD1,ant(9)-Ia,blaI,blaR1=PARTIAL_END_OF_CONTIG,blaZ,bleO,erm(A),fosB,gyrA_S84L=POINT,mecA,mecI,mecR1,parC_E84G=POINT,parC_S80Y=POINT,tet(38)",18,"aur,hld,hlgA,hlgB,hlgC,icaC,lukE,sak,scn,sei,sej,selX,sem,sen=MISTRANSLATION,seo,seu=PARTIAL,splA,splB",4.0.23,2025-06-03.1
PDT000021066.2|SAMN02325153|GCA_000533295.1|Staphylococcus aureus M0062||M0062|Generic,GCA_000533295.1,SAMN02325153,2003-09-23,"USA: Boston, MA",Homo sapiens,sputum,,PDT000021066.2,2014-02-03,,15,"aadD1,ant(9)-Ia,bleO,erm(A),fosB,gyrA_E88K=POINT,gyrA_S84L=POINT,ileS_V588F=POINT,mecA,mecI,mecR1,mepA,parC_E84K=POINT,parC_S80Y=POINT,tet(38)","aadD1,ant(9)-Ia,bleO,erm(A),fosB,gyrA_E88K=POINT,gyrA_S84L=POINT,ileS_V588F=POINT,mecA,mecI,mecR1,parC_E84K=POINT,parC_S80Y=POINT,tet(38)",18,"aur,hld,hlgA,hlgB,hlgC,icaC,lukD,lukE,sak,scn,sei,selX,sem,sen=MISTRANSLATION,seo,seu=PARTIAL,splA,splB",4.0.23,2025-06-03.1
PDT000021067.2|SAMN02325157|GCA_000533315.1|Staphylococcus aureus M0067||M0067|Generic,GCA_000533315.1,SAMN02325157,2003-09-23,"USA: Boston, MA",Homo sapiens,nares,,PDT000021067.2,2014-02-03,,22,"aadD1,ant(6)-Ia=MISTRANSLATION,ant(9)-Ia,aph(3')-IIIa,blaI,blaR1,blaZ,bleO,erm(A),erm(C),fosB,gyrA_S84L=POINT,mecA,mecI,mecR1,mepA,mph(C),msr(A),parC_E84G=POINT,parC_S80Y=POINT,sat4,tet(38)","aadD1,ant(6)-Ia=MISTRANSLATION,ant(9)-Ia,aph(3')-IIIa,blaI,blaR1,blaZ,bleO,erm(A),erm(C),fosB,gyrA_S84L=POINT,mecA,mecI,mecR1,mph(C),msr(A),parC_E84G=POINT,parC_S80Y=POINT,sat4,tet(38)",19,"aur,hld,hlgA,hlgB,hlgC,icaC,lukD,lukE,sak,scn,sei,sej=PARTIAL,selX,sem,sen=MISTRANSLATION,seo,seu=PARTIAL,splA,splB",4.0.23,2025-06-03.1
PDT000021068.2|SAMN02325158|GCA_000533335.1|Staphylococcus aureus M0068||M0068|Generic,GCA_000533335.1,SAMN02325158,2003-09-23,"USA: Boston, MA",Homo sapiens,nares,,PDT000021068.2,2014-02-03,,16,"aadD1,ant(9)-Ia,blaI,blaR1,blaZ,bleO,erm(A),fosB,gyrA_S84L=POINT,mecA,mecI,mecR1,mepA,parC_E84G=POINT,parC_S80Y=POINT,tet(38)","aadD1,ant(9)-Ia,blaI,blaR1,blaZ,bleO,erm(A),fosB,gyrA_S84L=POINT,mecA,mecI,mecR1,parC_E84G=POINT,parC_S80Y=POINT,tet(38)",20,"aur,hld,hlgA,hlgB,hlgC,icaC,lukE,sak,scn,sed,sei,sej,selX,sem,sen=MISTRANSLATION,seo,ser,seu=PARTIAL,splA,splB",4.0.23,2025-06-03.1
PDT000021069.2|SAMN02325162|GCA_000533355.1|Staphylococcus aureus M0073||M0073|Generic,GCA_000533355.1,SAMN02325162,2003-09-24,"USA: Boston, MA",Homo sapiens,nares,,PDT000021069.2,2014-02-03,,21,"aadD1,ant(6)-Ia=MISTRANSLATION,ant(9)-Ia,aph(3')-IIIa,blaI,blaR1,blaZ,bleO,erm(A),fosB,gyrA_S84L=POINT,mecA,mecI,mecR1,mepA,mph(C),msr(A),parC_E84G=POINT,parC_S80Y=POINT,sat4,tet(38)","aadD1,ant(6)-Ia=MISTRANSLATION,ant(9)-Ia,aph(3')-IIIa,blaI,blaR1,blaZ,bleO,erm(A),fosB,gyrA_S84L=POINT,mecA,mecI,mecR1,mph(C),msr(A),parC_E84G=POINT,parC_S80Y=POINT,sat4,tet(38)",18,"aur,hld,hlgA,hlgB,hlgC,icaC,lukD,lukE,sak,scn,sei,selX,sem,sen=MISTRANSLATION,seo,seu=PARTIAL,splA,splB",4.2.7,2026-01-21.1
PDT000021070.2|SAMN02325190|GCA_000533375.1|Staphylococcus aureus M0114||M0114|Generic,GCA_000533375.1,SAMN02325190,2003-09-30,"USA: Boston, MA",Homo sapiens,nares,,PDT000021070.2,2014-02-03,,15,"aadD1,ant(9)-Ia,blaZ=PARTIAL_END_OF_CONTIG,bleO,erm(A),fosB,gyrA_S84L=POINT,ileS_V588F=POINT,mecA,mecI,mecR1,mepA,parC_S80Y=POINT,parE_P585S=POINT,tet(38)","aadD1,ant(9)-Ia,blaZ=PARTIAL_END_OF_CONTIG,bleO,erm(A),fosB,gyrA_S84L=POINT,ileS_V588F=POINT,mecA,mecI,mecR1,parC_S80Y=POINT,parE_P585S=POINT,tet(38)",19,"aur,hld,hlgA,hlgB,hlgC,icaC,lukD,lukE,sak,scn,sei,selX,sem,sen=MISTRANSLATION,seo,sep,seu=PARTIAL,splA,splB",4.0.23,2025-06-03.1
PDT000021071.2|SAMN02325201|GCA_000533395.1|Staphylococcus aureus M0126||M0126|Generic,GCA_000533395.1,SAMN02325201,2003-10-01,"USA: Boston, MA",Homo sapiens,nares,,PDT000021071.2,2014-02-03,,22,"aadD1,ant(6)-Ia=MISTRANSLATION,ant(9)-Ia,aph(3')-IIIa,blaI,blaR1,blaZ,bleO,erm(A),erm(C),fosB,gyrA_S84L=POINT,mecA,mecI,mecR1,mepA,mph(C),msr(A),parC_E84G=POINT,parC_S80Y=POINT,sat4,tet(38)","aadD1,ant(6)-Ia=MISTRANSLATION,ant(9)-Ia,aph(3')-IIIa,blaI,blaR1,blaZ,bleO,erm(A),erm(C),fosB,gyrA_S84L=POINT,mecA,mecI,mecR1,mph(C),msr(A),parC_E84G=POINT,parC_S80Y=POINT,sat4,tet(38)",17,"aur,hld,hlgA,hlgB,hlgC,icaC,lukE,sak,scn,sei,selX,sem,sen=MISTRANSLATION,seo,seu=PARTIAL,splA,splB",4.0.23,2025-06-03.1
PDT000021072.2|SAMN02325206|GCA_000533415.1|Staphylococcus aureus M0133||M0133|Generic,GCA_000533415.1,SAMN02325206,2003-10-02,"USA: Boston, MA",Homo sapiens,oral,,PDT000021072.2,2014-02-03,,21,"aadD1,ant(6)-Ia=MISTRANSLATION,ant(9)-Ia,aph(3')-IIIa,blaI,blaR1,blaZ,bleO,erm(A),fosB,gyrA_S84L=POINT,mecA,mecI,mecR1,mepA,mph(C),msr(A),parC_E84G=POINT,parC_S80Y=POINT,sat4,tet(38)","aadD1,ant(6)-Ia=MISTRANSLATION,ant(9)-Ia,aph(3')-IIIa,blaI,blaR1,blaZ,bleO,erm(A),fosB,gyrA_S84L=POINT,mecA,mecI,mecR1,mph(C),msr(A),parC_E84G=POINT,parC_S80Y=POINT,sat4,tet(38)",18,"aur,hld,hlgA,hlgB,hlgC,icaC,lukD,lukE,sak,scn,sei,selX,sem,sen=MISTRANSLATION,seo,seu=PARTIAL,splA,splB",4.0.23,2025-06-03.1
PDT000021073.2|SAMN02325224|GCA_000533435.1|Staphylococcus aureus M0158||M0158|Generic,GCA_000533435.1,SAMN02325224,2003-10-07,"USA: Boston, MA",Homo sapiens,nares,,PDT000021073.2,2014-02-03,,19,"aadD1,ant(6)-Ia=MISTRANSLATION,ant(9)-Ia,aph(3')-IIIa,blaI,blaZ=PARTIAL_END_OF_CONTIG,bleO,erm(A),fosB,gyrA_S84L=POINT,mecA,mecI,mecR1,mepA,msr(A),parC_E84G=POINT,parC_S80Y=POINT,sat4,tet(38)","aadD1,ant(6)-Ia=MISTRANSLATION,ant(9)-Ia,aph(3')-IIIa,blaI,blaZ=PARTIAL_END_OF_CONTIG,bleO,erm(A),fosB,gyrA_S84L=POINT,mecA,mecI,mecR1,msr(A),parC_E84G=POINT,parC_S80Y=POINT,sat4,tet(38)",17,"aur,hld,hlgA,hlgB,hlgC,icaC,lukE,sak,scn,sei,selX,sem,sen=MISTRANSLATION,seo,seu=PARTIAL,splA,splB",4.0.23,2025-06-03.1
PDT000021074.2|SAMN02325241|GCA_000533455.1|Staphylococcus aureus M0180||M0180|Generic,GCA_000533455.1,SAMN02325241,2003-10-13,"USA: Boston, MA",Homo sapiens,nares,,PDT000021074.2,2014-02-03,,17,"aadD1,ant(9)-Ia,blaI,blaR1=PARTIAL_END_OF_CONTIG,blaZ=PARTIAL_END_OF_CONTIG,bleO,erm(A),fosB,gyrA_S84L=POINT,gyrA_S85P=POINT,mecA,mecI,mecR1,mepA,parC_E84G=POINT,parC_S80Y=POINT,tet(38)","aadD1,ant(9)-Ia,blaI,blaR1=PARTIAL_END_OF_CONTIG,blaZ=PARTIAL_END_OF_CONTIG,bleO,erm(A),fosB,gyrA_S84L=POINT,gyrA_S85P=POINT,mecA,mecI,mecR1,parC_E84G=POINT,parC_S80Y=POINT,tet(38)",21,"aur,hld,hlgA,hlgB,hlgC,icaC,lukD,lukE,sak,sasG,scn,sei,sej,selX,sem,sen=MISTRANSLATION,seo,ser=PARTIAL,seu=PARTIAL,splA,splB",4.2.7,2026-01-21.1
PDT000021075.2|SAMN02325287|GCA_000533475.1|Staphylococcus aureus M0248||M0248|Generic,GCA_000533475.1,SAMN02325287,2003-10-27,"USA: Boston, MA",Homo sapiens,bronchial washings,,PDT000021075.2,2014-02-03,,16,"aac(6')-Ie/aph(2'')-Ia,aadD1,ant(9)-Ia,blaR1=PARTIAL_END_OF_CONTIG,blaZ=PARTIAL_END_OF_CONTIG,bleO,dfrS1,erm(A),fosB,gyrA_S84L=POINT,mecA,mecI,mecR1,mepA,parC_S80F=POINT,tet(38)","aac(6')-Ie/aph(2'')-Ia,aadD1,ant(9)-Ia,blaR1=PARTIAL_END_OF_CONTIG,blaZ=PARTIAL_END_OF_CONTIG,bleO,dfrS1,erm(A),fosB,gyrA_S84L=POINT,mecA,mecI,mecR1,parC_S80F=POINT,tet(38)",18,"aur,hld,hlgA,hlgB,hlgC,icaC,lukD,lukE,sak,scn=MISTRANSLATION,sei,selX,sem,sen=MISTRANSLATION,seo,sep,seu=PARTIAL,splB",4.0.23,2025-06-03.1
PDT000021076.2|SAMN02325294|GCA_000533495.1|Staphylococcus aureus M0259||M0259|Generic,GCA_000533495.1,SAMN02325294,2003-10-29,"USA: Boston, MA",Homo sapiens,nares,,PDT000021076.2,2014-02-03,,19,"aadD1,ant(9)-Ia,aph(3')-IIIa,blaI,blaR1=PARTIAL_END_OF_CONTIG,blaZ,bleO,erm(A),fosB,gyrA_S84L=POINT,mecA,mecI,mecR1,mepA,mph(C)=PARTIAL_END_OF_CONTIG,msr(A),parC_E84G=POINT,parC_S80Y=POINT,tet(38)","aadD1,ant(9)-Ia,aph(3')-IIIa,blaI,blaR1=PARTIAL_END_OF_CONTIG,blaZ,bleO,erm(A),fosB,gyrA_S84L=POINT,mecA,mecI,mecR1,mph(C)=PARTIAL_END_OF_CONTIG,msr(A),parC_E84G=POINT,parC_S80Y=POINT,tet(38)",16,"aur,hld,hlgA,hlgB,hlgC,icaC,lukD,lukE,sei,selX,sem,sen=MISTRANSLATION,seo,seu=PARTIAL,splA,splB",4.0.23,2025-06-03.1
PDT000021077.2|SAMN02325299|GCA_000533515.1|Staphylococcus aureus M0267||M0267|Generic,GCA_000533515.1,SAMN02325299,2003-10-31,"USA: Boston, MA",Homo sapiens,bronchial washings,,PDT000021077.2,2014-02-03,,13,"aadD1,ant(9)-Ia,bleO,erm(A),fosB,gyrA_S84L=POINT,mecA,mecI,mecR1,mepA,parC_E84G=POINT,parC_S80Y=POINT,tet(38)","aadD1,ant(9)-Ia,bleO,erm(A),fosB,gyrA_S84L=POINT,mecA,mecI,mecR1,parC_E84G=POINT,parC_S80Y=POINT,tet(38)",17,"aur,hld,hlgA,hlgB,hlgC,icaC,lukE,sak,scn,sei,selX,sem,sen=MISTRANSLATION,seo,seu=PARTIAL,splA,splB",4.0.23,2025-06-03.1
PDT000021078.2|SAMN02325300|GCA_000533535.1|Staphylococcus aureus M0269||M0269|Generic,GCA_000533535.1,SAMN02325300,2003-11-01,"USA: Boston, MA",Homo sapiens,sputum,,PDT000021078.2,2014-02-03,,7,"blaI,blaR1,blaZ,erm(C),fosB,mepA,tet(38)","blaI,blaR1,blaZ,erm(C),fosB,tet(38)",24,"aur,hld,hlgA,hlgB,hlgC,icaC,lukD,lukE,sak,sasG=PARTIAL_END_OF_CONTIG,scn,seb,sed=PARTIAL,sei,sej,selX,sem,sen=MISTRANSLATION,seo,sep,ser,seu=PARTIAL,splA,splB",4.0.23,2025-06-03.1
PDT000021079.2|SAMN02325305|GCA_000533555.1|Staphylococcus aureus M0277||M0277|Generic,GCA_000533555.1,SAMN02325305,2003-11-07,"USA: Boston, MA",Homo sapiens,sputum,,PDT000021079.2,2014-02-03,,16,"aadD1,ant(9)-Ia,blaI,blaR1,blaZ,bleO,erm(A),fosB,gyrA_S84L=POINT,mecA,mecI,mecR1,mepA,parC_E84G=POINT,parC_S80Y=POINT,tet(38)","aadD1,ant(9)-Ia,blaI,blaR1,blaZ,bleO,erm(A),fosB,gyrA_S84L=POINT,mecA,mecI,mecR1,parC_E84G=POINT,parC_S80Y=POINT,tet(38)",20,"aur,hld,hlgA,hlgB,hlgC,icaC,lukE,sak,scn,sed,sei,sej,selX,sem,sen=MISTRANSLATION,seo,ser,seu=PARTIAL,splA,splB",4.2.7,2026-01-21.1
PDT000021080.2|SAMN02325314|GCA_000533575.1|Staphylococcus aureus M0291||M0291|Generic,GCA_000533575.1,SAMN02325314,2003-11-04,"USA: Boston, MA",Homo sapiens,nares,,PDT000021080.2,2014-02-03,,22,"aadD1,ant(6)-Ia=MISTRANSLATION,ant(9)-Ia,aph(3')-IIIa,blaI,blaR1,blaZ,bleO,erm(A),fosB,gyrA_S84L=POINT,mecA,mecI,mecR1,mepA,mph(C),msr(A),parC_E84G=POINT,parC_S80Y=POINT,rpoB_Q468K=POINT,sat4,tet(38)","aadD1,ant(6)-Ia=MISTRANSLATION,ant(9)-Ia,aph(3')-IIIa,blaI,blaR1,blaZ,bleO,erm(A),fosB,gyrA_S84L=POINT,mecA,mecI,mecR1,mph(C),msr(A),parC_E84G=POINT,parC_S80Y=POINT,rpoB_Q468K=POINT,sat4,tet(38)",18,"aur,hld,hlgA,hlgB,hlgC,icaC,lukD,lukE,sak,scn,sei,selX,sem,sen=MISTRANSLATION,seo,seu=PARTIAL,splA,splB",4.0.23,2025-06-03.1
PDT000021081.2|SAMN02325320|GCA_000533595.1|Staphylococcus aureus M0298||M0298|Generic,GCA_000533595.1,SAMN02325320,2003-11-06,"USA: Boston, MA",Homo sapiens,nares,,PDT000021081.2,2014-02-03,,13,"aadD1,ant(9)-Ia,bleO,erm(A),fosB,gyrA_S84L=POINT,mecA,mecI,mecR1,mepA,parC_E84G=POINT,parC_S80Y=POINT,tet(38)","aadD1,ant(9)-Ia,bleO,erm(A),fosB,gyrA_S84L=POINT,mecA,mecI,mecR1,parC_E84G=POINT,parC_S80Y=POINT,tet(38)",16,"aur,hld,hlgA,hlgB,hlgC,icaC,lukD,lukE,sei,selX,sem,sen=MISTRANSLATION,seo,seu=PARTIAL,splA,splB",4.0.23,2025-07-16.1
PDT000021082.2|SAMN02325325|GCA_000533615.1|Staphylococcus aureus M0304||M0304|Generic,GCA_000533615.1,SAMN02325325,2003-11-08,"USA: Boston, MA",Homo sapiens,sputum,,PDT000021082.2,2014-02-03,,16,"aadD1,ant(9)-Ia,blaI,blaR1,blaZ,bleO,erm(A),fosB,gyrA_S84L=POINT,mecA,mecI,mecR1,mepA,parC_E84G=POINT,parC_S80Y=POINT,tet(38)","aadD1,ant(9)-Ia,blaI,blaR1,blaZ,bleO,erm(A),fosB,gyrA_S84L=POINT,mecA,mecI,mecR1,parC_E84G=POINT,parC_S80Y=POINT,tet(38)",20,"aur,hld,hlgA,hlgB,hlgC,icaC,lukE,sak,scn,sed,sei,sej,selX,sem,sen=MISTRANSLATION,seo,ser,seu=PARTIAL,splA,splB",4.0.23,2025-06-03.1
PDT000021083.2|SAMN02325332|GCA_000533635.1|Staphylococcus aureus M0316||M0316|Generic,GCA_000533635.1,SAMN02325332,2003-11-11,"USA: Boston, MA",Homo sapiens,nares,,PDT000021083.2,2014-02-03,,14,"aadD1,ant(9)-Ia,blaR1=PARTIAL_END_OF_CONTIG,bleO,erm(A),fosB,gyrA_S84L=POINT,mecA,mecI,mecR1,mepA,parC_E84G=POINT,parC_S80Y=POINT,tet(38)","aadD1,ant(9)-Ia,blaR1=PARTIAL_END_OF_CONTIG,bleO,erm(A),fosB,gyrA_S84L=POINT,mecA,mecI,mecR1,parC_E84G=POINT,parC_S80Y=POINT,tet(38)",20,"aur,hld,hlgA,hlgB,hlgC,icaC,lukE,sak,scn,sed,sei,sej,selX,sem,sen=MISTRANSLATION,seo,ser=PARTIAL_END_OF_CONTIG,seu=PARTIAL,splA,splB",4.0.23,2025-06-03.1
PDT000021084.2|SAMN02325340|GCA_000533655.1|Staphylococcus aureus M0324||M0324|Generic,GCA_000533655.1,SAMN02325340,2003-11-12,"USA: Boston, MA",Homo sapiens,,,PDT000021084.2,2014-02-03,,15,"aadD1,ant(9)-Ia,blaI,blaZ=PARTIAL_END_OF_CONTIG,bleO,erm(A),fosB,gyrA_S84L=POINT,mecA,mecI,mecR1,mepA,parC_E84G=POINT,parC_S80Y=POINT,tet(38)","aadD1,ant(9)-Ia,blaI,blaZ=PARTIAL_END_OF_CONTIG,bleO,erm(A),fosB,gyrA_S84L=POINT,mecA,mecI,mecR1,parC_E84G=POINT,parC_S80Y=POINT,tet(38)",20,"aur,hld,hlgA,hlgB,hlgC,icaC,lukE,sak,scn,sed=PARTIAL_END_OF_CONTIG,sei,sej,selX,sem,sen=MISTRANSLATION,seo,ser,seu=PARTIAL,splA,splB",4.2.7,2026-01-21.1
PDT000021085.2|SAMN02325358|GCA_000533675.1|Staphylococcus aureus M0354||M0354|Generic,GCA_000533675.1,SAMN02325358,2003-11-21,"USA: Boston, MA",Homo sapiens,sputum,,PDT000021085.2,2014-02-03,,15,"aadD1,ant(9)-Ia,blaI,blaR1=PARTIAL_END_OF_CONTIG,bleO,erm(A),fosB,gyrA_S84L=POINT,mecA,mecI,mecR1,mepA,parC_E84G=POINT,parC_S80Y=POINT,tet(38)","aadD1,ant(9)-Ia,blaI,blaR1=PARTIAL_END_OF_CONTIG,bleO,erm(A),fosB,gyrA_S84L=POINT,mecA,mecI,mecR1,parC_E84G=POINT,parC_S80Y=POINT,tet(38)",20,"aur,hld,hlgA,hlgB,hlgC,icaC,lukE,sak,scn,sed=PARTIAL_END_OF_CONTIG,sei,sej,selX,sem,sen=MISTRANSLATION,seo,ser,seu=PARTIAL,splA,splB",4.0.23,2025-06-03.1
PDT000021086.2|SAMN02325362|GCA_000533695.1|Staphylococcus aureus M0358||M0358|Generic,GCA_000533695.1,SAMN02325362,2003-11-22,"USA: Boston, MA",Homo sapiens,sputum,,PDT000021086.2,2014-02-03,,13,"aadD1,ant(9)-Ia,bleO,erm(A),fosB,gyrA_S84L=POINT,mecA,mecI,mecR1,mepA,parC_E84G=POINT,parC_S80Y=POINT,tet(38)","aadD1,ant(9)-Ia,bleO,erm(A),fosB,gyrA_S84L=POINT,mecA,mecI,mecR1,parC_E84G=POINT,parC_S80Y=POINT,tet(38)",19,"aur,hld,hlgA,hlgB,hlgC,icaC,lukE,sak,scn,sei,sej=PARTIAL_END_OF_CONTIG,selX,sem,sen=MISTRANSLATION,seo,ser,seu=PARTIAL,splA,splB",4.0.23,2025-06-03.1
PDT000021087.2|SAMN02325367|GCA_000533715.1|Staphylococcus aureus M0366||M0366|Generic,GCA_000533715.1,SAMN02325367,2003-11-24,"USA: Boston, MA",Homo sapiens,nares,,PDT000021087.2,2014-02-03,,17,"aadD1,ant(9)-Ia,blaR1=PARTIAL_END_OF_CONTIG,blaZ=PARTIAL_END_OF_CONTIG,bleO,erm(A),fosB,gyrA_E88K=POINT,gyrA_S84L=POINT,mecA,mecI,mecR1,mepA,mph(C)=PARTIAL_END_OF_CONTIG,parC_E84G=POINT,parC_S80Y=POINT,tet(38)","aadD1,ant(9)-Ia,blaR1=PARTIAL_END_OF_CONTIG,blaZ=PARTIAL_END_OF_CONTIG,bleO,erm(A),fosB,gyrA_E88K=POINT,gyrA_S84L=POINT,mecA,mecI,mecR1,mph(C)=PARTIAL_END_OF_CONTIG,parC_E84G=POINT,parC_S80Y=POINT,tet(38)",18,"aur,hld,hlgA,hlgB,hlgC,icaC,lukD,lukE,sak,scn,sei,selX,sem,sen=MISTRANSLATION,seo,seu=PARTIAL,splA,splB",4.0.23,2025-06-03.1
PDT000021088.2|SAMN02325370|GCA_000533735.1|Staphylococcus aureus M0370||M0370|Generic,GCA_000533735.1,SAMN02325370,2003-11-25,"USA: Boston, MA",Homo sapiens,,,PDT000021088.2,2014-02-03,,15,"ant(9)-Ia,blaI,blaR1,blaZ,erm(A),fosB,gyrA_E88K=POINT,gyrA_S84L=POINT,mecA,mecI,mecR1,mepA,parC_E84G=POINT,parC_S80Y=POINT,tet(38)","ant(9)-Ia,blaI,blaR1,blaZ,erm(A),fosB,gyrA_E88K=POINT,gyrA_S84L=POINT,mecA,mecI,mecR1,parC_E84G=POINT,parC_S80Y=POINT,tet(38)",21,"aur,hld,hlgA,hlgB,hlgC,icaC,lukD,lukE,sak,scn,sed,sei,sej,selX,sem,sen=MISTRANSLATION,seo,ser,seu=PARTIAL,splA,splB",4.0.23,2025-06-03.1
PDT000021089.2|SAMN02325383|GCA_000533755.1|Staphylococcus aureus M0389||M0389|Generic,GCA_000533755.1,SAMN02325383,2003-11-28,"USA: Boston, MA",Homo sapiens,sputum,,PDT000021089.2,2014-02-03,,15,"aadD1,ant(9)-Ia,blaI,blaR1,blaZ,bleO,erm(A),fosB,gyrA_S84L=POINT,mecA,mecI,mecR1,mepA,parC_S80Y=POINT,tet(38)","aadD1,ant(9)-Ia,blaI,blaR1,blaZ,bleO,erm(A),fosB,gyrA_S84L=POINT,mecA,mecI,mecR1,parC_S80Y=POINT,tet(38)",19,"aur,hld,hlgA,hlgB,hlgC,icaC,lukD,lukE,sak,scn,sei,selX,sem,sen=MISTRANSLATION,seo,sep,seu=PARTIAL,splA,splB",4.2.7,2026-01-21.1
PDT000021090.2|SAMN02325385|GCA_000533775.1|Staphylococcus aureus M0394||M0394|Generic,GCA_000533775.1,SAMN02325385,2003-11-29,"USA: Boston, MA",Homo sapiens,wound,,PDT000021090.2,2014-02-03,,13,"aadD1,ant(9)-Ia,bleO,erm(A),fosB,gyrA_S84L=POINT,mecA,mecI,mecR1,mepA,parC_E84G=POINT,parC_S80Y=POINT,tet(38)","aadD1,ant(9)-Ia,bleO,erm(A),fosB,gyrA_S84L=POINT,mecA,mecI,mecR1,parC_E84G=POINT,parC_S80Y=POINT,tet(38)",18,"aur,hld,hlgA,hlgB,hlgC,icaC,lukD,lukE,sak,scn,sei,selX,sem,sen=MISTRANSLATION,seo,seu=PARTIAL,splA,splB",4.0.23,2025-06-03.1
PDT000021091.2|SAMN02325386|GCA_000533795.1|Staphylococcus aureus M0397||M0397|Generic,GCA_000533795.1,SAMN02325386,2003-11-30,"USA: Boston, MA",Homo sapiens,bronchial washings,,PDT000021091.2,2014-02-03,,13,"aadD1,ant(9)-Ia,bleO,erm(A),fosB,gyrA_S84L=POINT,mecA,mecI,mecR1,mepA,parC_E84G=POINT,parC_S80Y=POINT,tet(38)","aadD1,ant(9)-Ia,bleO,erm(A),fosB,gyrA_S84L=POINT,mecA,mecI,mecR1,parC_E84G=POINT,parC_S80Y=POINT,tet(38)",18,"aur,hld,hlgA,hlgB,hlgC,icaC,lukD,lukE,sak,scn,sei,selX,sem,sen=MISTRANSLATION,seo,seu=PARTIAL,splA,splB",4.0.23,2025-06-03.1
PDT000021092.2|SAMN02325395|GCA_000533815.1|Staphylococcus aureus M0410||M0410|Generic,GCA_000533815.1,SAMN02325395,2003-12-02,"USA: Boston, MA",Homo sapiens,nares,,PDT000021092.2,2014-02-03,,12,"aadD1,ant(9)-Ia,bleO,erm(A),fosB,gyrA_S84L=POINT,mecA,mecI,mecR1,mepA,parC_S80F=POINT,tet(38)","aadD1,ant(9)-Ia,bleO,erm(A),fosB,gyrA_S84L=POINT,mecA,mecI,mecR1,parC_S80F=POINT,tet(38)",19,"aur,hld,hlgA,hlgB,hlgC,icaC,lukD,lukE,sak,sak=PARTIAL_END_OF_CONTIG,scn,sei,selX,sem,sen=MISTRANSLATION,seo,seu=PARTIAL,splA,splB",4.0.23,2025-06-03.1
PDT000021093.2|SAMN02325409|GCA_000533835.1|Staphylococcus aureus M0429||M0429|Generic,GCA_000533835.1,SAMN02325409,2003-12-05,"USA: Boston, MA",Homo sapiens,nares,,PDT000021093.2,2014-02-03,,15,"aadD1,ant(9)-Ia,blaI,blaR1=PARTIAL_END_OF_CONTIG,bleO,erm(A),fosB,gyrA_S84L=POINT,mecA,mecI,mecR1,mepA,parC_E84G=POINT,parC_S80Y=POINT,tet(38)","aadD1,ant(9)-Ia,blaI,blaR1=PARTIAL_END_OF_CONTIG,bleO,erm(A),fosB,gyrA_S84L=POINT,mecA,mecI,mecR1,parC_E84G=POINT,parC_S80Y=POINT,tet(38)",21,"aur,hld,hlgA,hlgB,hlgC,icaC,lukD,lukE,sak,scn,sed,sei,sej,selX,sem,sen=MISTRANSLATION,seo,ser=PARTIAL_END_OF_CONTIG,seu=PARTIAL,splA,splB",4.0.23,2025-06-03.1
PDT000021094.2|SAMN02325413|GCA_000533855.1|Staphylococcus aureus M0434||M0434|Generic,GCA_000533855.1,SAMN02325413,2003-12-06,"USA: Boston, MA",Homo sapiens,nares,,PDT000021094.2,2014-02-03,,15,"aadD1,ant(9)-Ia,blaR1=PARTIAL_END_OF_CONTIG,bleO,erm(A),fosB,gyrA_S84L=POINT,gyrA_S85P=POINT,mecA,mecI,mecR1,mepA,parC_E84G=POINT,parC_S80Y=POINT,tet(38)","aadD1,ant(9)-Ia,blaR1=PARTIAL_END_OF_CONTIG,bleO,erm(A),fosB,gyrA_S84L=POINT,gyrA_S85P=POINT,mecA,mecI,mecR1,parC_E84G=POINT,parC_S80Y=POINT,tet(38)",21,"aur,hld,hlgA,hlgB,hlgC,icaC,lukD,lukE,sak,scn,sed=PARTIAL_END_OF_CONTIG,sei,sej,selX,sem,sen=MISTRANSLATION,seo,ser=PARTIAL,seu=PARTIAL,splA,splB",4.2.7,2026-01-21.1
PDT000021095.2|SAMN02325420|GCA_000533875.1|Staphylococcus aureus M0444||M0444|Generic,GCA_000533875.1,SAMN02325420,2003-12-09,"USA: Boston, MA",Homo sapiens,nares,,PDT000021095.2,2014-02-03,,18,"aadD1,ant(9)-Ia,aph(3')-IIIa,blaI,blaZ,bleO,erm(A),fosB,gyrA_E88K=POINT,gyrA_S84L=POINT,mecA,mecI,mecR1,mepA,parC_E84G=POINT,parC_S80Y=POINT,sat4=PARTIAL_END_OF_CONTIG,tet(38)","aadD1,ant(9)-Ia,aph(3')-IIIa,blaI,blaZ,bleO,erm(A),fosB,gyrA_E88K=POINT,gyrA_S84L=POINT,mecA,mecI,mecR1,parC_E84G=POINT,parC_S80Y=POINT,sat4=PARTIAL_END_OF_CONTIG,tet(38)",18,"aur,hld,hlgA,hlgB,hlgC,icaC,lukD,lukE,sak,scn,sei,selX,sem,sen=MISTRANSLATION,seo,seu=PARTIAL,splA,splB",4.0.23,2025-06-03.1
PDT000021096.2|SAMN02325431|GCA_000533895.1|Staphylococcus aureus M0459||M0459|Generic,GCA_000533895.1,SAMN02325431,2003-12-11,"USA: Boston, MA",Homo sapiens,nares,,PDT000021096.2,2014-02-03,,14,"ant(9)-Ia,blaI=PARTIAL_END_OF_CONTIG,blaR1=PARTIAL_END_OF_CONTIG,blaZ,erm(A),fosB,gyrA_S84L=POINT,mecA,mecI,mecR1,mepA,parC_E84G=POINT,parC_S80Y=POINT,tet(38)","ant(9)-Ia,blaI=PARTIAL_END_OF_CONTIG,blaR1=PARTIAL_END_OF_CONTIG,blaZ,erm(A),fosB,gyrA_S84L=POINT,mecA,mecI,mecR1,parC_E84G=POINT,parC_S80Y=POINT,tet(38)",20,"aur,hld,hlgA,hlgB,hlgC,icaC,lukE,sak,scn,sed,sei,sej=PARTIAL_END_OF_CONTIG,selX,sem,sen=MISTRANSLATION,seo,ser,seu=PARTIAL,splA,splB",4.0.23,2025-06-03.1
PDT000021097.2|SAMN02325449|GCA_000533915.1|Staphylococcus aureus M0488||M0488|Generic,GCA_000533915.1,SAMN02325449,2003-12-17,"USA: Boston, MA",Homo sapiens,nares,,PDT000021097.2,2014-02-03,,14,"aadD1,ant(9)-Ia,blaI,blaZ=PARTIAL_END_OF_CONTIG,bleO,erm(A),fosB,gyrA_S84L=POINT,mecA,mecI,mecR1,mepA,parC_S80F=POINT,tet(38)","aadD1,ant(9)-Ia,blaI,blaZ=PARTIAL_END_OF_CONTIG,bleO,erm(A),fosB,gyrA_S84L=POINT,mecA,mecI,mecR1,parC_S80F=POINT,tet(38)",18,"aur,hld,hlgA,hlgB,hlgC,icaC,lukD,lukE,sak,scn,sei,selX,sem,sen=MISTRANSLATION,seo,seu=PARTIAL,splA,splB",4.0.23,2025-06-03.1
PDT000021098.2|SAMN02325452|GCA_000533935.1|Staphylococcus aureus M0495||M0495|Generic,GCA_000533935.1,SAMN02325452,2003-12-19,"USA: Boston, MA",Homo sapiens,sputum,,PDT000021098.2,2014-02-03,,13,"aadD1,ant(9)-Ia,bleO,erm(A),fosB,gyrA_S84L=POINT,mecA,mecI,mecR1,mepA,parC_E84G=POINT,parC_S80Y=POINT,tet(38)","aadD1,ant(9)-Ia,bleO,erm(A),fosB,gyrA_S84L=POINT,mecA,mecI,mecR1,parC_E84G=POINT,parC_S80Y=POINT,tet(38)",17,"aur,hld,hlgA,hlgB,hlgC,icaC,lukE,sak,scn,sei,selX,sem,sen=MISTRANSLATION,seo,seu=PARTIAL,splA,splB",4.0.23,2025-06-03.1
PDT000021099.2|SAMN02325454|GCA_000533955.1|Staphylococcus aureus M0499||M0499|Generic,GCA_000533955.1,SAMN02325454,2003-12-20,"USA: Boston, MA",Homo sapiens,nares,,PDT000021099.2,2014-02-03,,16,"aadD1,ant(9)-Ia,blaI,blaR1=PARTIAL_END_OF_CONTIG,blaZ,bleO,erm(A),fosB,gyrA_S84L=POINT,mecA,mecI,mecR1,mepA,parC_E84G=POINT,parC_S80Y=POINT,tet(38)","aadD1,ant(9)-Ia,blaI,blaR1=PARTIAL_END_OF_CONTIG,blaZ,bleO,erm(A),fosB,gyrA_S84L=POINT,mecA,mecI,mecR1,parC_E84G=POINT,parC_S80Y=POINT,tet(38)",21,"aur,hld,hlgA,hlgB,hlgC,icaC,lukD,lukE,sak,scn,sed=PARTIAL_END_OF_CONTIG,sei,sej=PARTIAL_END_OF_CONTIG,selX,sem,sen=MISTRANSLATION,seo,ser=PARTIAL,seu=PARTIAL,splA,splB",4.2.7,2026-01-21.1
PDT000021100.2|SAMN02325456|GCA_000533975.1|Staphylococcus aureus M0502||M0502|Generic,GCA_000533975.1,SAMN02325456,2003-12-22,"USA: Boston, MA",Homo sapiens,nares,,PDT000021100.2,2014-02-03,,22,"aadD1,ant(6)-Ia=MISTRANSLATION,ant(9)-Ia,aph(3')-IIIa=PARTIAL_END_OF_CONTIG,blaI,blaR1=PARTIAL_END_OF_CONTIG,blaZ=PARTIAL_END_OF_CONTIG,bleO,erm(A),fosB,gyrA_E88K=POINT,gyrA_S84L=POINT,mecA,mecI,mecR1,mepA,mph(C),msr(A),parC_E84G=POINT,parC_S80Y=POINT,sat4,tet(38)","aadD1,ant(6)-Ia=MISTRANSLATION,ant(9)-Ia,aph(3')-IIIa=PARTIAL_END_OF_CONTIG,blaI,blaR1=PARTIAL_END_OF_CONTIG,blaZ=PARTIAL_END_OF_CONTIG,bleO,erm(A),fosB,gyrA_E88K=POINT,gyrA_S84L=POINT,mecA,mecI,mecR1,mph(C),msr(A),parC_E84G=POINT,parC_S80Y=POINT,sat4,tet(38)",18,"aur,hld,hlgA,hlgB,hlgC,icaC,lukD,lukE,sak,scn,sei,selX,sem,sen=MISTRANSLATION,seo,seu=PARTIAL,splA,splB",4.0.23,2025-06-03.1
PDT000021101.2|SAMN02325477|GCA_000533995.1|Staphylococcus aureus M0535||M0535|Generic,GCA_000533995.1,SAMN02325477,2003-12-30,"USA: Boston, MA",Homo sapiens,nares,,PDT000021101.2,2014-02-03,,20,"aac(6')-Ie/aph(2'')-Ia,aadD1,ant(9)-Ia,blaI,blaR1,blaZ,bleO,dfrS1,erm(A),erm(C),fosB,gyrA_S84L=POINT,mecA,mecI,mecR1,mepA,parC_S80F=POINT,rpoB_H481N=POINT,tet(38),tet(K)","aac(6')-Ie/aph(2'')-Ia,aadD1,ant(9)-Ia,blaI,blaR1,blaZ,bleO,dfrS1,erm(A),erm(C),fosB,gyrA_S84L=POINT,mecA,mecI,mecR1,parC_S80F=POINT,rpoB_H481N=POINT,tet(38),tet(K)",19,"aur,hld,hlgA,hlgB,hlgC,icaC,lukD,lukE,sak,scn,sei,selX,sem,sen=MISTRANSLATION,seo,sep,seu=PARTIAL,splA,splB",4.0.23,2025-06-03.1
PDT000021102.2|SAMN02325496|GCA_000534015.1|Staphylococcus aureus M0560||M0560|Generic,GCA_000534015.1,SAMN02325496,2004-01-04,"USA: Boston, MA",Homo sapiens,nares,,PDT000021102.2,2014-02-03,,16,"aadD1,ant(9)-Ia,blaI=PARTIAL_END_OF_CONTIG,blaR1=PARTIAL_END_OF_CONTIG,blaZ=PARTIAL_END_OF_CONTIG,bleO,erm(A),fosB,gyrA_S84L=POINT,mecA,mecI,mecR1,mepA,parC_E84G=POINT,parC_S80Y=POINT,tet(38)","aadD1,ant(9)-Ia,blaI=PARTIAL_END_OF_CONTIG,blaR1=PARTIAL_END_OF_CONTIG,blaZ=PARTIAL_END_OF_CONTIG,bleO,erm(A),fosB,gyrA_S84L=POINT,mecA,mecI,mecR1,parC_E84G=POINT,parC_S80Y=POINT,tet(38)",18,"aur,hld,hlgA,hlgB,hlgC,icaC,lukD,lukE,sak,scn,sei,selX=MISTRANSLATION,sem,sen=MISTRANSLATION,seo,seu=PARTIAL,splA,splB",4.0.23,2025-06-03.1
PDT000021143.2|SAMN02593744|GCA_000534835.1|Staphylococcus aureus subsp. aureus 301-188||301-188|Generic,GCA_000534835.1,SAMN02593744,2002/2005,,Homo sapiens,Blood culture,,PDT000021143.2,2014-02-03,,15,"blaI,blaR1=HMM,blaZ,glpT_A100V=POINT,gyrA_S84L=POINT,mecA,mecR1=PARTIAL,mepA,murA_E291D=POINT,murA_T396N=POINT,parC_S80F=POINT,parE_P585S=POINT,rpoB_D471Y=POINT,rpoB_L466S=POINT,tet(38)","blaI,blaR1=HMM,blaZ,glpT_A100V=POINT,gyrA_S84L=POINT,mecA,mecR1=PARTIAL,murA_E291D=POINT,murA_T396N=POINT,parC_S80F=POINT,parE_P585S=POINT,rpoB_D471Y=POINT,rpoB_L466S=POINT",17,"aur,cna=PARTIAL_END_OF_CONTIG,hld,hlgA,hlgB,hlgC,icaC,sak,scn,sec2,sei,sel,sel26,sem,sen=MISTRANSLATION,seo,seu",4.2.7,2026-03-24.1
PDT000021144.2|SAMN02593745|GCA_000534855.1|Staphylococcus aureus subsp. aureus 300-169||300-169|Generic,GCA_000534855.1,SAMN02593745,2002/2005,,Homo sapiens,Blood culture,,PDT000021144.2,2014-02-03,,14,"blaI,blaR1=HMM,blaZ,erm(C),glpT_A100V=POINT,gyrA_S84L=POINT,mecA,mecR1=PARTIAL,mepA,murA_E291D=POINT,murA_T396N=POINT,parC_S80F=POINT,parE_P585S=POINT,tet(38)","blaI,blaR1=HMM,blaZ,erm(C),glpT_A100V=POINT,gyrA_S84L=POINT,mecA,mecR1=PARTIAL,murA_E291D=POINT,murA_T396N=POINT,parC_S80F=POINT,parE_P585S=POINT",17,"aur,cna=PARTIAL_END_OF_CONTIG,hld,hlgA,hlgB,hlgC,icaC,sak,scn,sec2,sei,sel,sel26,sem,sen=MISTRANSLATION,seo,seu",4.2.7,2026-03-24.1
PDT000021147.2|SAMN02325686|GCA_000534955.1|Staphylococcus aureus M0743||M0743|Generic,GCA_000534955.1,SAMN02325686,2004-02-02,"USA: Boston, MA",Homo sapiens,nares,,PDT000021147.2,2014-02-04,,22,"aadD1,ant(6)-Ia=MISTRANSLATION,ant(9)-Ia,aph(3')-IIIa,blaI,blaR1,blaZ=PARTIAL_END_OF_CONTIG,bleO,erm(A),fosB,gyrA_E88K=POINT,gyrA_S84L=POINT,mecA,mecI,mecR1,mepA,mph(C),msr(A),parC_E84G=POINT,parC_S80Y=POINT,sat4,tet(38)","aadD1,ant(6)-Ia=MISTRANSLATION,ant(9)-Ia,aph(3')-IIIa,blaI,blaR1,blaZ=PARTIAL_END_OF_CONTIG,bleO,erm(A),fosB,gyrA_E88K=POINT,gyrA_S84L=POINT,mecA,mecI,mecR1,mph(C),msr(A),parC_E84G=POINT,parC_S80Y=POINT,sat4,tet(38)",19,"aur,hld,hlgA,hlgB,hlgC,icaC,lukD,lukE,sak,sasG=PARTIAL_END_OF_CONTIG,scn,sei,selX,sem,sen=MISTRANSLATION,seo,seu=PARTIAL,splA,splB",4.0.23,2025-06-03.1
PDT000021148.2|SAMN02325732|GCA_000534975.1|Staphylococcus aureus M0832||M0832|Generic,GCA_000534975.1,SAMN02325732,2004-02-23,"USA: Boston, MA",Homo sapiens,blood,,PDT000021148.2,2014-02-04,,20,"aac(6')-Ie/aph(2'')-Ia,aadD1,ant(9)-Ia,blaI,blaR1,blaZ,bleO,dfrS1,erm(A),erm(C),fosB,gyrA_S84L=POINT,mecA,mecI,mecR1,mepA,parC_S80F=POINT,rpoB_H481N=POINT,tet(38),tet(K)","aac(6')-Ie/aph(2'')-Ia,aadD1,ant(9)-Ia,blaI,blaR1,blaZ,bleO,dfrS1,erm(A),erm(C),fosB,gyrA_S84L=POINT,mecA,mecI,mecR1,parC_S80F=POINT,rpoB_H481N=POINT,tet(38),tet(K)",19,"aur,hld,hlgA,hlgB,hlgC,icaC,lukD,lukE,sak,scn,sei,selX,sem,sen=MISTRANSLATION,seo,sep,seu=PARTIAL,splA,splB",4.0.23,2025-06-03.1
PDT000021149.2|SAMN02325744|GCA_000534995.1|Staphylococcus aureus M0846||M0846|Generic,GCA_000534995.1,SAMN02325744,2004-02-24,"USA: Boston, MA",Homo sapiens,sputum,,PDT000021149.2,2014-02-04,,20,"aadD1,ant(6)-Ia=MISTRANSLATION,ant(9)-Ia,ant(9)-Ia=PARTIAL_END_OF_CONTIG,aph(3')-IIIa,blaI,blaZ=PARTIAL_END_OF_CONTIG,bleO,erm(A),fosB,gyrA_S84L=POINT,mecA,mecI,mecR1,mepA,msr(A),parC_E84G=POINT,parC_S80Y=POINT,sat4,tet(38)","aadD1,ant(6)-Ia=MISTRANSLATION,ant(9)-Ia,ant(9)-Ia=PARTIAL_END_OF_CONTIG,aph(3')-IIIa,blaI,blaZ=PARTIAL_END_OF_CONTIG,bleO,erm(A),fosB,gyrA_S84L=POINT,mecA,mecI,mecR1,msr(A),parC_E84G=POINT,parC_S80Y=POINT,sat4,tet(38)",17,"aur,hld,hlgA,hlgB,hlgC,icaC,lukE,sak,scn,sei,selX,sem,sen=MISTRANSLATION,seo,seu=PARTIAL,splA,splB",4.2.7,2026-01-21.1
PDT000021150.2|SAMN02325745|GCA_000535015.1|Staphylococcus aureus M0848||M0848|Generic,GCA_000535015.1,SAMN02325745,2004-02-24,"USA: Boston, MA",Homo sapiens,tip,,PDT000021150.2,2014-02-04,,13,"aadD1,ant(9)-Ia,bleO,erm(A),fosB,gyrA_S84L=POINT,mecA,mecI,mecR1,mepA,parC_E84G=POINT,parC_S80Y=POINT,tet(38)","aadD1,ant(9)-Ia,bleO,erm(A),fosB,gyrA_S84L=POINT,mecA,mecI,mecR1,parC_E84G=POINT,parC_S80Y=POINT,tet(38)",17,"aur,hld,hlgA,hlgB,hlgC,icaC,lukE,sak,scn,sei,selX,sem,sen=MISTRANSLATION,seo,seu=PARTIAL,splA,splB",4.0.23,2025-06-03.1
PDT000021151.2|SAMN02325750|GCA_000535035.1|Staphylococcus aureus M0854||M0854|Generic,GCA_000535035.1,SAMN02325750,2004-02-26,"USA: Boston, MA",Homo sapiens,nares,,PDT000021151.2,2014-02-04,,17,"aadD1,ant(9)-Ia,blaZ=PARTIAL_END_OF_CONTIG,bleO,erm(A),fosB,gyrA_E88K=POINT,gyrA_S84L=POINT,mecA,mecI,mecR1,mepA,mph(C),msr(A),parC_E84G=POINT,parC_S80Y=POINT,tet(38)","aadD1,ant(9)-Ia,blaZ=PARTIAL_END_OF_CONTIG,bleO,erm(A),fosB,gyrA_E88K=POINT,gyrA_S84L=POINT,mecA,mecI,mecR1,mph(C),msr(A),parC_E84G=POINT,parC_S80Y=POINT,tet(38)",18,"aur,hld,hlgA,hlgB,hlgC,icaC,lukD,lukE,sak,scn,sei,selX,sem,sen=MISTRANSLATION,seo,seu=PARTIAL,splA,splB",4.0.23,2025-06-03.1
PDT000021152.2|SAMN02325752|GCA_000535055.1|Staphylococcus aureus M0857||M0857|Generic,GCA_000535055.1,SAMN02325752,2004-02-27,"USA: Boston, MA",Homo sapiens,blood,,PDT000021152.2,2014-02-04,,17,"aadD1,ant(9)-Ia,blaI,blaR1=PARTIAL_END_OF_CONTIG,blaZ,bleO,erm(A),fosB,gyrA_E88K=POINT,gyrA_S84L=POINT,mecA,mecI,mecR1,mepA,parC_E84G=POINT,parC_S80Y=POINT,tet(38)","aadD1,ant(9)-Ia,blaI,blaR1=PARTIAL_END_OF_CONTIG,blaZ,bleO,erm(A),fosB,gyrA_E88K=POINT,gyrA_S84L=POINT,mecA,mecI,mecR1,parC_E84G=POINT,parC_S80Y=POINT,tet(38)",20,"aur,hld,hlgA,hlgB,hlgC,icaC,lukE,sak,scn,sed=PARTIAL_END_OF_CONTIG,sei,sej,selX,sem,sen=MISTRANSLATION,seo,ser,seu=PARTIAL,splA,splB",4.0.23,2025-06-03.1
PDT000021153.2|SAMN02325768|GCA_000535075.1|Staphylococcus aureus M0867||M0867|Generic,GCA_000535075.1,SAMN02325768,2004-02-28,"USA: Boston, MA",Homo sapiens,sputum,,PDT000021153.2,2014-02-04,,22,"aadD1,ant(6)-Ia=MISTRANSLATION,ant(9)-Ia,aph(3')-IIIa,blaI,blaR1,blaZ,bleO,erm(A),erm(C),fosB,gyrA_S84L=POINT,mecA,mecI,mecR1,mepA,mph(C),msr(A),parC_E84G=POINT,parC_S80Y=POINT,sat4,tet(38)","aadD1,ant(6)-Ia=MISTRANSLATION,ant(9)-Ia,aph(3')-IIIa,blaI,blaR1,blaZ,bleO,erm(A),erm(C),fosB,gyrA_S84L=POINT,mecA,mecI,mecR1,mph(C),msr(A),parC_E84G=POINT,parC_S80Y=POINT,sat4,tet(38)",17,"aur,hld,hlgA,hlgB,hlgC,icaC,lukE,sak,scn,sei,selX,sem,sen=MISTRANSLATION,seo,seu=PARTIAL,splA,splB",4.0.23,2025-06-03.1
PDT000021154.2|SAMN02325771|GCA_000535095.1|Staphylococcus aureus M0870||M0870|Generic,GCA_000535095.1,SAMN02325771,2004-03-01,"USA: Boston, MA",Homo sapiens,nares,,PDT000021154.2,2014-02-04,,15,"aadD1,ant(9)-Ia,blaI,blaZ=PARTIAL_END_OF_CONTIG,bleO,erm(A),fosB,gyrA_S84L=POINT,mecA,mecI,mecR1,mepA,parC_E84G=POINT,parC_S80Y=POINT,tet(38)","aadD1,ant(9)-Ia,blaI,blaZ=PARTIAL_END_OF_CONTIG,bleO,erm(A),fosB,gyrA_S84L=POINT,mecA,mecI,mecR1,parC_E84G=POINT,parC_S80Y=POINT,tet(38)",18,"aur,hld,hlgA,hlgB,hlgC,icaC,lukD,lukE,sak,scn,sei,selX,sem,sen=MISTRANSLATION,seo,seu=PARTIAL,splA,splB",4.2.7,2026-01-21.1
PDT000021155.2|SAMN02325773|GCA_000535115.1|Staphylococcus aureus M0873||M0873|Generic,GCA_000535115.1,SAMN02325773,2004-03-05,"USA: Boston, MA",Homo sapiens,,,PDT000021155.2,2014-02-04,,13,"aadD1,ant(9)-Ia,bleO,erm(A),fosB,gyrA_S84L=POINT,mecA,mecI,mecR1,mepA,parC_E84G=POINT,parC_S80Y=POINT,tet(38)","aadD1,ant(9)-Ia,bleO,erm(A),fosB,gyrA_S84L=POINT,mecA,mecI,mecR1,parC_E84G=POINT,parC_S80Y=POINT,tet(38)",18,"aur,hld,hlgA,hlgB,hlgC,icaC,lukE,sak,scn,sed=PARTIAL_END_OF_CONTIG,sei,selX,sem,sen=MISTRANSLATION,seo,seu=PARTIAL,splA,splB",4.0.23,2025-06-03.1
PDT000021156.2|SAMN02325780|GCA_000535135.1|Staphylococcus aureus M0882||M0882|Generic,GCA_000535135.1,SAMN02325780,2004-03-02,"USA: Boston, MA",Homo sapiens,nares,,PDT000021156.2,2014-02-04,,22,"aadD1,ant(6)-Ia=MISTRANSLATION,ant(9)-Ia,aph(3')-IIIa,blaI,blaR1,blaZ,bleO,erm(A),erm(C),fosB,gyrA_S84L=POINT,mecA,mecI,mecR1,mepA,mph(C),msr(A),parC_E84G=POINT,parC_S80Y=POINT,sat4,tet(38)","aadD1,ant(6)-Ia=MISTRANSLATION,ant(9)-Ia,aph(3')-IIIa,blaI,blaR1,blaZ,bleO,erm(A),erm(C),fosB,gyrA_S84L=POINT,mecA,mecI,mecR1,mph(C),msr(A),parC_E84G=POINT,parC_S80Y=POINT,sat4,tet(38)",17,"aur,hld,hlgA,hlgB,hlgC,icaC,lukE,sak,scn,sei,selX,sem,sen=MISTRANSLATION,seo,seu=PARTIAL,splA,splB",4.0.23,2025-06-03.1
PDT000021157.2|SAMN02325784|GCA_000535155.1|Staphylococcus aureus M0886||M0886|Generic,GCA_000535155.1,SAMN02325784,2004-03-02,"USA: Boston, MA",Homo sapiens,nares,,PDT000021157.2,2014-02-04,,16,"aadD1,ant(9)-Ia,blaI,blaR1,blaZ,bleO,erm(A),fosB,gyrA_S84L=POINT,mecA,mecI,mecR1,mepA,parC_E84G=POINT,parC_S80Y=POINT,tet(38)","aadD1,ant(9)-Ia,blaI,blaR1,blaZ,bleO,erm(A),fosB,gyrA_S84L=POINT,mecA,mecI,mecR1,parC_E84G=POINT,parC_S80Y=POINT,tet(38)",21,"aur,hld,hlgA,hlgB,hlgC,icaC,lukD,lukE,sak,scn,sed,sei,sej,selX,sem,sen=MISTRANSLATION,seo,ser,seu=PARTIAL,splA,splB",4.0.23,2025-06-03.1
PDT000021158.2|SAMN02325786|GCA_000535175.1|Staphylococcus aureus M0888||M0888|Generic,GCA_000535175.1,SAMN02325786,2004-03-02,"USA: Boston, MA",Homo sapiens,nares,,PDT000021158.2,2014-02-04,,16,"aadD1,ant(9)-Ia,blaI,blaR1,blaZ,bleO,erm(A),fosB,gyrA_S84L=POINT,mecA,mecI,mecR1,mepA,parC_E84G=POINT,parC_S80Y=POINT,tet(38)","aadD1,ant(9)-Ia,blaI,blaR1,blaZ,bleO,erm(A),fosB,gyrA_S84L=POINT,mecA,mecI,mecR1,parC_E84G=POINT,parC_S80Y=POINT,tet(38)",17,"aur,hld,hlgA,hlgB,hlgC,icaC,lukE,sak,scn,sei,selX,sem,sen=MISTRANSLATION,seo,seu=PARTIAL,splA,splB",4.0.23,2025-06-03.1
PDT000021159.2|SAMN02325800|GCA_000535195.1|Staphylococcus aureus M0904||M0904|Generic,GCA_000535195.1,SAMN02325800,2004-03-06,"USA: Boston, MA",Homo sapiens,wound,,PDT000021159.2,2014-02-04,,18,"aac(6')-Ie/aph(2'')-Ia,aadD1,ant(9)-Ia,blaI,blaR1,blaZ,bleO,dfrS1,erm(A),fosB,gyrA_S84L=POINT,mecA,mecI,mecR1,mepA,parC_S80F=POINT,rpoB_H481N=POINT,tet(38)","aac(6')-Ie/aph(2'')-Ia,aadD1,ant(9)-Ia,blaI,blaR1,blaZ,bleO,dfrS1,erm(A),fosB,gyrA_S84L=POINT,mecA,mecI,mecR1,parC_S80F=POINT,rpoB_H481N=POINT,tet(38)",20,"aur,hld,hlgA,hlgB,hlgC,icaC,lukD,lukE,sak,sasG=PARTIAL_END_OF_CONTIG,scn,sei,selX,sem,sen=MISTRANSLATION,seo,sep,seu=PARTIAL,splA,splB",4.2.7,2026-01-21.1
PDT000021160.2|SAMN02325802|GCA_000535215.1|Staphylococcus aureus M0906||M0906|Generic,GCA_000535215.1,SAMN02325802,2004-03-07,"USA: Boston, MA",Homo sapiens,nares,,PDT000021160.2,2014-02-04,,15,"aadD1,ant(9)-Ia,blaI,blaZ=PARTIAL_END_OF_CONTIG,bleO,erm(A),fosB,gyrA_S84L=POINT,mecA,mecI,mecR1,mepA,parC_E84G=POINT,parC_S80Y=POINT,tet(38)","aadD1,ant(9)-Ia,blaI,blaZ=PARTIAL_END_OF_CONTIG,bleO,erm(A),fosB,gyrA_S84L=POINT,mecA,mecI,mecR1,parC_E84G=POINT,parC_S80Y=POINT,tet(38)",18,"aur,hld,hlgA,hlgB,hlgC,icaC,lukD,lukE,sak,scn,sei,selX,sem,sen=MISTRANSLATION,seo,seu=PARTIAL,splA,splB",4.0.23,2025-06-03.1
PDT000021161.2|SAMN02325816|GCA_000535235.1|Staphylococcus aureus M0921||M0921|Generic,GCA_000535235.1,SAMN02325816,2004-03-09,"USA: Boston, MA",Homo sapiens,nares,,PDT000021161.2,2014-02-04,,22,"aadD1,ant(6)-Ia=MISTRANSLATION,ant(9)-Ia,aph(3')-IIIa,blaI,blaR1,blaZ,bleO,erm(A),erm(C),fosB,gyrA_S84L=POINT,mecA,mecI,mecR1,mepA,mph(C),msr(A),parC_E84G=POINT,parC_S80Y=POINT,sat4,tet(38)","aadD1,ant(6)-Ia=MISTRANSLATION,ant(9)-Ia,aph(3')-IIIa,blaI,blaR1,blaZ,bleO,erm(A),erm(C),fosB,gyrA_S84L=POINT,mecA,mecI,mecR1,mph(C),msr(A),parC_E84G=POINT,parC_S80Y=POINT,sat4,tet(38)",17,"aur,hld,hlgA,hlgB,hlgC,icaC,lukE,sak,scn,sei,selX,sem,sen=MISTRANSLATION,seo,seu=PARTIAL,splA,splB",4.0.23,2025-06-03.1
PDT000021162.2|SAMN02325818|GCA_000535255.1|Staphylococcus aureus M0923||M0923|Generic,GCA_000535255.1,SAMN02325818,2004-03-09,"USA: Boston, MA",Homo sapiens,wound,,PDT000021162.2,2014-02-04,,18,"aadD1,ant(9)-Ia,aph(3')-IIIa,blaI,blaR1=PARTIAL_END_OF_CONTIG,bleO,erm(A),fosB,gyrA_S84L=POINT,mecA,mecI,mecR1,mepA,mph(C),msr(A),parC_E84G=POINT,parC_S80Y=POINT,tet(38)","aadD1,ant(9)-Ia,aph(3')-IIIa,blaI,blaR1=PARTIAL_END_OF_CONTIG,bleO,erm(A),fosB,gyrA_S84L=POINT,mecA,mecI,mecR1,mph(C),msr(A),parC_E84G=POINT,parC_S80Y=POINT,tet(38)",17,"aur,hld,hlgA,hlgB,hlgC,icaC,lukE,sak,scn,sei,selX,sem,sen=MISTRANSLATION,seo,seu=PARTIAL,splA,splB",4.0.23,2025-06-03.1
PDT000021163.2|SAMN02325829|GCA_000535275.1|Staphylococcus aureus M0939||M0939|Generic,GCA_000535275.1,SAMN02325829,2004-03-11,"USA: Boston, MA",Homo sapiens,nares,,PDT000021163.2,2014-02-04,,17,"aadD1,ant(9)-Ia,aph(3')-IIIa,blaI,blaZ,bleO,erm(A),fosB,gyrA_S84L=POINT,mecA,mecI,mecR1,mepA,msr(A),parC_E84G=POINT,parC_S80Y=POINT,tet(38)","aadD1,ant(9)-Ia,aph(3')-IIIa,blaI,blaZ,bleO,erm(A),fosB,gyrA_S84L=POINT,mecA,mecI,mecR1,msr(A),parC_E84G=POINT,parC_S80Y=POINT,tet(38)",18,"aur,hld,hlgA,hlgB,hlgC,icaC,lukD,lukE,sak,scn,sei,selX,sem,sen=MISTRANSLATION,seo,seu=PARTIAL,splA,splB",4.0.23,2025-06-03.1
PDT000021164.2|SAMN02325836|GCA_000535295.1|Staphylococcus aureus M0949||M0949|Generic,GCA_000535295.1,SAMN02325836,2004-03-13,"USA: Boston, MA",Homo sapiens,tip,,PDT000021164.2,2014-02-04,,18,"aadD1,ant(6)-Ia=MISTRANSLATION,ant(9)-Ia,aph(3')-IIIa,bleO,erm(A),fosB,gyrA_S84L=POINT,mecA,mecI,mecR1,mepA,mph(C),msr(A),parC_E84G=POINT,parC_S80Y=POINT,sat4,tet(38)","aadD1,ant(6)-Ia=MISTRANSLATION,ant(9)-Ia,aph(3')-IIIa,bleO,erm(A),fosB,gyrA_S84L=POINT,mecA,mecI,mecR1,mph(C),msr(A),parC_E84G=POINT,parC_S80Y=POINT,sat4,tet(38)",21,"aur,hld,hlgA,hlgB,hlgC,icaC,lukD,lukE,sak,scn,sed,sei,sej,selX,sem,sen=MISTRANSLATION,seo,ser,seu=PARTIAL,splA,splB",4.2.7,2026-01-21.1
PDT000021165.2|SAMN02325844|GCA_000535315.1|Staphylococcus aureus M0959||M0959|Generic,GCA_000535315.1,SAMN02325844,2004-03-16,"USA: Boston, MA",Homo sapiens,,,PDT000021165.2,2014-02-04,,19,"aac(6')-Ie/aph(2'')-Ia,aadD1=PARTIAL_END_OF_CONTIG,ant(9)-Ia,ant(9)-Ia=PARTIAL_END_OF_CONTIG,aph(3')-IIIa=PARTIAL_END_OF_CONTIG,blaI,bleO,erm(A),fosB,gyrA_S84L=POINT,mecA,mecI,mecR1,mepA,mph(C)=PARTIAL_END_OF_CONTIG,parC_E84G=POINT,parC_S80Y=POINT,sat4,tet(38)","aac(6')-Ie/aph(2'')-Ia,aadD1=PARTIAL_END_OF_CONTIG,ant(9)-Ia,ant(9)-Ia=PARTIAL_END_OF_CONTIG,aph(3')-IIIa=PARTIAL_END_OF_CONTIG,blaI,bleO,erm(A),fosB,gyrA_S84L=POINT,mecA,mecI,mecR1,mph(C)=PARTIAL_END_OF_CONTIG,parC_E84G=POINT,parC_S80Y=POINT,sat4,tet(38)",17,"aur,hld,hlgA,hlgB,hlgC,icaC,lukE,sak,scn,sei,selX,sem,sen=MISTRANSLATION,seo,seu=PARTIAL,splA,splB",4.0.23,2025-06-03.1
PDT000021166.2|SAMN02334617|GCA_000535335.1|Staphylococcus aureus M0980||M0980|Generic,GCA_000535335.1,SAMN02334617,2004-03-21,"USA: Boston, MA",Homo sapiens,sputum,,PDT000021166.2,2014-02-04,,16,"aadD1,ant(9)-Ia,blaI,blaR1,blaZ,bleO,erm(A),fosB,gyrA_S84L=POINT,mecA,mecI,mecR1,mepA,parC_E84G=POINT,parC_S80Y=POINT,tet(38)","aadD1,ant(9)-Ia,blaI,blaR1,blaZ,bleO,erm(A),fosB,gyrA_S84L=POINT,mecA,mecI,mecR1,parC_E84G=POINT,parC_S80Y=POINT,tet(38)",21,"aur,hld,hlgA,hlgB,hlgC,icaC,lukD,lukE,sak,scn,sed,sei,sej,selX,sem,sen=MISTRANSLATION,seo,ser,seu=PARTIAL,splA,splB",4.0.23,2025-06-03.1
PDT000021167.2|SAMN02334618|GCA_000535355.1|Staphylococcus aureus M0981||M0981|Generic,GCA_000535355.1,SAMN02334618,2004-03-21,"USA: Boston, MA",Homo sapiens,sputum,,PDT000021167.2,2014-02-04,,14,"aadD1,ant(9)-Ia,bleO,erm(A),fosB,gyrA_E88A=POINT,gyrA_S84L=POINT,mecA,mecI,mecR1,mepA,parC_E84G=POINT,parC_S80Y=POINT,tet(38)","aadD1,ant(9)-Ia,bleO,erm(A),fosB,gyrA_E88A=POINT,gyrA_S84L=POINT,mecA,mecI,mecR1,parC_E84G=POINT,parC_S80Y=POINT,tet(38)",18,"aur,hld,hlgA,hlgB,hlgC,icaC,lukD,lukE,sak,scn,sei,selX,sem,sen=MISTRANSLATION,seo,seu=PARTIAL,splA,splB",4.0.23,2025-06-03.1
PDT000021168.2|SAMN02334626|GCA_000535375.1|Staphylococcus aureus M0991||M0991|Generic,GCA_000535375.1,SAMN02334626,2004-03-23,"USA: Boston, MA",Homo sapiens,nares,,PDT000021168.2,2014-02-04,,15,"ant(9)-Ia,blaI,blaR1=MISTRANSLATION,blaZ,erm(A),erm(A)=MISTRANSLATION,fosB,gyrA_S84L=POINT,mecA,mecI,mecR1,mepA,parC_E84K=POINT,parC_S80F=POINT,tet(38)","ant(9)-Ia,blaI,blaR1=MISTRANSLATION,blaZ,erm(A),erm(A)=MISTRANSLATION,fosB,gyrA_S84L=POINT,mecA,mecI,mecR1,parC_E84K=POINT,parC_S80F=POINT,tet(38)",19,"aur,hld,hlgA,hlgB,hlgC,icaC,lukD,lukE,sak,scn,sei,selX,sem,sen=MISTRANSLATION,seo,ser=PARTIAL_END_OF_CONTIG,seu=PARTIAL,splA,splB",4.0.23,2025-06-03.1
PDT000021169.2|SAMN02334627|GCA_000535395.1|Staphylococcus aureus M0992||M0992|Generic,GCA_000535395.1,SAMN02334627,2004-03-23,"USA: Boston, MA",Homo sapiens,nares,,PDT000021169.2,2014-02-04,,14,"ant(9)-Ia,blaI,blaR1,blaZ,erm(A),fosB,gyrA_S84L=POINT,mecA,mecI,mecR1,mepA,parC_S80F=POINT,rpoB_H481Y=POINT,tet(38)","ant(9)-Ia,blaI,blaR1,blaZ,erm(A),fosB,gyrA_S84L=POINT,mecA,mecI,mecR1,parC_S80F=POINT,rpoB_H481Y=POINT,tet(38)",19,"aur,hld,hlgA,hlgB,hlgC,icaC,lukD,lukE,sak,scn=MISTRANSLATION,sei,selX,sem,sen=MISTRANSLATION,seo,sep,seu=PARTIAL,splA,splB",4.2.7,2026-01-21.1
PDT000021170.2|SAMN02334629|GCA_000535415.1|Staphylococcus aureus M0996||M0996|Generic,GCA_000535415.1,SAMN02334629,2004-03-24,"USA: Boston, MA",Homo sapiens,nares,,PDT000021170.2,2014-02-04,,17,"aadD1,ant(9)-Ia,blaI,blaR1,blaZ,bleO,erm(A),fosB,gyrA_S84L=POINT,gyrA_S85P=POINT,mecA,mecI,mecR1,mepA,parC_E84G=POINT,parC_S80Y=POINT,tet(38)","aadD1,ant(9)-Ia,blaI,blaR1,blaZ,bleO,erm(A),fosB,gyrA_S84L=POINT,gyrA_S85P=POINT,mecA,mecI,mecR1,parC_E84G=POINT,parC_S80Y=POINT,tet(38)",20,"aur,hld,hlgA,hlgB,hlgC,icaC,lukE,sak,scn,sed,sei,sej,selX,sem,sen=MISTRANSLATION,seo,ser,seu=PARTIAL,splA,splB",4.2.7,2026-01-21.1
PDT000021171.2|SAMN02334635|GCA_000535435.1|Staphylococcus aureus M1008||M1008|Generic,GCA_000535435.1,SAMN02334635,2004-03-28,"USA: Boston, MA",Homo sapiens,sputum,,PDT000021171.2,2014-02-04,,13,"aadD1,ant(9)-Ia,bleO,erm(A),fosB,gyrA_S84L=POINT,mecA,mecI,mecR1,mepA,parC_E84G=POINT,parC_S80Y=POINT,tet(38)","aadD1,ant(9)-Ia,bleO,erm(A),fosB,gyrA_S84L=POINT,mecA,mecI,mecR1,parC_E84G=POINT,parC_S80Y=POINT,tet(38)",17,"aur,hld,hlgA,hlgB,hlgC,icaC,lukE,sak,scn,sei,selX,sem,sen=MISTRANSLATION,seo,seu=PARTIAL,splA,splB",4.0.23,2025-06-03.1
PDT000021172.2|SAMN02334642|GCA_000535455.1|Staphylococcus aureus M1018||M1018|Generic,GCA_000535455.1,SAMN02334642,2004-03-30,"USA: Boston, MA",Homo sapiens,nares,,PDT000021172.2,2014-02-04,,18,"aadD1,ant(9)-Ia,ant(9)-Ia=PARTIAL_END_OF_CONTIG,blaI,blaZ=PARTIAL_END_OF_CONTIG,bleO,erm(A),fosB,gyrA_S84L=POINT,mecA,mecI,mecR1,mepA,mph(C),msr(A)=PARTIAL_END_OF_CONTIG,parC_E84G=POINT,parC_S80Y=POINT,tet(38)","aadD1,ant(9)-Ia,ant(9)-Ia=PARTIAL_END_OF_CONTIG,blaI,blaZ=PARTIAL_END_OF_CONTIG,bleO,erm(A),fosB,gyrA_S84L=POINT,mecA,mecI,mecR1,mph(C),msr(A)=PARTIAL_END_OF_CONTIG,parC_E84G=POINT,parC_S80Y=POINT,tet(38)",17,"aur,hld,hlgA,hlgB,hlgC,icaC,lukE,sak,scn,sei,selX,sem,sen=MISTRANSLATION,seo,seu=PARTIAL,splA,splB",4.0.23,2025-06-03.1
PDT000021173.2|SAMN02334647|GCA_000535475.1|Staphylococcus aureus M1024||M1024|Generic,GCA_000535475.1,SAMN02334647,2004-03-31,"USA: Boston, MA",Homo sapiens,nares,,PDT000021173.2,2014-02-04,,22,"aac(6')-Ie/aph(2'')-Ia,aadD1=PARTIAL_END_OF_CONTIG,ant(6)-Ia=MISTRANSLATION,ant(9)-Ia,ant(9)-Ia=PARTIAL_END_OF_CONTIG,aph(3')-IIIa=PARTIAL_END_OF_CONTIG,blaI,blaR1,bleO,erm(A),fosB,gyrA_S84L=POINT,mecA,mecI,mecR1,mepA,mph(C)=PARTIAL_END_OF_CONTIG,msr(A)=PARTIAL_END_OF_CONTIG,parC_E84G=POINT,parC_S80Y=POINT,sat4,tet(38)","aac(6')-Ie/aph(2'')-Ia,aadD1=PARTIAL_END_OF_CONTIG,ant(6)-Ia=MISTRANSLATION,ant(9)-Ia,ant(9)-Ia=PARTIAL_END_OF_CONTIG,aph(3')-IIIa=PARTIAL_END_OF_CONTIG,blaI,blaR1,bleO,erm(A),fosB,gyrA_S84L=POINT,mecA,mecI,mecR1,mph(C)=PARTIAL_END_OF_CONTIG,msr(A)=PARTIAL_END_OF_CONTIG,parC_E84G=POINT,parC_S80Y=POINT,sat4,tet(38)",17,"aur,hld,hlgA,hlgB,hlgC,icaC,lukE,sak,scn,sei,selX,sem,sen=MISTRANSLATION,seo,seu=PARTIAL,splA,splB",4.0.23,2025-06-03.1
PDT000021174.2|SAMN02334651|GCA_000535495.1|Staphylococcus aureus M1028||M1028|Generic,GCA_000535495.1,SAMN02334651,2004-03-31,"USA: Boston, MA",Homo sapiens,nares,,PDT000021174.2,2014-02-04,,15,"aadD1,ant(9)-Ia,blaI=PARTIAL_END_OF_CONTIG,blaR1,bleO,erm(A),fosB,gyrA_S84L=POINT,mecA,mecI,mecR1,mepA,parC_E84K=POINT,parC_S80F=POINT,tet(38)","aadD1,ant(9)-Ia,blaI=PARTIAL_END_OF_CONTIG,blaR1,bleO,erm(A),fosB,gyrA_S84L=POINT,mecA,mecI,mecR1,parC_E84K=POINT,parC_S80F=POINT,tet(38)",21,"aur,hld,hlgA,hlgB,hlgC,icaC,lukD,lukE,sak,scn,sed,sei,sej,selX,sem,sen=MISTRANSLATION,seo,ser=PARTIAL_END_OF_CONTIG,splA,splB,tst",4.2.7,2026-01-21.1
PDT000021175.2|SAMN02334652|GCA_000535515.1|Staphylococcus aureus M1029||M1029|Generic,GCA_000535515.1,SAMN02334652,2004-03-31,"USA: Boston, MA",Homo sapiens,sputum,,PDT000021175.2,2014-02-04,,22,"aadD1,ant(6)-Ia=MISTRANSLATION,ant(9)-Ia,aph(3')-IIIa,blaI,blaR1,blaZ,bleO,erm(A),fosB,gyrA_S84L=POINT,mecA,mecI,mecR1,mepA,mph(C),msr(A),parC_E84G=POINT,parC_S80Y=POINT,rpoB_H481N=POINT,sat4,tet(38)","aadD1,ant(6)-Ia=MISTRANSLATION,ant(9)-Ia,aph(3')-IIIa,blaI,blaR1,blaZ,bleO,erm(A),fosB,gyrA_S84L=POINT,mecA,mecI,mecR1,mph(C),msr(A),parC_E84G=POINT,parC_S80Y=POINT,rpoB_H481N=POINT,sat4,tet(38)",18,"aur,hld,hlgA,hlgB,hlgC,icaC,lukD,lukE,sak,scn,sei,selX,sem,sen=MISTRANSLATION,seo,seu=PARTIAL,splA,splB",4.2.7,2026-01-21.1
PDT000021176.2|SAMN02334657|GCA_000535535.1|Staphylococcus aureus M1039||M1039|Generic,GCA_000535535.1,SAMN02334657,2004-04-04,"USA: Boston, MA",Homo sapiens,sputum,,PDT000021176.2,2014-02-04,,15,"aadD1,ant(9)-Ia,blaI,blaR1=PARTIAL_END_OF_CONTIG,bleO,erm(A),fosB,gyrA_S84L=POINT,mecA,mecI,mecR1,mepA,parC_E84G=POINT,parC_S80Y=POINT,tet(38)","aadD1,ant(9)-Ia,blaI,blaR1=PARTIAL_END_OF_CONTIG,bleO,erm(A),fosB,gyrA_S84L=POINT,mecA,mecI,mecR1,parC_E84G=POINT,parC_S80Y=POINT,tet(38)",20,"aur,hld,hlgA,hlgB,hlgC,icaC,lukE,sak,scn,sed=PARTIAL_END_OF_CONTIG,sei,sej=PARTIAL_END_OF_CONTIG,selX,sem,sen=MISTRANSLATION,seo,ser,seu=PARTIAL,splA,splB",4.0.23,2025-06-03.1
PDT000021177.2|SAMN02334662|GCA_000535555.1|Staphylococcus aureus M1047||M1047|Generic,GCA_000535555.1,SAMN02334662,2004-04-05,"USA: Boston, MA",Homo sapiens,nares,,PDT000021177.2,2014-02-04,,14,"aadD1,ant(9)-Ia,bleO,erm(A),fosB,gyrA_S84L=POINT,mecA,mecI,mecR1,mepA,msr(A),parC_E84G=POINT,parC_S80Y=POINT,tet(38)","aadD1,ant(9)-Ia,bleO,erm(A),fosB,gyrA_S84L=POINT,mecA,mecI,mecR1,msr(A),parC_E84G=POINT,parC_S80Y=POINT,tet(38)",18,"aur,hld,hlgA,hlgB,hlgC,icaC,lukD,lukE,sak,scn,sei,selX,sem,sen=MISTRANSLATION,seo,seu=PARTIAL,splA,splB",4.0.23,2025-06-03.1
PDT000021178.2|SAMN02334666|GCA_000535575.1|Staphylococcus aureus M1051||M1051|Generic,GCA_000535575.1,SAMN02334666,2004-04-06,"USA: Boston, MA",Homo sapiens,sputum,,PDT000021178.2,2014-02-04,,16,"aadD1,ant(9)-Ia,blaZ=PARTIAL_END_OF_CONTIG,bleO,erm(A),fosB,gyrA_E88K=POINT,gyrA_S84L=POINT,mecA,mecI,mecR1,mepA,msr(A)=PARTIAL_END_OF_CONTIG,parC_E84G=POINT,parC_S80Y=POINT,tet(38)","aadD1,ant(9)-Ia,blaZ=PARTIAL_END_OF_CONTIG,bleO,erm(A),fosB,gyrA_E88K=POINT,gyrA_S84L=POINT,mecA,mecI,mecR1,msr(A)=PARTIAL_END_OF_CONTIG,parC_E84G=POINT,parC_S80Y=POINT,tet(38)",18,"aur,hld,hlgA,hlgB,hlgC,icaC,lukD,lukE,sak,scn,sei,selX,sem,sen=MISTRANSLATION,seo,seu=PARTIAL,splA,splB",4.0.23,2025-06-03.1
PDT000021179.2|SAMN02334669|GCA_000535595.1|Staphylococcus aureus M1055||M1055|Generic,GCA_000535595.1,SAMN02334669,2004-04-07,"USA: Boston, MA",Homo sapiens,nares,,PDT000021179.2,2014-02-04,,15,"aadD1,ant(9)-Ia,bleO,erm(A),fosB,gyrA_E88K=POINT,gyrA_S84L=POINT,mecA,mecI,mecR1,mepA,mph(C),parC_E84G=POINT,parC_S80Y=POINT,tet(38)","aadD1,ant(9)-Ia,bleO,erm(A),fosB,gyrA_E88K=POINT,gyrA_S84L=POINT,mecA,mecI,mecR1,mph(C),parC_E84G=POINT,parC_S80Y=POINT,tet(38)",18,"aur,hld,hlgA,hlgB,hlgC,icaC,lukD,lukE,sak,scn,sei,selX,sem,sen=MISTRANSLATION,seo,seu=PARTIAL,splA,splB",4.2.7,2026-01-21.1
PDT000021180.2|SAMN02334671|GCA_000535615.1|Staphylococcus aureus M1057||M1057|Generic,GCA_000535615.1,SAMN02334671,2004-04-08,"USA: Boston, MA",Homo sapiens,nares,,PDT000021180.2,2014-02-04,,18,"aadD1,ant(9)-Ia,aph(3')-IIIa=PARTIAL_END_OF_CONTIG,blaI,blaZ,bleO,erm(A),fosB,gyrA_S84L=POINT,mecA,mecI,mecR1,mepA,mph(C),parC_E84G=POINT,parC_S80Y=POINT,sat4,tet(38)","aadD1,ant(9)-Ia,aph(3')-IIIa=PARTIAL_END_OF_CONTIG,blaI,blaZ,bleO,erm(A),fosB,gyrA_S84L=POINT,mecA,mecI,mecR1,mph(C),parC_E84G=POINT,parC_S80Y=POINT,sat4,tet(38)",17,"aur,hld,hlgA,hlgB,hlgC,icaC,lukE,sak,scn,sei,selX,sem,sen=MISTRANSLATION,seo,seu=PARTIAL,splA,splB",4.2.7,2026-01-21.1
PDT000021181.2|SAMN02334674|GCA_000535635.1|Staphylococcus aureus M1065||M1065|Generic,GCA_000535635.1,SAMN02334674,2004-04-11,"USA: Boston, MA",Homo sapiens,nares,,PDT000021181.2,2014-02-04,,17,"aadD1,ant(9)-Ia,aph(3')-IIIa=PARTIAL_END_OF_CONTIG,bleO,erm(A),fosB,gyrA_S84L=POINT,mecA,mecI,mecR1,mepA,mph(C)=PARTIAL_END_OF_CONTIG,msr(A)=PARTIAL_END_OF_CONTIG,parC_E84G=POINT,parC_S80Y=POINT,sat4,tet(38)","aadD1,ant(9)-Ia,aph(3')-IIIa=PARTIAL_END_OF_CONTIG,bleO,erm(A),fosB,gyrA_S84L=POINT,mecA,mecI,mecR1,mph(C)=PARTIAL_END_OF_CONTIG,msr(A)=PARTIAL_END_OF_CONTIG,parC_E84G=POINT,parC_S80Y=POINT,sat4,tet(38)",17,"aur,hld,hlgA,hlgB,hlgC,icaC,lukE,sak,scn,sei,selX,sem,sen=MISTRANSLATION,seo,seu=PARTIAL,splA,splB",4.0.23,2025-06-03.1
PDT000021182.2|SAMN02334679|GCA_000535655.1|Staphylococcus aureus M1071||M1071|Generic,GCA_000535655.1,SAMN02334679,2004-04-12,"USA: Boston, MA",Homo sapiens,nares,,PDT000021182.2,2014-02-04,,15,"aadD1,ant(9)-Ia,blaI=PARTIAL_END_OF_CONTIG,blaR1=PARTIAL_END_OF_CONTIG,bleO,erm(A),fosB,gyrA_S84L=POINT,mecA,mecI,mecR1,mepA,parC_E84G=POINT,parC_S80Y=POINT,tet(38)","aadD1,ant(9)-Ia,blaI=PARTIAL_END_OF_CONTIG,blaR1=PARTIAL_END_OF_CONTIG,bleO,erm(A),fosB,gyrA_S84L=POINT,mecA,mecI,mecR1,parC_E84G=POINT,parC_S80Y=POINT,tet(38)",19,"aur,hld,hlgA,hlgB,hlgC,icaC,lukD,lukE,sak,scn,sei,selX,sem,sen=MISTRANSLATION,seo,ser,seu=PARTIAL,splA,splB",4.0.23,2025-06-03.1
PDT000021183.2|SAMN02334680|GCA_000535675.1|Staphylococcus aureus M1073||M1073|Generic,GCA_000535675.1,SAMN02334680,2004-04-12,"USA: Boston, MA",Homo sapiens,fluid,,PDT000021183.2,2014-02-04,,17,"aadD1,ant(9)-Ia,blaI,blaR1=PARTIAL_END_OF_CONTIG,blaZ,bleO,erm(A),fosB,gyrA_E88A=POINT,gyrA_S84L=POINT,mecA,mecI,mecR1,mepA,parC_E84G=POINT,parC_S80Y=POINT,tet(38)","aadD1,ant(9)-Ia,blaI,blaR1=PARTIAL_END_OF_CONTIG,blaZ,bleO,erm(A),fosB,gyrA_E88A=POINT,gyrA_S84L=POINT,mecA,mecI,mecR1,parC_E84G=POINT,parC_S80Y=POINT,tet(38)",18,"aur,hld,hlgA,hlgB,hlgC,icaC,lukD,lukE,sak,scn,sei,selX,sem,sen=MISTRANSLATION,seo,seu=PARTIAL,splA,splB",4.0.23,2025-06-03.1
PDT000021184.2|SAMN02334682|GCA_000535695.1|Staphylococcus aureus M1075||M1075|Generic,GCA_000535695.1,SAMN02334682,2004-04-12,"USA: Boston, MA",Homo sapiens,nares,,PDT000021184.2,2014-02-04,,15,"aadD1,ant(9)-Ia,blaR1=PARTIAL_END_OF_CONTIG,blaZ=PARTIAL_END_OF_CONTIG,bleO,erm(A),fosB,gyrA_S84L=POINT,mecA,mecI,mecR1,mepA,parC_E84G=POINT,parC_S80Y=POINT,tet(38)","aadD1,ant(9)-Ia,blaR1=PARTIAL_END_OF_CONTIG,blaZ=PARTIAL_END_OF_CONTIG,bleO,erm(A),fosB,gyrA_S84L=POINT,mecA,mecI,mecR1,parC_E84G=POINT,parC_S80Y=POINT,tet(38)",20,"aur,hld,hlgA,hlgB,hlgC,icaC,lukD,lukE,sak,scn,sei,sej,selX,sem,sen=MISTRANSLATION,seo,ser=PARTIAL_END_OF_CONTIG,seu=PARTIAL,splA,splB",4.0.23,2025-06-03.1
PDT000021185.2|SAMN02334697|GCA_000535715.1|Staphylococcus aureus M1097||M1097|Generic,GCA_000535715.1,SAMN02334697,2004-04-17,"USA: Boston, MA",Homo sapiens,wound,,PDT000021185.2,2014-02-04,,13,"aadD1,ant(9)-Ia,bleO=MISTRANSLATION,erm(A),fosB,gyrA_S84L=POINT,mecA,mecI,mecR1,mepA,parC_E84G=POINT,parC_S80Y=POINT,tet(38)","aadD1,ant(9)-Ia,bleO=MISTRANSLATION,erm(A),fosB,gyrA_S84L=POINT,mecA,mecI,mecR1,parC_E84G=POINT,parC_S80Y=POINT,tet(38)",17,"aur,hld,hlgA,hlgB,hlgC,icaC,lukE,sak,scn,sei,selX,sem,sen=MISTRANSLATION,seo,seu=PARTIAL,splA,splB",4.2.7,2026-01-21.1
PDT000021186.2|SAMN02334698|GCA_000535735.1|Staphylococcus aureus M1099||M1099|Generic,GCA_000535735.1,SAMN02334698,2004-04-18,"USA: Boston, MA",Homo sapiens,sputum,,PDT000021186.2,2014-02-04,,16,"aadD1,ant(9)-Ia,blaI,bleO,erm(A),fosB,gyrA_E88K=POINT,gyrA_S84L=POINT,mecA,mecI,mecR1,mepA,msr(A)=PARTIAL_END_OF_CONTIG,parC_E84G=POINT,parC_S80Y=POINT,tet(38)","aadD1,ant(9)-Ia,blaI,bleO,erm(A),fosB,gyrA_E88K=POINT,gyrA_S84L=POINT,mecA,mecI,mecR1,msr(A)=PARTIAL_END_OF_CONTIG,parC_E84G=POINT,parC_S80Y=POINT,tet(38)",18,"aur,hld,hlgA,hlgB,hlgC,icaC,lukD,lukE,sak,scn,sei,selX,sem,sen=MISTRANSLATION,seo,seu=PARTIAL,splA,splB",4.0.23,2025-06-03.1
PDT000021187.2|SAMN02334699|GCA_000535755.1|Staphylococcus aureus M1100||M1100|Generic,GCA_000535755.1,SAMN02334699,2004-04-18,"USA: Boston, MA",Homo sapiens,bronchial washings,,PDT000021187.2,2014-02-04,,13,"aadD1,ant(9)-Ia,bleO,erm(A),fosB,gyrA_S84L=POINT,mecA,mecI,mecR1,mepA,parC_E84G=POINT,parC_S80Y=POINT,tet(38)","aadD1,ant(9)-Ia,bleO,erm(A),fosB,gyrA_S84L=POINT,mecA,mecI,mecR1,parC_E84G=POINT,parC_S80Y=POINT,tet(38)",17,"aur,hld,hlgA,hlgB,hlgC,icaC,lukE,sak,scn,sei,selX,sem,sen=MISTRANSLATION,seo,seu=PARTIAL,splA,splB",4.0.23,2025-06-03.1
PDT000021188.2|SAMN02339941|GCA_000535775.1|Staphylococcus aureus M1561||M1561|Generic,GCA_000535775.1,SAMN02339941,2004-11-30,"USA: Boston, MA",Homo sapiens,nares,,PDT000021188.2,2014-02-04,,13,"aadD1,ant(9)-Ia,bleO,erm(A),fosB,gyrA_S84L=POINT,mecA,mecI,mecR1,mepA,parC_E84G=POINT,parC_S80Y=POINT,tet(38)","aadD1,ant(9)-Ia,bleO,erm(A),fosB,gyrA_S84L=POINT,mecA,mecI,mecR1,parC_E84G=POINT,parC_S80Y=POINT,tet(38)",18,"aur,hld,hlgA,hlgB,hlgC,icaC,lukD,lukE,sak,scn,sei,selX,sem,sen=MISTRANSLATION,seo,seu=PARTIAL,splA,splB",4.0.23,2025-06-03.1
PDT000021189.2|SAMN02339954|GCA_000535795.1|Staphylococcus aureus M1579||M1579|Generic,GCA_000535795.1,SAMN02339954,2005-01-25,"USA: Boston, MA",Homo sapiens,nares,,PDT000021189.2,2014-02-04,,14,"aadD1,ant(9)-Ia,bleO,erm(A),erm(C),fosB,gyrA_S84L=POINT,mecA,mecI,mecR1,mepA,parC_E84G=POINT,parC_S80Y=POINT,tet(38)","aadD1,ant(9)-Ia,bleO,erm(A),erm(C),fosB,gyrA_S84L=POINT,mecA,mecI,mecR1,parC_E84G=POINT,parC_S80Y=POINT,tet(38)",21,"aur,hld,hlgA,hlgB,hlgC,icaC,lukD,lukE,sak,scn,sed=PARTIAL_END_OF_CONTIG,sei,sej=PARTIAL_END_OF_CONTIG,selX,sem,sen=MISTRANSLATION,seo,ser,seu=PARTIAL,splA,splB",4.0.23,2025-06-03.1
PDT000021190.2|SAMN02339960|GCA_000535815.1|Staphylococcus aureus M0755||M0755|Generic,GCA_000535815.1,SAMN02339960,2004-02-07,"USA: Boston, MA",Homo sapiens,sputum,,PDT000021190.2,2014-02-04,,15,"aadD1,ant(9)-Ia,bleO,erm(A),erm(C),fosB,gyrA_E88K=POINT,gyrA_S84L=POINT,mecA,mecI,mecR1,mepA,parC_E84G=POINT,parC_S80Y=POINT,tet(38)","aadD1,ant(9)-Ia,bleO,erm(A),erm(C),fosB,gyrA_E88K=POINT,gyrA_S84L=POINT,mecA,mecI,mecR1,parC_E84G=POINT,parC_S80Y=POINT,tet(38)",17,"aur,hld,hlgA,hlgB,hlgC,icaC,lukE,sak,scn,sei,selX,sem,sen=MISTRANSLATION,seo,seu=PARTIAL,splA,splB",4.2.7,2026-01-21.1
PDT000021191.2|SAMN02339969|GCA_000535835.1|Staphylococcus aureus M0765||M0765|Generic,GCA_000535835.1,SAMN02339969,2004-02-09,"USA: Boston, MA",Homo sapiens,sputum,,PDT000021191.2,2014-02-04,,19,"aadD1,ant(6)-Ia=MISTRANSLATION,ant(9)-Ia,aph(3')-IIIa,blaR1=PARTIAL_END_OF_CONTIG,bleO,erm(A),fosB,gyrA_S84L=POINT,mecA,mecI,mecR1,mepA,mph(C),msr(A)=PARTIAL_END_OF_CONTIG,parC_E84G=POINT,parC_S80Y=POINT,sat4,tet(38)","aadD1,ant(6)-Ia=MISTRANSLATION,ant(9)-Ia,aph(3')-IIIa,blaR1=PARTIAL_END_OF_CONTIG,bleO,erm(A),fosB,gyrA_S84L=POINT,mecA,mecI,mecR1,mph(C),msr(A)=PARTIAL_END_OF_CONTIG,parC_E84G=POINT,parC_S80Y=POINT,sat4,tet(38)",17,"aur,hld,hlgA,hlgB,hlgC,icaC,lukE,sak,scn,sei,selX,sem,sen=MISTRANSLATION,seo,seu=PARTIAL,splA,splB",4.0.23,2025-06-03.1
PDT000021192.2|SAMN02350552|GCA_000535855.1|Staphylococcus aureus M1368||M1368|Generic,GCA_000535855.1,SAMN02350552,2004-06-27,"USA: Boston, MA",Homo sapiens,,,PDT000021192.2,2014-02-04,,16,"aadD1,ant(9)-Ia,blaI,blaR1=PARTIAL_END_OF_CONTIG,blaZ=PARTIAL_END_OF_CONTIG,bleO,erm(A),fosB,gyrA_S84L=POINT,mecA,mecI,mecR1,mepA,parC_E84G=POINT,parC_S80Y=POINT,tet(38)","aadD1,ant(9)-Ia,blaI,blaR1=PARTIAL_END_OF_CONTIG,blaZ=PARTIAL_END_OF_CONTIG,bleO,erm(A),fosB,gyrA_S84L=POINT,mecA,mecI,mecR1,parC_E84G=POINT,parC_S80Y=POINT,tet(38)",19,"aur,hld,hlgA,hlgB,hlgC,icaC,lukE,sak,scn,sed=PARTIAL_END_OF_CONTIG,sei,selX,sem,sen=MISTRANSLATION,seo,ser,seu=PARTIAL,splA,splB",4.0.23,2025-06-03.1
PDT000021193.2|SAMN02350559|GCA_000535875.1|Staphylococcus aureus M1379||M1379|Generic,GCA_000535875.1,SAMN02350559,2004-06-29,"USA: Boston, MA",Homo sapiens,,,PDT000021193.2,2014-02-04,,22,"aadD1,ant(6)-Ia=MISTRANSLATION,ant(9)-Ia,aph(3')-IIIa,blaI,blaR1,blaZ,bleO,erm(A),erm(C),fosB,gyrA_S84L=POINT,mecA,mecI,mecR1,mepA,mph(C),msr(A),parC_E84G=POINT,parC_S80Y=POINT,sat4,tet(38)","aadD1,ant(6)-Ia=MISTRANSLATION,ant(9)-Ia,aph(3')-IIIa,blaI,blaR1,blaZ,bleO,erm(A),erm(C),fosB,gyrA_S84L=POINT,mecA,mecI,mecR1,mph(C),msr(A),parC_E84G=POINT,parC_S80Y=POINT,sat4,tet(38)",17,"aur,hld,hlgA,hlgB,hlgC,icaC,lukE,sak,scn,sei,selX,sem,sen=MISTRANSLATION,seo,seu=PARTIAL,splA,splB",4.0.23,2025-06-03.1
PDT000021194.2|SAMN02350563|GCA_000535895.1|Staphylococcus aureus M1384||M1384|Generic,GCA_000535895.1,SAMN02350563,2004-07-01,"USA: Boston, MA",Homo sapiens,,,PDT000021194.2,2014-02-04,,20,"aadD1,ant(9)-Ia,aph(3')-IIIa,blaI=PARTIAL_END_OF_CONTIG,blaR1=PARTIAL_END_OF_CONTIG,blaZ,bleO,erm(A),fosB,gyrA_S84L=POINT,mecA,mecI,mecR1,mepA,mph(C),msr(A),parC_E84G=POINT,parC_S80Y=POINT,sat4,tet(38)","aadD1,ant(9)-Ia,aph(3')-IIIa,blaI=PARTIAL_END_OF_CONTIG,blaR1=PARTIAL_END_OF_CONTIG,blaZ,bleO,erm(A),fosB,gyrA_S84L=POINT,mecA,mecI,mecR1,mph(C),msr(A),parC_E84G=POINT,parC_S80Y=POINT,sat4,tet(38)",18,"aur,hld,hlgA,hlgB,hlgC,icaC,lukE,sak,sasG=PARTIAL_END_OF_CONTIG,scn,sei,selX,sem,sen=MISTRANSLATION,seo,seu=PARTIAL,splA,splB",4.0.23,2025-06-03.1
PDT000021195.2|SAMN02350564|GCA_000535915.1|Staphylococcus aureus M1385||M1385|Generic,GCA_000535915.1,SAMN02350564,2004-07-01,"USA: Boston, MA",Homo sapiens,,,PDT000021195.2,2014-02-04,,21,"aadD1,ant(6)-Ia=MISTRANSLATION,ant(9)-Ia,aph(3')-IIIa,blaI,blaR1,blaZ,bleO,erm(A),fosB,gyrA_S84L=POINT,mecA,mecI,mecR1,mepA,mph(C),msr(A),parC_E84G=POINT,parC_S80Y=POINT,sat4,tet(38)","aadD1,ant(6)-Ia=MISTRANSLATION,ant(9)-Ia,aph(3')-IIIa,blaI,blaR1,blaZ,bleO,erm(A),fosB,gyrA_S84L=POINT,mecA,mecI,mecR1,mph(C),msr(A),parC_E84G=POINT,parC_S80Y=POINT,sat4,tet(38)",17,"aur,hld,hlgA,hlgB,hlgC,icaC,lukE,sak,scn,sei,selX,sem,sen=MISTRANSLATION,seo,seu=PARTIAL,splA,splB",4.2.7,2026-01-21.1
PDT000021196.2|SAMN02350567|GCA_000535935.1|Staphylococcus aureus M1388||M1388|Generic,GCA_000535935.1,SAMN02350567,2004-07-01,"USA: Boston, MA",Homo sapiens,,,PDT000021196.2,2014-02-04,,17,"aadD1,ant(9)-Ia,blaI,blaR1,blaZ,bleO,erm(A),fosB,gyrA_E88K=POINT,gyrA_S84L=POINT,mecA,mecI,mecR1,mepA,parC_E84G=POINT,parC_S80Y=POINT,tet(38)","aadD1,ant(9)-Ia,blaI,blaR1,blaZ,bleO,erm(A),fosB,gyrA_E88K=POINT,gyrA_S84L=POINT,mecA,mecI,mecR1,parC_E84G=POINT,parC_S80Y=POINT,tet(38)",21,"aur,hld,hlgA,hlgB,hlgC,icaC,lukD,lukE,sak,scn,sed,sei,sej,selX,sem,sen=MISTRANSLATION,seo,ser,seu=PARTIAL,splA,splB",4.0.23,2025-06-03.1
PDT000021197.2|SAMN02350579|GCA_000535955.1|Staphylococcus aureus M1404||M1404|Generic,GCA_000535955.1,SAMN02350579,2004-07-03,"USA: Boston, MA",Homo sapiens,,,PDT000021197.2,2014-02-04,,13,"aadD1,ant(9)-Ia,bleO,erm(A),fosB,gyrA_S84L=POINT,mecA,mecI,mecR1,mepA,parC_E84G=POINT,parC_S80Y=POINT,tet(38)","aadD1,ant(9)-Ia,bleO,erm(A),fosB,gyrA_S84L=POINT,mecA,mecI,mecR1,parC_E84G=POINT,parC_S80Y=POINT,tet(38)",18,"aur,hld,hlgA,hlgB,hlgC,icaC,lukD,lukE,sak,scn,sei,selX=MISTRANSLATION,sem,sen=MISTRANSLATION,seo,seu=PARTIAL,splA,splB",4.0.23,2025-06-03.1
PDT000021198.2|SAMN02350591|GCA_000535975.1|Staphylococcus aureus M1418||M1418|Generic,GCA_000535975.1,SAMN02350591,2004-07-08,"USA: Boston, MA",Homo sapiens,,,PDT000021198.2,2014-02-04,,16,"aadD1,ant(9)-Ia,blaI,blaR1,blaZ,bleO,erm(A),fosB,gyrA_S84L=POINT,mecA,mecI,mecR1,mepA,parC_E84G=POINT,parC_S80Y=POINT,tet(38)","aadD1,ant(9)-Ia,blaI,blaR1,blaZ,bleO,erm(A),fosB,gyrA_S84L=POINT,mecA,mecI,mecR1,parC_E84G=POINT,parC_S80Y=POINT,tet(38)",21,"aur,hld,hlgA,hlgB,hlgC,icaC,lukD,lukE,sak,scn,sed=PARTIAL,sei,sej,selX,sem,sen=MISTRANSLATION,seo,ser=PARTIAL,seu=PARTIAL,splA,splB",4.0.23,2025-06-03.1
PDT000021199.2|SAMN02350630|GCA_000535995.1|Staphylococcus aureus M1468||M1468|Generic,GCA_000535995.1,SAMN02350630,2004-07-20,"USA: Boston, MA",Homo sapiens,,,PDT000021199.2,2014-02-04,,21,"aadD1,ant(6)-Ia=MISTRANSLATION,ant(9)-Ia,aph(3')-IIIa,blaI,blaR1,blaZ,bleO,erm(A),fosB,gyrA_S84L=POINT,mecA,mecI,mecR1,mepA,mph(C),msr(A),parC_E84G=POINT,parC_S80Y=POINT,sat4,tet(38)","aadD1,ant(6)-Ia=MISTRANSLATION,ant(9)-Ia,aph(3')-IIIa,blaI,blaR1,blaZ,bleO,erm(A),fosB,gyrA_S84L=POINT,mecA,mecI,mecR1,mph(C),msr(A),parC_E84G=POINT,parC_S80Y=POINT,sat4,tet(38)",17,"aur,hld,hlgA=PARTIAL_END_OF_CONTIG,hlgB,hlgC,icaC,lukE,sak,scn,sei,selX,sem,sen=MISTRANSLATION,seo,seu=PARTIAL,splA,splB",4.0.23,2025-06-03.1
PDT000021200.2|SAMN02350635|GCA_000536015.1|Staphylococcus aureus M1473||M1473|Generic,GCA_000536015.1,SAMN02350635,2004-07-23,"USA: Boston, MA",Homo sapiens,,,PDT000021200.2,2014-02-04,,22,"aadD1,ant(6)-Ia=MISTRANSLATION,ant(9)-Ia,aph(3')-IIIa,blaI,blaR1=MISTRANSLATION,blaZ,bleO,erm(A),erm(C),fosB,gyrA_S84L=POINT,mecA,mecI,mecR1,mepA,mph(C),msr(A),parC_E84G=POINT,parC_S80Y=POINT,sat4,tet(38)","aadD1,ant(6)-Ia=MISTRANSLATION,ant(9)-Ia,aph(3')-IIIa,blaI,blaR1=MISTRANSLATION,blaZ,bleO,erm(A),erm(C),fosB,gyrA_S84L=POINT,mecA,mecI,mecR1,mph(C),msr(A),parC_E84G=POINT,parC_S80Y=POINT,sat4,tet(38)",17,"aur,hld,hlgA,hlgB,hlgC,icaC,lukE,sak,scn,sei,selX,sem,sen=MISTRANSLATION,seo,seu=PARTIAL,splA,splB",4.2.7,2026-01-21.1
PDT000021201.2|SAMN02363976|GCA_000536035.1|Staphylococcus aureus M1339||M1339|Generic,GCA_000536035.1,SAMN02363976,2004-06-21,"USA: Boston, MA",Homo sapiens,drainage,,PDT000021201.2,2014-02-04,,14,"aadD1,ant(9)-Ia,bleO,erm(A),erm(A)=PARTIAL_END_OF_CONTIG,fosB,gyrA_S84L=POINT,mecA,mecI,mecR1,mepA,parC_E84G=POINT,parC_S80Y=POINT,tet(38)","aadD1,ant(9)-Ia,bleO,erm(A),erm(A)=PARTIAL_END_OF_CONTIG,fosB,gyrA_S84L=POINT,mecA,mecI,mecR1,parC_E84G=POINT,parC_S80Y=POINT,tet(38)",17,"aur,hld,hlgA,hlgB,hlgC,icaC,lukE,sak,scn,sei,selX,sem,sen=MISTRANSLATION,seo,seu=PARTIAL,splA,splB",4.0.23,2025-06-03.1
PDT000021202.2|SAMN02363978|GCA_000536055.1|Staphylococcus aureus M1343||M1343|Generic,GCA_000536055.1,SAMN02363978,2004-06-21,"USA: Boston, MA",Homo sapiens,sputum,,PDT000021202.2,2014-02-04,,17,"aadD1,ant(9)-Ia,blaI,blaR1,blaZ=MISTRANSLATION,bleO,erm(A),fosB,gyrA_S84L=POINT,mecA,mecI,mecR1,mepA,parC_E84G=POINT,parC_S80Y=POINT,rpoB_S464P=POINT,tet(38)","aadD1,ant(9)-Ia,blaI,blaR1,blaZ=MISTRANSLATION,bleO,erm(A),fosB,gyrA_S84L=POINT,mecA,mecI,mecR1,parC_E84G=POINT,parC_S80Y=POINT,rpoB_S464P=POINT,tet(38)",21,"aur,hld,hlgA,hlgB,hlgC,icaC,lukD,lukE,sak,scn,sed,sei,sej,selX,sem,sen=MISTRANSLATION,seo,ser,seu=PARTIAL,splA,splB",4.0.23,2025-06-03.1
PDT000021203.2|SAMN02363992|GCA_000536075.1|Staphylococcus aureus M1357||M1357|Generic,GCA_000536075.1,SAMN02363992,2004-06-24,"USA: Boston, MA",Homo sapiens,wound,,PDT000021203.2,2014-02-04,,16,"aadD1=PARTIAL_END_OF_CONTIG,ant(9)-Ia,blaR1=PARTIAL_END_OF_CONTIG,bleO,erm(A),erm(A)=PARTIAL,fosB,gyrA_S84L=POINT,mecA,mecI,mecR1,mepA,parC_E84G=POINT,parC_S80Y=POINT,rpoB_S464P=POINT,tet(38)","aadD1=PARTIAL_END_OF_CONTIG,ant(9)-Ia,blaR1=PARTIAL_END_OF_CONTIG,bleO,erm(A),erm(A)=PARTIAL,fosB,gyrA_S84L=POINT,mecA,mecI,mecR1,parC_E84G=POINT,parC_S80Y=POINT,rpoB_S464P=POINT,tet(38)",20,"aur,hld,hlgA,hlgB,hlgC,icaC,lukD,lukE,sak,scn,sei,sej,selX,sem,sen=MISTRANSLATION,seo,ser=PARTIAL_END_OF_CONTIG,seu=PARTIAL,splA,splB",4.0.23,2025-06-03.1
PDT000021204.2|SAMN02363993|GCA_000536095.1|Staphylococcus aureus M1358||M1358|Generic,GCA_000536095.1,SAMN02363993,2004-06-24,"USA: Boston, MA",Homo sapiens,nares,,PDT000021204.2,2014-02-04,,22,"aadD1,ant(6)-Ia=MISTRANSLATION,ant(9)-Ia,aph(3')-IIIa,blaI,blaR1,blaZ,bleO,erm(A),fosB,gyrA_E88K=POINT,gyrA_S84L=POINT,mecA,mecI,mecR1,mepA,mph(C),msr(A),parC_E84G=POINT,parC_S80Y=POINT,sat4,tet(38)","aadD1,ant(6)-Ia=MISTRANSLATION,ant(9)-Ia,aph(3')-IIIa,blaI,blaR1,blaZ,bleO,erm(A),fosB,gyrA_E88K=POINT,gyrA_S84L=POINT,mecA,mecI,mecR1,mph(C),msr(A),parC_E84G=POINT,parC_S80Y=POINT,sat4,tet(38)",18,"aur,hld,hlgA,hlgB,hlgC,icaC,lukD,lukE,sak,scn,sei,selX,sem,sen=MISTRANSLATION,seo,seu=PARTIAL,splA,splB",4.0.23,2025-06-03.1
PDT000021205.2|SAMN02363996|GCA_000536115.1|Staphylococcus aureus M1362||M1362|Generic,GCA_000536115.1,SAMN02363996,2004-06-24,"USA: Boston, MA",Homo sapiens,fluid,,PDT000021205.2,2014-02-04,,13,"aadD1,ant(9)-Ia,bleO,erm(A)=PARTIAL_END_OF_CONTIG,fosB,gyrA_S84L=POINT,mecA,mecI,mecR1,mepA,parC_E84G=POINT,parC_S80Y=POINT,tet(38)","aadD1,ant(9)-Ia,bleO,erm(A)=PARTIAL_END_OF_CONTIG,fosB,gyrA_S84L=POINT,mecA,mecI,mecR1,parC_E84G=POINT,parC_S80Y=POINT,tet(38)",17,"aur,hld,hlgA,hlgB,hlgC,icaC,lukE,sak,scn,sei,selX,sem,sen=MISTRANSLATION,seo,seu=PARTIAL,splA,splB",4.2.7,2026-01-21.1
PDT000021206.2|SAMN02364011|GCA_000536135.1|Staphylococcus aureus M1488||M1488|Generic,GCA_000536135.1,SAMN02364011,2004-08-08,"USA: Boston, MA",Homo sapiens,nares,,PDT000021206.2,2014-02-04,,13,"aadD1,ant(9)-Ia,bleO,erm(A),fosB,gyrA_S84L=POINT,mecA,mecI,mecR1,mepA,parC_E84G=POINT,parC_S80Y=POINT,tet(38)","aadD1,ant(9)-Ia,bleO,erm(A),fosB,gyrA_S84L=POINT,mecA,mecI,mecR1,parC_E84G=POINT,parC_S80Y=POINT,tet(38)",18,"aur,hld,hlgA,hlgB,hlgC,icaC,lukD,lukE,sak,scn,sei,selX,sem,sen=MISTRANSLATION,seo,seu=PARTIAL,splA,splB",4.0.23,2025-06-03.1
PDT000021207.2|SAMN02364017|GCA_000536155.1|Staphylococcus aureus M1494||M1494|Generic,GCA_000536155.1,SAMN02364017,2004-08-10,"USA: Boston, MA",Homo sapiens,tip,,PDT000021207.2,2014-02-04,,17,"aadD1,ant(9)-Ia,aph(3')-IIIa,blaR1=PARTIAL_END_OF_CONTIG,bleO,erm(A),erm(A)=PARTIAL_END_OF_CONTIG,fosB,gyrA_S84L=POINT,mecA,mecI,mecR1,mepA,parC_E84G=POINT,parC_S80Y=POINT,sat4,tet(38)","aadD1,ant(9)-Ia,aph(3')-IIIa,blaR1=PARTIAL_END_OF_CONTIG,bleO,erm(A),erm(A)=PARTIAL_END_OF_CONTIG,fosB,gyrA_S84L=POINT,mecA,mecI,mecR1,parC_E84G=POINT,parC_S80Y=POINT,sat4,tet(38)",16,"aur,hld,hlgA,hlgB,hlgC,icaC,lukD,lukE,sei,selX,sem,sen=MISTRANSLATION,seo,seu=PARTIAL,splA,splB",4.0.23,2025-06-03.1
PDT000021208.2|SAMN02364025|GCA_000536175.1|Staphylococcus aureus M1503||M1503|Generic,GCA_000536175.1,SAMN02364025,2004-08-22,"USA: Boston, MA",Homo sapiens,sputum,,PDT000021208.2,2014-02-04,,14,"aadD1,ant(9)-Ia,bleO,erm(A),fosB,gyrA_S84L=POINT,gyrA_S85P=POINT,mecA,mecI,mecR1,mepA,parC_E84G=POINT,parC_S80Y=POINT,tet(38)","aadD1,ant(9)-Ia,bleO,erm(A),fosB,gyrA_S84L=POINT,gyrA_S85P=POINT,mecA,mecI,mecR1,parC_E84G=POINT,parC_S80Y=POINT,tet(38)",18,"aur,hld,hlgA,hlgB,hlgC,icaC,lukD,lukE,sak,scn,sei,selX,sem,sen=MISTRANSLATION,seo=PARTIAL_END_OF_CONTIG,seu=PARTIAL,splA,splB",4.0.23,2025-06-03.1
PDT000021209.2|SAMN02364031|GCA_000536195.1|Staphylococcus aureus M1509||M1509|Generic,GCA_000536195.1,SAMN02364031,2004-08-30,"USA: Boston, MA",Homo sapiens,nares,,PDT000021209.2,2014-02-04,,16,"aadD1,ant(9)-Ia,blaI,blaR1,blaZ,bleO,erm(A)=PARTIAL_END_OF_CONTIG,fosB,gyrA_S84L=POINT,mecA,mecI,mecR1,mepA,parC_E84G=POINT,parC_S80Y=POINT,tet(38)","aadD1,ant(9)-Ia,blaI,blaR1,blaZ,bleO,erm(A)=PARTIAL_END_OF_CONTIG,fosB,gyrA_S84L=POINT,mecA,mecI,mecR1,parC_E84G=POINT,parC_S80Y=POINT,tet(38)",17,"aur,hld,hlgA,hlgB,hlgC,icaC,lukE,sak,scn,sei,selX,sem,sen=MISTRANSLATION,seo,seu=PARTIAL,splA,splB",4.0.23,2025-06-03.1
PDT000021210.2|SAMN02364040|GCA_000536215.1|Staphylococcus aureus M1522||M1522|Generic,GCA_000536215.1,SAMN02364040,2004-09-14,"USA: Boston, MA",Homo sapiens,nares,,PDT000021210.2,2014-02-04,,15,"aadD1,ant(9)-Ia,blaR1,blaZ,bleO,erm(A)=PARTIAL_END_OF_CONTIG,fosB,gyrA_S84L=POINT,mecA,mecI,mecR1,mepA,parC_E84G=POINT,parC_S80Y=POINT,tet(38)","aadD1,ant(9)-Ia,blaR1,blaZ,bleO,erm(A)=PARTIAL_END_OF_CONTIG,fosB,gyrA_S84L=POINT,mecA,mecI,mecR1,parC_E84G=POINT,parC_S80Y=POINT,tet(38)",17,"aur,hld,hlgA,hlgB,hlgC,icaC,lukE,sak,scn,sei,selX,sem,sen=MISTRANSLATION,seo,seu=PARTIAL,splA,splB",4.2.7,2026-01-21.1
PDT000021211.2|SAMN02364044|GCA_000536235.1|Staphylococcus aureus M1527||M1527|Generic,GCA_000536235.1,SAMN02364044,2004-09-21,"USA: Boston, MA",Homo sapiens,nares,,PDT000021211.2,2014-02-04,,20,"aadD1,ant(9)-Ia,aph(3')-IIIa,blaI,blaR1,blaZ,bleO,erm(A),fosB,gyrA_S84L=POINT,mecA,mecI,mecR1,mepA,mph(C),msr(A),parC_E84G=POINT,parC_S80Y=POINT,sat4,tet(38)","aadD1,ant(9)-Ia,aph(3')-IIIa,blaI,blaR1,blaZ,bleO,erm(A),fosB,gyrA_S84L=POINT,mecA,mecI,mecR1,mph(C),msr(A),parC_E84G=POINT,parC_S80Y=POINT,sat4,tet(38)",16,"aur,hld,hlgA,hlgB,hlgC,icaC,lukD,lukE,sei,selX,sem,sen=MISTRANSLATION,seo,seu=PARTIAL,splA,splB",4.0.23,2025-06-03.1
PDT000021212.2|SAMN02364051|GCA_000536255.1|Staphylococcus aureus M1536||M1536|Generic,GCA_000536255.1,SAMN02364051,2004-10-09,"USA: Boston, MA",Homo sapiens,nares,,PDT000021212.2,2014-02-04,,22,"aadD1,ant(6)-Ia=MISTRANSLATION,ant(9)-Ia,aph(3')-IIIa,blaI,blaR1,blaZ,bleO,erm(A),erm(C),fosB,gyrA_S84L=POINT,mecA,mecI,mecR1,mepA,mph(C),msr(A),parC_E84G=POINT,parC_S80Y=POINT,sat4,tet(38)","aadD1,ant(6)-Ia=MISTRANSLATION,ant(9)-Ia,aph(3')-IIIa,blaI,blaR1,blaZ,bleO,erm(A),erm(C),fosB,gyrA_S84L=POINT,mecA,mecI,mecR1,mph(C),msr(A),parC_E84G=POINT,parC_S80Y=POINT,sat4,tet(38)",17,"aur,hld,hlgA,hlgB,hlgC,icaC,lukE,sak,scn,sei,selX,sem,sen=MISTRANSLATION,seo,seu=PARTIAL,splA,splB",4.0.23,2025-06-03.1
PDT000021213.2|SAMN02364053|GCA_000536275.1|Staphylococcus aureus M1539||M1539|Generic,GCA_000536275.1,SAMN02364053,2004-10-16,"USA: Boston, MA",Homo sapiens,nares,,PDT000021213.2,2014-02-04,,15,"aadD1,ant(9)-Ia,blaI=PARTIAL_END_OF_CONTIG,blaR1,blaZ,bleO,erm(A),fosB,gyrA_S84L=POINT,mecA,mecR1=PARTIAL_END_OF_CONTIG,mepA,parC_E84G=POINT,parC_S80Y=POINT,tet(38)","aadD1,ant(9)-Ia,blaI=PARTIAL_END_OF_CONTIG,blaR1,blaZ,bleO,erm(A),fosB,gyrA_S84L=POINT,mecA,mecR1=PARTIAL_END_OF_CONTIG,parC_E84G=POINT,parC_S80Y=POINT,tet(38)",17,"aur,hld,hlgA,hlgB,hlgC,icaC,lukE,sak,scn,sei,selX,sem,sen=MISTRANSLATION,seo,seu=PARTIAL,splA,splB",4.0.23,2025-06-03.1
PDT000021214.2|SAMN02364056|GCA_000536295.1|Staphylococcus aureus M1543||M1543|Generic,GCA_000536295.1,SAMN02364056,2004-11-01,"USA: Boston, MA",Homo sapiens,nares,,PDT000021214.2,2014-02-04,,22,"aadD1,ant(6)-Ia=MISTRANSLATION,ant(9)-Ia,aph(3')-IIIa,blaI,blaR1,blaZ,bleO,erm(A)=PARTIAL,erm(C),fosB,gyrA_S84L=POINT,mecA,mecI,mecR1,mepA,mph(C),msr(A),parC_E84G=POINT,parC_S80Y=POINT,sat4,tet(38)","aadD1,ant(6)-Ia=MISTRANSLATION,ant(9)-Ia,aph(3')-IIIa,blaI,blaR1,blaZ,bleO,erm(A)=PARTIAL,erm(C),fosB,gyrA_S84L=POINT,mecA,mecI,mecR1,mph(C),msr(A),parC_E84G=POINT,parC_S80Y=POINT,sat4,tet(38)",17,"aur,hld,hlgA,hlgB,hlgC,icaC,lukE,sak,scn,sei,selX,sem,sen=MISTRANSLATION,seo,seu=PARTIAL,splA,splB",4.0.23,2025-06-03.1
PDT000021215.2|SAMN02364059|GCA_000536315.1|Staphylococcus aureus M1547||M1547|Generic,GCA_000536315.1,SAMN02364059,2004-11-09,"USA: Boston, MA",Homo sapiens,nares,,PDT000021215.2,2014-02-04,,16,"aadD1,ant(9)-Ia,aph(3')-IIIa,blaZ=PARTIAL_END_OF_CONTIG,bleO,erm(A),fosB,gyrA_S84L=POINT,mecA,mecI,mecR1,mepA,mph(C)=PARTIAL_END_OF_CONTIG,parC_E84G=POINT,parC_S80Y=POINT,tet(38)","aadD1,ant(9)-Ia,aph(3')-IIIa,blaZ=PARTIAL_END_OF_CONTIG,bleO,erm(A),fosB,gyrA_S84L=POINT,mecA,mecI,mecR1,mph(C)=PARTIAL_END_OF_CONTIG,parC_E84G=POINT,parC_S80Y=POINT,tet(38)",17,"aur,hld,hlgA,hlgB,hlgC,icaC,lukE,sak,scn,sei,selX,sem,sen=MISTRANSLATION,seo,seu=PARTIAL,splA,splB",4.2.7,2026-01-21.1
PDT000021216.2|SAMN02364060|GCA_000536335.1|Staphylococcus aureus M1548||M1548|Generic,GCA_000536335.1,SAMN02364060,2004-11-09,"USA: Boston, MA",Homo sapiens,nares,,PDT000021216.2,2014-02-04,,15,"aadD1,ant(9)-Ia,blaR1,bleO,erm(A),erm(A)=PARTIAL_END_OF_CONTIG,fosB,gyrA_S84L=POINT,mecA,mecI,mecR1,mepA,parC_E84G=POINT,parC_S80Y=POINT,tet(38)","aadD1,ant(9)-Ia,blaR1,bleO,erm(A),erm(A)=PARTIAL_END_OF_CONTIG,fosB,gyrA_S84L=POINT,mecA,mecI,mecR1,parC_E84G=POINT,parC_S80Y=POINT,tet(38)",19,"aur,hld,hlgA,hlgB,hlgC,icaC,lukE,sak,scn,sed=PARTIAL_END_OF_CONTIG,sei,sej,selX,sem,sen=MISTRANSLATION,seo,seu=PARTIAL,splA,splB",4.0.23,2025-06-03.1
PDT000021217.2|SAMN02364061|GCA_000536355.1|Staphylococcus aureus M1549||M1549|Generic,GCA_000536355.1,SAMN02364061,2004-11-10,"USA: Boston, MA",Homo sapiens,nares,,PDT000021217.2,2014-02-04,,21,"aadD1,ant(6)-Ia=MISTRANSLATION,ant(9)-Ia,aph(3')-IIIa=PARTIAL_END_OF_CONTIG,blaI=PARTIAL_END_OF_CONTIG,blaR1=PARTIAL_END_OF_CONTIG,blaZ,bleO,erm(A),fosB,gyrA_S84L=POINT,mecA,mecI,mecR1,mepA,mph(C),msr(A)=PARTIAL_END_OF_CONTIG,parC_E84G=POINT,parC_S80Y=POINT,sat4,tet(38)","aadD1,ant(6)-Ia=MISTRANSLATION,ant(9)-Ia,aph(3')-IIIa=PARTIAL_END_OF_CONTIG,blaI=PARTIAL_END_OF_CONTIG,blaR1=PARTIAL_END_OF_CONTIG,blaZ,bleO,erm(A),fosB,gyrA_S84L=POINT,mecA,mecI,mecR1,mph(C),msr(A)=PARTIAL_END_OF_CONTIG,parC_E84G=POINT,parC_S80Y=POINT,sat4,tet(38)",18,"aur,hld,hlgA,hlgB,hlgC,icaC,lukD,lukE,sak,scn,sei,selX,sem,sen=MISTRANSLATION,seo,seu=PARTIAL,splA,splB",4.0.23,2025-06-03.1
PDT000021218.2|SAMN02364066|GCA_000536375.1|Staphylococcus aureus M1554||M1554|Generic,GCA_000536375.1,SAMN02364066,2004-11-23,"USA: Boston, MA",Homo sapiens,nares,,PDT000021218.2,2014-02-04,,16,"aadD1,ant(9)-Ia,blaI,blaR1,blaZ,bleO,erm(A),fosB,gyrA_S84L=POINT,mecA,mecI,mecR1,mepA,parC_E84G=POINT,parC_S80Y=POINT,tet(38)","aadD1,ant(9)-Ia,blaI,blaR1,blaZ,bleO,erm(A),fosB,gyrA_S84L=POINT,mecA,mecI,mecR1,parC_E84G=POINT,parC_S80Y=POINT,tet(38)",20,"aur,hld,hlgA,hlgB,hlgC,icaC,lukE,sak,scn,sed,sei,sej,selX,sem,sen=MISTRANSLATION,seo,ser,seu=PARTIAL,splA,splB",4.0.23,2025-06-03.1
PDT000021219.2|SAMN02364067|GCA_000536395.1|Staphylococcus aureus M1555||M1555|Generic,GCA_000536395.1,SAMN02364067,2004-11-23,"USA: Boston, MA",Homo sapiens,nares,,PDT000021219.2,2014-02-04,,17,"aadD1,ant(9)-Ia,aph(3')-IIIa,bleO,erm(A),erm(A)=PARTIAL_END_OF_CONTIG,fosB,gyrA_S84L=POINT,mecA,mecI,mecR1,mepA,msr(A)=PARTIAL_END_OF_CONTIG,parC_E84G=POINT,parC_S80Y=POINT,sat4,tet(38)","aadD1,ant(9)-Ia,aph(3')-IIIa,bleO,erm(A),erm(A)=PARTIAL_END_OF_CONTIG,fosB,gyrA_S84L=POINT,mecA,mecI,mecR1,msr(A)=PARTIAL_END_OF_CONTIG,parC_E84G=POINT,parC_S80Y=POINT,sat4,tet(38)",18,"aur,hld,hlgA,hlgB,hlgC,icaC,lukD,lukE,sak,scn,sei,selX,sem,sen=MISTRANSLATION,seo,seu=PARTIAL,splA,splB",4.0.23,2025-06-03.1
PDT000021220.2|SAMN02364069|GCA_000536415.1|Staphylococcus aureus M1558||M1558|Generic,GCA_000536415.1,SAMN02364069,2004-11-27,"USA: Boston, MA",Homo sapiens,nares,,PDT000021220.2,2014-02-04,,11,"ant(9)-Ia,erm(A),fosB,gyrA_S84L=POINT,mecA,mecI,mecR1,mepA,parC_E84G=POINT,parC_S80Y=POINT,tet(38)","ant(9)-Ia,erm(A),fosB,gyrA_S84L=POINT,mecA,mecI,mecR1,parC_E84G=POINT,parC_S80Y=POINT,tet(38)",17,"aur,hld,hlgA,hlgB,hlgC,icaC,lukE,sak,scn,sei,selX,sem,sen=MISTRANSLATION,seo,seu=PARTIAL,splA,splB",4.2.7,2026-01-21.1
PDT000021221.2|SAMN02325715|GCA_000536435.1|Staphylococcus aureus M0805||M0805|Generic,GCA_000536435.1,SAMN02325715,2004-02-17,"USA: Boston, MA",Homo sapiens,nares,,PDT000021221.2,2014-02-04,,17,"aadD1,ant(9)-Ia,blaI,blaR1,blaZ=PARTIAL_END_OF_CONTIG,bleO,erm(A),fosB,gyrA_E88K=POINT,gyrA_S84L=POINT,mecA,mecI,mecR1,mepA,parC_E84G=POINT,parC_S80Y=POINT,tet(38)","aadD1,ant(9)-Ia,blaI,blaR1,blaZ=PARTIAL_END_OF_CONTIG,bleO,erm(A),fosB,gyrA_E88K=POINT,gyrA_S84L=POINT,mecA,mecI,mecR1,parC_E84G=POINT,parC_S80Y=POINT,tet(38)",19,"aur,hld,hlgA,hlgB,hlgC,icaC,lukE,sak,scn,sed=PARTIAL_END_OF_CONTIG,sei,sej,selX,sem,sen=MISTRANSLATION,seo,seu=PARTIAL,splA,splB",4.0.23,2025-06-03.1
PDT000021222.2|SAMN02381842|GCA_000536455.1|Staphylococcus aureus KINW6046||KINW6046|Generic,GCA_000536455.1,SAMN02381842,,"USA: Irvine, CA",Homo sapiens,sputum,,PDT000021222.2,2014-02-04,,11,"ant(9)-Ia,erm(A),fosB,gyrA_S84L=POINT,mecA,mecI,mecR1,mepA,parC_E84G=POINT,parC_S80Y=POINT,tet(38)","ant(9)-Ia,erm(A),fosB,gyrA_S84L=POINT,mecA,mecI,mecR1,parC_E84G=POINT,parC_S80Y=POINT,tet(38)",18,"aur,hld,hlgA,hlgB,hlgC,icaC,lukD,lukE,sak,scn,sei,selX,sem,sen=MISTRANSLATION,seo,seu=PARTIAL,splA,splB",4.0.23,2025-06-03.1
PDT000021223.2|SAMN02381838|GCA_000536475.1|Staphylococcus aureus GGMC6057||GGMC6057|Generic,GCA_000536475.1,SAMN02381838,,"USA: Irvine, CA",Homo sapiens,blood,,PDT000021223.2,2014-02-04,,16,"ant(6)-Ia=MISTRANSLATION,aph(3')-IIIa,blaI,blaR1,blaZ,fosB,gyrA_S84L=POINT,mecA,mecR1=PARTIAL,mepA,mph(C),msr(A),murA_G257D=POINT,parC_S80Y=POINT,sat4,tet(38)","ant(6)-Ia=MISTRANSLATION,aph(3')-IIIa,blaI,blaR1,blaZ,fosB,gyrA_S84L=POINT,mecA,mecR1=PARTIAL,mph(C),msr(A),murA_G257D=POINT,parC_S80Y=POINT,sat4,tet(38)",20,"aur,hld,hlgA,hlgB,hlgC,icaC,lukD,lukE,lukF-PV,lukS-PV,sak,sasG=PARTIAL,scn,sek,sel26,selX,seq,splA,splB,splE",4.0.23,2025-06-03.1
PDT000021224.2|SAMN02381835|GCA_000536495.1|Staphylococcus aureus SCLE6100||SCLE6100|Generic,GCA_000536495.1,SAMN02381835,,"USA: Irvine, CA",Homo sapiens,blood,,PDT000021224.2,2014-02-04,,13,"aadD1,ant(9)-Ia,bleO,erm(A),fosB,gyrA_S84L=POINT,mecA,mecI,mecR1,mepA,parC_E84G=POINT,parC_S80Y=POINT,tet(38)","aadD1,ant(9)-Ia,bleO,erm(A),fosB,gyrA_S84L=POINT,mecA,mecI,mecR1,parC_E84G=POINT,parC_S80Y=POINT,tet(38)",19,"aur,hld,hlgA,hlgB,hlgC,icaC,lukD,lukE,sak,sasG=PARTIAL_END_OF_CONTIG,scn,sei,selX,sem,sen=MISTRANSLATION,seo,seu=PARTIAL,splA,splB",4.0.23,2025-06-03.1
PDT000021225.2|SAMN02381834|GCA_000536515.1|Staphylococcus aureus PLAC6058||PLAC6058|Generic,GCA_000536515.1,SAMN02381834,,"USA: Irvine, CA",Homo sapiens,blood,,PDT000021225.2,2014-02-04,,16,"ant(6)-Ia=MISTRANSLATION,aph(3')-IIIa,blaI,blaR1,blaZ,fosB,gyrA_S84L=POINT,mecA,mecR1=PARTIAL,mepA,mph(C),msr(A),murA_G257D=POINT,parC_S80Y=POINT,sat4,tet(38)","ant(6)-Ia=MISTRANSLATION,aph(3')-IIIa,blaI,blaR1,blaZ,fosB,gyrA_S84L=POINT,mecA,mecR1=PARTIAL,mph(C),msr(A),murA_G257D=POINT,parC_S80Y=POINT,sat4,tet(38)",20,"aur,hld,hlgA,hlgB,hlgC,icaC,lukD,lukE,lukF-PV,lukS-PV,sak,sasG=PARTIAL,scn,sek,sel26,selX,seq,splA,splB,splE",4.2.7,2026-01-21.1
PDT000021226.2|SAMN02381832|GCA_000536535.1|Staphylococcus aureus WAMC6081||WAMC6081|Generic,GCA_000536535.1,SAMN02381832,,"USA: Irvine, CA",Homo sapiens,blood,,PDT000021226.2,2014-02-04,,14,"aph(3')-IIIa,blaI,blaR1=PARTIAL_END_OF_CONTIG,blaZ,fosB,gyrA_S84L=POINT,mecA,mecR1=PARTIAL,mepA,msr(A)=PARTIAL_END_OF_CONTIG,murA_G257D=POINT,parC_S80Y=POINT,parE_D432N=POINT,tet(38)","aph(3')-IIIa,blaI,blaR1=PARTIAL_END_OF_CONTIG,blaZ,fosB,gyrA_S84L=POINT,mecA,mecR1=PARTIAL,msr(A)=PARTIAL_END_OF_CONTIG,murA_G257D=POINT,parC_S80Y=POINT,parE_D432N=POINT,tet(38)",20,"aur,hld,hlgA,hlgB,hlgC,icaC,lukD,lukE,lukF-PV,lukS-PV,sak,sasG=PARTIAL,scn,sek,sel26,selX,seq,splA,splB,splE",4.2.7,2026-01-21.1
PDT000021227.2|SAMN02381802|GCA_000536555.1|Staphylococcus aureus UCIM6146||UCIM6146|Generic,GCA_000536555.1,SAMN02381802,,"USA: Irvine, CA",Homo sapiens,blood,,PDT000021227.2,2014-02-04,,18,"ant(6)-Ia=MISTRANSLATION,aph(3')-IIIa,blaI,blaR1,blaZ,dfrF,fosB,gyrA_S84L=POINT,mecA,mecR1=PARTIAL,mepA,mph(C),msr(A),murA_G257D=POINT,parC_S80Y=POINT,sat4,tet(38),tet(M)","ant(6)-Ia=MISTRANSLATION,aph(3')-IIIa,blaI,blaR1,blaZ,dfrF,fosB,gyrA_S84L=POINT,mecA,mecR1=PARTIAL,mph(C),msr(A),murA_G257D=POINT,parC_S80Y=POINT,sat4,tet(38),tet(M)",20,"aur,hld,hlgA,hlgB,hlgC,icaC,lukD,lukE,lukF-PV,lukS-PV,sak,sasG=PARTIAL,scn,sek,sel26,selX,seq,splA,splB,splE",4.2.7,2026-01-21.1
PDT000021228.2|SAMN02381797|GCA_000536575.1|Staphylococcus aureus KINW6062||KINW6062|Generic,GCA_000536575.1,SAMN02381797,,"USA: Irvine, CA",Homo sapiens,blood,,PDT000021228.2,2014-02-04,,13,"blaI,blaR1,blaZ,fosB,gyrA_S84L=POINT,mecA,mecR1=PARTIAL,mepA,mph(C),msr(A),murA_G257D=POINT,parC_S80Y=POINT,tet(38)","blaI,blaR1,blaZ,fosB,gyrA_S84L=POINT,mecA,mecR1=PARTIAL,mph(C),msr(A),murA_G257D=POINT,parC_S80Y=POINT,tet(38)",20,"aur,hld,hlgA,hlgB,hlgC,icaC,lukD,lukE,lukF-PV,lukS-PV,sak,sasG=PARTIAL,scn,sek,sel26,selX,seq,splA,splB,splE",4.0.23,2025-06-03.1
PDT000021229.2|SAMN02381796|GCA_000536595.1|Staphylococcus aureus KINW6061||KINW6061|Generic,GCA_000536595.1,SAMN02381796,,"USA: Irvine, CA",Homo sapiens,blood,,PDT000021229.2,2014-02-04,,16,"ant(6)-Ia=MISTRANSLATION,aph(3')-IIIa,blaI,blaR1,blaZ,fosB,gyrA_S84L=POINT,mecA,mecR1=PARTIAL,mepA,mph(C),msr(A),murA_G257D=POINT,parC_S80Y=POINT,sat4,tet(38)","ant(6)-Ia=MISTRANSLATION,aph(3')-IIIa,blaI,blaR1,blaZ,fosB,gyrA_S84L=POINT,mecA,mecR1=PARTIAL,mph(C),msr(A),murA_G257D=POINT,parC_S80Y=POINT,sat4,tet(38)",20,"aur,hld,hlgA,hlgB,hlgC,icaC,lukD,lukE,lukF-PV,lukS-PV,sak,sasG=PARTIAL,scn,sek,sel26,selX,seq,splA,splB,splE",4.0.23,2025-06-03.1
PDT000021230.2|SAMN02381789|GCA_000536615.1|Staphylococcus aureus WMCA6123||WMCA6123|Generic,GCA_000536615.1,SAMN02381789,,"USA: Irvine, CA",Homo sapiens,sputum,,PDT000021230.2,2014-02-04,,18,"aadD1,ant(6)-Ia=MISTRANSLATION,aph(3')-IIIa,blaI,blaR1,blaZ,fosB,gyrA_S84L=POINT,mecA,mecR1=PARTIAL,mepA,mph(C),msr(A),mupA,murA_G257D=POINT,parC_S80Y=POINT,sat4,tet(38)","aadD1,ant(6)-Ia=MISTRANSLATION,aph(3')-IIIa,blaI,blaR1,blaZ,fosB,gyrA_S84L=POINT,mecA,mecR1=PARTIAL,mph(C),msr(A),mupA,murA_G257D=POINT,parC_S80Y=POINT,sat4,tet(38)",19,"aur,hld,hlgA,hlgB,hlgC,icaC,lukD,lukE,lukF-PV,lukS-PV,sak,sasG=PARTIAL,scn,sel26,selX,seq,splA,splB,splE",4.2.7,2026-01-21.1
PDT000021231.2|SAMN02381786|GCA_000536635.1|Staphylococcus aureus FVRH6138||FVRH6138|Generic,GCA_000536635.1,SAMN02381786,,"USA: Irvine, CA",Homo sapiens,wound,,PDT000021231.2,2014-02-04,,8,"fosB,gyrA_S84L=POINT,mecA,mecR1=PARTIAL,mepA,murA_G257D=POINT,parC_S80Y=POINT,tet(38)","fosB,gyrA_S84L=POINT,mecA,mecR1=PARTIAL,murA_G257D=POINT,parC_S80Y=POINT,tet(38)",20,"aur,hld,hlgA,hlgB,hlgC,icaC,lukD,lukE,lukF-PV,lukS-PV,sak,sasG=PARTIAL,scn,sek,sel26,selX,seq,splA,splB,splE",4.2.7,2026-01-21.1
PDT000021232.2|SAMN02381782|GCA_000536655.1|Staphylococcus aureus WMCA6100||WMCA6100|Generic,GCA_000536655.1,SAMN02381782,,"USA: Irvine, CA",Homo sapiens,blood,,PDT000021232.2,2014-02-04,,16,"ant(6)-Ia=MISTRANSLATION,aph(3')-IIIa,blaI,blaR1,blaZ,fosB,gyrA_S84L=POINT,mecA,mecR1=PARTIAL,mepA,mph(C),msr(A),murA_G257D=POINT,parC_S80Y=POINT,sat4,tet(38)","ant(6)-Ia=MISTRANSLATION,aph(3')-IIIa,blaI,blaR1,blaZ,fosB,gyrA_S84L=POINT,mecA,mecR1=PARTIAL,mph(C),msr(A),murA_G257D=POINT,parC_S80Y=POINT,sat4,tet(38)",20,"aur,hld,hlgA,hlgB,hlgC,icaC,lukD,lukE,lukF-PV,lukS-PV,sak,sasG=PARTIAL,scn,sek,sel26,selX,seq,splA,splB,splE",4.2.7,2026-01-21.1
PDT000021233.2|SAMN02381781|GCA_000536675.1|Staphylococcus aureus COAS6117||COAS6117|Generic,GCA_000536675.1,SAMN02381781,,"USA: Irvine, CA",Homo sapiens,blood,,PDT000021233.2,2014-02-04,,24,"aac(6')-Ie/aph(2'')-Ia,ant(6)-Ia=MISTRANSLATION,ant(9)-Ia,aph(3')-IIIa,blaI,blaR1,blaZ,erm(A),fosB,gyrA_E88K=POINT,gyrA_S84L=POINT,ileS_V588F=POINT,mecA,mecI,mecR1,mepA,mph(C),msr(A),mupA,parC_E84G=POINT,parC_S80Y=POINT,rpoB_H481N=POINT,sat4,tet(38)","aac(6')-Ie/aph(2'')-Ia,ant(6)-Ia=MISTRANSLATION,ant(9)-Ia,aph(3')-IIIa,blaI,blaR1,blaZ,erm(A),fosB,gyrA_E88K=POINT,gyrA_S84L=POINT,ileS_V588F=POINT,mecA,mecI,mecR1,mph(C),msr(A),mupA,parC_E84G=POINT,parC_S80Y=POINT,rpoB_H481N=POINT,sat4,tet(38)",18,"aur,hld,hlgA,hlgB,hlgC,icaC,lukD,lukE,sak,scn,sei,selX,sem,sen=MISTRANSLATION,seo,seu=PARTIAL,splA,splB",4.0.23,2025-06-03.1
PDT000021234.2|SAMN02381766|GCA_000536695.1|Staphylococcus aureus OCMM6125||OCMM6125|Generic,GCA_000536695.1,SAMN02381766,,"USA: Irvine, CA",Homo sapiens,blood,,PDT000021234.2,2014-02-04,,23,"aadD1,ant(6)-Ia=MISTRANSLATION,ant(9)-Ia,aph(3')-IIIa,blaI,blaR1,blaZ,bleO,erm(A),erm(C),fosB,gyrA_E88K=POINT,gyrA_S84L=POINT,mecA,mecI,mecR1,mepA,mph(C),msr(A)=PARTIAL_END_OF_CONTIG,parC_E84G=POINT,parC_S80Y=POINT,sat4,tet(38)","aadD1,ant(6)-Ia=MISTRANSLATION,ant(9)-Ia,aph(3')-IIIa,blaI,blaR1,blaZ,bleO,erm(A),erm(C),fosB,gyrA_E88K=POINT,gyrA_S84L=POINT,mecA,mecI,mecR1,mph(C),msr(A)=PARTIAL_END_OF_CONTIG,parC_E84G=POINT,parC_S80Y=POINT,sat4,tet(38)",21,"aur,hld,hlgA,hlgB,hlgC,icaC,lukD,lukE,sak,scn,sed,sei,sej,selX,sem,sen=MISTRANSLATION,seo,ser,seu=PARTIAL,splA,splB",4.0.23,2025-06-03.1
PDT000021235.2|SAMN02381762|GCA_000536715.1|Staphylococcus aureus LAMC6117||LAMC6117|Generic,GCA_000536715.1,SAMN02381762,,"USA: Irvine, CA",Homo sapiens,sputum,,PDT000021235.2,2014-02-04,,17,"aadD1,ant(9)-Ia,blaI,blaR1,blaZ,bleO,erm(A),fosB,gyrA_S84L=POINT,gyrA_S85P=POINT,mecA,mecI,mecR1,mepA,parC_E84G=POINT,parC_S80Y=POINT,tet(38)","aadD1,ant(9)-Ia,blaI,blaR1,blaZ,bleO,erm(A),fosB,gyrA_S84L=POINT,gyrA_S85P=POINT,mecA,mecI,mecR1,parC_E84G=POINT,parC_S80Y=POINT,tet(38)",18,"aur,hld,hlgA,hlgB,hlgC,icaC,lukD,lukE,sak,scn,sei,selX,sem,sen=MISTRANSLATION,seo,seu=PARTIAL,splA,splB",4.2.7,2026-01-21.1
PDT000021236.2|SAMN02381759|GCA_000536735.1|Staphylococcus aureus OCMM6121||OCMM6121|Generic,GCA_000536735.1,SAMN02381759,,"USA: Irvine, CA",Homo sapiens,blood,,PDT000021236.2,2014-02-04,,16,"aadD1,ant(9)-Ia,blaI,blaR1,blaZ,bleO,erm(A),fosB,gyrA_S84L=POINT,mecA,mecI,mecR1,mepA,parC_E84G=POINT,parC_S80Y=POINT,tet(38)","aadD1,ant(9)-Ia,blaI,blaR1,blaZ,bleO,erm(A),fosB,gyrA_S84L=POINT,mecA,mecI,mecR1,parC_E84G=POINT,parC_S80Y=POINT,tet(38)",21,"aur,hld,hlgA,hlgB,hlgC,icaC,lukD,lukE,sak,scn,sed=PARTIAL,sei,sej,selX,sem,sen=MISTRANSLATION,seo,ser,seu=PARTIAL,splA,splB",4.2.7,2026-01-21.1
PDT000021237.2|SAMN02381758|GCA_000536755.1|Staphylococcus aureus WMCA6091||WMCA6091|Generic,GCA_000536755.1,SAMN02381758,,"USA: Irvine, CA",Homo sapiens,wound,,PDT000021237.2,2014-02-04,,16,"ant(6)-Ia=MISTRANSLATION,aph(3')-IIIa,blaI,blaR1,blaZ,fosB,gyrA_S84L=POINT,mecA,mecR1=PARTIAL,mepA,mph(C),msr(A),murA_G257D=POINT,parC_S80Y=POINT,sat4,tet(38)","ant(6)-Ia=MISTRANSLATION,aph(3')-IIIa,blaI,blaR1,blaZ,fosB,gyrA_S84L=POINT,mecA,mecR1=PARTIAL,mph(C),msr(A),murA_G257D=POINT,parC_S80Y=POINT,sat4,tet(38)",20,"aur,hld,hlgA,hlgB,hlgC,icaC,lukD,lukE,lukF-PV,lukS-PV,sak,sasG=PARTIAL,scn,sek,sel26,selX,seq,splA,splB,splE",4.2.7,2026-01-21.1
PDT000021238.2|SAMN02381756|GCA_000536775.1|Staphylococcus aureus UCIM6134||UCIM6134|Generic,GCA_000536775.1,SAMN02381756,,"USA: Irvine, CA",Homo sapiens,sputum,,PDT000021238.2,2014-02-04,,16,"ant(6)-Ia=MISTRANSLATION,aph(3')-IIIa,blaI,blaR1,blaZ,fosB,gyrA_S84L=POINT,mecA,mecR1=PARTIAL,mepA,mph(C),msr(A),murA_G257D=POINT,parC_S80Y=POINT,sat4,tet(38)","ant(6)-Ia=MISTRANSLATION,aph(3')-IIIa,blaI,blaR1,blaZ,fosB,gyrA_S84L=POINT,mecA,mecR1=PARTIAL,mph(C),msr(A),murA_G257D=POINT,parC_S80Y=POINT,sat4,tet(38)",18,"aur,hld,hlgA,hlgB,hlgC,icaC,lukD,lukE,lukF-PV,lukS-PV,sak,sasG=PARTIAL,scn,sel26,selX,splA,splB,splE",4.0.23,2025-06-03.1
PDT000021239.2|SAMN02381754|GCA_000536795.1|Staphylococcus aureus WAMC6108||WAMC6108|Generic,GCA_000536795.1,SAMN02381754,,"USA: Irvine, CA",Homo sapiens,wound,,PDT000021239.2,2014-02-04,,16,"ant(6)-Ia=MISTRANSLATION,aph(3')-IIIa,blaI,blaR1,blaZ,fosB,gyrA_S84L=POINT,mecA,mecR1=PARTIAL,mepA,mph(C),msr(A),murA_G257D=POINT,parC_S80Y=POINT,sat4,tet(38)","ant(6)-Ia=MISTRANSLATION,aph(3')-IIIa,blaI,blaR1,blaZ,fosB,gyrA_S84L=POINT,mecA,mecR1=PARTIAL,mph(C),msr(A),murA_G257D=POINT,parC_S80Y=POINT,sat4,tet(38)",20,"aur,hld,hlgA,hlgB,hlgC,icaC=PARTIAL,lukD,lukE,lukF-PV,lukS-PV,sak,sasG=PARTIAL,scn,sek,sel26,selX,seq,splA,splB,splE",4.0.23,2025-06-03.1
PDT000021240.2|SAMN02381750|GCA_000536815.1|Staphylococcus aureus UCIM6126||UCIM6126|Generic,GCA_000536815.1,SAMN02381750,,"USA: Irvine, CA",Homo sapiens,wound,,PDT000021240.2,2014-02-04,,14,"ant(6)-Ia=MISTRANSLATION,aph(3')-IIIa,blaI,blaR1,blaZ,fosB,mecA,mecR1=PARTIAL,mepA,mph(C),msr(A),murA_G257D=POINT,sat4,tet(38)","ant(6)-Ia=MISTRANSLATION,aph(3')-IIIa,blaI,blaR1,blaZ,fosB,mecA,mecR1=PARTIAL,mph(C),msr(A),murA_G257D=POINT,sat4,tet(38)",20,"aur,hld,hlgA,hlgB,hlgC,icaC,lukD,lukE,lukF-PV,lukS-PV,sak,sasG=PARTIAL,scn,sek,sel26,selX,seq,splA,splB,splE",4.2.7,2026-01-21.1
PDT000021241.2|SAMN02381747|GCA_000536835.1|Staphylococcus aureus OCMM6110||OCMM6110|Generic,GCA_000536835.1,SAMN02381747,,"USA: Irvine, CA",Homo sapiens,wound,,PDT000021241.2,2014-02-04,,16,"aadD1,ant(9)-Ia,blaI,blaR1,blaZ,bleO,erm(A),fosB,gyrA_S84L=POINT,mecA,mecI,mecR1,mepA,parC_E84G=POINT,parC_S80Y=POINT,tet(38)","aadD1,ant(9)-Ia,blaI,blaR1,blaZ,bleO,erm(A),fosB,gyrA_S84L=POINT,mecA,mecI,mecR1,parC_E84G=POINT,parC_S80Y=POINT,tet(38)",22,"aur,hld,hlgA,hlgB,hlgC,icaC,lukD,lukE,sak,scn,sed,sei,sej,selX,sem,sen=MISTRANSLATION,seo,sep,ser,seu=PARTIAL,splA,splB",4.2.7,2026-01-21.1
PDT000021242.2|SAMN02381743|GCA_000536855.1|Staphylococcus aureus WMCA6084||WMCA6084|Generic,GCA_000536855.1,SAMN02381743,,"USA: Irvine, CA",Homo sapiens,wound,,PDT000021242.2,2014-02-04,,16,"ant(6)-Ia=MISTRANSLATION,aph(3')-IIIa,blaI,blaR1,blaZ,fosB,gyrA_S84L=POINT,mecA,mecR1=PARTIAL,mepA,mph(C),msr(A),murA_G257D=POINT,parC_S80Y=POINT,sat4,tet(38)","ant(6)-Ia=MISTRANSLATION,aph(3')-IIIa,blaI,blaR1,blaZ,fosB,gyrA_S84L=POINT,mecA,mecR1=PARTIAL,mph(C),msr(A),murA_G257D=POINT,parC_S80Y=POINT,sat4,tet(38)",20,"aur,hld,hlgA,hlgB,hlgC,icaC,lukD,lukE,lukF-PV,lukS-PV,sak,sasG=PARTIAL,scn,sek,sel26,selX,seq,splA,splB,splE",4.2.7,2026-01-21.1
PDT000021243.2|SAMN02381736|GCA_000536875.1|Staphylococcus aureus COAS6095||COAS6095|Generic,GCA_000536875.1,SAMN02381736,,"USA: Irvine, CA",Homo sapiens,wound,,PDT000021243.2,2014-02-04,,13,"blaI,blaR1,blaZ,fosB,gyrA_S84L=POINT,mecA,mecR1=PARTIAL,mepA,mph(C),msr(A),murA_G257D=POINT,parC_S80Y=POINT,tet(38)","blaI,blaR1,blaZ,fosB,gyrA_S84L=POINT,mecA,mecR1=PARTIAL,mph(C),msr(A),murA_G257D=POINT,parC_S80Y=POINT,tet(38)",20,"aur,hld,hlgA,hlgB,hlgC,icaC,lukD,lukE,lukF-PV,lukS-PV,sak,sasG=PARTIAL,scn,sek,sel26,selX,seq=MISTRANSLATION,splA,splB,splE",4.0.23,2025-06-03.1
PDT000021244.2|SAMN02381735|GCA_000536895.1|Staphylococcus aureus WMCA6180||WMCA6180|Generic,GCA_000536895.1,SAMN02381735,,"USA: Irvine, CA",Homo sapiens,wound,,PDT000021244.2,2014-02-04,,16,"ant(6)-Ia=MISTRANSLATION,aph(3')-IIIa,blaI,blaR1,blaZ,fosB,gyrA_S84L=POINT,mecA,mecR1=PARTIAL,mepA,mph(C),msr(A),murA_G257D=POINT,parC_S80Y=POINT,sat4,tet(38)","ant(6)-Ia=MISTRANSLATION,aph(3')-IIIa,blaI,blaR1,blaZ,fosB,gyrA_S84L=POINT,mecA,mecR1=PARTIAL,mph(C),msr(A),murA_G257D=POINT,parC_S80Y=POINT,sat4,tet(38)",20,"aur,hld,hlgA,hlgB,hlgC,icaC,lukD,lukE,lukF-PV,lukS-PV,sak,sasG=PARTIAL,scn,sek,sel26,selX,seq,splA,splB,splE",4.0.23,2025-06-03.1
PDT000021245.2|SAMN02381728|GCA_000536915.1|Staphylococcus aureus FVRH6076||FVRH6076|Generic,GCA_000536915.1,SAMN02381728,,"USA: Irvine, CA",Homo sapiens,blood,,PDT000021245.2,2014-02-04,,19,"aac(6')-Ie/aph(2'')-Ia,ant(6)-Ia=MISTRANSLATION,aph(3')-IIIa,blaI,blaR1,blaZ,erm(C)=PARTIAL,fosB,gyrA_S84L=POINT,mecA,mecR1=PARTIAL,mepA,mph(C),msr(A),mupA,murA_G257D=POINT,parC_S80Y=POINT,sat4,tet(38)","aac(6')-Ie/aph(2'')-Ia,ant(6)-Ia=MISTRANSLATION,aph(3')-IIIa,blaI,blaR1,blaZ,erm(C)=PARTIAL,fosB,gyrA_S84L=POINT,mecA,mecR1=PARTIAL,mph(C),msr(A),mupA,murA_G257D=POINT,parC_S80Y=POINT,sat4,tet(38)",20,"aur,hld,hlgA,hlgB,hlgC,icaC,lukD,lukE,lukF-PV,lukS-PV,sak,sasG=PARTIAL,scn,sek,sel26,selX,seq,splA,splB,splE",4.0.23,2025-06-03.1
PDT000021246.2|SAMN02381711|GCA_000536935.1|Staphylococcus aureus LAMC6094||LAMC6094|Generic,GCA_000536935.1,SAMN02381711,,"USA: Irvine, CA",Homo sapiens,wound,,PDT000021246.2,2014-02-04,,17,"ant(6)-Ia=MISTRANSLATION,aph(3')-IIIa,blaI,blaR1=PARTIAL_END_OF_CONTIG,erm(C)=PARTIAL,fosB,gyrA_S84L=POINT,mecA,mecR1=PARTIAL,mepA,mph(C),msr(A),murA_G257D=POINT,parC_S80Y=POINT,parE_P451S=POINT,sat4,tet(38)","ant(6)-Ia=MISTRANSLATION,aph(3')-IIIa,blaI,blaR1=PARTIAL_END_OF_CONTIG,erm(C)=PARTIAL,fosB,gyrA_S84L=POINT,mecA,mecR1=PARTIAL,mph(C),msr(A),murA_G257D=POINT,parC_S80Y=POINT,parE_P451S=POINT,sat4,tet(38)",20,"aur,hld,hlgA,hlgB,hlgC,icaC,lukD,lukE,lukF-PV,lukS-PV,sak,sasG=PARTIAL,scn,sek,sel26,selX,seq,splA,splB,splE",4.2.7,2026-01-21.1
PDT000021247.2|SAMN02381687|GCA_000536955.1|Staphylococcus aureus UCIM6085||UCIM6085|Generic,GCA_000536955.1,SAMN02381687,,"USA: Irvine, CA",Homo sapiens,blood,,PDT000021247.2,2014-02-04,,16,"ant(6)-Ia=MISTRANSLATION,aph(3')-IIIa,blaI,blaR1,blaZ,fosB,gyrA_S84L=POINT,mecA,mecR1=PARTIAL,mepA,mph(C),msr(A),murA_G257D=POINT,parC_S80Y=POINT,sat4,tet(38)","ant(6)-Ia=MISTRANSLATION,aph(3')-IIIa,blaI,blaR1,blaZ,fosB,gyrA_S84L=POINT,mecA,mecR1=PARTIAL,mph(C),msr(A),murA_G257D=POINT,parC_S80Y=POINT,sat4,tet(38)",20,"aur,hld,hlgA,hlgB,hlgC,icaC,lukD,lukE,lukF-PV,lukS-PV,sak,sasG=PARTIAL,scn,sek,sel26,selX,seq,splA,splB,splE",4.2.7,2026-01-21.1
PDT000021248.2|SAMN02381675|GCA_000536975.1|Staphylococcus aureus SJOS6139||SJOS6139|Generic,GCA_000536975.1,SAMN02381675,,"USA: Irvine, CA",Homo sapiens,wound,,PDT000021248.2,2014-02-04,,16,"ant(6)-Ia=MISTRANSLATION,aph(3')-IIIa,blaI,blaR1,blaZ,fosB,gyrA_S84L=POINT,mecA,mecR1=PARTIAL,mepA,mph(C),msr(A),murA_G257D=POINT,parC_S80Y=POINT,sat4,tet(38)","ant(6)-Ia=MISTRANSLATION,aph(3')-IIIa,blaI,blaR1,blaZ,fosB,gyrA_S84L=POINT,mecA,mecR1=PARTIAL,mph(C),msr(A),murA_G257D=POINT,parC_S80Y=POINT,sat4,tet(38)",20,"aur,hld,hlgA,hlgB,hlgC,icaC,lukD,lukE,lukF-PV,lukS-PV,sak,sasG=PARTIAL,scn,sek,sel26,selX,seq,splA,splB,splE",4.0.23,2025-06-03.1
PDT000021249.2|SAMN02381669|GCA_000536995.1|Staphylococcus aureus KINB6009||KINB6009|Generic,GCA_000536995.1,SAMN02381669,,"USA: Irvine, CA",Homo sapiens,blood,,PDT000021249.2,2014-02-04,,11,"aac(6')-Ie/aph(2'')-Ia,dfrS1,fosB,gyrA_S84L=POINT,mecA,mecR1=PARTIAL,mepA,murA_G257D=POINT,parC_S80Y=POINT,parE_R444S=POINT,tet(38)","aac(6')-Ie/aph(2'')-Ia,dfrS1,fosB,gyrA_S84L=POINT,mecA,mecR1=PARTIAL,murA_G257D=POINT,parC_S80Y=POINT,parE_R444S=POINT,tet(38)",16,"aur,hld,hlgA,hlgB,hlgC,icaC,lukD,lukE,sak,sasG=PARTIAL,scn,sel26,selX,splA,splB,splE",4.0.23,2025-06-03.1
PDT000021250.2|SAMN02381663|GCA_000537015.1|Staphylococcus aureus LAMC6066||LAMC6066|Generic,GCA_000537015.1,SAMN02381663,,"USA: Irvine, CA",Homo sapiens,sputum,,PDT000021250.2,2014-02-04,,16,"ant(6)-Ia=MISTRANSLATION,aph(3')-IIIa,blaI,blaR1,blaZ,fosB,gyrA_S84L=POINT,mecA,mecR1=PARTIAL,mepA,mph(C),msr(A),murA_G257D=POINT,parC_S80Y=POINT,sat4,tet(38)","ant(6)-Ia=MISTRANSLATION,aph(3')-IIIa,blaI,blaR1,blaZ,fosB,gyrA_S84L=POINT,mecA,mecR1=PARTIAL,mph(C),msr(A),murA_G257D=POINT,parC_S80Y=POINT,sat4,tet(38)",20,"aur,hld,hlgA,hlgB,hlgC,icaC,lukD,lukE,lukF-PV,lukS-PV,sak,sasG=PARTIAL,scn,sek,sel26,selX,seq,splA,splB,splE",4.0.23,2025-06-03.1
PDT000021251.2|SAMN02381658|GCA_000537035.1|Staphylococcus aureus SJUD6118||SJUD6118|Generic,GCA_000537035.1,SAMN02381658,,"USA: Irvine, CA",Homo sapiens,sputum,,PDT000021251.2,2014-02-04,,20,"aadD1,ant(6)-Ia=MISTRANSLATION,ant(9)-Ia,aph(3')-IIIa,blaI,blaR1,blaZ,bleO,erm(A),fosB,gyrA_S84L=POINT,mecA,mecI,mecR1,mepA,mph(C),parC_E84G=POINT,parC_S80Y=POINT,sat4,tet(38)","aadD1,ant(6)-Ia=MISTRANSLATION,ant(9)-Ia,aph(3')-IIIa,blaI,blaR1,blaZ,bleO,erm(A),fosB,gyrA_S84L=POINT,mecA,mecI,mecR1,mph(C),parC_E84G=POINT,parC_S80Y=POINT,sat4,tet(38)",21,"aur,hld,hlgA,hlgB,hlgC,icaC,lukD,lukE,sak,scn,sed,sei,sej,selX,sem,sen=MISTRANSLATION,seo,ser,seu=PARTIAL,splA,splB",4.2.7,2026-01-21.1
PDT000021252.2|SAMN02381656|GCA_000537055.1|Staphylococcus aureus SJUD6114||SJUD6114|Generic,GCA_000537055.1,SAMN02381656,,"USA: Irvine, CA",Homo sapiens,sputum,,PDT000021252.2,2014-02-04,,16,"ant(6)-Ia=MISTRANSLATION,aph(3')-IIIa,blaI,blaR1,blaZ,fosB,gyrA_S84L=POINT,mecA,mecR1=PARTIAL,mepA,mph(C),msr(A),murA_G257D=POINT,parC_S80Y=POINT,sat4,tet(38)","ant(6)-Ia=MISTRANSLATION,aph(3')-IIIa,blaI,blaR1,blaZ,fosB,gyrA_S84L=POINT,mecA,mecR1=PARTIAL,mph(C),msr(A),murA_G257D=POINT,parC_S80Y=POINT,sat4,tet(38)",18,"aur,hld,hlgA,hlgB,hlgC,icaC,lukD,lukE,lukF-PV,lukS-PV,sasG=PARTIAL,sek,sel26,selX,seq,splA,splB,splE",4.2.7,2026-01-21.1
PDT000021253.2|SAMN02381648|GCA_000537075.1|Staphylococcus aureus OCMM6065||OCMM6065|Generic,GCA_000537075.1,SAMN02381648,,"USA: Irvine, CA",Homo sapiens,wound,,PDT000021253.2,2014-02-04,,17,"ant(6)-Ia=MISTRANSLATION,aph(3')-IIIa,blaI,blaR1,blaZ,fosB,gyrA_S84L=POINT,mecA,mecR1=PARTIAL,mepA,mph(C),msr(A),murA_G257D=POINT,parC_S80Y=POINT,parE_P451S=POINT,sat4,tet(38)","ant(6)-Ia=MISTRANSLATION,aph(3')-IIIa,blaI,blaR1,blaZ,fosB,gyrA_S84L=POINT,mecA,mecR1=PARTIAL,mph(C),msr(A),murA_G257D=POINT,parC_S80Y=POINT,parE_P451S=POINT,sat4,tet(38)",20,"aur,hld,hlgA,hlgB,hlgC,icaC,lukD,lukE,lukF-PV,lukS-PV,sak,sasG=PARTIAL,scn,sek,sel26,selX,seq,splA,splB,splE",4.0.23,2025-06-03.1
PDT000021254.2|SAMN02381647|GCA_000537095.1|Staphylococcus aureus HSOU6002||HSOU6002|Generic,GCA_000537095.1,SAMN02381647,,"USA: Irvine, CA",Homo sapiens,wound,,PDT000021254.2,2014-02-04,,15,"ant(6)-Ia=MISTRANSLATION,aph(3')-IIIa,blaI,blaR1,blaZ,erm(C),fosB,mecA,mecR1=PARTIAL,mepA,mph(C),msr(A),murA_G257D=POINT,sat4,tet(38)","ant(6)-Ia=MISTRANSLATION,aph(3')-IIIa,blaI,blaR1,blaZ,erm(C),fosB,mecA,mecR1=PARTIAL,mph(C),msr(A),murA_G257D=POINT,sat4,tet(38)",18,"aur,hld,hlgA,hlgB,hlgC,icaC,lukD,lukE,lukF-PV,lukS-PV,sak,sasG=PARTIAL,scn,sel26,selX,splA,splB,splE",4.0.23,2025-06-03.1
PDT000021255.2|SAMN02381631|GCA_000537115.1|Staphylococcus aureus SJUD6104||SJUD6104|Generic,GCA_000537115.1,SAMN02381631,,"USA: Irvine, CA",Homo sapiens,wound,,PDT000021255.2,2014-02-04,,17,"aadD1,ant(9)-Ia,blaI,blaR1,blaZ,bleO,erm(A),erm(A)=PARTIAL_END_OF_CONTIG,fosB,gyrA_S84L=POINT,mecA,mecI,mecR1,mepA,parC_E84G=POINT,parC_S80Y=POINT,tet(38)","aadD1,ant(9)-Ia,blaI,blaR1,blaZ,bleO,erm(A),erm(A)=PARTIAL_END_OF_CONTIG,fosB,gyrA_S84L=POINT,mecA,mecI,mecR1,parC_E84G=POINT,parC_S80Y=POINT,tet(38)",21,"aur,hld,hlgA,hlgB,hlgC,icaC,lukD,lukE,sak,scn,sed=PARTIAL,sei,sej,selX,sem,sen=MISTRANSLATION,seo,ser,seu=PARTIAL,splA,splB",4.0.23,2025-06-03.1
PDT000021256.2|SAMN02381625|GCA_000537135.1|Staphylococcus aureus SMMC6087||SMMC6087|Generic,GCA_000537135.1,SAMN02381625,,"USA: Irvine, CA",Homo sapiens,blood,,PDT000021256.2,2014-02-04,,16,"ant(6)-Ia=MISTRANSLATION,aph(3')-IIIa,blaI,blaR1,blaZ=PARTIAL,fosB,gyrA_S84L=POINT,mecA,mecR1=PARTIAL,mepA,mph(C),msr(A),murA_G257D=POINT,parC_S80Y=POINT,sat4,tet(38)","ant(6)-Ia=MISTRANSLATION,aph(3')-IIIa,blaI,blaR1,blaZ=PARTIAL,fosB,gyrA_S84L=POINT,mecA,mecR1=PARTIAL,mph(C),msr(A),murA_G257D=POINT,parC_S80Y=POINT,sat4,tet(38)",17,"aur,hld,hlgA,hlgB,hlgC,icaC,lukD,lukE,sak,scn,sek,sel26,selX,seq,splA,splB,splE",4.2.7,2026-01-21.1
PDT000021257.2|SAMN02381623|GCA_000537155.1|Staphylococcus aureus SJOS6106||SJOS6106|Generic,GCA_000537155.1,SAMN02381623,,"USA: Irvine, CA",Homo sapiens,blood,,PDT000021257.2,2014-02-04,,16,"aadD1,ant(9)-Ia,blaI,blaR1,blaZ,bleO,erm(A),fosB,gyrA_S84L=POINT,mecA,mecI,mecR1,mepA,parC_E84G=POINT,parC_S80Y=POINT,tet(38)","aadD1,ant(9)-Ia,blaI,blaR1,blaZ,bleO,erm(A),fosB,gyrA_S84L=POINT,mecA,mecI,mecR1,parC_E84G=POINT,parC_S80Y=POINT,tet(38)",18,"aur,hld,hlgA,hlgB,hlgC,icaC,lukD,lukE,sak,scn,sei,selX,sem,sen=MISTRANSLATION,seo,seu=PARTIAL,splA,splB",4.2.7,2026-01-21.1
PDT000021258.2|SAMN02381617|GCA_000537175.1|Staphylococcus aureus UCIM6057||UCIM6057|Generic,GCA_000537175.1,SAMN02381617,,"USA: Irvine, CA",Homo sapiens,blood,,PDT000021258.2,2014-02-04,,16,"ant(6)-Ia=MISTRANSLATION,aph(3')-IIIa,blaI,blaR1,blaZ,fosB,gyrA_S84L=POINT,mecA,mecR1=PARTIAL,mepA,mph(C),msr(A),murA_G257D=POINT,parC_S80Y=POINT,sat4,tet(38)","ant(6)-Ia=MISTRANSLATION,aph(3')-IIIa,blaI,blaR1,blaZ,fosB,gyrA_S84L=POINT,mecA,mecR1=PARTIAL,mph(C),msr(A),murA_G257D=POINT,parC_S80Y=POINT,sat4,tet(38)",20,"aur,hld,hlgA,hlgB,hlgC,icaC,lukD,lukE,lukF-PV,lukS-PV,sak,sasG=PARTIAL,scn,sek,sel26,selX,seq,splA,splB,splE",4.0.23,2025-06-03.1
PDT000021259.2|SAMN02381614|GCA_000537195.1|Staphylococcus aureus PLAC6024||PLAC6024|Generic,GCA_000537195.1,SAMN02381614,,"USA: Irvine, CA",Homo sapiens,blood,,PDT000021259.2,2014-02-04,,16,"aadD1,ant(9)-Ia,blaI,blaR1,blaZ,bleO,erm(A),fosB,gyrA_S84L=POINT,mecA,mecI,mecR1,mepA,parC_E84G=POINT,parC_S80Y=POINT,tet(38)","aadD1,ant(9)-Ia,blaI,blaR1,blaZ,bleO,erm(A),fosB,gyrA_S84L=POINT,mecA,mecI,mecR1,parC_E84G=POINT,parC_S80Y=POINT,tet(38)",21,"aur,hld,hlgA,hlgB,hlgC,icaC,lukD,lukE,sak,scn,sed,sei,sej,selX,sem,sen=MISTRANSLATION,seo,ser,seu=PARTIAL,splA,splB",4.0.23,2025-06-03.1
PDT000021260.2|SAMN02381610|GCA_000537215.1|Staphylococcus aureus HOAG6042||HOAG6042|Generic,GCA_000537215.1,SAMN02381610,,"USA: Irvine, CA",Homo sapiens,,,PDT000021260.2,2014-02-04,,19,"aadD1,ant(6)-Ia=MISTRANSLATION,ant(9)-Ia,aph(3')-IIIa,bleO,erm(A),fosB,gyrA_S84L=POINT,mecA,mecI,mecR1,mepA,mph(C),msr(A)=PARTIAL,mupA,parC_E84G=POINT,parC_S80Y=POINT,sat4,tet(38)","aadD1,ant(6)-Ia=MISTRANSLATION,ant(9)-Ia,aph(3')-IIIa,bleO,erm(A),fosB,gyrA_S84L=POINT,mecA,mecI,mecR1,mph(C),msr(A)=PARTIAL,mupA,parC_E84G=POINT,parC_S80Y=POINT,sat4,tet(38)",21,"aur,hld,hlgA,hlgB,hlgC,icaC,lukD,lukE,sak,scn,sed,sei,sej,selX,sem,sen=MISTRANSLATION,seo,ser,seu=PARTIAL,splA,splB",4.0.23,2025-06-03.1
PDT000021261.2|SAMN02381594|GCA_000537235.1|Staphylococcus aureus SJUD6022||SJUD6022|Generic,GCA_000537235.1,SAMN02381594,,"USA: Irvine, CA",Homo sapiens,,,PDT000021261.2,2014-02-04,,17,"ant(6)-Ia=MISTRANSLATION,aph(3')-IIIa,blaI,blaR1,blaZ,fosB,gyrA_S84L=POINT,mecA,mecR1=PARTIAL,mepA,mph(C),msr(A),murA_G257D=POINT,parC_S80Y=POINT,parE_P585S=POINT,sat4,tet(38)","ant(6)-Ia=MISTRANSLATION,aph(3')-IIIa,blaI,blaR1,blaZ,fosB,gyrA_S84L=POINT,mecA,mecR1=PARTIAL,mph(C),msr(A),murA_G257D=POINT,parC_S80Y=POINT,parE_P585S=POINT,sat4,tet(38)",20,"aur,hld,hlgA,hlgB,hlgC,icaC,lukD,lukE,lukF-PV,lukS-PV,sak,sasG=PARTIAL,scn,sek,sel26,selX,seq,splA,splB,splE",4.2.7,2026-01-21.1
PDT000021262.2|SAMN02381589|GCA_000537255.1|Staphylococcus aureus HOAG6034||HOAG6034|Generic,GCA_000537255.1,SAMN02381589,,"USA: Irvine, CA",Homo sapiens,,,PDT000021262.2,2014-02-04,,16,"aadD1,ant(9)-Ia,aph(3')-IIIa=PARTIAL_END_OF_CONTIG,blaI,blaR1,bleO,erm(A),fosB,gyrA_S84L=POINT,mecA,mecI,mecR1,mepA,parC_E84G=POINT,parC_S80Y=POINT,tet(38)","aadD1,ant(9)-Ia,aph(3')-IIIa=PARTIAL_END_OF_CONTIG,blaI,blaR1,bleO,erm(A),fosB,gyrA_S84L=POINT,mecA,mecI,mecR1,parC_E84G=POINT,parC_S80Y=POINT,tet(38)",21,"aur,hld,hlgA,hlgB,hlgC,icaC,lukD,lukE,sak,scn,sed,sei,sej,selX,sem,sen=MISTRANSLATION,seo,ser,seu=PARTIAL,splA,splB",4.2.7,2026-01-21.1
PDT000021263.2|SAMN02381576|GCA_000537275.1|Staphylococcus aureus AGEN6010||AGEN6010|Generic,GCA_000537275.1,SAMN02381576,,"USA: Irvine, CA",Homo sapiens,,,PDT000021263.2,2014-02-04,,17,"ant(6)-Ia=MISTRANSLATION,aph(3')-IIIa,blaI,blaR1,blaZ,fosB,gyrA_S84L=POINT,mecA,mecR1=PARTIAL,mepA,mph(C),msr(A),murA_G257D=POINT,parC_S80Y=POINT,sat4=PARTIAL,tet(38),tet(K)=PARTIAL_END_OF_CONTIG","ant(6)-Ia=MISTRANSLATION,aph(3')-IIIa,blaI,blaR1,blaZ,fosB,gyrA_S84L=POINT,mecA,mecR1=PARTIAL,mph(C),msr(A),murA_G257D=POINT,parC_S80Y=POINT,sat4=PARTIAL,tet(38),tet(K)=PARTIAL_END_OF_CONTIG",20,"aur,hld,hlgA,hlgB,hlgC,icaC,lukD,lukE,lukF-PV,lukS-PV,sak,sasG=PARTIAL,scn,sek,sel26,selX,seq,splA,splB,splE",4.0.23,2025-06-03.1
PDT000021264.2|SAMN02381574|GCA_000537295.1|Staphylococcus aureus SCLE6005||SCLE6005|Generic,GCA_000537295.1,SAMN02381574,,"USA: Irvine, CA",Homo sapiens,,,PDT000021264.2,2014-02-04,,14,"ant(6)-Ia=MISTRANSLATION,aph(3')-IIIa,blaI,blaR1=PARTIAL_END_OF_CONTIG,fosB,gyrA_S84L=POINT,mecA,mecR1=PARTIAL,mepA,msr(A)=PARTIAL_END_OF_CONTIG,murA_G257D=POINT,parC_S80Y=POINT,sat4=PARTIAL,tet(38)","ant(6)-Ia=MISTRANSLATION,aph(3')-IIIa,blaI,blaR1=PARTIAL_END_OF_CONTIG,fosB,gyrA_S84L=POINT,mecA,mecR1=PARTIAL,msr(A)=PARTIAL_END_OF_CONTIG,murA_G257D=POINT,parC_S80Y=POINT,sat4=PARTIAL,tet(38)",20,"aur,hld,hlgA,hlgB,hlgC,icaC,lukD,lukE,lukF-PV,lukS-PV,sak,sasG=PARTIAL,scn,sek,sel26,selX,seq=PARTIAL,splA,splB,splE",4.0.23,2025-06-03.1
PDT000021265.2|SAMN02381553|GCA_000537315.1|Staphylococcus aureus AGEN6009||AGEN6009|Generic,GCA_000537315.1,SAMN02381553,,"USA: Irvine, CA",Homo sapiens,,,PDT000021265.2,2014-02-04,,16,"aadD1,ant(9)-Ia,blaI,blaR1,blaZ,bleO,erm(A),fosB,gyrA_S84L=POINT,mecA,mecI,mecR1,mepA,parC_E84G=POINT,parC_S80Y=POINT,tet(38)","aadD1,ant(9)-Ia,blaI,blaR1,blaZ,bleO,erm(A),fosB,gyrA_S84L=POINT,mecA,mecI,mecR1,parC_E84G=POINT,parC_S80Y=POINT,tet(38)",21,"aur,hld,hlgA,hlgB,hlgC,icaC,lukD,lukE,sak,scn,sed,sei,sej,selX,sem,sen=MISTRANSLATION,seo,ser,seu=PARTIAL,splA,splB",4.0.23,2025-06-03.1
PDT000021266.2|SAMN02381552|GCA_000537335.1|Staphylococcus aureus WAMC6003||WAMC6003|Generic,GCA_000537335.1,SAMN02381552,,"USA: Irvine, CA",Homo sapiens,,,PDT000021266.2,2014-02-04,,21,"aac(6')-Ie/aph(2'')-Ia,aadD1,ant(9)-Ia,blaI,blaR1,blaZ,bleO,erm(A),fosB,fosY,gyrA_S84L=POINT,mecA,mecI,mecR1,mepA,msr(A),parC_S80F=POINT,parE_P585S=POINT,rpoB_A477D=POINT,rpoB_D471G=POINT,tet(38)","aac(6')-Ie/aph(2'')-Ia,aadD1,ant(9)-Ia,blaI,blaR1,blaZ,bleO,erm(A),fosB,fosY,gyrA_S84L=POINT,mecA,mecI,mecR1,msr(A),parC_S80F=POINT,parE_P585S=POINT,rpoB_A477D=POINT,rpoB_D471G=POINT,tet(38)",19,"aur,hld,hlgA,hlgB,hlgC,icaC,lukD,lukE,sak,sasG=PARTIAL,scn,sei,selX,sem,sen=MISTRANSLATION,seo,sep,splA,splB",4.2.7,2026-01-21.1
PDT000021267.2|SAMN02381550|GCA_000537355.1|Staphylococcus aureus COAS6004||COAS6004|Generic,GCA_000537355.1,SAMN02381550,,"USA: Irvine, CA",Homo sapiens,,,PDT000021267.2,2014-02-04,,14,"aadD1,ant(9)-Ia,bleO,erm(A),fosB,gyrA_E88K=POINT,gyrA_S84L=POINT,mecA,mecI,mecR1,mepA,parC_E84G=POINT,parC_S80Y=POINT,tet(38)","aadD1,ant(9)-Ia,bleO,erm(A),fosB,gyrA_E88K=POINT,gyrA_S84L=POINT,mecA,mecI,mecR1,parC_E84G=POINT,parC_S80Y=POINT,tet(38)",18,"aur,hld,hlgA,hlgB,hlgC,icaC,lukD,lukE,sak,scn,sei,selX,sem,sen=MISTRANSLATION,seo,seu=PARTIAL,splA,splB",4.2.7,2026-01-21.1
PDT000021268.2|SAMN02381548|GCA_000537375.1|Staphylococcus aureus COAS6001||COAS6001|Generic,GCA_000537375.1,SAMN02381548,,"USA: Irvine, CA",Homo sapiens,,,PDT000021268.2,2014-02-04,,14,"aph(3')-IIIa,blaI,blaR1,blaZ,fosB,mecA,mecR1=PARTIAL,mepA,mph(C),msr(A),murA_G257D=POINT,parC_S80F=POINT,sat4=PARTIAL,tet(38)","aph(3')-IIIa,blaI,blaR1,blaZ,fosB,mecA,mecR1=PARTIAL,mph(C),msr(A),murA_G257D=POINT,parC_S80F=POINT,sat4=PARTIAL,tet(38)",20,"aur,hld,hlgA,hlgB,hlgC,icaC,lukD,lukE,lukF-PV,lukS-PV,sak,sasG=PARTIAL,scn,sek,sel26,selX,seq,splA,splB,splE",4.0.23,2025-06-03.1
PDT000021269.2|SAMN02381544|GCA_000537395.1|Staphylococcus aureus SMMC6030||SMMC6030|Generic,GCA_000537395.1,SAMN02381544,,"USA: Irvine, CA",Homo sapiens,,,PDT000021269.2,2014-02-04,,19,"aac(6')-Ie/aph(2'')-Ia,aadD1,ant(9)-Ia,blaI,blaR1,blaZ,bleO,erm(A),fosB,gyrA_S84L=POINT,mecA,mecI,mecR1,mepA,parC_S80F=POINT,parE_P585S=POINT,rpoB_A477D=POINT,rpoB_D471G=POINT,tet(38)","aac(6')-Ie/aph(2'')-Ia,aadD1,ant(9)-Ia,blaI,blaR1,blaZ,bleO,erm(A),fosB,gyrA_S84L=POINT,mecA,mecI,mecR1,parC_S80F=POINT,parE_P585S=POINT,rpoB_A477D=POINT,rpoB_D471G=POINT,tet(38)",20,"aur,hld,hlgA,hlgB,hlgC,icaC,lukD,lukE,sak,sasG=PARTIAL_END_OF_CONTIG,scn,sei,sej=MISTRANSLATION,selX,sem,sen=MISTRANSLATION,seo,sep,splA,splB",4.0.23,2025-06-03.1
PDT000021270.2|SAMN02381543|GCA_000537415.1|Staphylococcus aureus LAMC0016||LAMC0016|Generic,GCA_000537415.1,SAMN02381543,,"USA: Irvine, CA",Homo sapiens,,,PDT000021270.2,2014-02-04,,16,"aadD1,ant(9)-Ia,blaI,blaR1,blaZ,bleO,erm(A),fosB,gyrA_S84L=POINT,mecA,mecI,mecR1,mepA,parC_E84G=POINT,parC_S80Y=POINT,tet(38)","aadD1,ant(9)-Ia,blaI,blaR1,blaZ,bleO,erm(A),fosB,gyrA_S84L=POINT,mecA,mecI,mecR1,parC_E84G=POINT,parC_S80Y=POINT,tet(38)",20,"aur,hld,hlgA,hlgB,hlgC,icaC,lukE,sak,scn,sed=PARTIAL,sei,sej,selX,sem,sen=MISTRANSLATION,seo,ser,seu=PARTIAL,splA,splB",4.0.23,2025-06-03.1
PDT000021271.2|SAMN02381510|GCA_000537435.1|Staphylococcus aureus FVRH6001||FVRH6001|Generic,GCA_000537435.1,SAMN02381510,,"USA: Irvine, CA",Homo sapiens,blood,,PDT000021271.2,2014-02-04,,16,"aadD1,ant(9)-Ia,blaI,blaR1,blaZ,bleO,erm(A),fosB,gyrA_S84L=POINT,mecA,mecI,mecR1,mepA,parC_E84G=POINT,parC_S80Y=POINT,tet(38)","aadD1,ant(9)-Ia,blaI,blaR1,blaZ,bleO,erm(A),fosB,gyrA_S84L=POINT,mecA,mecI,mecR1,parC_E84G=POINT,parC_S80Y=POINT,tet(38)",21,"aur,hld,hlgA,hlgB,hlgC,icaC,lukD,lukE,sak,scn,sed,sei,sej,selX,sem,sen=MISTRANSLATION,seo,ser,seu=PARTIAL,splA,splB",4.2.7,2026-01-21.1
PDT000021272.2|SAMN02381502|GCA_000537455.1|Staphylococcus aureus AMMC6073||AMMC6073|Generic,GCA_000537455.1,SAMN02381502,,"USA: Irvine, CA",Homo sapiens,blood,,PDT000021272.2,2014-02-04,,13,"aadD1,ant(9)-Ia,bleO,erm(A),fosB,gyrA_S84L=POINT,mecA,mecI,mecR1,mepA,parC_E84G=POINT,parC_S80Y=POINT,tet(38)","aadD1,ant(9)-Ia,bleO,erm(A),fosB,gyrA_S84L=POINT,mecA,mecI,mecR1,parC_E84G=POINT,parC_S80Y=POINT,tet(38)",18,"aur,hld,hlgA,hlgB,hlgC,icaC,lukD,lukE,sak,scn,seb,sei,selX,sem,sen=MISTRANSLATION,seo,splA,splB",4.2.7,2026-01-21.1
PDT000021273.2|SAMN02381496|GCA_000537475.1|Staphylococcus aureus OCMM6047||OCMM6047|Generic,GCA_000537475.1,SAMN02381496,,"USA: Irvine, CA",Homo sapiens,blood,,PDT000021273.2,2014-02-04,,17,"aadD1,ant(9)-Ia,blaI,blaR1,blaZ,bleO,erm(A),fosB,gyrA_S84L=POINT,mecA,mecI,mecR1,mepA,parC_E84G=POINT,parC_S80Y=POINT,rpoB_H481N=POINT,tet(38)","aadD1,ant(9)-Ia,blaI,blaR1,blaZ,bleO,erm(A),fosB,gyrA_S84L=POINT,mecA,mecI,mecR1,parC_E84G=POINT,parC_S80Y=POINT,rpoB_H481N=POINT,tet(38)",21,"aur,hld,hlgA,hlgB,hlgC,icaC,lukD,lukE,sak,scn,sed=PARTIAL,sei,sej,selX,sem,sen=MISTRANSLATION,seo,ser,seu=PARTIAL,splA,splB",4.2.7,2026-01-21.1
PDT000021274.2|SAMN02381490|GCA_000537495.1|Staphylococcus aureus SJOS6098||SJOS6098|Generic,GCA_000537495.1,SAMN02381490,,"USA: Irvine, CA",Homo sapiens,blood,,PDT000021274.2,2014-02-04,,17,"ant(6)-Ia=MISTRANSLATION,aph(3')-IIIa,blaI,blaR1,blaZ,fosB,gyrA_S84L=POINT,mecA,mecR1=PARTIAL,mepA,mph(C),msr(A),murA_G257D=POINT,parC_S80Y=POINT,sat4,tet(38),tet(K)","ant(6)-Ia=MISTRANSLATION,aph(3')-IIIa,blaI,blaR1,blaZ,fosB,gyrA_S84L=POINT,mecA,mecR1=PARTIAL,mph(C),msr(A),murA_G257D=POINT,parC_S80Y=POINT,sat4,tet(38),tet(K)",20,"aur,hld,hlgA,hlgB,hlgC,icaC,lukD,lukE,lukF-PV,lukS-PV,sak,sasG=PARTIAL,scn,sek,sel26,selX,seq=PARTIAL,splA,splB,splE",4.0.23,2025-06-03.1
PDT000021275.2|SAMN02381489|GCA_000537515.1|Staphylococcus aureus COAS6039||COAS6039|Generic,GCA_000537515.1,SAMN02381489,,"USA: Irvine, CA",Homo sapiens,wound,,PDT000021275.2,2014-02-04,,16,"ant(6)-Ia=MISTRANSLATION,aph(3')-IIIa,blaI,blaR1,blaZ,fosB,gyrA_S84L=POINT,mecA,mecR1=PARTIAL,mepA,mph(C),msr(A),murA_G257D=POINT,parC_S80Y=POINT,sat4,tet(38)","ant(6)-Ia=MISTRANSLATION,aph(3')-IIIa,blaI,blaR1,blaZ,fosB,gyrA_S84L=POINT,mecA,mecR1=PARTIAL,mph(C),msr(A),murA_G257D=POINT,parC_S80Y=POINT,sat4,tet(38)",20,"aur,hld,hlgA,hlgB,hlgC,icaC,lukD,lukE,lukF-PV,lukS-PV,sak,sasG=PARTIAL,scn,sek,sel26,selX,seq,splA,splB,splE",4.0.23,2025-06-03.1
PDT000021276.2|SAMN02381477|GCA_000537535.1|Staphylococcus aureus CHOC6045||CHOC6045|Generic,GCA_000537535.1,SAMN02381477,,"USA: Irvine, CA",Homo sapiens,wound,,PDT000021276.2,2014-02-04,,17,"ant(6)-Ia=MISTRANSLATION,aph(3')-IIIa,blaI,blaR1,blaZ,fosB,gyrA_S84L=POINT,mecA,mecR1=PARTIAL,mepA,mph(C),msr(A),murA_G257D=POINT,parC_S80Y=POINT,rplC_G152D=POINT,sat4,tet(38)","ant(6)-Ia=MISTRANSLATION,aph(3')-IIIa,blaI,blaR1,blaZ,fosB,gyrA_S84L=POINT,mecA,mecR1=PARTIAL,mph(C),msr(A),murA_G257D=POINT,parC_S80Y=POINT,rplC_G152D=POINT,sat4,tet(38)",20,"aur,hld,hlgA,hlgB,hlgC,icaC,lukD,lukE,lukF-PV,lukS-PV,sak,sasG=PARTIAL,scn,sek,sel26,selX,seq,splA,splB,splE",4.2.7,2026-01-21.1
PDT000021277.2|SAMN02381476|GCA_000537555.1|Staphylococcus aureus PLAC6019||PLAC6019|Generic,GCA_000537555.1,SAMN02381476,,"USA: Irvine, CA",Homo sapiens,blood,,PDT000021277.2,2014-02-04,,16,"aadD1,ant(9)-Ia,blaI,blaR1,blaZ,bleO,erm(A),fosB,gyrA_S84L=POINT,mecA,mecI,mecR1,mepA,parC_E84K=POINT,parC_S80F=POINT,tet(38)","aadD1,ant(9)-Ia,blaI,blaR1,blaZ,bleO,erm(A),fosB,gyrA_S84L=POINT,mecA,mecI,mecR1,parC_E84K=POINT,parC_S80F=POINT,tet(38)",22,"aur,hld,hlgA,hlgB,hlgC,icaC,lukD,lukE,sak,sasG,scn,sed=PARTIAL,sei,sej,selX,sem=PARTIAL,sen=MISTRANSLATION,seo,sep=PARTIAL,ser,splA,splB",4.2.7,2026-01-21.1
PDT000021278.2|SAMN02381473|GCA_000537575.1|Staphylococcus aureus TUSH6001||TUSH6001|Generic,GCA_000537575.1,SAMN02381473,,"USA: Irvine, CA",Homo sapiens,blood,,PDT000021278.2,2014-02-04,,18,"ant(6)-Ia=MISTRANSLATION,aph(3')-IIIa,blaI,blaR1,blaZ,fosB,gyrA_S84L=POINT,gyrA_S85P=POINT,mecA,mecR1=PARTIAL,mepA,mph(C),msr(A),murA_G257D=POINT,parC_A116V=POINT,parC_S80Y=POINT,sat4,tet(38)","ant(6)-Ia=MISTRANSLATION,aph(3')-IIIa,blaI,blaR1,blaZ,fosB,gyrA_S84L=POINT,gyrA_S85P=POINT,mecA,mecR1=PARTIAL,mph(C),msr(A),murA_G257D=POINT,parC_A116V=POINT,parC_S80Y=POINT,sat4,tet(38)",20,"aur,hld,hlgA,hlgB,hlgC,icaC,lukD,lukE,lukF-PV,lukS-PV,sak,sasG=PARTIAL,scn,sek,sel26,selX,seq,splA,splB,splE",4.2.7,2026-01-21.1
PDT000021279.2|SAMN02381470|GCA_000537595.1|Staphylococcus aureus UCIM6019||UCIM6019|Generic,GCA_000537595.1,SAMN02381470,,"USA: Irvine, CA",Homo sapiens,sputum,,PDT000021279.2,2014-02-04,,16,"ant(6)-Ia=MISTRANSLATION,aph(3')-IIIa,blaI,blaR1,blaZ,fosB,gyrA_S84L=POINT,mecA,mecR1=PARTIAL,mepA,mph(C),msr(A),murA_G257D=POINT,parC_S80Y=POINT,sat4,tet(38)","ant(6)-Ia=MISTRANSLATION,aph(3')-IIIa,blaI,blaR1,blaZ,fosB,gyrA_S84L=POINT,mecA,mecR1=PARTIAL,mph(C),msr(A),murA_G257D=POINT,parC_S80Y=POINT,sat4,tet(38)",20,"aur,hld,hlgA,hlgB,hlgC,icaC,lukD,lukE,lukF-PV,lukS-PV,sak,sasG=PARTIAL,scn,sek,sel26,selX,seq,splA,splB,splE",4.0.23,2025-06-03.1
PDT000021280.2|SAMN02381468|GCA_000537615.1|Staphylococcus aureus UCIM6015||UCIM6015|Generic,GCA_000537615.1,SAMN02381468,,"USA: Irvine, CA",Homo sapiens,wound,,PDT000021280.2,2014-02-04,,25,"ant(6)-Ia=PARTIAL,ant(9)-Ia,aph(3')-IIIa,blaI,blaPC1,blaR1,dfrG,erm(A),folP_E258EKE=POINT,folP_F17L=POINT,fosB,gyrA_S84L=POINT,mecA,mecI=MISTRANSLATION,mecR1,mepA,murA_G257D=POINT,parC_S80F=POINT,parE_D432N=POINT,rpoB_A477D=POINT,rpoB_D471G=POINT,sat4,tet(38),tet(K),tet(M)","ant(6)-Ia=PARTIAL,ant(9)-Ia,aph(3')-IIIa,blaI,blaPC1,blaR1,dfrG,erm(A),folP_E258EKE=POINT,folP_F17L=POINT,fosB,gyrA_S84L=POINT,mecA,mecI=MISTRANSLATION,mecR1,murA_G257D=POINT,parC_S80F=POINT,parE_D432N=POINT,rpoB_A477D=POINT,rpoB_D471G=POINT,sat4,tet(38),tet(K),tet(M)",18,"aur,hld,hlgA,hlgB,hlgC,icaC=PARTIAL,lukD,lukE,sak,scn,sea,sek,sel26,selX,seq,splA,splB,splE",4.0.23,2025-06-03.1
PDT000021281.2|SAMN02381466|GCA_000537635.1|Staphylococcus aureus MISS6007||MISS6007|Generic,GCA_000537635.1,SAMN02381466,,"USA: Irvine, CA",Homo sapiens,wound,,PDT000021281.2,2014-02-04,,17,"ant(6)-Ia=MISTRANSLATION,aph(3')-IIIa,blaI,blaR1,blaZ,fosB,gyrA_S84L=POINT,mecA,mecR1=PARTIAL,mepA,mph(C),msr(A),murA_G257D=POINT,parC_S80Y=POINT,rpoB_D471G=POINT,sat4,tet(38)","ant(6)-Ia=MISTRANSLATION,aph(3')-IIIa,blaI,blaR1,blaZ,fosB,gyrA_S84L=POINT,mecA,mecR1=PARTIAL,mph(C),msr(A),murA_G257D=POINT,parC_S80Y=POINT,rpoB_D471G=POINT,sat4,tet(38)",20,"aur,hld,hlgA,hlgB,hlgC,icaC,lukD,lukE,lukF-PV,lukS-PV,sak,sasG=PARTIAL,scn,sek,sel26,selX,seq,splA,splB,splE",4.2.7,2026-01-21.1
PDT000021282.2|SAMN02381465|GCA_000537655.1|Staphylococcus aureus HOAG6059||HOAG6059|Generic,GCA_000537655.1,SAMN02381465,,"USA: Irvine, CA",Homo sapiens,sputum,,PDT000021282.2,2014-02-04,,17,"ant(6)-Ia=MISTRANSLATION,aph(3')-IIIa,blaI,blaR1,blaZ,erm(C),fosB,gyrA_S84L=POINT,mecA,mecR1=PARTIAL,mepA,mph(C),msr(A),murA_G257D=POINT,parC_S80Y=POINT,sat4,tet(38)","ant(6)-Ia=MISTRANSLATION,aph(3')-IIIa,blaI,blaR1,blaZ,erm(C),fosB,gyrA_S84L=POINT,mecA,mecR1=PARTIAL,mph(C),msr(A),murA_G257D=POINT,parC_S80Y=POINT,sat4,tet(38)",19,"aur,hld,hlgA,hlgB,hlgC,icaC,lukD,lukE,lukF-PV,lukS-PV,sak,scn,sek,sel26,selX,seq,splA,splB,splE",4.2.7,2026-01-21.1
PDT000021283.2|SAMN02381460|GCA_000537675.1|Staphylococcus aureus SMMC6051||SMMC6051|Generic,GCA_000537675.1,SAMN02381460,,"USA: Irvine, CA",Homo sapiens,blood,,PDT000021283.2,2014-02-04,,19,"aadD1,ant(6)-Ia=MISTRANSLATION,ant(9)-Ia,blaI,blaR1,blaZ,bleO,erm(A),fosB,gyrA_E88G=POINT,gyrA_S84L=POINT,mecA,mecI,mecR1,mepA,parC_E84G=POINT,parC_S80Y=POINT,sat4=PARTIAL_END_OF_CONTIG,tet(38)","aadD1,ant(6)-Ia=MISTRANSLATION,ant(9)-Ia,blaI,blaR1,blaZ,bleO,erm(A),fosB,gyrA_E88G=POINT,gyrA_S84L=POINT,mecA,mecI,mecR1,parC_E84G=POINT,parC_S80Y=POINT,sat4=PARTIAL_END_OF_CONTIG,tet(38)",21,"aur,hld,hlgA,hlgB,hlgC,icaC,lukD,lukE,sak,scn,sed,sei,sej,selX,sem,sen=MISTRANSLATION,seo,ser,seu=PARTIAL,splA,splB",4.2.7,2026-01-21.1
PDT000021284.2|SAMN02381459|GCA_000537695.1|Staphylococcus aureus SCOA6012||SCOA6012|Generic,GCA_000537695.1,SAMN02381459,,"USA: Irvine, CA",Homo sapiens,blood,,PDT000021284.2,2014-02-04,,15,"ant(6)-Ia=MISTRANSLATION,aph(3')-IIIa,blaI,blaR1=HMM,fosB,gyrA_S84L=POINT,mecA,mecR1=PARTIAL,mepA,mph(C),msr(A),murA_G257D=POINT,parC_S80Y=POINT,sat4,tet(38)","ant(6)-Ia=MISTRANSLATION,aph(3')-IIIa,blaI,blaR1=HMM,fosB,gyrA_S84L=POINT,mecA,mecR1=PARTIAL,mph(C),msr(A),murA_G257D=POINT,parC_S80Y=POINT,sat4,tet(38)",23,"aur,hld,hlgA,hlgB,hlgC,icaC,lukD,lukE,lukF-PV,lukS-PV,sak,sasG=PARTIAL,scn,sed,sej=PARTIAL_END_OF_CONTIG,sek,sel26,selX,seq,ser,splA,splB,splE",4.0.23,2025-06-03.1
PDT000021285.2|SAMN02381455|GCA_000537715.1|Staphylococcus aureus LAMC0037||LAMC0037|Generic,GCA_000537715.1,SAMN02381455,,"USA: Irvine, CA",Homo sapiens,blood,,PDT000021285.2,2014-02-04,,17,"ant(6)-Ia=MISTRANSLATION,aph(3')-IIIa,blaI,blaR1,blaZ,fosB,gyrA_S84L=POINT,mecA,mecR1=PARTIAL,mepA,mph(C),msr(A),murA_G257D=POINT,parC_S80Y=POINT,sat4,tet(38),tet(K)","ant(6)-Ia=MISTRANSLATION,aph(3')-IIIa,blaI,blaR1,blaZ,fosB,gyrA_S84L=POINT,mecA,mecR1=PARTIAL,mph(C),msr(A),murA_G257D=POINT,parC_S80Y=POINT,sat4,tet(38),tet(K)",20,"aur,hld,hlgA,hlgB,hlgC,icaC,lukD,lukE,lukF-PV,lukS-PV,sak,sasG=PARTIAL,scn,sek=PARTIAL,sel26,selX,seq,splA,splB,splE",4.0.23,2025-06-03.1
PDT000021286.2|SAMN02381448|GCA_000537735.1|Staphylococcus aureus MISS6020||MISS6020|Generic,GCA_000537735.1,SAMN02381448,,"USA: Irvine, CA",Homo sapiens,sputum,,PDT000021286.2,2014-02-04,,16,"aadD1,ant(9)-Ia,blaI,blaR1,blaZ,bleO,erm(A),fosB,gyrA_S84L=POINT,mecA,mecI,mecR1,mepA,parC_E84G=POINT,parC_S80Y=POINT,tet(38)","aadD1,ant(9)-Ia,blaI,blaR1,blaZ,bleO,erm(A),fosB,gyrA_S84L=POINT,mecA,mecI,mecR1,parC_E84G=POINT,parC_S80Y=POINT,tet(38)",21,"aur,hld,hlgA,hlgB,hlgC,icaC,lukD,lukE,sak,scn,sed=PARTIAL,sei,sej,selX,sem,sen=MISTRANSLATION,seo,ser,seu=PARTIAL,splA,splB",4.2.7,2026-01-21.1
PDT000021287.2|SAMN02381447|GCA_000537755.1|Staphylococcus aureus SJUD6056||SJUD6056|Generic,GCA_000537755.1,SAMN02381447,,"USA: Irvine, CA",Homo sapiens,wound,,PDT000021287.2,2014-02-04,,16,"ant(6)-Ia=MISTRANSLATION,aph(3')-IIIa,blaI,blaR1,blaZ,fosB,gyrA_S84L=POINT,mecA,mecR1=PARTIAL,mepA,mph(C),msr(A),murA_G257D=POINT,parC_S80Y=POINT,sat4,tet(38)","ant(6)-Ia=MISTRANSLATION,aph(3')-IIIa,blaI,blaR1,blaZ,fosB,gyrA_S84L=POINT,mecA,mecR1=PARTIAL,mph(C),msr(A),murA_G257D=POINT,parC_S80Y=POINT,sat4,tet(38)",20,"aur,hld,hlgA,hlgB,hlgC,icaC,lukD,lukE,lukF-PV,lukS-PV,sak,sasG=PARTIAL,scn,sek,sel26,selX,seq,splA,splB,splE",4.2.7,2026-01-21.1
PDT000021288.2|SAMN02381445|GCA_000537775.1|Staphylococcus aureus SJUD6064||SJUD6064|Generic,GCA_000537775.1,SAMN02381445,,"USA: Irvine, CA",Homo sapiens,blood,,PDT000021288.2,2014-02-04,,16,"ant(6)-Ia=MISTRANSLATION,aph(3')-IIIa,blaI,blaR1,blaZ,fosB,gyrA_S84L=POINT,mecA,mecR1=PARTIAL,mepA,mph(C),msr(A),murA_G257D=POINT,parC_S80Y=POINT,sat4,tet(38)","ant(6)-Ia=MISTRANSLATION,aph(3')-IIIa,blaI,blaR1,blaZ,fosB,gyrA_S84L=POINT,mecA,mecR1=PARTIAL,mph(C),msr(A),murA_G257D=POINT,parC_S80Y=POINT,sat4,tet(38)",20,"aur,hld,hlgA,hlgB,hlgC,icaC,lukD,lukE,lukF-PV,lukS-PV,sak,sasG=PARTIAL,scn,sek,sel26,selX,seq,splA,splB,splE",4.2.7,2026-01-21.1
PDT000021289.2|SAMN02381438|GCA_000537795.1|Staphylococcus aureus SMMC6007||SMMC6007|Generic,GCA_000537795.1,SAMN02381438,,"USA: Irvine, CA",Homo sapiens,blood,,PDT000021289.2,2014-02-04,,16,"ant(6)-Ia=MISTRANSLATION,aph(3')-IIIa,blaI,blaR1,blaZ,fosB,gyrA_S84L=POINT,mecA,mecR1=PARTIAL,mepA,mph(C),msr(A),murA_G257D=POINT,parC_S80Y=POINT,sat4,tet(38)","ant(6)-Ia=MISTRANSLATION,aph(3')-IIIa,blaI,blaR1,blaZ,fosB,gyrA_S84L=POINT,mecA,mecR1=PARTIAL,mph(C),msr(A),murA_G257D=POINT,parC_S80Y=POINT,sat4,tet(38)",20,"aur,hld,hlgA,hlgB,hlgC,icaC,lukD,lukE,lukF-PV,lukS-PV,sak,sasG=PARTIAL,scn,sek,sel26,selX,seq,splA,splB,splE",4.0.23,2025-06-03.1
PDT000021290.2|SAMN02381436|GCA_000537815.1|Staphylococcus aureus COAS6025||COAS6025|Generic,GCA_000537815.1,SAMN02381436,,"USA: Irvine, CA",Homo sapiens,wound,,PDT000021290.2,2014-02-04,,14,"ant(6)-Ia=MISTRANSLATION,aph(3')-IIIa,blaI,blaR1,blaZ,fosB,mecA,mecR1=PARTIAL,mepA,mph(C),msr(A),murA_G257D=POINT,sat4,tet(38)","ant(6)-Ia=MISTRANSLATION,aph(3')-IIIa,blaI,blaR1,blaZ,fosB,mecA,mecR1=PARTIAL,mph(C),msr(A),murA_G257D=POINT,sat4,tet(38)",20,"aur,hld,hlgA,hlgB,hlgC,icaC,lukD,lukE,lukF-PV,lukS-PV,sak,sasG=PARTIAL,scn,sek,sel26,selX,seq,splA,splB,splE",4.0.23,2025-06-03.1
PDT000021291.2|SAMN02381430|GCA_000537835.1|Staphylococcus aureus AMMC6050||AMMC6050|Generic,GCA_000537835.1,SAMN02381430,,"USA: Irvine, CA",Homo sapiens,blood,,PDT000021291.2,2014-02-04,,17,"aadD1,ant(9)-Ia,blaI,blaR1,blaZ,bleO,erm(A),fosB,gyrA_S84L=POINT,mecA,mecI,mecR1,mepA,mph(C)=PARTIAL_END_OF_CONTIG,parC_E84K=POINT,parC_S80F=POINT,tet(38)","aadD1,ant(9)-Ia,blaI,blaR1,blaZ,bleO,erm(A),fosB,gyrA_S84L=POINT,mecA,mecI,mecR1,mph(C)=PARTIAL_END_OF_CONTIG,parC_E84K=POINT,parC_S80F=POINT,tet(38)",19,"aur,hld,hlgA,hlgB,hlgC,icaC,lukD,lukE,sasG=PARTIAL_END_OF_CONTIG,sed,sei,sej,selX,sem=PARTIAL,sen=MISTRANSLATION,seo,ser,splA,splB",4.2.7,2026-01-21.1
PDT000021292.2|SAMN02381427|GCA_000537855.1|Staphylococcus aureus SJOS6061||SJOS6061|Generic,GCA_000537855.1,SAMN02381427,,"USA: Irvine, CA",Homo sapiens,wound,,PDT000021292.2,2014-02-04,,16,"ant(6)-Ia=MISTRANSLATION,aph(3')-IIIa,blaI,blaR1,blaZ,fosB,gyrA_S84L=POINT,mecA,mecR1=PARTIAL,mepA,mph(C),msr(A),murA_G257D=POINT,parC_S80Y=POINT,sat4,tet(38)","ant(6)-Ia=MISTRANSLATION,aph(3')-IIIa,blaI,blaR1,blaZ,fosB,gyrA_S84L=POINT,mecA,mecR1=PARTIAL,mph(C),msr(A),murA_G257D=POINT,parC_S80Y=POINT,sat4,tet(38)",20,"aur,hld,hlgA,hlgB,hlgC,icaC,lukD,lukE,lukF-PV,lukS-PV,sak,sasG=PARTIAL,scn,sek,sel26,selX,seq,splA,splB,splE",4.2.7,2026-01-21.1
PDT000021293.2|SAMN02381425|GCA_000537875.1|Staphylococcus aureus GGMC6008||GGMC6008|Generic,GCA_000537875.1,SAMN02381425,,"USA: Irvine, CA",Homo sapiens,blood,,PDT000021293.2,2014-02-04,,16,"ant(6)-Ia=MISTRANSLATION,aph(3')-IIIa,blaI,blaR1,blaZ,fosB,gyrA_S84L=POINT,mecA,mecR1=PARTIAL,mepA,mph(C),msr(A),murA_G257D=POINT,parC_S80Y=POINT,sat4,tet(38)","ant(6)-Ia=MISTRANSLATION,aph(3')-IIIa,blaI,blaR1,blaZ,fosB,gyrA_S84L=POINT,mecA,mecR1=PARTIAL,mph(C),msr(A),murA_G257D=POINT,parC_S80Y=POINT,sat4,tet(38)",20,"aur,hld,hlgA,hlgB,hlgC,icaC,lukD,lukE=PARTIAL,lukF-PV,lukS-PV,sak,sasG=PARTIAL,scn,sek,sel26,selX,seq,splA,splB,splE",4.2.7,2026-01-21.1
PDT000021294.2|SAMN02381422|GCA_000537895.1|Staphylococcus aureus SJOS6051||SJOS6051|Generic,GCA_000537895.1,SAMN02381422,,"USA: Irvine, CA",Homo sapiens,blood,,PDT000021294.2,2014-02-04,,16,"ant(6)-Ia=MISTRANSLATION,aph(3')-IIIa,blaI,blaR1,blaZ,fosB,gyrA_S84L=POINT,mecA,mecR1=PARTIAL,mepA,mph(C),msr(A),murA_G257D=POINT,parC_S80Y=POINT,sat4,tet(38)","ant(6)-Ia=MISTRANSLATION,aph(3')-IIIa,blaI,blaR1,blaZ,fosB,gyrA_S84L=POINT,mecA,mecR1=PARTIAL,mph(C),msr(A),murA_G257D=POINT,parC_S80Y=POINT,sat4,tet(38)",20,"aur,hld,hlgA,hlgB,hlgC,icaC,lukD,lukE,lukF-PV,lukS-PV,sak,sasG=PARTIAL,scn,sek,sel26,selX,seq,splA,splB,splE",4.0.23,2025-06-03.1
PDT000021295.2|SAMN02381421|GCA_000537915.1|Staphylococcus aureus SJOS6050||SJOS6050|Generic,GCA_000537915.1,SAMN02381421,,"USA: Irvine, CA",Homo sapiens,blood,,PDT000021295.2,2014-02-04,,16,"ant(6)-Ia=MISTRANSLATION,aph(3')-IIIa,blaI,blaR1,blaZ,fosB,gyrA_S84L=POINT,mecA,mecR1=PARTIAL,mepA,mph(C),msr(A),murA_G257D=POINT,parC_S80F=POINT,sat4,tet(38)","ant(6)-Ia=MISTRANSLATION,aph(3')-IIIa,blaI,blaR1,blaZ,fosB,gyrA_S84L=POINT,mecA,mecR1=PARTIAL,mph(C),msr(A),murA_G257D=POINT,parC_S80F=POINT,sat4,tet(38)",15,"aur,hld,hlgA,hlgB,hlgC,icaC,lukD,lukE,sak,scn,sel26,selX,splA,splB,splE",4.0.23,2025-06-03.1
PDT000021296.2|SAMN02381423|GCA_000537935.1|Staphylococcus aureus SJOS6052||SJOS6052|Generic,GCA_000537935.1,SAMN02381423,,"USA: Irvine, CA",Homo sapiens,blood,,PDT000021296.2,2014-02-04,,17,"aadD1,ant(9)-Ia,aph(3')-IIIa=PARTIAL_END_OF_CONTIG,blaR1,blaZ,bleO,erm(A),fosB,gyrA_S84L=POINT,mecA,mecI,mecR1,mepA,parC_E84G=POINT,parC_S80Y=POINT,sat4,tet(38)","aadD1,ant(9)-Ia,aph(3')-IIIa=PARTIAL_END_OF_CONTIG,blaR1,blaZ,bleO,erm(A),fosB,gyrA_S84L=POINT,mecA,mecI,mecR1,parC_E84G=POINT,parC_S80Y=POINT,sat4,tet(38)",21,"aur,hld,hlgA,hlgB,hlgC,icaC,lukD,lukE,sak,scn,sed,sei,sej,selX,sem,sen=MISTRANSLATION,seo,ser,seu=PARTIAL,splA,splB",4.2.7,2026-01-21.1
PDT000021297.2|SAMN02381424|GCA_000537955.1|Staphylococcus aureus LAMC0024||LAMC0024|Generic,GCA_000537955.1,SAMN02381424,,"USA: Irvine, CA",Homo sapiens,blood,,PDT000021297.2,2014-02-04,,16,"ant(6)-Ia=MISTRANSLATION,aph(3')-IIIa,blaI,blaR1,blaZ,fosB,gyrA_S84L=POINT,mecA,mecR1=PARTIAL,mepA,mph(C),msr(A),murA_G257D=POINT,parC_S80Y=POINT,sat4,tet(38)","ant(6)-Ia=MISTRANSLATION,aph(3')-IIIa,blaI,blaR1,blaZ,fosB,gyrA_S84L=POINT,mecA,mecR1=PARTIAL,mph(C),msr(A),murA_G257D=POINT,parC_S80Y=POINT,sat4,tet(38)",20,"aur,hld,hlgA,hlgB,hlgC,icaC,lukD,lukE,lukF-PV,lukS-PV,sak,sasG=PARTIAL,scn,sek,sel26,selX,seq,splA,splB,splE",4.2.7,2026-01-21.1
PDT000021298.2|SAMN02381426|GCA_000537975.1|Staphylococcus aureus SJOS6053||SJOS6053|Generic,GCA_000537975.1,SAMN02381426,,"USA: Irvine, CA",Homo sapiens,blood,,PDT000021298.2,2014-02-04,,23,"aac(6')-Ie/aph(2'')-Ia,ant(9)-Ia,aph(3')-IIIa,blaI,dfrG,erm(A),folP_E258EKE=POINT,folP_F17L=POINT,fosB,gyrA_S84L=POINT,mecA,mecI=MISTRANSLATION,mecR1,mepA,mph(C),msr(A),murA_G257D=POINT,parC_S80F=POINT,parE_D432N=POINT,rpoB_H481N=POINT,tet(38),tet(K),tet(M)","aac(6')-Ie/aph(2'')-Ia,ant(9)-Ia,aph(3')-IIIa,blaI,dfrG,erm(A),folP_E258EKE=POINT,folP_F17L=POINT,fosB,gyrA_S84L=POINT,mecA,mecI=MISTRANSLATION,mecR1,mph(C),msr(A),murA_G257D=POINT,parC_S80F=POINT,parE_D432N=POINT,rpoB_H481N=POINT,tet(38),tet(K),tet(M)",18,"aur,hld,hlgA,hlgB=PARTIAL,hlgC,icaC=PARTIAL,lukD,lukE,sak,scn,sea,sek,sel26,selX,seq,splA,splB,splE",4.2.7,2026-01-21.1
PDT000021299.2|SAMN02381428|GCA_000537995.1|Staphylococcus aureus AMMC6040||AMMC6040|Generic,GCA_000537995.1,SAMN02381428,,"USA: Irvine, CA",Homo sapiens,sputum,,PDT000021299.2,2014-02-04,,16,"ant(6)-Ia=MISTRANSLATION,aph(3')-IIIa,blaI,blaR1,blaZ,fosB,gyrA_S84L=POINT,mecA,mecR1=PARTIAL,mepA,mph(C),msr(A),murA_G257D=POINT,parC_S80Y=POINT,sat4,tet(38)","ant(6)-Ia=MISTRANSLATION,aph(3')-IIIa,blaI,blaR1,blaZ,fosB,gyrA_S84L=POINT,mecA,mecR1=PARTIAL,mph(C),msr(A),murA_G257D=POINT,parC_S80Y=POINT,sat4,tet(38)",18,"aur,hld,hlgA,hlgB,hlgC,icaC,lukD,lukE,lukF-PV,lukS-PV,sak,sasG=PARTIAL,scn,sel26,selX,splA,splB,splE",4.0.23,2025-06-03.1
PDT000021300.2|SAMN02381429|GCA_000538015.1|Staphylococcus aureus SJOS6071||SJOS6071|Generic,GCA_000538015.1,SAMN02381429,,"USA: Irvine, CA",Homo sapiens,blood,,PDT000021300.2,2014-02-04,,16,"aadD1,ant(9)-Ia,blaI,blaR1,blaZ,bleO,erm(A),fosB,gyrA_S84L=POINT,mecA,mecI,mecR1,mepA,parC_E84G=POINT,parC_S80Y=POINT,tet(38)","aadD1,ant(9)-Ia,blaI,blaR1,blaZ,bleO,erm(A),fosB,gyrA_S84L=POINT,mecA,mecI,mecR1,parC_E84G=POINT,parC_S80Y=POINT,tet(38)",20,"aur,hld,hlgA,hlgB,hlgC,icaC,lukD,lukE,sak,sasG=PARTIAL_END_OF_CONTIG,scn,sei,selX,sem,sen=MISTRANSLATION,seo,ser,seu=PARTIAL,splA,splB",4.0.23,2025-06-03.1
PDT000021301.2|SAMN02381431|GCA_000538035.1|Staphylococcus aureus AMMC6051||AMMC6051|Generic,GCA_000538035.1,SAMN02381431,,"USA: Irvine, CA",Homo sapiens,blood,,PDT000021301.2,2014-02-04,,16,"ant(6)-Ia=MISTRANSLATION,aph(3')-IIIa,blaI,blaR1,blaZ,fosB,gyrA_S84L=POINT,mecA,mecR1=PARTIAL,mepA,mph(C),msr(A),murA_G257D=POINT,parC_S80Y=POINT,sat4,tet(38)","ant(6)-Ia=MISTRANSLATION,aph(3')-IIIa,blaI,blaR1,blaZ,fosB,gyrA_S84L=POINT,mecA,mecR1=PARTIAL,mph(C),msr(A),murA_G257D=POINT,parC_S80Y=POINT,sat4,tet(38)",20,"aur,hld,hlgA,hlgB,hlgC,icaC,lukD,lukE,lukF-PV,lukS-PV,sak,sasG=PARTIAL,scn,sek,sel26,selX,seq,splA,splB,splE",4.2.7,2026-01-21.1
PDT000021302.2|SAMN02381432|GCA_000538055.1|Staphylococcus aureus GGMC6010||GGMC6010|Generic,GCA_000538055.1,SAMN02381432,,"USA: Irvine, CA",Homo sapiens,blood,,PDT000021302.2,2014-02-04,,22,"aac(6')-Ie/aph(2'')-Ia,aadD1,ant(6)-Ia=MISTRANSLATION,ant(9)-Ia,aph(3')-IIIa,blaI,blaR1,blaZ,bleO,erm(A),fosB,gyrA_S84L=POINT,mecA,mecI,mecR1,mepA,mph(C),msr(A)=PARTIAL,mupA,parC_S80F=POINT,sat4,tet(38)","aac(6')-Ie/aph(2'')-Ia,aadD1,ant(6)-Ia=MISTRANSLATION,ant(9)-Ia,aph(3')-IIIa,blaI,blaR1,blaZ,bleO,erm(A),fosB,gyrA_S84L=POINT,mecA,mecI,mecR1,mph(C),msr(A)=PARTIAL,mupA,parC_S80F=POINT,sat4,tet(38)",18,"aur,hld,hlgA,hlgB,hlgC,icaC,lukD,lukE,sak,scn,sei,selX,sem,sen=MISTRANSLATION,seo,sep,splA,splB",4.2.7,2026-01-21.1
PDT000021303.2|SAMN02381433|GCA_000538075.1|Staphylococcus aureus CHAP6049||CHAP6049|Generic,GCA_000538075.1,SAMN02381433,,"USA: Irvine, CA",Homo sapiens,sputum,,PDT000021303.2,2014-02-04,,13,"aadD1,ant(9)-Ia,bleO,erm(A),fosB,gyrA_S84L=POINT,mecA,mecI,mecR1,mepA,parC_S80F=POINT,parE_D432N=POINT,tet(38)","aadD1,ant(9)-Ia,bleO,erm(A),fosB,gyrA_S84L=POINT,mecA,mecI,mecR1,parC_S80F=POINT,parE_D432N=POINT,tet(38)",18,"aur,hld,hlgA,hlgB,hlgC,icaC,lukD,lukE,sak,sasG=PARTIAL_END_OF_CONTIG,scn,sei,selX,sem,sen=MISTRANSLATION,seo,splA,splB",4.2.7,2026-01-21.1
PDT000021304.2|SAMN02381434|GCA_000538095.1|Staphylococcus aureus PLAC6012||PLAC6012|Generic,GCA_000538095.1,SAMN02381434,,"USA: Irvine, CA",Homo sapiens,blood,,PDT000021304.2,2014-02-04,,17,"aadD1=PARTIAL_END_OF_CONTIG,ant(9)-Ia,blaI,blaR1,blaZ,bleO,erm(A),fosB,fosB=PARTIAL,gyrA_E88K=POINT,gyrA_S84L=POINT,mecA,mecI,mecR1,mepA,parC_S80F=POINT,tet(38)","aadD1=PARTIAL_END_OF_CONTIG,ant(9)-Ia,blaI,blaR1,blaZ,bleO,erm(A),fosB,fosB=PARTIAL,gyrA_E88K=POINT,gyrA_S84L=POINT,mecA,mecI,mecR1,parC_S80F=POINT,tet(38)",19,"aur,hld,hlgA,hlgB,hlgC,icaC,lukD,lukE,sasG=PARTIAL_END_OF_CONTIG,sed,sei,sej,selX,sem,sen=MISTRANSLATION,seo,ser,splA,splB",4.0.23,2025-06-03.1
PDT000021305.2|SAMN02381435|GCA_000538115.1|Staphylococcus aureus SJOS6072||SJOS6072|Generic,GCA_000538115.1,SAMN02381435,,"USA: Irvine, CA",Homo sapiens,blood,,PDT000021305.2,2014-02-04,,23,"aac(6')-Ie/aph(2'')-Ia,ant(6)-Ia=PARTIAL,aph(3')-IIIa,blaI,blaPC1,blaR1,dfrG,erm(A),folP_E258EKE=POINT,folP_F17L=POINT,fosB,gyrA_S84L=POINT,mecA,mecI=MISTRANSLATION,mecR1,mepA,murA_G257D=POINT,parC_S80F=POINT,parE_D432N=POINT,sat4=PARTIAL,tet(38),tet(K),tet(M)","aac(6')-Ie/aph(2'')-Ia,ant(6)-Ia=PARTIAL,aph(3')-IIIa,blaI,blaPC1,blaR1,dfrG,erm(A),folP_E258EKE=POINT,folP_F17L=POINT,fosB,gyrA_S84L=POINT,mecA,mecI=MISTRANSLATION,mecR1,murA_G257D=POINT,parC_S80F=POINT,parE_D432N=POINT,sat4=PARTIAL,tet(38),tet(K),tet(M)",19,"aur,hld,hlgA,hlgB,hlgC,icaC=PARTIAL,lukD,lukE,sak,sasG=PARTIAL,scn,sea,sek,sel26,selX,seq,splA,splB,splE",4.0.23,2025-06-03.1
PDT000021306.2|SAMN02381437|GCA_000538135.1|Staphylococcus aureus WMCS6011||WMCS6011|Generic,GCA_000538135.1,SAMN02381437,,"USA: Irvine, CA",Homo sapiens,wound,,PDT000021306.2,2014-02-04,,23,"aac(6')-Ie/aph(2'')-Ia,aadD1,ant(6)-Ia=MISTRANSLATION,ant(9)-Ia,aph(3')-IIIa,blaI,blaR1,blaZ,bleO,erm(A),fosB,gyrA_S84L=POINT,mecA,mecI,mecR1,mepA,mph(C),msr(A),mupA,parC_E84G=POINT,parC_S80Y=POINT,sat4,tet(38)","aac(6')-Ie/aph(2'')-Ia,aadD1,ant(6)-Ia=MISTRANSLATION,ant(9)-Ia,aph(3')-IIIa,blaI,blaR1,blaZ,bleO,erm(A),fosB,gyrA_S84L=POINT,mecA,mecI,mecR1,mph(C),msr(A),mupA,parC_E84G=POINT,parC_S80Y=POINT,sat4,tet(38)",19,"aur,hld,hlgA,hlgB,hlgC,icaC,lukD,lukE,sak,sasG=PARTIAL_END_OF_CONTIG,scn,sei,selX,sem,sen=MISTRANSLATION,seo,sep,splA,splB",4.0.23,2025-06-03.1
PDT000021307.2|SAMN02381439|GCA_000538155.1|Staphylococcus aureus AMMC6054||AMMC6054|Generic,GCA_000538155.1,SAMN02381439,,"USA: Irvine, CA",Homo sapiens,sputum,,PDT000021307.2,2014-02-04,,16,"aadD1,ant(9)-Ia,blaI,blaR1,blaZ,bleO,erm(A),fosB,gyrA_S84L=POINT,mecA,mecI,mecR1,mepA,parC_E84G=POINT,parC_S80Y=POINT,tet(38)","aadD1,ant(9)-Ia,blaI,blaR1,blaZ,bleO,erm(A),fosB,gyrA_S84L=POINT,mecA,mecI,mecR1,parC_E84G=POINT,parC_S80Y=POINT,tet(38)",19,"aur,hld,hlgA,hlgB,hlgC,icaC,lukD,lukE,sed,sei,sej,selX,sem,sen=MISTRANSLATION,seo,ser,seu=PARTIAL,splA,splB",4.2.7,2026-01-21.1
PDT000021308.2|SAMN02381440|GCA_000538175.1|Staphylococcus aureus SMMC0005||SMMC0005|Generic,GCA_000538175.1,SAMN02381440,,"USA: Irvine, CA",Homo sapiens,blood,,PDT000021308.2,2014-02-04,,16,"ant(6)-Ia=MISTRANSLATION,aph(3')-IIIa,blaI,blaR1,blaZ,fosB,gyrA_S84L=POINT,mecA,mecR1=PARTIAL,mepA,mph(C),msr(A)=PARTIAL,murA_G257D=POINT,parC_S80Y=POINT,sat4,tet(38)","ant(6)-Ia=MISTRANSLATION,aph(3')-IIIa,blaI,blaR1,blaZ,fosB,gyrA_S84L=POINT,mecA,mecR1=PARTIAL,mph(C),msr(A)=PARTIAL,murA_G257D=POINT,parC_S80Y=POINT,sat4,tet(38)",20,"aur,hld,hlgA,hlgB,hlgC,icaC,lukD,lukE,lukF-PV,lukS-PV,sak,sasG=PARTIAL,scn,sek,sel26,selX,seq,splA,splB,splE",4.2.7,2026-01-21.1
PDT000021309.2|SAMN02381441|GCA_000538195.1|Staphylococcus aureus WMCA6041||WMCA6041|Generic,GCA_000538195.1,SAMN02381441,,"USA: Irvine, CA",Homo sapiens,blood,,PDT000021309.2,2014-02-04,,14,"ant(6)-Ia=MISTRANSLATION,aph(3')-IIIa,blaI,blaR1,blaZ,fosB,mecA,mecR1=PARTIAL,mepA,mph(C),msr(A),murA_G257D=POINT,sat4,tet(38)","ant(6)-Ia=MISTRANSLATION,aph(3')-IIIa,blaI,blaR1,blaZ,fosB,mecA,mecR1=PARTIAL,mph(C),msr(A),murA_G257D=POINT,sat4,tet(38)",20,"aur,hld,hlgA,hlgB,hlgC,icaC,lukD,lukE,lukF-PV,lukS-PV,sak,sasG=PARTIAL,scn,sek,sel26,selX,seq,splA,splB,splE",4.0.23,2025-06-03.1
PDT000021310.2|SAMN02381442|GCA_000538215.1|Staphylococcus aureus WAMC6010||WAMC6010|Generic,GCA_000538215.1,SAMN02381442,,"USA: Irvine, CA",Homo sapiens,blood,,PDT000021310.2,2014-02-04,,17,"ant(6)-Ia=MISTRANSLATION,aph(3')-IIIa,blaI,blaR1,blaZ,fosB,gyrA_S84L=POINT,mecA,mecR1=PARTIAL,mepA,mph(C),msr(A),murA_G257D=POINT,parC_S80Y=POINT,parE_P451S=POINT,sat4,tet(38)","ant(6)-Ia=MISTRANSLATION,aph(3')-IIIa,blaI,blaR1,blaZ,fosB,gyrA_S84L=POINT,mecA,mecR1=PARTIAL,mph(C),msr(A),murA_G257D=POINT,parC_S80Y=POINT,parE_P451S=POINT,sat4,tet(38)",20,"aur,hld,hlgA,hlgB,hlgC,icaC,lukD,lukE,lukF-PV,lukS-PV,sak,sasG=PARTIAL,scn,sek,sel26,selX,seq,splA,splB,splE",4.0.23,2025-06-03.1
PDT000021311.2|SAMN02381443|GCA_000538235.1|Staphylococcus aureus HBHO6042||HBHO6042|Generic,GCA_000538235.1,SAMN02381443,,"USA: Irvine, CA",Homo sapiens,sputum,,PDT000021311.2,2014-02-04,,15,"aadD1,ant(9)-Ia,blaI,blaR1,blaZ,bleO,erm(A),fosB,gyrA_S84L=POINT,mecA,mecI,mecR1,mepA,parC_S80F=POINT,tet(38)","aadD1,ant(9)-Ia,blaI,blaR1,blaZ,bleO,erm(A),fosB,gyrA_S84L=POINT,mecA,mecI,mecR1,parC_S80F=POINT,tet(38)",23,"aur,hld,hlgA,hlgB,hlgC,icaC,lukD,lukE,sak,sasG=PARTIAL,scn,sed,sei,sej,selX,sem,sen=MISTRANSLATION,seo,sep,ser,seu=PARTIAL,splA,splB",4.0.23,2025-06-03.1
PDT000021312.2|SAMN02381444|GCA_000538255.1|Staphylococcus aureus SJUD6063||SJUD6063|Generic,GCA_000538255.1,SAMN02381444,,"USA: Irvine, CA",Homo sapiens,blood,,PDT000021312.2,2014-02-04,,16,"ant(6)-Ia=MISTRANSLATION,aph(3')-IIIa,blaI,blaR1,blaZ,fosB,gyrA_S84L=POINT,mecA,mecR1=PARTIAL,mepA,mph(C),msr(A),murA_G257D=POINT,parC_S80Y=POINT,sat4,tet(38)","ant(6)-Ia=MISTRANSLATION,aph(3')-IIIa,blaI,blaR1,blaZ,fosB,gyrA_S84L=POINT,mecA,mecR1=PARTIAL,mph(C),msr(A),murA_G257D=POINT,parC_S80Y=POINT,sat4,tet(38)",20,"aur,hld,hlgA,hlgB,hlgC,icaC,lukD,lukE,lukF-PV,lukS-PV,sak,sasG=PARTIAL,scn,sek,sel26,selX,seq,splA,splB,splE",4.2.7,2026-01-21.1
PDT000021313.2|SAMN02381446|GCA_000538275.1|Staphylococcus aureus SJUD6053||SJUD6053|Generic,GCA_000538275.1,SAMN02381446,,"USA: Irvine, CA",Homo sapiens,sputum,,PDT000021313.2,2014-02-04,,15,"aadD1,ant(9)-Ia,bleO,erm(A),erm(C)=PARTIAL_END_OF_CONTIG,fosB,gyrA_E88K=POINT,gyrA_S84L=POINT,mecA,mecI,mecR1,mepA,parC_E84G=POINT,parC_S80Y=POINT,tet(38)","aadD1,ant(9)-Ia,bleO,erm(A),erm(C)=PARTIAL_END_OF_CONTIG,fosB,gyrA_E88K=POINT,gyrA_S84L=POINT,mecA,mecI,mecR1,parC_E84G=POINT,parC_S80Y=POINT,tet(38)",21,"aur,hld,hlgA,hlgB,hlgC,icaC,lukD,lukE,sak,scn,sed,sei,sej,selX,sem,sen=MISTRANSLATION,seo,ser,seu=PARTIAL,splA,splB",4.2.7,2026-01-21.1
PDT000021314.2|SAMN02381449|GCA_000538295.1|Staphylococcus aureus MISS6017||MISS6017|Generic,GCA_000538295.1,SAMN02381449,,"USA: Irvine, CA",Homo sapiens,sputum,,PDT000021314.2,2014-02-04,,15,"ant(6)-Ia=MISTRANSLATION,aph(3')-IIIa,blaI,blaR1,blaZ,fosB,gyrA_S84L=POINT,mecA,mecR1=PARTIAL,mepA,mph(C),msr(A),murA_G257D=POINT,parC_S80Y=POINT,tet(38)","ant(6)-Ia=MISTRANSLATION,aph(3')-IIIa,blaI,blaR1,blaZ,fosB,gyrA_S84L=POINT,mecA,mecR1=PARTIAL,mph(C),msr(A),murA_G257D=POINT,parC_S80Y=POINT,tet(38)",19,"aur,hld,hlgA,hlgB,hlgC,icaC,lukD,lukE,lukF-PV,lukS-PV,sak,scn,sek,sel26,selX,seq,splA,splB,splE",4.0.23,2025-06-03.1
PDT000021315.2|SAMN02381450|GCA_000538315.1|Staphylococcus aureus MISS6019||MISS6019|Generic,GCA_000538315.1,SAMN02381450,,"USA: Irvine, CA",Homo sapiens,sputum,,PDT000021315.2,2014-02-04,,16,"aadD1,ant(9)-Ia,blaI,blaR1,blaZ,bleO,erm(A),fosB,gyrA_S84L=POINT,mecA,mecI,mecR1,mepA,parC_E84G=POINT,parC_S80Y=POINT,tet(38)","aadD1,ant(9)-Ia,blaI,blaR1,blaZ,bleO,erm(A),fosB,gyrA_S84L=POINT,mecA,mecI,mecR1,parC_E84G=POINT,parC_S80Y=POINT,tet(38)",21,"aur,hld,hlgA,hlgB,hlgC,icaC,lukD,lukE,sak,scn,sed,sei,sej,selX,sem,sen=MISTRANSLATION,seo,ser,seu=PARTIAL,splA,splB",4.0.23,2025-06-03.1
PDT000021316.2|SAMN02381451|GCA_000538335.1|Staphylococcus aureus MISS6012||MISS6012|Generic,GCA_000538335.1,SAMN02381451,,"USA: Irvine, CA",Homo sapiens,blood,,PDT000021316.2,2014-02-04,,15,"aadD1,ant(9)-Ia,blaI,blaR1,bleO,erm(A),fosB,gyrA_S84L=POINT,mecA,mecI,mecR1,mepA,parC_S80F=POINT,rpoB_S529L=POINT,tet(38)","aadD1,ant(9)-Ia,blaI,blaR1,bleO,erm(A),fosB,gyrA_S84L=POINT,mecA,mecI,mecR1,parC_S80F=POINT,rpoB_S529L=POINT,tet(38)",22,"aur,hld,hlgA,hlgB,hlgC,icaC,lukD,lukE,sak,sasG=PARTIAL,scn,sed=PARTIAL,sei,sej,selX,sem,sen=MISTRANSLATION,seo,ser,seu=PARTIAL,splA,splB",4.0.23,2025-06-03.1
PDT000021317.2|SAMN02381452|GCA_000538355.1|Staphylococcus aureus HOAG6054||HOAG6054|Generic,GCA_000538355.1,SAMN02381452,,"USA: Irvine, CA",Homo sapiens,blood,,PDT000021317.2,2014-02-04,,22,"ant(6)-Ia=MISTRANSLATION,ant(9)-Ia,aph(3')-IIIa,blaI,blaR1,blaZ,erm(A),fosB,gyrA_E88K=POINT,gyrA_S84L=POINT,ileS_V588F=POINT,mecA,mecI,mecR1,mepA=PARTIAL,mph(C),msr(A),parC_E84G=POINT,parC_S80Y=POINT,rpoB_H481N=POINT,sat4,tet(38)","ant(6)-Ia=MISTRANSLATION,ant(9)-Ia,aph(3')-IIIa,blaI,blaR1,blaZ,erm(A),fosB,gyrA_E88K=POINT,gyrA_S84L=POINT,ileS_V588F=POINT,mecA,mecI,mecR1,mph(C),msr(A),parC_E84G=POINT,parC_S80Y=POINT,rpoB_H481N=POINT,sat4,tet(38)",18,"aur,hld,hlgA,hlgB,hlgC,icaC,lukD,lukE,sak,scn,sei,selX,sem,sen=MISTRANSLATION,seo,seu=PARTIAL,splA,splB",4.2.7,2026-01-21.1
PDT000021318.2|SAMN02381453|GCA_000538375.1|Staphylococcus aureus HOAG6057||HOAG6057|Generic,GCA_000538375.1,SAMN02381453,,"USA: Irvine, CA",Homo sapiens,blood,,PDT000021318.2,2014-02-04,,20,"aadD1,ant(9)-Ia,blaI,blaR1,blaZ,bleO,erm(A),fosB,gyrA_S84L=POINT,mecA,mecI,mecR1,mepA,mph(C),msr(A)=PARTIAL,mupA,parC_S80F=POINT,rpoB_A477D=POINT,rpoB_D471G=POINT,tet(38)","aadD1,ant(9)-Ia,blaI,blaR1,blaZ,bleO,erm(A),fosB,gyrA_S84L=POINT,mecA,mecI,mecR1,mph(C),msr(A)=PARTIAL,mupA,parC_S80F=POINT,rpoB_A477D=POINT,rpoB_D471G=POINT,tet(38)",17,"aur,hld,hlgA,hlgB,hlgC,icaC,lukD,lukE,sak,scn,sei,selX,sem,sen=MISTRANSLATION,seo,splA,splB",4.2.7,2026-01-21.1
PDT000021319.2|SAMN02381454|GCA_000538395.1|Staphylococcus aureus SJOS6076||SJOS6076|Generic,GCA_000538395.1,SAMN02381454,,"USA: Irvine, CA",Homo sapiens,blood,,PDT000021319.2,2014-02-04,,17,"ant(6)-Ia=MISTRANSLATION,aph(3')-IIIa,blaI,blaR1,blaZ,fosB,gyrA_S84L=POINT,mecA,mecR1=PARTIAL,mepA,mph(C),msr(A),murA_G257D=POINT,parC_S80Y=POINT,sat4,tet(38),tet(K)=PARTIAL_END_OF_CONTIG","ant(6)-Ia=MISTRANSLATION,aph(3')-IIIa,blaI,blaR1,blaZ,fosB,gyrA_S84L=POINT,mecA,mecR1=PARTIAL,mph(C),msr(A),murA_G257D=POINT,parC_S80Y=POINT,sat4,tet(38),tet(K)=PARTIAL_END_OF_CONTIG",20,"aur,hld,hlgA,hlgB,hlgC,icaC,lukD,lukE,lukF-PV,lukS-PV,sak,sasG=PARTIAL,scn,sek,sel26,selX,seq,splA,splB,splE",4.0.23,2025-06-03.1
PDT000021320.2|SAMN02381456|GCA_000538415.1|Staphylococcus aureus OCMM6035||OCMM6035|Generic,GCA_000538415.1,SAMN02381456,,"USA: Irvine, CA",Homo sapiens,blood,,PDT000021320.2,2014-02-04,,11,"ant(9)-Ia=PARTIAL,blaI,blaR1,blaZ,erm(A),gyrA_S84L=POINT,mecA,mecR1=PARTIAL,mepA=MISTRANSLATION,parC_S80Y=POINT,tet(38)","ant(9)-Ia=PARTIAL,blaI,blaR1,blaZ,erm(A),gyrA_S84L=POINT,mecA,mecR1=PARTIAL,parC_S80Y=POINT,tet(38)",19,"aur,hld,hlgA,hlgB,hlgC,icaC,lukD,lukE,sak,scn,sea,sec2,seh,sek,sel,seq,splA,splB,splE",4.0.23,2025-06-03.1
PDT000021321.2|SAMN02381457|GCA_000538435.1|Staphylococcus aureus OCMM6037||OCMM6037|Generic,GCA_000538435.1,SAMN02381457,,"USA: Irvine, CA",Homo sapiens,blood,,PDT000021321.2,2014-02-04,,16,"ant(6)-Ia=MISTRANSLATION,aph(3')-IIIa,blaI,blaR1,blaZ,fosB,gyrA_S84L=POINT,mecA,mecR1=PARTIAL,mepA,mph(C),msr(A),murA_G257D=POINT,parC_S80Y=POINT,sat4,tet(38)","ant(6)-Ia=MISTRANSLATION,aph(3')-IIIa,blaI,blaR1,blaZ,fosB,gyrA_S84L=POINT,mecA,mecR1=PARTIAL,mph(C),msr(A),murA_G257D=POINT,parC_S80Y=POINT,sat4,tet(38)",20,"aur,hld,hlgA,hlgB,hlgC,icaC,lukD,lukE,lukF-PV,lukS-PV,sak,sasG=PARTIAL,scn,sek,sel26,selX,seq,splA,splB,splE",4.0.23,2025-06-03.1
PDT000021322.2|SAMN02381458|GCA_000538455.1|Staphylococcus aureus SCOA6011||SCOA6011|Generic,GCA_000538455.1,SAMN02381458,,"USA: Irvine, CA",Homo sapiens,wound,,PDT000021322.2,2014-02-04,,8,"fosB,gyrA_S84L=POINT,mecA,mecR1=PARTIAL,mepA,murA_G257D=POINT,parC_S80Y=POINT,tet(38)","fosB,gyrA_S84L=POINT,mecA,mecR1=PARTIAL,murA_G257D=POINT,parC_S80Y=POINT,tet(38)",20,"aur,hld,hlgA,hlgB,hlgC,icaC,lukD,lukE,lukF-PV,lukS-PV,sak,sasG=PARTIAL,scn,sek,sel26,selX,seq,splA,splB,splE",4.2.7,2026-01-21.1
PDT000021323.2|SAMN02381461|GCA_000538475.1|Staphylococcus aureus WMCS6016||WMCS6016|Generic,GCA_000538475.1,SAMN02381461,,"USA: Irvine, CA",Homo sapiens,sputum,,PDT000021323.2,2014-02-04,,20,"aadD1,ant(6)-Ia=MISTRANSLATION,ant(9)-Ia,aph(3')-IIIa,blaI,blaR1,blaZ,bleO,erm(A),fosB,gyrA_S84L=POINT,mecA,mecI,mecR1,mepA,msr(A)=PARTIAL_END_OF_CONTIG,parC_E84K=POINT,parC_S80F=POINT,sat4,tet(38)","aadD1,ant(6)-Ia=MISTRANSLATION,ant(9)-Ia,aph(3')-IIIa,blaI,blaR1,blaZ,bleO,erm(A),fosB,gyrA_S84L=POINT,mecA,mecI,mecR1,msr(A)=PARTIAL_END_OF_CONTIG,parC_E84K=POINT,parC_S80F=POINT,sat4,tet(38)",19,"aur,hld,hlgA,hlgB,hlgC,icaC,lukD,lukE,sak,sasG=PARTIAL_END_OF_CONTIG,scn,sei,selX,sem=PARTIAL,sen=MISTRANSLATION,seo,sep,splA,splB",4.2.7,2026-01-21.1
PDT000021324.2|SAMN02381462|GCA_000538495.1|Staphylococcus aureus WAMC6013||WAMC6013|Generic,GCA_000538495.1,SAMN02381462,,"USA: Irvine, CA",Homo sapiens,blood,,PDT000021324.2,2014-02-04,,11,"blaI,blaR1,blaZ,fosB,gyrA_S84L=POINT,mecA,mecR1=MISTRANSLATION,mepA,murA_G257D=POINT,parC_S80Y=POINT,tet(38)","blaI,blaR1,blaZ,fosB,gyrA_S84L=POINT,mecA,mecR1=MISTRANSLATION,murA_G257D=POINT,parC_S80Y=POINT,tet(38)",20,"aur,hld,hlgA,hlgB,hlgC,icaC,lukD,lukE,lukF-PV,lukS-PV,sak,sasG=PARTIAL,scn,sek,sel26,selX,seq,splA,splB,splE",4.0.23,2025-06-03.1
PDT000021325.2|SAMN02381463|GCA_000538515.1|Staphylococcus aureus WMCA6040||WMCA6040|Generic,GCA_000538515.1,SAMN02381463,,"USA: Irvine, CA",Homo sapiens,sputum,,PDT000021325.2,2014-02-04,,16,"aadD1,ant(9)-Ia,blaI,blaR1,blaZ,bleO,erm(A),fosB,gyrA_S84L=POINT,mecA,mecI,mecR1,mepA,parC_E84G=POINT,parC_S80Y=POINT,tet(38)","aadD1,ant(9)-Ia,blaI,blaR1,blaZ,bleO,erm(A),fosB,gyrA_S84L=POINT,mecA,mecI,mecR1,parC_E84G=POINT,parC_S80Y=POINT,tet(38)",22,"aur,hld,hlgA,hlgB,hlgC,icaC,lukD,lukE,sak,sasG=PARTIAL_END_OF_CONTIG,scn,sed=PARTIAL_END_OF_CONTIG,sei,sej,selX,sem,sen=MISTRANSLATION,seo,ser,seu=PARTIAL,splA,splB",4.0.23,2025-06-03.1
PDT000021326.2|SAMN02381464|GCA_000538535.1|Staphylococcus aureus AMMC6068||AMMC6068|Generic,GCA_000538535.1,SAMN02381464,,"USA: Irvine, CA",Homo sapiens,wound,,PDT000021326.2,2014-02-04,,19,"aadD1,ant(6)-Ia=MISTRANSLATION,ant(9)-Ia,aph(3')-IIIa,blaI,bleO,erm(A)=MISTRANSLATION,fosB,gyrA_S84L=POINT,mecA,mecI,mecR1,mepA,mph(C),msr(A)=PARTIAL,mupA,parC_S80F=POINT,sat4,tet(38)","aadD1,ant(6)-Ia=MISTRANSLATION,ant(9)-Ia,aph(3')-IIIa,blaI,bleO,erm(A)=MISTRANSLATION,fosB,gyrA_S84L=POINT,mecA,mecI,mecR1,mph(C),msr(A)=PARTIAL,mupA,parC_S80F=POINT,sat4,tet(38)",19,"aur,hld,hlgA,hlgB,hlgC=PARTIAL,icaC,lukD,lukE,sak,sasG=PARTIAL_END_OF_CONTIG,scn,sei,selX,sem,sen=MISTRANSLATION,seo,sep,splA,splB",4.0.23,2025-06-03.1
PDT000021327.2|SAMN02381467|GCA_000538555.1|Staphylococcus aureus UCIM6014||UCIM6014|Generic,GCA_000538555.1,SAMN02381467,,"USA: Irvine, CA",Homo sapiens,blood,,PDT000021327.2,2014-02-04,,20,"aadD1,ant(6)-Ia=MISTRANSLATION,ant(9)-Ia,aph(3')-IIIa,blaI,blaR1,blaZ,bleO,erm(A),fosB,gyrA_S84L=POINT,mecA,mecI,mecR1,mepA,mph(C),msr(A),parC_S80F=POINT,sat4,tet(38)","aadD1,ant(6)-Ia=MISTRANSLATION,ant(9)-Ia,aph(3')-IIIa,blaI,blaR1,blaZ,bleO,erm(A),fosB,gyrA_S84L=POINT,mecA,mecI,mecR1,mph(C),msr(A),parC_S80F=POINT,sat4,tet(38)",19,"aur,hld,hlgA,hlgB,hlgC,icaC,lukD,lukE,sak,sasG,scn,sei,selX,sem,sen=MISTRANSLATION,seo,sep,splA,splB",4.2.7,2026-01-21.1
PDT000021328.2|SAMN02381469|GCA_000538575.1|Staphylococcus aureus UCIM6018||UCIM6018|Generic,GCA_000538575.1,SAMN02381469,,"USA: Irvine, CA",Homo sapiens,sputum,,PDT000021328.2,2014-02-04,,17,"ant(6)-Ia=MISTRANSLATION,aph(3')-IIIa,blaI,blaR1,blaZ,erm(C),fosB,gyrA_S84L=POINT,mecA,mecR1=PARTIAL,mepA,mph(C),msr(A),murA_G257D=POINT,parC_S80Y=POINT,sat4,tet(38)","ant(6)-Ia=MISTRANSLATION,aph(3')-IIIa,blaI,blaR1,blaZ,erm(C),fosB,gyrA_S84L=POINT,mecA,mecR1=PARTIAL,mph(C),msr(A),murA_G257D=POINT,parC_S80Y=POINT,sat4,tet(38)",20,"aur,hld,hlgA,hlgB,hlgC,icaC,lukD,lukE,lukF-PV,lukS-PV,sak,sasG=PARTIAL,scn,sek,sel26,selX,seq,splA,splB,splE",4.2.7,2026-01-21.1
PDT000021329.2|SAMN02381471|GCA_000538595.1|Staphylococcus aureus WMCS6019||WMCS6019|Generic,GCA_000538595.1,SAMN02381471,,"USA: Irvine, CA",Homo sapiens,wound,,PDT000021329.2,2014-02-04,,12,"blaI,blaPC1,blaR1,fosB,glpT_A100V=POINT,glpT_V213I=POINT,mecA,mecR1=PARTIAL,mepA,murA_D278E=POINT,murA_E291D=POINT,tet(38)","blaI,blaPC1,blaR1,fosB,glpT_A100V=POINT,glpT_V213I=POINT,mecA,mecR1=PARTIAL,murA_D278E=POINT,murA_E291D=POINT,tet(38)",15,"aur,hld,hlgA,hlgB,hlgC,icaC,lukF-PV,lukS-PV,sak,scn,sei,sem,sen=MISTRANSLATION,seu,splE",4.0.23,2025-06-03.1
PDT000021330.2|SAMN02381474|GCA_000538615.1|Staphylococcus aureus HOAG6068||HOAG6068|Generic,GCA_000538615.1,SAMN02381474,,"USA: Irvine, CA",Homo sapiens,sputum,,PDT000021330.2,2014-02-04,,17,"aadD1,ant(9)-Ia,aph(3')-IIIa=PARTIAL,blaI,blaR1,blaZ,bleO,erm(A),fosB=PARTIAL,gyrA_S84L=POINT,mecA,mecI,mecR1,mepA,parC_S80F=POINT,sat4=PARTIAL_END_OF_CONTIG,tet(38)","aadD1,ant(9)-Ia,aph(3')-IIIa=PARTIAL,blaI,blaR1,blaZ,bleO,erm(A),fosB=PARTIAL,gyrA_S84L=POINT,mecA,mecI,mecR1,parC_S80F=POINT,sat4=PARTIAL_END_OF_CONTIG,tet(38)",21,"aur,hld,hlgA,hlgB,hlgC,icaC,lukD,lukE,sak,sasG=PARTIAL_END_OF_CONTIG,scn,sed,sei,sej,selX,sem,sen=MISTRANSLATION,seo,ser,splA,splB",4.0.23,2025-06-03.1
PDT000021331.2|SAMN02381475|GCA_000538635.1|Staphylococcus aureus PLAC6017||PLAC6017|Generic,GCA_000538635.1,SAMN02381475,,"USA: Irvine, CA",Homo sapiens,blood,,PDT000021331.2,2014-02-04,,14,"ant(6)-Ia=MISTRANSLATION,aph(3')-IIIa,blaI,blaR1,blaZ,fosB,mecA,mecR1=PARTIAL,mepA,mph(C),msr(A),murA_G257D=POINT,sat4,tet(38)","ant(6)-Ia=MISTRANSLATION,aph(3')-IIIa,blaI,blaR1,blaZ,fosB,mecA,mecR1=PARTIAL,mph(C),msr(A),murA_G257D=POINT,sat4,tet(38)",20,"aur,hld,hlgA,hlgB,hlgC,icaC,lukD,lukE,lukF-PV,lukS-PV,sak,sasG=PARTIAL,scn,sek,sel26,selX,seq,splA,splB,splE",4.0.23,2025-06-03.1
PDT000021332.2|SAMN02381478|GCA_000538655.1|Staphylococcus aureus SJUD6086||SJUD6086|Generic,GCA_000538655.1,SAMN02381478,,"USA: Irvine, CA",Homo sapiens,blood,,PDT000021332.2,2014-02-04,,16,"ant(6)-Ia=MISTRANSLATION,aph(3')-IIIa,blaI,blaR1,blaZ,fosB,gyrA_S84L=POINT,mecA,mecR1=PARTIAL,mepA,mph(C),msr(A),murA_G257D=POINT,parC_S80Y=POINT,sat4,tet(38)","ant(6)-Ia=MISTRANSLATION,aph(3')-IIIa,blaI,blaR1,blaZ,fosB,gyrA_S84L=POINT,mecA,mecR1=PARTIAL,mph(C),msr(A),murA_G257D=POINT,parC_S80Y=POINT,sat4,tet(38)",20,"aur,hld,hlgA,hlgB,hlgC,icaC,lukD,lukE,lukF-PV,lukS-PV,sak,sasG=PARTIAL,scn,sek,sel26,selX,seq,splA,splB,splE",4.2.7,2026-01-21.1
PDT000021333.2|SAMN02381479|GCA_000538675.1|Staphylococcus aureus CHOC6056||CHOC6056|Generic,GCA_000538675.1,SAMN02381479,,"USA: Irvine, CA",Homo sapiens,blood,,PDT000021333.2,2014-02-04,,13,"ant(6)-Ia=PARTIAL,aph(3')-IIIa,blaI,blaR1,blaZ,fosB,mecA,mecR1=PARTIAL,mepA,mph(C),msr(A),sat4=MISTRANSLATION,tet(38)","ant(6)-Ia=PARTIAL,aph(3')-IIIa,blaI,blaR1,blaZ,fosB,mecA,mecR1=PARTIAL,mph(C),msr(A),sat4=MISTRANSLATION,tet(38)",27,"aur,hld,hlgA,hlgB,hlgC,icaC,lukD,lukE,sak,sasG=PARTIAL,scn,sei,sej,sek,selX,sem,sen=MISTRANSLATION,seo,sep,seq,ser,ses,set=PARTIAL,seu=PARTIAL,splA,splB,tst",4.2.7,2026-01-21.1
PDT000021334.2|SAMN02381480|GCA_000538695.1|Staphylococcus aureus COAS6038||COAS6038|Generic,GCA_000538695.1,SAMN02381480,,"USA: Irvine, CA",Homo sapiens,blood,,PDT000021334.2,2014-02-04,,17,"ant(6)-Ia=MISTRANSLATION,aph(3')-IIIa,blaI,blaR1,blaZ,erm(C),fosB,gyrA_S84L=POINT,mecA,mecR1=PARTIAL,mepA,mph(C),msr(A),murA_G257D=POINT,parC_S80Y=POINT,sat4,tet(38)","ant(6)-Ia=MISTRANSLATION,aph(3')-IIIa,blaI,blaR1,blaZ,erm(C),fosB,gyrA_S84L=POINT,mecA,mecR1=PARTIAL,mph(C),msr(A),murA_G257D=POINT,parC_S80Y=POINT,sat4,tet(38)",20,"aur,hld,hlgA,hlgB,hlgC,icaC,lukD,lukE,lukF-PV,lukS-PV,sak,sasG=PARTIAL,scn,sek,sel26,selX,seq,splA,splB,splE",4.2.7,2026-01-21.1
PDT000021335.2|SAMN02381482|GCA_000538715.1|Staphylococcus aureus SJOS6095||SJOS6095|Generic,GCA_000538715.1,SAMN02381482,,"USA: Irvine, CA",Homo sapiens,sputum,,PDT000021335.2,2014-02-04,,21,"aadD1,ant(6)-Ia=MISTRANSLATION,ant(9)-Ia,ant(9)-Ia=PARTIAL_END_OF_CONTIG,aph(3')-IIIa,blaI,blaR1,blaZ,bleO,erm(A),fosB,gyrA_S84L=POINT,mecA,mecI,mecR1,mepA,mph(C),msr(A),parC_S80F=POINT,sat4,tet(38)","aadD1,ant(6)-Ia=MISTRANSLATION,ant(9)-Ia,ant(9)-Ia=PARTIAL_END_OF_CONTIG,aph(3')-IIIa,blaI,blaR1,blaZ,bleO,erm(A),fosB,gyrA_S84L=POINT,mecA,mecI,mecR1,mph(C),msr(A),parC_S80F=POINT,sat4,tet(38)",19,"aur,hld,hlgA,hlgB,hlgC,icaC,lukD,lukE,sak,sasG=PARTIAL,scn,sei,selX,sem,sen=MISTRANSLATION,seo,sep,splA,splB",4.0.23,2025-06-03.1
PDT000021336.2|SAMN02381483|GCA_000538735.1|Staphylococcus aureus SJUD6087||SJUD6087|Generic,GCA_000538735.1,SAMN02381483,,"USA: Irvine, CA",Homo sapiens,blood,,PDT000021336.2,2014-02-04,,16,"ant(6)-Ia=MISTRANSLATION,aph(3')-IIIa,blaI,blaR1,blaZ,fosB,gyrA_S84L=POINT,mecA,mecR1=PARTIAL,mepA,mph(C),msr(A),murA_G257D=POINT,parC_S80Y=POINT,sat4,tet(38)","ant(6)-Ia=MISTRANSLATION,aph(3')-IIIa,blaI,blaR1,blaZ,fosB,gyrA_S84L=POINT,mecA,mecR1=PARTIAL,mph(C),msr(A),murA_G257D=POINT,parC_S80Y=POINT,sat4,tet(38)",16,"aur,hld,hlgA,hlgB,hlgC,icaC,lukD,lukE,sak,sasG=PARTIAL,scn,sel26,selX,splA,splB,splE",4.0.23,2025-06-03.1
PDT000021337.2|SAMN02381484|GCA_000538755.1|Staphylococcus aureus SMMC6067||SMMC6067|Generic,GCA_000538755.1,SAMN02381484,,"USA: Irvine, CA",Homo sapiens,blood,,PDT000021337.2,2014-02-04,,16,"aadD1,ant(9)-Ia,blaI,blaR1,blaZ,bleO,erm(A),fosB,gyrA_S84L=POINT,mecA,mecI,mecR1,mepA,parC_E84G=POINT,parC_S80Y=POINT,tet(38)","aadD1,ant(9)-Ia,blaI,blaR1,blaZ,bleO,erm(A),fosB,gyrA_S84L=POINT,mecA,mecI,mecR1,parC_E84G=POINT,parC_S80Y=POINT,tet(38)",21,"aur,hld,hlgA,hlgB,hlgC,icaC,lukD,lukE,sak,scn,sed,sei,sej,selX,sem,sen=MISTRANSLATION,seo,ser,seu=PARTIAL,splA,splB",4.2.7,2026-01-21.1
PDT000021338.2|SAMN02381485|GCA_000538775.1|Staphylococcus aureus SJUD6072||SJUD6072|Generic,GCA_000538775.1,SAMN02381485,,"USA: Irvine, CA",Homo sapiens,sputum,,PDT000021338.2,2014-02-04,,16,"aadD1,ant(9)-Ia,blaI,blaR1,blaZ,bleO,erm(A),fosB,gyrA_S84L=POINT,mecA,mecI,mecR1,mepA,parC_E84K=POINT,parC_S80F=POINT,tet(38)","aadD1,ant(9)-Ia,blaI,blaR1,blaZ,bleO,erm(A),fosB,gyrA_S84L=POINT,mecA,mecI,mecR1,parC_E84K=POINT,parC_S80F=POINT,tet(38)",19,"aur,hld,hlgA,hlgB,hlgC,icaC,lukD,lukE,sak,sasG=PARTIAL_END_OF_CONTIG,scn,sei,selX,sem=PARTIAL,sen=MISTRANSLATION,seo,sep,splA,splB",4.2.7,2026-01-21.1
PDT000021339.2|SAMN02381486|GCA_000538795.1|Staphylococcus aureus SJUD6074||SJUD6074|Generic,GCA_000538795.1,SAMN02381486,,"USA: Irvine, CA",Homo sapiens,sputum,,PDT000021339.2,2014-02-04,,17,"aadD1,ant(9)-Ia,blaI,blaR1,blaZ,bleO,erm(A),fosB,gyrA_E88K=POINT,gyrA_S84L=POINT,mecA,mecI,mecR1,mepA,parC_E84G=POINT,parC_S80Y=POINT,tet(38)","aadD1,ant(9)-Ia,blaI,blaR1,blaZ,bleO,erm(A),fosB,gyrA_E88K=POINT,gyrA_S84L=POINT,mecA,mecI,mecR1,parC_E84G=POINT,parC_S80Y=POINT,tet(38)",22,"aur,hld,hlgA,hlgB,hlgC,icaC,lukD,lukE,sak,sasG=PARTIAL,scn,sed,sei,sej,selX,sem,sen=MISTRANSLATION,seo,ser,seu=PARTIAL,splA,splB",4.2.7,2026-01-21.1
PDT000021340.2|SAMN02381488|GCA_000538815.1|Staphylococcus aureus WMCS6039||WMCS6039|Generic,GCA_000538815.1,SAMN02381488,,"USA: Irvine, CA",Homo sapiens,wound,,PDT000021340.2,2014-02-04,,16,"ant(6)-Ia=MISTRANSLATION,aph(3')-IIIa,blaI,blaR1,blaZ,fosB,gyrA_S84L=POINT,mecA,mecR1=PARTIAL,mepA,mph(C),msr(A),murA_G257D=POINT,parC_S80Y=POINT,sat4,tet(38)","ant(6)-Ia=MISTRANSLATION,aph(3')-IIIa,blaI,blaR1,blaZ,fosB,gyrA_S84L=POINT,mecA,mecR1=PARTIAL,mph(C),msr(A),murA_G257D=POINT,parC_S80Y=POINT,sat4,tet(38)",20,"aur,hld,hlgA,hlgB,hlgC,icaC,lukD,lukE,lukF-PV,lukS-PV,sak,sasG=PARTIAL,scn,sek,sel26,selX,seq,splA,splB,splE",4.0.23,2025-06-03.1
PDT000021341.2|SAMN02381491|GCA_000538835.1|Staphylococcus aureus SJOS6100||SJOS6100|Generic,GCA_000538835.1,SAMN02381491,,"USA: Irvine, CA",Homo sapiens,blood,,PDT000021341.2,2014-02-04,,16,"ant(6)-Ia=MISTRANSLATION,aph(3')-IIIa,blaI,blaR1,blaZ,fosB,gyrA_S84L=POINT,mecA,mecR1=PARTIAL,mepA,mph(C),msr(A),murA_G257D=POINT,parC_S80F=POINT,sat4,tet(38)","ant(6)-Ia=MISTRANSLATION,aph(3')-IIIa,blaI,blaR1,blaZ,fosB,gyrA_S84L=POINT,mecA,mecR1=PARTIAL,mph(C),msr(A),murA_G257D=POINT,parC_S80F=POINT,sat4,tet(38)",15,"aur,hld,hlgA,hlgB,hlgC,icaC,lukD,lukE,sak,scn,sel26,selX,splA,splB,splE",4.0.23,2025-06-03.1
PDT000021342.2|SAMN02381492|GCA_000538855.1|Staphylococcus aureus WMCS6038||WMCS6038|Generic,GCA_000538855.1,SAMN02381492,,"USA: Irvine, CA",Homo sapiens,blood,,PDT000021342.2,2014-02-04,,16,"aadD1,ant(9)-Ia,blaI,blaR1,blaZ,bleO,erm(A),fosB,gyrA_S84L=POINT,mecA,mecI,mecR1,mepA,parC_E84G=POINT,parC_S80Y=POINT,tet(38)","aadD1,ant(9)-Ia,blaI,blaR1,blaZ,bleO,erm(A),fosB,gyrA_S84L=POINT,mecA,mecI,mecR1,parC_E84G=POINT,parC_S80Y=POINT,tet(38)",21,"aur,hld,hlgA,hlgB,hlgC,icaC,lukD,lukE,sak,scn,sed,sei,sej,selX,sem,sen=MISTRANSLATION,seo,ser,seu=PARTIAL,splA,splB",4.2.7,2026-01-21.1
PDT000021343.2|SAMN02381493|GCA_000538875.1|Staphylococcus aureus LPIH6021||LPIH6021|Generic,GCA_000538875.1,SAMN02381493,,"USA: Irvine, CA",Homo sapiens,blood,,PDT000021343.2,2014-02-04,,16,"ant(6)-Ia=MISTRANSLATION,aph(3')-IIIa,blaI,blaR1,blaZ,fosB,gyrA_S84L=POINT,mecA,mecR1=PARTIAL,mepA,mph(C),msr(A)=PARTIAL_END_OF_CONTIG,murA_G257D=POINT,parC_S80Y=POINT,sat4,tet(38)","ant(6)-Ia=MISTRANSLATION,aph(3')-IIIa,blaI,blaR1,blaZ,fosB,gyrA_S84L=POINT,mecA,mecR1=PARTIAL,mph(C),msr(A)=PARTIAL_END_OF_CONTIG,murA_G257D=POINT,parC_S80Y=POINT,sat4,tet(38)",18,"aur,hld,hlgA,hlgB,hlgC,icaC,lukD,lukE,sak,sasG=PARTIAL,scn,sek,sel26,selX,seq,splA,splB,splE",4.2.7,2026-01-21.1
PDT000021344.2|SAMN02381494|GCA_000538895.1|Staphylococcus aureus OCMM6045||OCMM6045|Generic,GCA_000538895.1,SAMN02381494,,"USA: Irvine, CA",Homo sapiens,sputum,,PDT000021344.2,2014-02-04,,16,"ant(6)-Ia=MISTRANSLATION,aph(3')-IIIa,blaI,blaR1,blaZ,fosB,gyrA_S84L=POINT,mecA,mecR1=PARTIAL,mepA,mph(C),msr(A),murA_G257D=POINT,parC_S80Y=POINT,sat4,tet(38)","ant(6)-Ia=MISTRANSLATION,aph(3')-IIIa,blaI,blaR1,blaZ,fosB,gyrA_S84L=POINT,mecA,mecR1=PARTIAL,mph(C),msr(A),murA_G257D=POINT,parC_S80Y=POINT,sat4,tet(38)",20,"aur,hld,hlgA,hlgB,hlgC,icaC,lukD,lukE,lukF-PV,lukS-PV,sak,sasG=PARTIAL,scn,sek,sel26,selX,seq,splA,splB,splE",4.2.7,2026-01-21.1
PDT000021345.2|SAMN02381495|GCA_000538915.1|Staphylococcus aureus OCMM6046||OCMM6046|Generic,GCA_000538915.1,SAMN02381495,,"USA: Irvine, CA",Homo sapiens,wound,,PDT000021345.2,2014-02-04,,15,"aadD1,ant(9)-Ia,blaI,blaR1,blaZ,bleO,erm(A),fosB,gyrA_S84L=POINT,mecA,mecI,mecR1,mepA,parC_S80F=POINT,tet(38)","aadD1,ant(9)-Ia,blaI,blaR1,blaZ,bleO,erm(A),fosB,gyrA_S84L=POINT,mecA,mecI,mecR1,parC_S80F=POINT,tet(38)",22,"aur,hld,hlgA,hlgB,hlgC,icaC,lukD,lukE,sak,sasG=PARTIAL,scn,sed=PARTIAL,sei,sej,selX,sem,sen=MISTRANSLATION,seo,sep,ser,splA,splB",4.0.23,2025-06-03.1
PDT000021346.2|SAMN02381497|GCA_000538935.1|Staphylococcus aureus OCMM6048||OCMM6048|Generic,GCA_000538935.1,SAMN02381497,,"USA: Irvine, CA",Homo sapiens,blood,,PDT000021346.2,2014-02-04,,16,"blaI,blaPC1,blaR1,dfrG,folP_E208K=POINT,folP_F17L=POINT,fosB,gyrA_S84L=POINT,gyrA_S85P=POINT,mecA,mecR1=PARTIAL,mepA,murA_G257D=POINT,parC_E84V=POINT,parC_S80F=POINT,tet(38)","blaI,blaPC1,blaR1,dfrG,folP_E208K=POINT,folP_F17L=POINT,fosB,gyrA_S84L=POINT,gyrA_S85P=POINT,mecA,mecR1=PARTIAL,murA_G257D=POINT,parC_E84V=POINT,parC_S80F=POINT,tet(38)",19,"aur,hld,hlgA,hlgB,hlgC,icaC,lukD,lukE,sak,sasG=PARTIAL_END_OF_CONTIG,scn,sea,seb,sek,sel26,selX,seq,splA,splB",4.0.23,2025-06-03.1
PDT000021347.2|SAMN02381498|GCA_000538955.1|Staphylococcus aureus OCMM6049||OCMM6049|Generic,GCA_000538955.1,SAMN02381498,,"USA: Irvine, CA",Homo sapiens,blood,,PDT000021347.2,2014-02-04,,21,"aadD1,ant(6)-Ia=MISTRANSLATION,ant(9)-Ia,aph(3')-IIIa,blaI,blaR1,blaZ,bleO,erm(A),fosB,gyrA_S84L=POINT,mecA,mecI,mecR1,mepA,mph(C),msr(A)=PARTIAL,parC_S80F=POINT,parE_D432N=POINT,sat4,tet(38)","aadD1,ant(6)-Ia=MISTRANSLATION,ant(9)-Ia,aph(3')-IIIa,blaI,blaR1,blaZ,bleO,erm(A),fosB,gyrA_S84L=POINT,mecA,mecI,mecR1,mph(C),msr(A)=PARTIAL,parC_S80F=POINT,parE_D432N=POINT,sat4,tet(38)",18,"aur,hld,hlgA,hlgB,hlgC,icaC,lukD,lukE,sak,scn,sei,selX,sem,sen=MISTRANSLATION,seo,sep,splA,splB",4.2.7,2026-01-21.1
PDT000021348.2|SAMN02381499|GCA_000538975.1|Staphylococcus aureus AMMC6070||AMMC6070|Generic,GCA_000538975.1,SAMN02381499,,"USA: Irvine, CA",Homo sapiens,wound,,PDT000021348.2,2014-02-04,,17,"ant(6)-Ia=MISTRANSLATION,aph(3')-IIIa,blaI,blaR1,blaZ,fosB,gyrA_S84L=POINT,mecA,mecR1=PARTIAL,mepA,mph(C),msr(A),murA_G257D=POINT,parC_S80Y=POINT,parE_P451S=POINT,sat4,tet(38)","ant(6)-Ia=MISTRANSLATION,aph(3')-IIIa,blaI,blaR1,blaZ,fosB,gyrA_S84L=POINT,mecA,mecR1=PARTIAL,mph(C),msr(A),murA_G257D=POINT,parC_S80Y=POINT,parE_P451S=POINT,sat4,tet(38)",19,"aur,hld,hlgA,hlgB,hlgC,icaC,lukD,lukE,lukF-PV,lukS-PV,sak,scn,sek,sel26,selX,seq,splA,splB,splE",4.2.7,2026-01-21.1
PDT000021349.2|SAMN02381500|GCA_000538995.1|Staphylococcus aureus AMMC6071||AMMC6071|Generic,GCA_000538995.1,SAMN02381500,,"USA: Irvine, CA",Homo sapiens,sputum,,PDT000021349.2,2014-02-04,,13,"blaI,blaR1,blaZ,fosB,gyrA_S84L=POINT,mecA,mecR1=PARTIAL,mepA,mph(C),msr(A),murA_G257D=POINT,parC_S80Y=POINT,tet(38)","blaI,blaR1,blaZ,fosB,gyrA_S84L=POINT,mecA,mecR1=PARTIAL,mph(C),msr(A),murA_G257D=POINT,parC_S80Y=POINT,tet(38)",19,"aur,hld,hlgA,hlgB,hlgC,icaC,lukD,lukE,lukF-PV,lukS-PV,sak,sasG=PARTIAL,scn,sek,sel26,selX,seq,splA,splB",4.2.7,2026-01-21.1
PDT000021350.2|SAMN02381501|GCA_000539015.1|Staphylococcus aureus AMMC6072||AMMC6072|Generic,GCA_000539015.1,SAMN02381501,,"USA: Irvine, CA",Homo sapiens,blood,,PDT000021350.2,2014-02-04,,17,"ant(6)-Ia=MISTRANSLATION,aph(3')-IIIa,blaI,blaR1,blaZ,fosB,gyrA_S84L=POINT,mecA,mecR1=PARTIAL,mepA,mph(C),msr(A),murA_G257D=POINT,parC_S80Y=POINT,parE_P585S=POINT,sat4,tet(38)","ant(6)-Ia=MISTRANSLATION,aph(3')-IIIa,blaI,blaR1,blaZ,fosB,gyrA_S84L=POINT,mecA,mecR1=PARTIAL,mph(C),msr(A),murA_G257D=POINT,parC_S80Y=POINT,parE_P585S=POINT,sat4,tet(38)",20,"aur,hld,hlgA,hlgB,hlgC,icaC,lukD,lukE,lukF-PV,lukS-PV,sak,sasG=PARTIAL,scn,sek,sel26,selX,seq,splA,splB,splE",4.0.23,2025-06-03.1
PDT000021351.2|SAMN02381503|GCA_000539035.1|Staphylococcus aureus AMMC6074||AMMC6074|Generic,GCA_000539035.1,SAMN02381503,,"USA: Irvine, CA",Homo sapiens,blood,,PDT000021351.2,2014-02-04,,18,"aac(6')-Ie/aph(2'')-Ia,ant(6)-Ia=MISTRANSLATION,ant(9)-Ia,aph(3')-IIIa,bleO,erm(A),fosB,gyrA_S84L=POINT,mecA,mecI,mecR1,mepA,mph(C),msr(A),parC_E84G=POINT,parC_S80F=POINT,sat4,tet(38)","aac(6')-Ie/aph(2'')-Ia,ant(6)-Ia=MISTRANSLATION,ant(9)-Ia,aph(3')-IIIa,bleO,erm(A),fosB,gyrA_S84L=POINT,mecA,mecI,mecR1,mph(C),msr(A),parC_E84G=POINT,parC_S80F=POINT,sat4,tet(38)",18,"aur,hld,hlgA,hlgB,hlgC,icaC,lukD,lukE,sak,scn,sei,selX,sem,sen=MISTRANSLATION,seo,sep,splA,splB",4.0.23,2025-06-03.1
PDT000021352.2|SAMN02381504|GCA_000539055.1|Staphylococcus aureus AMMC6075||AMMC6075|Generic,GCA_000539055.1,SAMN02381504,,"USA: Irvine, CA",Homo sapiens,wound,,PDT000021352.2,2014-02-04,,14,"ant(6)-Ia=MISTRANSLATION,aph(3')-IIIa,blaI,blaR1,blaZ,fosB,mecA,mecR1=PARTIAL,mepA,mph(C),msr(A),murA_G257D=POINT,sat4,tet(38)","ant(6)-Ia=MISTRANSLATION,aph(3')-IIIa,blaI,blaR1,blaZ,fosB,mecA,mecR1=PARTIAL,mph(C),msr(A),murA_G257D=POINT,sat4,tet(38)",18,"aur,hld,hlgA,hlgB,hlgC,icaC,lukD,lukE,lukF-PV,lukS-PV,sak,sasG=PARTIAL,scn,sel26,selX,splA,splB,splE",4.2.7,2026-01-21.1
PDT000021353.2|SAMN02381505|GCA_000539075.1|Staphylococcus aureus MISS6110||MISS6110|Generic,GCA_000539075.1,SAMN02381505,,"USA: Irvine, CA",Homo sapiens,blood,,PDT000021353.2,2014-02-04,,8,"fosB,gyrA_S84L=POINT,mecA,mecR1=PARTIAL,mepA,murA_G257D=POINT,parC_S80Y=POINT,tet(38)","fosB,gyrA_S84L=POINT,mecA,mecR1=PARTIAL,murA_G257D=POINT,parC_S80Y=POINT,tet(38)",20,"aur,hld,hlgA,hlgB,hlgC,icaC,lukD,lukE,lukF-PV,lukS-PV,sak,sasG=PARTIAL,scn,sek,sel26,selX,seq,splA,splB,splE",4.2.7,2026-01-21.1
PDT000021354.2|SAMN02381506|GCA_000539095.1|Staphylococcus aureus LAMC0047||LAMC0047|Generic,GCA_000539095.1,SAMN02381506,,"USA: Irvine, CA",Homo sapiens,blood,,PDT000021354.2,2014-02-04,,18,"aadD1,ant(9)-Ia,blaI,blaR1,blaZ,bleO,erm(A),fosB,gyrA_S84L=POINT,mecA,mecI,mecR1,mepA,mph(C),msr(A),parC_E84G=POINT,parC_S80Y=POINT,tet(38)","aadD1,ant(9)-Ia,blaI,blaR1,blaZ,bleO,erm(A),fosB,gyrA_S84L=POINT,mecA,mecI,mecR1,mph(C),msr(A),parC_E84G=POINT,parC_S80Y=POINT,tet(38)",18,"aur,hld,hlgA,hlgB,hlgC,icaC,lukD,lukE,sak,scn,sei,selX,sem,sen=MISTRANSLATION,seo,seu=PARTIAL,splA,splB",4.2.7,2026-01-21.1
PDT000021355.2|SAMN02381507|GCA_000539115.1|Staphylococcus aureus LAMC0050||LAMC0050|Generic,GCA_000539115.1,SAMN02381507,,"USA: Irvine, CA",Homo sapiens,sputum,,PDT000021355.2,2014-02-04,,11,"blaI,blaR1,blaZ,fosB,gyrA_S84L=POINT,mecA,mecR1=PARTIAL,mepA,murA_G257D=POINT,parC_S80Y=POINT,tet(38)","blaI,blaR1,blaZ,fosB,gyrA_S84L=POINT,mecA,mecR1=PARTIAL,murA_G257D=POINT,parC_S80Y=POINT,tet(38)",20,"aur,hld,hlgA,hlgB,hlgC,icaC,lukD,lukE,lukF-PV,lukS-PV,sak,sasG=PARTIAL,scn,sek,sel26,selX,seq,splA,splB,splE",4.0.23,2025-06-03.1
PDT000021356.2|SAMN02381508|GCA_000539135.1|Staphylococcus aureus UCIM6053||UCIM6053|Generic,GCA_000539135.1,SAMN02381508,,"USA: Irvine, CA",Homo sapiens,sputum,,PDT000021356.2,2014-02-04,,12,"ant(9)-Ia,erm(A),fosB,gyrA_E88K=POINT,gyrA_S84L=POINT,mecA,mecI,mecR1,mepA,parC_E84G=POINT,parC_S80Y=POINT,tet(38)","ant(9)-Ia,erm(A),fosB,gyrA_E88K=POINT,gyrA_S84L=POINT,mecA,mecI,mecR1,parC_E84G=POINT,parC_S80Y=POINT,tet(38)",17,"aur,hld,hlgA,hlgB,hlgC,icaC=PARTIAL,lukE,sak,sasG,scn,sei,selX,sem,sen=MISTRANSLATION,seo,splA,splB",4.0.23,2025-06-03.1
PDT000021357.2|SAMN02381509|GCA_000539155.1|Staphylococcus aureus UCIM6055||UCIM6055|Generic,GCA_000539155.1,SAMN02381509,,"USA: Irvine, CA",Homo sapiens,wound,,PDT000021357.2,2014-02-04,,17,"aadD1,ant(9)-Ia,blaI,blaR1,blaZ,bleO,erm(A),fosB,gyrA_S84L=POINT,gyrA_S85P=POINT,mecA,mecI,mecR1,mepA,parC_E84G=POINT,parC_S80Y=POINT,tet(38)","aadD1,ant(9)-Ia,blaI,blaR1,blaZ,bleO,erm(A),fosB,gyrA_S84L=POINT,gyrA_S85P=POINT,mecA,mecI,mecR1,parC_E84G=POINT,parC_S80Y=POINT,tet(38)",21,"aur,hld,hlgA,hlgB,hlgC,icaC,lukD,lukE,sak,scn,sed=PARTIAL,sei,sej,selX,sem,sen=MISTRANSLATION,seo,ser,seu=PARTIAL,splA,splB",4.2.7,2026-01-21.1
PDT000021358.2|SAMN02381511|GCA_000539175.1|Staphylococcus aureus FVRH6002||FVRH6002|Generic,GCA_000539175.1,SAMN02381511,,"USA: Irvine, CA",Homo sapiens,blood,,PDT000021358.2,2014-02-04,,23,"aac(6')-Ie/aph(2'')-Ia,ant(6)-Ia=PARTIAL,aph(3')-IIIa,blaI,blaPC1,blaR1,dfrG,erm(A),folP_E258EKE=POINT,folP_F17L=POINT,fosB,gyrA_S84L=POINT,mecA,mecI=MISTRANSLATION,mecR1,mepA,murA_G257D=POINT,parC_S80F=POINT,parE_D432N=POINT,sat4,tet(38),tet(K),tet(M)","aac(6')-Ie/aph(2'')-Ia,ant(6)-Ia=PARTIAL,aph(3')-IIIa,blaI,blaPC1,blaR1,dfrG,erm(A),folP_E258EKE=POINT,folP_F17L=POINT,fosB,gyrA_S84L=POINT,mecA,mecI=MISTRANSLATION,mecR1,murA_G257D=POINT,parC_S80F=POINT,parE_D432N=POINT,sat4,tet(38),tet(K),tet(M)",19,"aur,hld,hlgA,hlgB,hlgC,icaC=PARTIAL,lukD,lukE,sak,sasG=MISTRANSLATION,scn,sea,sek,sel26,selX,seq,splA,splB,splE",4.2.7,2026-01-21.1
PDT000021359.2|SAMN02381512|GCA_000539195.1|Staphylococcus aureus SMMC6097||SMMC6097|Generic,GCA_000539195.1,SAMN02381512,,"USA: Irvine, CA",Homo sapiens,wound,,PDT000021359.2,2014-02-04,,17,"aadD1,ant(9)-Ia,blaI,blaR1,blaZ,bleO,erm(A),fosB,gyrA_E88G=POINT,gyrA_S84L=POINT,mecA,mecI,mecR1,mepA,parC_E84G=POINT,parC_S80Y=POINT,tet(38)","aadD1,ant(9)-Ia,blaI,blaR1,blaZ,bleO,erm(A),fosB,gyrA_E88G=POINT,gyrA_S84L=POINT,mecA,mecI,mecR1,parC_E84G=POINT,parC_S80Y=POINT,tet(38)",21,"aur,hld,hlgA,hlgB,hlgC,icaC,lukD,lukE,sak,scn,sed,sei,sej,selX,sem,sen=MISTRANSLATION,seo,ser,seu=PARTIAL,splA,splB",4.2.7,2026-01-21.1
PDT000021360.2|SAMN02381513|GCA_000539215.1|Staphylococcus aureus AGEN6033||AGEN6033|Generic,GCA_000539215.1,SAMN02381513,,"USA: Irvine, CA",Homo sapiens,blood,,PDT000021360.2,2014-02-04,,18,"aac(6')-Ie/aph(2'')-Ia,aadD1,ant(9)-Ia,blaI,blaR1,blaZ,bleO,erm(A),fosB,fosY,gyrA_S84L=POINT,mecA,mecI,mecR1,mepA,parC_E84K=POINT,parC_S80F=POINT,tet(38)","aac(6')-Ie/aph(2'')-Ia,aadD1,ant(9)-Ia,blaI,blaR1,blaZ,bleO,erm(A),fosB,fosY,gyrA_S84L=POINT,mecA,mecI,mecR1,parC_E84K=POINT,parC_S80F=POINT,tet(38)",18,"aur,hld,hlgA,hlgB,hlgC,icaC,lukD,lukE,sak,scn,sei,selX,sem=PARTIAL,sen=MISTRANSLATION,seo,sep,splA,splB",4.0.23,2025-06-03.1
PDT000021361.2|SAMN02381514|GCA_000539235.1|Staphylococcus aureus LAMC6065||LAMC6065|Generic,GCA_000539235.1,SAMN02381514,,"USA: Irvine, CA",Homo sapiens,blood,,PDT000021361.2,2014-02-04,,10,"ant(9)-Ia=PARTIAL,blaI,blaR1,blaZ,erm(A),mecA,mecR1=PARTIAL,mepA=MISTRANSLATION,parC_S80Y=POINT,tet(38)","ant(9)-Ia=PARTIAL,blaI,blaR1,blaZ,erm(A),mecA,mecR1=PARTIAL,parC_S80Y=POINT,tet(38)",18,"aur,cna=PARTIAL_END_OF_CONTIG,hld,hlgA,hlgB,hlgC,icaC,lukD,lukE,sec2,sed=PARTIAL,seh,sej,sel,ser,splA,splB,splE",4.0.23,2025-06-03.1
PDT000021362.2|SAMN02381515|GCA_000539255.1|Staphylococcus aureus HOAG6084||HOAG6084|Generic,GCA_000539255.1,SAMN02381515,,"USA: Irvine, CA",Homo sapiens,blood,,PDT000021362.2,2014-02-04,,10,"aac(6')-Ie/aph(2'')-Ia,dfrS1,fosB,gyrA_S84L=POINT,mecA,mecR1=PARTIAL,mepA,murA_G257D=POINT,parC_S80Y=POINT,tet(38)","aac(6')-Ie/aph(2'')-Ia,dfrS1,fosB,gyrA_S84L=POINT,mecA,mecR1=PARTIAL,murA_G257D=POINT,parC_S80Y=POINT,tet(38)",20,"aur,hld,hlgA,hlgB,hlgC,icaC,lukD,lukE,lukF-PV,lukS-PV,sak,sasG=PARTIAL,scn,sek,sel26,selX,seq,splA,splB,splE",4.2.7,2026-01-21.1
PDT000021363.2|SAMN02381516|GCA_000539275.1|Staphylococcus aureus OCMM6052||OCMM6052|Generic,GCA_000539275.1,SAMN02381516,,"USA: Irvine, CA",Homo sapiens,wound,,PDT000021363.2,2014-02-04,,21,"aadD1,ant(6)-Ia=MISTRANSLATION,ant(9)-Ia,aph(3')-IIIa,blaI,blaR1,bleO,erm(A),fosB,gyrA_S84L=POINT,mecA,mecI,mecR1,mepA,mph(C),msr(A)=PARTIAL,mupA,parC_S80F=POINT,parE_D432N=POINT,sat4,tet(38)","aadD1,ant(6)-Ia=MISTRANSLATION,ant(9)-Ia,aph(3')-IIIa,blaI,blaR1,bleO,erm(A),fosB,gyrA_S84L=POINT,mecA,mecI,mecR1,mph(C),msr(A)=PARTIAL,mupA,parC_S80F=POINT,parE_D432N=POINT,sat4,tet(38)",19,"aur,hld,hlgA,hlgB,hlgC,icaC,lukD,lukE,sak,sasG=PARTIAL_END_OF_CONTIG,scn,sei,selX,sem,sen=MISTRANSLATION,seo,sep,splA,splB",4.2.7,2026-01-21.1
PDT000021364.2|SAMN02381517|GCA_000539295.1|Staphylococcus aureus SJOS6003||SJOS6003|Generic,GCA_000539295.1,SAMN02381517,,"USA: Irvine, CA",Homo sapiens,,,PDT000021364.2,2014-02-04,,16,"aadD1,ant(9)-Ia,blaI,blaR1,blaZ,bleO,erm(A),fosB,gyrA_S84L=POINT,mecA,mecI,mecR1,mepA,parC_S80F=POINT,parE_D432V=POINT,tet(38)","aadD1,ant(9)-Ia,blaI,blaR1,blaZ,bleO,erm(A),fosB,gyrA_S84L=POINT,mecA,mecI,mecR1,parC_S80F=POINT,parE_D432V=POINT,tet(38)",22,"aur,hld,hlgA,hlgB,hlgC,icaC,lukD,lukE,sak,sasG=PARTIAL_END_OF_CONTIG,scn,sed,sei,sej,selX,sem,sen=MISTRANSLATION,seo,sep,ser,splA,splB",4.2.7,2026-01-21.1
PDT000021365.2|SAMN02381518|GCA_000539315.1|Staphylococcus aureus SJOS6002||SJOS6002|Generic,GCA_000539315.1,SAMN02381518,,"USA: Irvine, CA",Homo sapiens,,,PDT000021365.2,2014-02-04,,18,"aadD1,ant(9)-Ia,blaI,blaZ,bleO,erm(A),fosB,gyrA_S84L=POINT,gyrA_S85P=POINT,mecA,mecI,mecR1,mepA,mph(C),parC_E84G=POINT,parC_S80Y=POINT,sat4,tet(38)","aadD1,ant(9)-Ia,blaI,blaZ,bleO,erm(A),fosB,gyrA_S84L=POINT,gyrA_S85P=POINT,mecA,mecI,mecR1,mph(C),parC_E84G=POINT,parC_S80Y=POINT,sat4,tet(38)",22,"aur,hld,hlgA,hlgB,hlgC,icaC,lukD,lukE,sak,scn,sed,sei,sej,selX,sem,sen=MISTRANSLATION,seo,sep,ser,seu=PARTIAL,splA,splB",4.0.23,2025-06-03.1
PDT000021366.2|SAMN02381519|GCA_000539335.1|Staphylococcus aureus SJOS6001||SJOS6001|Generic,GCA_000539335.1,SAMN02381519,,"USA: Irvine, CA",Homo sapiens,,,PDT000021366.2,2014-02-04,,16,"ant(6)-Ia=PARTIAL,aph(3')-IIIa,blaI,blaR1,blaZ,fosB,gyrA_S84L=POINT,mecA,mecR1=PARTIAL,mepA,mph(C),msr(A),murA_G257D=POINT,parC_S80Y=POINT,tet(38),tet(K)","ant(6)-Ia=PARTIAL,aph(3')-IIIa,blaI,blaR1,blaZ,fosB,gyrA_S84L=POINT,mecA,mecR1=PARTIAL,mph(C),msr(A),murA_G257D=POINT,parC_S80Y=POINT,tet(38),tet(K)",20,"aur,hld,hlgA,hlgB,hlgC,icaC,lukD,lukE,lukF-PV,lukS-PV,sak,sasG=PARTIAL,scn,sek,sel26,selX,seq,splA,splB,splE",4.0.23,2025-06-03.1
PDT000021367.2|SAMN02381520|GCA_000539355.1|Staphylococcus aureus SJOS6004||SJOS6004|Generic,GCA_000539355.1,SAMN02381520,,"USA: Irvine, CA",Homo sapiens,,,PDT000021367.2,2014-02-04,,15,"aph(3')-IIIa,blaI,blaR1=MISTRANSLATION,blaZ,fosB,gyrA_S84L=POINT,mecA,mecR1=PARTIAL,mepA,mph(C),msr(A),parC_E84K=POINT,parC_S80Y=POINT,sat4,tet(38)","aph(3')-IIIa,blaI,blaR1=MISTRANSLATION,blaZ,fosB,gyrA_S84L=POINT,mecA,mecR1=PARTIAL,mph(C),msr(A),parC_E84K=POINT,parC_S80Y=POINT,sat4,tet(38)",18,"aur,hld,hlgA,hlgB,hlgC,icaC,lukD,lukE,sak,scn,sei,selX,sem,sen=MISTRANSLATION,seo,seu=PARTIAL,splA,splB",4.0.23,2025-06-03.1
PDT000021368.2|SAMN02381521|GCA_000539375.1|Staphylococcus aureus HOAG6005||HOAG6005|Generic,GCA_000539375.1,SAMN02381521,,"USA: Irvine, CA",Homo sapiens,,,PDT000021368.2,2014-02-04,,17,"aadD1,ant(9)-Ia,blaI,blaR1,blaZ,bleO,erm(A),fosB,gyrA_E88K=POINT,gyrA_S84L=POINT,mecA,mecI,mecR1,mepA,parC_E84G=POINT,parC_S80Y=POINT,tet(38)","aadD1,ant(9)-Ia,blaI,blaR1,blaZ,bleO,erm(A),fosB,gyrA_E88K=POINT,gyrA_S84L=POINT,mecA,mecI,mecR1,parC_E84G=POINT,parC_S80Y=POINT,tet(38)",22,"aur,hld,hlgA,hlgB,hlgC,icaC,lukD,lukE,sak,sasG=PARTIAL_END_OF_CONTIG,scn,sed=PARTIAL,sei,sej,selX,sem,sen=MISTRANSLATION,seo,ser,seu=PARTIAL,splA,splB",4.2.7,2026-01-21.1
PDT000021369.2|SAMN02381522|GCA_000539395.1|Staphylococcus aureus AMMC6002||AMMC6002|Generic,GCA_000539395.1,SAMN02381522,,"USA: Irvine, CA",Homo sapiens,,,PDT000021369.2,2014-02-04,,16,"ant(6)-Ia=MISTRANSLATION,aph(3')-IIIa,blaI,blaR1,blaZ,fosB,gyrA_S84L=POINT,mecA,mecR1=PARTIAL,mepA,mph(C),msr(A),murA_G257D=POINT,parC_S80Y=POINT,sat4,tet(38)","ant(6)-Ia=MISTRANSLATION,aph(3')-IIIa,blaI,blaR1,blaZ,fosB,gyrA_S84L=POINT,mecA,mecR1=PARTIAL,mph(C),msr(A),murA_G257D=POINT,parC_S80Y=POINT,sat4,tet(38)",20,"aur,hld,hlgA,hlgB,hlgC,icaC,lukD,lukE,lukF-PV,lukS-PV,sak,sasG=PARTIAL,scn,sek,sel26,selX,seq,splA,splB,splE",4.2.7,2026-01-21.1
PDT000021370.2|SAMN02381523|GCA_000539415.1|Staphylococcus aureus AMMC6003||AMMC6003|Generic,GCA_000539415.1,SAMN02381523,,"USA: Irvine, CA",Homo sapiens,,,PDT000021370.2,2014-02-04,,17,"ant(6)-Ia=MISTRANSLATION,aph(3')-IIIa,blaI,blaR1,blaZ,fosB,gyrA_S84L=POINT,mecA,mecR1=PARTIAL,mepA,mph(C),msr(A),murA_G257D=POINT,parC_S80Y=POINT,rpsJ_Y58D=POINT,sat4,tet(38)","ant(6)-Ia=MISTRANSLATION,aph(3')-IIIa,blaI,blaR1,blaZ,fosB,gyrA_S84L=POINT,mecA,mecR1=PARTIAL,mph(C),msr(A),murA_G257D=POINT,parC_S80Y=POINT,rpsJ_Y58D=POINT,sat4,tet(38)",20,"aur,hld,hlgA,hlgB,hlgC,icaC,lukD,lukE,lukF-PV,lukS-PV,sak,sasG=PARTIAL,scn,sek,sel26,selX,seq,splA,splB,splE",4.0.23,2025-06-03.1
PDT000021371.2|SAMN02381524|GCA_000539435.1|Staphylococcus aureus AMMC6007||AMMC6007|Generic,GCA_000539435.1,SAMN02381524,,"USA: Irvine, CA",Homo sapiens,,,PDT000021371.2,2014-02-04,,20,"aadD1,ant(6)-Ia=MISTRANSLATION,ant(9)-Ia,aph(3')-IIIa,blaI,blaR1=PARTIAL_END_OF_CONTIG,bleO,erm(A),fosB,gyrA_S84L=POINT,mecA,mecI,mecR1,mepA,mph(C),msr(A)=PARTIAL,parC_S80F=POINT,parE_D432N=POINT,sat4,tet(38)","aadD1,ant(6)-Ia=MISTRANSLATION,ant(9)-Ia,aph(3')-IIIa,blaI,blaR1=PARTIAL_END_OF_CONTIG,bleO,erm(A),fosB,gyrA_S84L=POINT,mecA,mecI,mecR1,mph(C),msr(A)=PARTIAL,parC_S80F=POINT,parE_D432N=POINT,sat4,tet(38)",18,"aur,hld,hlgA,hlgB,hlgC,icaC,lukD,lukE,sak,scn,sei,selX,sem,sen=MISTRANSLATION,seo,sep,splA,splB",4.0.23,2025-06-03.1
PDT000021372.2|SAMN02381525|GCA_000539455.1|Staphylococcus aureus AMMC6011||AMMC6011|Generic,GCA_000539455.1,SAMN02381525,,"USA: Irvine, CA",Homo sapiens,,,PDT000021372.2,2014-02-04,,16,"ant(6)-Ia=MISTRANSLATION,aph(3')-IIIa,blaI,blaR1,blaZ,fosB,gyrA_S84L=POINT,mecA,mecR1=PARTIAL,mepA,mph(C),msr(A),murA_G257D=POINT,parC_S80Y=POINT,sat4,tet(38)","ant(6)-Ia=MISTRANSLATION,aph(3')-IIIa,blaI,blaR1,blaZ,fosB,gyrA_S84L=POINT,mecA,mecR1=PARTIAL,mph(C),msr(A),murA_G257D=POINT,parC_S80Y=POINT,sat4,tet(38)",20,"aur,hld,hlgA,hlgB,hlgC,icaC,lukD,lukE,lukF-PV,lukS-PV,sak,sasG=PARTIAL,scn,sek,sel26,selX,seq,splA,splB,splE",4.0.23,2025-06-03.1
PDT000021373.2|SAMN02381526|GCA_000539475.1|Staphylococcus aureus AMMC6008||AMMC6008|Generic,GCA_000539475.1,SAMN02381526,,"USA: Irvine, CA",Homo sapiens,,,PDT000021373.2,2014-02-04,,16,"ant(6)-Ia=MISTRANSLATION,aph(3')-IIIa,blaI,blaR1,blaZ,fosB,gyrA_S84L=POINT,mecA,mecR1=PARTIAL,mepA,mph(C),msr(A),murA_G257D=POINT,parC_S80Y=POINT,sat4,tet(38)","ant(6)-Ia=MISTRANSLATION,aph(3')-IIIa,blaI,blaR1,blaZ,fosB,gyrA_S84L=POINT,mecA,mecR1=PARTIAL,mph(C),msr(A),murA_G257D=POINT,parC_S80Y=POINT,sat4,tet(38)",20,"aur,hld,hlgA,hlgB,hlgC,icaC,lukD,lukE,lukF-PV,lukS-PV,sak,sasG=PARTIAL,scn,sek,sel26,selX,seq,splA,splB,splE",4.2.7,2026-01-21.1
PDT000021374.2|SAMN02381527|GCA_000539495.1|Staphylococcus aureus SJOS6016||SJOS6016|Generic,GCA_000539495.1,SAMN02381527,,"USA: Irvine, CA",Homo sapiens,,,PDT000021374.2,2014-02-04,,15,"aac(6')-Ie/aph(2'')-Ia,aadD1,ant(9)-Ia,bleO,erm(A),fosB,gyrA_S84L=POINT,mecA,mecI,mecR1,mepA,parC_E84G=POINT,parC_S80Y=POINT,tet(38),tet(K)","aac(6')-Ie/aph(2'')-Ia,aadD1,ant(9)-Ia,bleO,erm(A),fosB,gyrA_S84L=POINT,mecA,mecI,mecR1,parC_E84G=POINT,parC_S80Y=POINT,tet(38),tet(K)",18,"aur,hld,hlgA,hlgB,hlgC,icaC,lukD,lukE,sak,sasG=PARTIAL_END_OF_CONTIG,sei,selX,sem,sen=MISTRANSLATION,seo,seu=PARTIAL,splA,splB",4.2.7,2026-01-21.1
PDT000021375.2|SAMN02381528|GCA_000539515.1|Staphylococcus aureus LAMC0001||LAMC0001|Generic,GCA_000539515.1,SAMN02381528,,"USA: Irvine, CA",Homo sapiens,,,PDT000021375.2,2014-02-04,,17,"ant(6)-Ia=MISTRANSLATION,aph(3')-IIIa,blaI,blaR1,blaZ,fosB,gyrA_S84L=POINT,mecA,mecR1=PARTIAL,mepA,mph(C),msr(A),murA_G257D=POINT,parC_E84G=POINT,parC_S80Y=POINT,sat4,tet(38)","ant(6)-Ia=MISTRANSLATION,aph(3')-IIIa,blaI,blaR1,blaZ,fosB,gyrA_S84L=POINT,mecA,mecR1=PARTIAL,mph(C),msr(A),murA_G257D=POINT,parC_E84G=POINT,parC_S80Y=POINT,sat4,tet(38)",20,"aur,hld,hlgA,hlgB,hlgC,icaC,lukD,lukE,lukF-PV,lukS-PV,sak,sasG=PARTIAL,scn,sek,sel26,selX,seq,splA,splB,splE",4.0.23,2025-06-03.1
PDT000021376.2|SAMN02381529|GCA_000539535.1|Staphylococcus aureus SMMC6034||SMMC6034|Generic,GCA_000539535.1,SAMN02381529,,"USA: Irvine, CA",Homo sapiens,,,PDT000021376.2,2014-02-04,,16,"aadD1,ant(9)-Ia,blaI,blaR1,blaZ,bleO,erm(A),fosB,gyrA_S84L=POINT,mecA,mecI,mecR1,mepA,parC_E84G=POINT,parC_S80Y=POINT,tet(38)","aadD1,ant(9)-Ia,blaI,blaR1,blaZ,bleO,erm(A),fosB,gyrA_S84L=POINT,mecA,mecI,mecR1,parC_E84G=POINT,parC_S80Y=POINT,tet(38)",21,"aur,hld,hlgA,hlgB,hlgC,icaC,lukD,lukE,sak,scn,sed,sei,sej,selX,sem,sen=MISTRANSLATION,seo,ser,seu=PARTIAL,splA,splB",4.0.23,2025-06-03.1
PDT000021377.2|SAMN02381530|GCA_000539555.1|Staphylococcus aureus SMMC6037||SMMC6037|Generic,GCA_000539555.1,SAMN02381530,,"USA: Irvine, CA",Homo sapiens,,,PDT000021377.2,2014-02-04,,16,"aadD1,ant(9)-Ia,blaI,blaR1,blaZ,bleO,erm(A),fosB,gyrA_S84L=POINT,mecA,mecI,mecR1,mepA,parC_E84G=POINT,parC_S80Y=POINT,tet(38)","aadD1,ant(9)-Ia,blaI,blaR1,blaZ,bleO,erm(A),fosB,gyrA_S84L=POINT,mecA,mecI,mecR1,parC_E84G=POINT,parC_S80Y=POINT,tet(38)",22,"aur,hld,hlgA,hlgB,hlgC,icaC,lukD,lukE,sak,sasG,scn,sed=PARTIAL,sei,sej,selX,sem,sen=MISTRANSLATION,seo,ser,seu=PARTIAL,splA,splB",4.0.23,2025-06-03.1
PDT000021378.2|SAMN02381531|GCA_000539575.1|Staphylococcus aureus SMMC6038||SMMC6038|Generic,GCA_000539575.1,SAMN02381531,,"USA: Irvine, CA",Homo sapiens,,,PDT000021378.2,2014-02-04,,17,"aadD1,ant(9)-Ia,blaI,blaR1,blaZ,bleO,erm(A),fosB,gyrA_E88K=POINT,gyrA_S84L=POINT,mecA,mecI,mecR1,mepA,parC_E84G=POINT,parC_S80Y=POINT,tet(38)","aadD1,ant(9)-Ia,blaI,blaR1,blaZ,bleO,erm(A),fosB,gyrA_E88K=POINT,gyrA_S84L=POINT,mecA,mecI,mecR1,parC_E84G=POINT,parC_S80Y=POINT,tet(38)",19,"aur,hld,hlgA,hlgB,hlgC,icaC,lukE,sak,scn,sei,sej,selX,sem,sen=MISTRANSLATION,seo,ser,seu=PARTIAL,splA,splB",4.2.7,2026-01-21.1
PDT000021379.2|SAMN02381532|GCA_000539595.1|Staphylococcus aureus SCLE6003||SCLE6003|Generic,GCA_000539595.1,SAMN02381532,,"USA: Irvine, CA",Homo sapiens,,,PDT000021379.2,2014-02-04,,10,"ant(9)-Ia,erm(A),fosB,gyrA_S84L=POINT,mecA,mecI,mecR1,mepA,parC_S80F=POINT,tet(38)","ant(9)-Ia,erm(A),fosB,gyrA_S84L=POINT,mecA,mecI,mecR1,parC_S80F=POINT,tet(38)",19,"aur,hld,hlgA,hlgB,hlgC,icaC,lukD,lukE,sak,scn,sei,selX,sem,sen=MISTRANSLATION,seo,sep,seu=PARTIAL,splA,splB",4.2.7,2026-01-21.1
PDT000021380.2|SAMN02381533|GCA_000539615.1|Staphylococcus aureus SJUD6014||SJUD6014|Generic,GCA_000539615.1,SAMN02381533,,"USA: Irvine, CA",Homo sapiens,,,PDT000021380.2,2014-02-04,,23,"ant(6)-Ia=MISTRANSLATION,ant(9)-Ia,aph(2'')-Ia=HMM,aph(3')-IIIa,blaI,blaR1=MISTRANSLATION,blaZ,bleO,erm(A),fosB,gyrA_S84L=POINT,lnu(A),mecA,mecI,mecR1,mepA,mph(C),msr(A)=PARTIAL,mupA,parC_S80F=POINT,parE_D432N=POINT,sat4,tet(38)","ant(6)-Ia=MISTRANSLATION,ant(9)-Ia,aph(2'')-Ia=HMM,aph(3')-IIIa,blaI,blaR1=MISTRANSLATION,blaZ,bleO,erm(A),fosB,gyrA_S84L=POINT,lnu(A),mecA,mecI,mecR1,mph(C),msr(A)=PARTIAL,mupA,parC_S80F=POINT,parE_D432N=POINT,sat4,tet(38)",18,"aur,hld,hlgA,hlgB,hlgC,icaC,lukD,lukE,sak,scn,sei,selX,sem,sen=MISTRANSLATION,seo,sep,splA,splB",4.0.23,2025-06-03.1
PDT000021381.2|SAMN02381534|GCA_000539635.1|Staphylococcus aureus SJUD6010||SJUD6010|Generic,GCA_000539635.1,SAMN02381534,,"USA: Irvine, CA",Homo sapiens,,,PDT000021381.2,2014-02-04,,16,"aadD1,ant(9)-Ia,blaI,blaR1,blaZ,bleO,erm(A),fosB,gyrA_S84L=POINT,mecA,mecI,mecR1,mepA,parC_E84G=POINT,parC_S80Y=POINT,tet(38)","aadD1,ant(9)-Ia,blaI,blaR1,blaZ,bleO,erm(A),fosB,gyrA_S84L=POINT,mecA,mecI,mecR1,parC_E84G=POINT,parC_S80Y=POINT,tet(38)",21,"aur,hld,hlgA,hlgB,hlgC,icaC,lukE,sak,sasG=PARTIAL,scn,sed=PARTIAL,sei,sej,selX,sem,sen=MISTRANSLATION,seo,ser,seu=PARTIAL,splA,splB",4.0.23,2025-06-03.1
PDT000021382.2|SAMN02381535|GCA_000539655.1|Staphylococcus aureus SJUD6015||SJUD6015|Generic,GCA_000539655.1,SAMN02381535,,"USA: Irvine, CA",Homo sapiens,,,PDT000021382.2,2014-02-04,,15,"aadD1,blaI,blaR1=PARTIAL_END_OF_CONTIG,blaZ,fosB,gyrA_S84L=POINT,mecA,mecR1=PARTIAL,mepA,mupA,murA_G257D=POINT,parC_S80Y=POINT,parE_P585S=POINT,sat4,tet(38)","aadD1,blaI,blaR1=PARTIAL_END_OF_CONTIG,blaZ,fosB,gyrA_S84L=POINT,mecA,mecR1=PARTIAL,mupA,murA_G257D=POINT,parC_S80Y=POINT,parE_P585S=POINT,sat4,tet(38)",20,"aur,hld,hlgA,hlgB,hlgC,icaC,lukD,lukE,lukF-PV,lukS-PV,sak,sasG=PARTIAL,scn,sek,sel26,selX,seq,splA,splB,splE",4.0.23,2025-06-03.1
PDT000021383.2|SAMN02381536|GCA_000539675.1|Staphylococcus aureus SJUD6018||SJUD6018|Generic,GCA_000539675.1,SAMN02381536,,"USA: Irvine, CA",Homo sapiens,,,PDT000021383.2,2014-02-04,,18,"aadD1,ant(9)-Ia,blaI,blaR1,blaZ,bleO,erm(A),fosB,gyrA_E88K=POINT,gyrA_S84L=POINT,mecA,mecI,mecR1,mepA,parC_E84G=POINT,parC_S80Y=POINT,sat4,tet(38)","aadD1,ant(9)-Ia,blaI,blaR1,blaZ,bleO,erm(A),fosB,gyrA_E88K=POINT,gyrA_S84L=POINT,mecA,mecI,mecR1,parC_E84G=POINT,parC_S80Y=POINT,sat4,tet(38)",21,"aur,hld,hlgA,hlgB,hlgC,icaC,lukD,lukE,sak,scn,sed,sei,sej,selX,sem,sen=MISTRANSLATION,seo,ser,seu=PARTIAL,splA,splB",4.2.7,2026-01-21.1
PDT000021384.2|SAMN02381537|GCA_000539695.1|Staphylococcus aureus OCMM6003||OCMM6003|Generic,GCA_000539695.1,SAMN02381537,,"USA: Irvine, CA",Homo sapiens,,,PDT000021384.2,2014-02-04,,17,"aadD1,ant(9)-Ia,blaI=PARTIAL_END_OF_CONTIG,blaR1=PARTIAL_END_OF_CONTIG,blaZ,bleO,erm(A),fosB,gyrA_S84L=POINT,ileS_V588F=POINT,mecA,mecI,mecR1,mepA,parC_E84G=POINT,parC_S80Y=POINT,tet(38)","aadD1,ant(9)-Ia,blaI=PARTIAL_END_OF_CONTIG,blaR1=PARTIAL_END_OF_CONTIG,blaZ,bleO,erm(A),fosB,gyrA_S84L=POINT,ileS_V588F=POINT,mecA,mecI,mecR1,parC_E84G=POINT,parC_S80Y=POINT,tet(38)",22,"aur,hld,hlgA,hlgB,hlgC,icaC,lukD,lukE,sak,scn,sed,sei,sej,selX,sem,sen=MISTRANSLATION,seo,sep,ser,seu=PARTIAL,splA,splB",4.0.23,2025-06-03.1
PDT000021385.2|SAMN02381538|GCA_000539715.1|Staphylococcus aureus OCMM6002||OCMM6002|Generic,GCA_000539715.1,SAMN02381538,,"USA: Irvine, CA",Homo sapiens,,,PDT000021385.2,2014-02-04,,21,"aadD1,ant(6)-Ia=MISTRANSLATION,ant(9)-Ia,aph(3')-IIIa,blaI,blaR1,blaZ,bleO,erm(A),fosB,gyrA_S84L=POINT,mecA,mecI,mecR1,mepA,mph(C),msr(A)=PARTIAL,parC_S80F=POINT,parE_D432N=POINT,sat4,tet(38)","aadD1,ant(6)-Ia=MISTRANSLATION,ant(9)-Ia,aph(3')-IIIa,blaI,blaR1,blaZ,bleO,erm(A),fosB,gyrA_S84L=POINT,mecA,mecI,mecR1,mph(C),msr(A)=PARTIAL,parC_S80F=POINT,parE_D432N=POINT,sat4,tet(38)",19,"aur,hld,hlgA,hlgB,hlgC,icaC,lukD,lukE,sak,sasG,scn,sei,selX,sem,sen=MISTRANSLATION,seo,sep,splA,splB",4.0.23,2025-06-03.1
PDT000021386.2|SAMN02381539|GCA_000539735.1|Staphylococcus aureus HOAG6017||HOAG6017|Generic,GCA_000539735.1,SAMN02381539,,"USA: Irvine, CA",Homo sapiens,,,PDT000021386.2,2014-02-04,,17,"ant(6)-Ia=MISTRANSLATION,aph(3')-IIIa,blaI,blaR1,blaZ,fosB,gyrA_S84L=POINT,mecA,mecR1=PARTIAL,mepA,mph(C),msr(A),murA_G257D=POINT,parC_S80Y=POINT,rpsJ_Y58D=POINT,sat4,tet(38)","ant(6)-Ia=MISTRANSLATION,aph(3')-IIIa,blaI,blaR1,blaZ,fosB,gyrA_S84L=POINT,mecA,mecR1=PARTIAL,mph(C),msr(A),murA_G257D=POINT,parC_S80Y=POINT,rpsJ_Y58D=POINT,sat4,tet(38)",20,"aur,hld,hlgA,hlgB,hlgC,icaC,lukD,lukE,lukF-PV,lukS-PV,sak,sasG=PARTIAL,scn,sek,sel26,selX,seq,splA,splB,splE",4.0.23,2025-06-03.1
PDT000021387.2|SAMN02381540|GCA_000539755.1|Staphylococcus aureus LAMC0010||LAMC0010|Generic,GCA_000539755.1,SAMN02381540,,"USA: Irvine, CA",Homo sapiens,,,PDT000021387.2,2014-02-04,,20,"aadD1,ant(9)-Ia,aph(3')-IIIa=PARTIAL_END_OF_CONTIG,blaI,blaR1,bleO,erm(A),fosB,gyrA_E88G=POINT,gyrA_S84L=POINT,mecA,mecI,mecR1,mepA,mph(C),msr(A),parC_E84G=POINT,parC_S80Y=POINT,sat4,tet(38)","aadD1,ant(9)-Ia,aph(3')-IIIa=PARTIAL_END_OF_CONTIG,blaI,blaR1,bleO,erm(A),fosB,gyrA_E88G=POINT,gyrA_S84L=POINT,mecA,mecI,mecR1,mph(C),msr(A),parC_E84G=POINT,parC_S80Y=POINT,sat4,tet(38)",21,"aur,hld,hlgA,hlgB,hlgC,icaC,lukD,lukE,sak,scn,sed,sei,sej,selX,sem,sen=MISTRANSLATION,seo,ser,seu=PARTIAL,splA,splB",4.0.23,2025-06-03.1
PDT000021388.2|SAMN02381541|GCA_000539775.1|Staphylococcus aureus LAMC0011||LAMC0011|Generic,GCA_000539775.1,SAMN02381541,,"USA: Irvine, CA",Homo sapiens,,,PDT000021388.2,2014-02-04,,21,"aac(6')-Ie/aph(2'')-Ia,ant(6)-Ia=PARTIAL,ant(9)-Ia,aph(3')-IIIa,dfrG,erm(A),folP_E258EKE=POINT,folP_F17L=POINT,fosB,gyrA_S84L=POINT,mecA,mecI=MISTRANSLATION,mecR1,mepA,msr(A)=PARTIAL_END_OF_CONTIG,murA_G257D=POINT,parC_S80F=POINT,parE_D432N=POINT,tet(38),tet(K),tet(M)","aac(6')-Ie/aph(2'')-Ia,ant(6)-Ia=PARTIAL,ant(9)-Ia,aph(3')-IIIa,dfrG,erm(A),folP_E258EKE=POINT,folP_F17L=POINT,fosB,gyrA_S84L=POINT,mecA,mecI=MISTRANSLATION,mecR1,msr(A)=PARTIAL_END_OF_CONTIG,murA_G257D=POINT,parC_S80F=POINT,parE_D432N=POINT,tet(38),tet(K),tet(M)",19,"aur,hld,hlgA,hlgB,hlgC,icaC=PARTIAL,lukD,lukE,sak,sasG=PARTIAL,scn,sea,sek,sel26,selX,seq,splA,splB,splE",4.2.7,2026-01-21.1
PDT000021389.2|SAMN02381542|GCA_000539795.1|Staphylococcus aureus LAMC0013||LAMC0013|Generic,GCA_000539795.1,SAMN02381542,,"USA: Irvine, CA",Homo sapiens,,,PDT000021389.2,2014-02-04,,13,"aadD1,blaI,blaR1,blaZ,fosB,gyrA_S84L=POINT,mecA,mecR1=PARTIAL,mepA,mupA,murA_G257D=POINT,parC_S80Y=POINT,tet(38)","aadD1,blaI,blaR1,blaZ,fosB,gyrA_S84L=POINT,mecA,mecR1=PARTIAL,mupA,murA_G257D=POINT,parC_S80Y=POINT,tet(38)",18,"aur,hld,hlgA,hlgB,hlgC,icaC,lukD,lukE,lukF-PV,lukS-PV,sak,scn,sek,sel26,selX,seq,splA,splB",4.0.23,2025-06-03.1
PDT000021390.2|SAMN02381545|GCA_000539815.1|Staphylococcus aureus AMMC6015||AMMC6015|Generic,GCA_000539815.1,SAMN02381545,,"USA: Irvine, CA",Homo sapiens,,,PDT000021390.2,2014-02-04,,16,"aadD1,ant(6)-Ia=MISTRANSLATION,aph(3')-IIIa,fosB,gyrA_S84L=POINT,mecA,mecR1=PARTIAL,mepA,mph(C),msr(A),mupA,murA_G257D=POINT,parC_S80Y=POINT,parE_P585S=POINT,sat4,tet(38)","aadD1,ant(6)-Ia=MISTRANSLATION,aph(3')-IIIa,fosB,gyrA_S84L=POINT,mecA,mecR1=PARTIAL,mph(C),msr(A),mupA,murA_G257D=POINT,parC_S80Y=POINT,parE_P585S=POINT,sat4,tet(38)",17,"aur,hld,hlgA,hlgB,hlgC,icaC,lukD,lukE,lukF-PV,lukS-PV,sak,scn,sel26,selX,splA,splB,splE",4.0.23,2025-06-03.1
PDT000021391.2|SAMN02381546|GCA_000539835.1|Staphylococcus aureus AMMC6014||AMMC6014|Generic,GCA_000539835.1,SAMN02381546,,"USA: Irvine, CA",Homo sapiens,,,PDT000021391.2,2014-02-04,,22,"aadD1,ant(6)-Ia=MISTRANSLATION,ant(9)-Ia,aph(3')-IIIa,blaI,blaR1=MISTRANSLATION,blaZ,bleO,erm(A),fosB,gyrA_S84L=POINT,gyrA_S85P=POINT,mecA,mecI,mecR1,mepA,mph(C),msr(A),parC_E84G=POINT,parC_S80Y=POINT,sat4,tet(38)","aadD1,ant(6)-Ia=MISTRANSLATION,ant(9)-Ia,aph(3')-IIIa,blaI,blaR1=MISTRANSLATION,blaZ,bleO,erm(A),fosB,gyrA_S84L=POINT,gyrA_S85P=POINT,mecA,mecI,mecR1,mph(C),msr(A),parC_E84G=POINT,parC_S80Y=POINT,sat4,tet(38)",19,"aur,hld,hlgA,hlgB,hlgC,icaC,lukD,lukE,sak,scn,sei,selX,sem,sen=MISTRANSLATION,seo,sep,seu=PARTIAL,splA,splB",4.0.23,2025-06-03.1
PDT000021392.2|SAMN02381547|GCA_000539855.1|Staphylococcus aureus AMMC6013||AMMC6013|Generic,GCA_000539855.1,SAMN02381547,,"USA: Irvine, CA",Homo sapiens,,,PDT000021392.2,2014-02-04,,17,"aadD1,ant(9)-Ia,blaI,blaR1,blaZ,bleO,erm(A),fosB,gyrA_S84L=POINT,mecA,mecI,mecR1,mepA,msr(A)=PARTIAL_END_OF_CONTIG,parC_E84G=POINT,parC_S80Y=POINT,tet(38)","aadD1,ant(9)-Ia,blaI,blaR1,blaZ,bleO,erm(A),fosB,gyrA_S84L=POINT,mecA,mecI,mecR1,msr(A)=PARTIAL_END_OF_CONTIG,parC_E84G=POINT,parC_S80Y=POINT,tet(38)",22,"aur,hld,hlgA,hlgB,hlgC,icaC,lukD,lukE,sak,sasG=PARTIAL,scn,sed,sei,sej,selX,sem,sen=MISTRANSLATION,seo,ser,seu=PARTIAL,splA,splB",4.0.23,2025-06-03.1
PDT000021393.2|SAMN02381549|GCA_000539875.1|Staphylococcus aureus WMCS6001||WMCS6001|Generic,GCA_000539875.1,SAMN02381549,,"USA: Irvine, CA",Homo sapiens,,,PDT000021393.2,2014-02-04,,18,"aadD1,ant(9)-Ia,aph(3')-IIIa=PARTIAL_END_OF_CONTIG,blaI,blaR1,blaZ,bleO,erm(A),fosB,fosB=PARTIAL,gyrA_S84L=POINT,mecA,mecI,mecR1,mepA,parC_E84G=POINT,parC_S80Y=POINT,tet(38)","aadD1,ant(9)-Ia,aph(3')-IIIa=PARTIAL_END_OF_CONTIG,blaI,blaR1,blaZ,bleO,erm(A),fosB,fosB=PARTIAL,gyrA_S84L=POINT,mecA,mecI,mecR1,parC_E84G=POINT,parC_S80Y=POINT,tet(38)",18,"aur,hld,hlgA,hlgB,hlgC,icaC,lukD,lukE,sak,scn,sei,selX,sem,sen=MISTRANSLATION,seo,seu=PARTIAL,splA,splB",4.2.7,2026-01-21.1
PDT000021394.2|SAMN02381551|GCA_000539895.1|Staphylococcus aureus HBHO6002||HBHO6002|Generic,GCA_000539895.1,SAMN02381551,,"USA: Irvine, CA",Homo sapiens,,,PDT000021394.2,2014-02-04,,15,"ant(6)-Ia=MISTRANSLATION,aph(3')-IIIa,blaI,blaR1,fosB,gyrA_S84L=POINT,mecA,mecR1=PARTIAL,mepA,mph(C),msr(A),murA_G257D=POINT,parC_S80Y=POINT,sat4,tet(38)","ant(6)-Ia=MISTRANSLATION,aph(3')-IIIa,blaI,blaR1,fosB,gyrA_S84L=POINT,mecA,mecR1=PARTIAL,mph(C),msr(A),murA_G257D=POINT,parC_S80Y=POINT,sat4,tet(38)",18,"aur,hld,hlgA,hlgB,hlgC,icaC,lukD,lukE,lukF-PV,lukS-PV,sak,sasG=PARTIAL,scn,sel26,selX,splA,splB,splE",4.0.23,2025-06-03.1
PDT000021395.2|SAMN02381554|GCA_000539915.1|Staphylococcus aureus AMMC6012||AMMC6012|Generic,GCA_000539915.1,SAMN02381554,,"USA: Irvine, CA",Homo sapiens,,,PDT000021395.2,2014-02-04,,20,"aadD1,ant(6)-Ia=MISTRANSLATION,ant(9)-Ia,aph(3')-IIIa,blaI,blaR1=PARTIAL,blaZ,bleO,erm(A),fosB,gyrA_S84L=POINT,mecA,mecI,mecR1,mepA,mph(C),msr(A)=PARTIAL,parC_S80F=POINT,sat4,tet(38)","aadD1,ant(6)-Ia=MISTRANSLATION,ant(9)-Ia,aph(3')-IIIa,blaI,blaR1=PARTIAL,blaZ,bleO,erm(A),fosB,gyrA_S84L=POINT,mecA,mecI,mecR1,mph(C),msr(A)=PARTIAL,parC_S80F=POINT,sat4,tet(38)",19,"aur,hld,hlgA,hlgB,hlgC,icaC,lukD,lukE,sak,sasG=PARTIAL_END_OF_CONTIG,scn,sei,selX,sem,sen=MISTRANSLATION,seo,sep,splA,splB",4.0.23,2025-06-03.1
PDT000021396.2|SAMN02381555|GCA_000539935.1|Staphylococcus aureus LPIH6001||LPIH6001|Generic,GCA_000539935.1,SAMN02381555,,"USA: Irvine, CA",Homo sapiens,,,PDT000021396.2,2014-02-04,,14,"ant(6)-Ia=MISTRANSLATION,aph(3')-IIIa,blaI,blaR1,blaZ,fosB,mecA,mecR1=PARTIAL,mepA,mph(C),msr(A),murA_G257D=POINT,sat4,tet(38)","ant(6)-Ia=MISTRANSLATION,aph(3')-IIIa,blaI,blaR1,blaZ,fosB,mecA,mecR1=PARTIAL,mph(C),msr(A),murA_G257D=POINT,sat4,tet(38)",20,"aur,hld,hlgA,hlgB,hlgC,icaC,lukD,lukE,lukF-PV,lukS-PV,sak,sasG=PARTIAL,scn,sek,sel26,selX,seq,splA,splB,splE",4.0.23,2025-06-03.1
PDT000021397.2|SAMN02381556|GCA_000539955.1|Staphylococcus aureus MISS6048||MISS6048|Generic,GCA_000539955.1,SAMN02381556,,"USA: Irvine, CA",Homo sapiens,,,PDT000021397.2,2014-02-04,,16,"aadD1,ant(9)-Ia,blaI,blaR1,blaZ,bleO,erm(A),fosB,gyrA_S84L=POINT,mecA,mecI,mecR1,mepA,parC_S80F=POINT,parE_P585S=POINT,tet(38)","aadD1,ant(9)-Ia,blaI,blaR1,blaZ,bleO,erm(A),fosB,gyrA_S84L=POINT,mecA,mecI,mecR1,parC_S80F=POINT,parE_P585S=POINT,tet(38)",22,"aur,hld,hlgA,hlgB,hlgC,icaC,lukD,lukE,sak,sasG=PARTIAL_END_OF_CONTIG,scn,sed,sei,sej,selX,sem,sen=MISTRANSLATION,seo,ser,seu=PARTIAL,splA,splB",4.0.23,2025-06-03.1
PDT000021398.2|SAMN02381557|GCA_000539975.1|Staphylococcus aureus MISS6042||MISS6042|Generic,GCA_000539975.1,SAMN02381557,,"USA: Irvine, CA",Homo sapiens,,,PDT000021398.2,2014-02-04,,16,"aadD1,ant(9)-Ia,blaI,blaR1,blaZ,bleO,erm(A),fosB,gyrA_S84L=POINT,mecA,mecI,mecR1,mepA,parC_E84G=POINT,parC_S80Y=POINT,tet(38)","aadD1,ant(9)-Ia,blaI,blaR1,blaZ,bleO,erm(A),fosB,gyrA_S84L=POINT,mecA,mecI,mecR1,parC_E84G=POINT,parC_S80Y=POINT,tet(38)",21,"aur,hld,hlgA,hlgB,hlgC,icaC,lukD,lukE,sak,scn,sed,sei,sej,selX,sem,sen=MISTRANSLATION,seo,ser,seu=PARTIAL,splA,splB",4.2.7,2026-01-21.1
PDT000021399.2|SAMN02381558|GCA_000539995.1|Staphylococcus aureus SJOS6022||SJOS6022|Generic,GCA_000539995.1,SAMN02381558,,"USA: Irvine, CA",Homo sapiens,,,PDT000021399.2,2014-02-04,,14,"ant(9)-Ia,blaI,blaR1,blaZ,erm(A),fosB,gyrA_S84L=POINT,mecA,mecI,mecR1,mepA,parC_E84G=POINT,parC_S80Y=POINT,tet(38)","ant(9)-Ia,blaI,blaR1,blaZ,erm(A),fosB,gyrA_S84L=POINT,mecA,mecI,mecR1,parC_E84G=POINT,parC_S80Y=POINT,tet(38)",22,"aur,hld,hlgA,hlgB,hlgC,icaC,lukD,lukE,sak,sasG=PARTIAL,scn,sed=PARTIAL,sei,sej,selX,sem,sen=MISTRANSLATION,seo,ser,seu=PARTIAL,splA,splB",4.0.23,2025-06-03.1
PDT000021400.2|SAMN02381559|GCA_000540015.1|Staphylococcus aureus SJOS6027||SJOS6027|Generic,GCA_000540015.1,SAMN02381559,,"USA: Irvine, CA",Homo sapiens,,,PDT000021400.2,2014-02-04,,14,"ant(9)-Ia,blaI,blaR1,blaZ,erm(A),fosB,gyrA_S84L=POINT,mecA,mecI,mecR1,mepA,parC_E84G=POINT,parC_S80Y=POINT,tet(38)","ant(9)-Ia,blaI,blaR1,blaZ,erm(A),fosB,gyrA_S84L=POINT,mecA,mecI,mecR1,parC_E84G=POINT,parC_S80Y=POINT,tet(38)",21,"aur,hld,hlgA,hlgB,hlgC,icaC,lukD,lukE,sak,scn,sed=PARTIAL,sei,sej,selX,sem,sen=MISTRANSLATION,seo,ser,seu=PARTIAL,splA,splB",4.0.23,2025-06-03.1
PDT000021401.2|SAMN02381560|GCA_000540035.1|Staphylococcus aureus OCMM6004||OCMM6004|Generic,GCA_000540035.1,SAMN02381560,,"USA: Irvine, CA",Homo sapiens,,,PDT000021401.2,2014-02-04,,13,"aadD1,ant(9)-Ia,bleO,erm(A),fosB,gyrA_S84L=POINT,mecA,mecI,mecR1,mepA,parC_E84G=POINT,parC_S80F=POINT,tet(38)","aadD1,ant(9)-Ia,bleO,erm(A),fosB,gyrA_S84L=POINT,mecA,mecI,mecR1,parC_E84G=POINT,parC_S80F=POINT,tet(38)",18,"aur,hld,hlgA,hlgB,hlgC,icaC,lukD,lukE,sak,scn,sei,selX,sem,sen=MISTRANSLATION,seo,sep,splA,splB",4.0.23,2025-06-03.1
PDT000021402.2|SAMN02381561|GCA_000540055.1|Staphylococcus aureus UCIM6009||UCIM6009|Generic,GCA_000540055.1,SAMN02381561,,"USA: Irvine, CA",Homo sapiens,,,PDT000021402.2,2014-02-04,,16,"ant(6)-Ia=MISTRANSLATION,aph(3')-IIIa,blaI,blaR1,blaZ,fosB,gyrA_S84L=POINT,mecA,mecR1=PARTIAL,mepA,mph(C),msr(A),murA_G257D=POINT,parC_S80Y=POINT,sat4,tet(38)","ant(6)-Ia=MISTRANSLATION,aph(3')-IIIa,blaI,blaR1,blaZ,fosB,gyrA_S84L=POINT,mecA,mecR1=PARTIAL,mph(C),msr(A),murA_G257D=POINT,parC_S80Y=POINT,sat4,tet(38)",20,"aur,hld,hlgA,hlgB,hlgC,icaC,lukD,lukE,lukF-PV,lukS-PV,sak,sasG=PARTIAL,scn,sek,sel26,selX,seq,splA,splB,splE",4.0.23,2025-06-03.1
PDT000021403.2|SAMN02381562|GCA_000540075.1|Staphylococcus aureus KINW6001||KINW6001|Generic,GCA_000540075.1,SAMN02381562,,"USA: Irvine, CA",Homo sapiens,,,PDT000021403.2,2014-02-04,,17,"aadD1,ant(9)-Ia,blaI,blaR1,blaZ,bleO,erm(A),fosB,gyrA_E88G=POINT,gyrA_S84L=POINT,mecA,mecI,mecR1,mepA,parC_E84G=POINT,parC_S80Y=POINT,tet(38)","aadD1,ant(9)-Ia,blaI,blaR1,blaZ,bleO,erm(A),fosB,gyrA_E88G=POINT,gyrA_S84L=POINT,mecA,mecI,mecR1,parC_E84G=POINT,parC_S80Y=POINT,tet(38)",22,"aur,hld,hlgA,hlgB,hlgC,icaC,lukD,lukE,sak,sasG,scn,sed,sei,sej,selX,sem,sen=MISTRANSLATION,seo,ser=PARTIAL_END_OF_CONTIG,seu=PARTIAL,splA,splB",4.2.7,2026-01-21.1
PDT000021404.2|SAMN02381563|GCA_000540095.1|Staphylococcus aureus KINW6002||KINW6002|Generic,GCA_000540095.1,SAMN02381563,,"USA: Irvine, CA",Homo sapiens,,,PDT000021404.2,2014-02-04,,17,"aadD1,ant(9)-Ia,blaI,blaR1,blaZ,bleO,erm(A),fosB,gyrA_S84L=POINT,mecA,mecI,mecR1,mepA,mph(C),parC_E84G=POINT,parC_S80Y=POINT,tet(38)","aadD1,ant(9)-Ia,blaI,blaR1,blaZ,bleO,erm(A),fosB,gyrA_S84L=POINT,mecA,mecI,mecR1,mph(C),parC_E84G=POINT,parC_S80Y=POINT,tet(38)",21,"aur,hld,hlgA,hlgB,hlgC,icaC,lukD,lukE,sak,scn,sed=PARTIAL,sei,sej,selX,sem,sen=MISTRANSLATION,seo,ser,seu=PARTIAL,splA,splB",4.0.23,2025-06-03.1
PDT000021405.2|SAMN02381564|GCA_000540115.1|Staphylococcus aureus SCOA6006||SCOA6006|Generic,GCA_000540115.1,SAMN02381564,,"USA: Irvine, CA",Homo sapiens,,,PDT000021405.2,2014-02-04,,17,"ant(6)-Ia=MISTRANSLATION,aph(3')-IIIa,blaI,blaR1,blaZ,fosB,gyrA_S84L=POINT,mecA,mecR1=PARTIAL,mepA,mph(C),msr(A),mupA,murA_G257D=POINT,parC_S80Y=POINT,sat4,tet(38)","ant(6)-Ia=MISTRANSLATION,aph(3')-IIIa,blaI,blaR1,blaZ,fosB,gyrA_S84L=POINT,mecA,mecR1=PARTIAL,mph(C),msr(A),mupA,murA_G257D=POINT,parC_S80Y=POINT,sat4,tet(38)",19,"aur,hld,hlgA,hlgB,hlgC,icaC,lukD,lukE,lukF-PV,lukS-PV,sak,scn,sek,sel26,selX,seq,splA,splB,splE",4.0.23,2025-06-03.1
PDT000021406.2|SAMN02381565|GCA_000540135.1|Staphylococcus aureus SCOA6008||SCOA6008|Generic,GCA_000540135.1,SAMN02381565,,"USA: Irvine, CA",Homo sapiens,,,PDT000021406.2,2014-02-04,,20,"aadD1,ant(6)-Ia=MISTRANSLATION,ant(9)-Ia,aph(3')-IIIa=PARTIAL_END_OF_CONTIG,blaI,blaR1=MISTRANSLATION,blaZ,bleO,erm(A),fosB,gyrA_S84L=POINT,mecA,mecI,mecR1,mepA,mph(C)=PARTIAL_END_OF_CONTIG,parC_E84G=POINT,parC_S80Y=POINT,sat4,tet(38)","aadD1,ant(6)-Ia=MISTRANSLATION,ant(9)-Ia,aph(3')-IIIa=PARTIAL_END_OF_CONTIG,blaI,blaR1=MISTRANSLATION,blaZ,bleO,erm(A),fosB,gyrA_S84L=POINT,mecA,mecI,mecR1,mph(C)=PARTIAL_END_OF_CONTIG,parC_E84G=POINT,parC_S80Y=POINT,sat4,tet(38)",21,"aur,hld,hlgA,hlgB,hlgC,icaC,lukD,lukE,sak,scn,sed,sei,sej,selX,sem,sen=MISTRANSLATION,seo,ser,seu=PARTIAL,splA,splB",4.0.23,2025-06-03.1
PDT000021407.2|SAMN02381567|GCA_000540155.1|Staphylococcus aureus HOAG6025||HOAG6025|Generic,GCA_000540155.1,SAMN02381567,,"USA: Irvine, CA",Homo sapiens,,,PDT000021407.2,2014-02-04,,17,"aadD1,ant(9)-Ia,blaI,blaR1,blaZ,bleO,erm(A),fosB,gyrA_S84L=POINT,mecA,mecI,mecR1,mepA,mph(C),parC_E84G=POINT,parC_S80Y=POINT,tet(38)","aadD1,ant(9)-Ia,blaI,blaR1,blaZ,bleO,erm(A),fosB,gyrA_S84L=POINT,mecA,mecI,mecR1,mph(C),parC_E84G=POINT,parC_S80Y=POINT,tet(38)",22,"aur,hld,hlgA,hlgB,hlgC,icaC,lukD,lukE,sak,sasG=PARTIAL_END_OF_CONTIG,scn,sed,sei,sej,selX,sem,sen=MISTRANSLATION,seo,ser,seu=PARTIAL,splA,splB",4.0.23,2025-06-03.1
PDT000021408.2|SAMN02381571|GCA_000540175.1|Staphylococcus aureus GGMC6003||GGMC6003|Generic,GCA_000540175.1,SAMN02381571,,"USA: Irvine, CA",Homo sapiens,,,PDT000021408.2,2014-02-04,,18,"ant(6)-Ia=MISTRANSLATION,ant(9)-Ia,aph(3')-IIIa,blaI,blaR1=PARTIAL_END_OF_CONTIG,erm(A),fosB,gyrA_S84L=POINT,mecA,mecI,mecR1,mepA,mph(C),msr(A)=PARTIAL,mupA,parC_S80F=POINT,sat4,tet(38)","ant(6)-Ia=MISTRANSLATION,ant(9)-Ia,aph(3')-IIIa,blaI,blaR1=PARTIAL_END_OF_CONTIG,erm(A),fosB,gyrA_S84L=POINT,mecA,mecI,mecR1,mph(C),msr(A)=PARTIAL,mupA,parC_S80F=POINT,sat4,tet(38)",18,"aur,hld,hlgA,hlgB,hlgC,icaC,lukD,lukE,sak,scn,sei,selX,sem,sen=MISTRANSLATION,seo,sep,splA,splB",4.2.7,2026-01-21.1
PDT000021409.2|SAMN02381572|GCA_000540195.1|Staphylococcus aureus COAS6049||COAS6049|Generic,GCA_000540195.1,SAMN02381572,,"USA: Irvine, CA",Homo sapiens,,,PDT000021409.2,2014-02-04,,16,"ant(6)-Ia=MISTRANSLATION,aph(3')-IIIa,blaI,blaR1,blaZ,fosB,mecA,mecR1=PARTIAL,mepA,mph(C),msr(A),murA_G257D=POINT,parC_S80F=POINT,sat4,tet(38),tet(K)=PARTIAL_END_OF_CONTIG","ant(6)-Ia=MISTRANSLATION,aph(3')-IIIa,blaI,blaR1,blaZ,fosB,mecA,mecR1=PARTIAL,mph(C),msr(A),murA_G257D=POINT,parC_S80F=POINT,sat4,tet(38),tet(K)=PARTIAL_END_OF_CONTIG",20,"aur,hld,hlgA,hlgB,hlgC,icaC,lukD,lukE,lukF-PV,lukS-PV,sak,sasG=PARTIAL,scn,sek,sel26,selX,seq,splA,splB,splE",4.2.7,2026-01-21.1
PDT000021410.2|SAMN02381575|GCA_000540215.1|Staphylococcus aureus KINW6003||KINW6003|Generic,GCA_000540215.1,SAMN02381575,,"USA: Irvine, CA",Homo sapiens,,,PDT000021410.2,2014-02-04,,11,"blaI,blaR1,blaZ,fosB,gyrA_S84L=POINT,mecA,mecR1=PARTIAL,mepA,murA_G257D=POINT,parC_S80Y=POINT,tet(38)","blaI,blaR1,blaZ,fosB,gyrA_S84L=POINT,mecA,mecR1=PARTIAL,murA_G257D=POINT,parC_S80Y=POINT,tet(38)",20,"aur,hld,hlgA,hlgB,hlgC,icaC,lukD,lukE,lukF-PV,lukS-PV,sak,sasG=PARTIAL,scn,sek,sel26,selX,seq,splA,splB,splE",4.0.23,2025-06-03.1
PDT000021411.2|SAMN02381577|GCA_000540235.1|Staphylococcus aureus UCIM6050||UCIM6050|Generic,GCA_000540235.1,SAMN02381577,,"USA: Irvine, CA",Homo sapiens,,,PDT000021411.2,2014-02-04,,23,"aac(6')-Ie/aph(2'')-Ia,aadD1,ant(6)-Ia=MISTRANSLATION,ant(9)-Ia,blaI,blaR1=PARTIAL_END_OF_CONTIG,blaZ,bleO,erm(A),fosB,fosY,gyrA_S84L=POINT,mecA,mecI,mecR1,mepA,mph(C),msr(A)=PARTIAL_END_OF_CONTIG,parC_E84K=POINT,parC_S80F=POINT,rpoB_A477V=POINT,sat4,tet(38)","aac(6')-Ie/aph(2'')-Ia,aadD1,ant(6)-Ia=MISTRANSLATION,ant(9)-Ia,blaI,blaR1=PARTIAL_END_OF_CONTIG,blaZ,bleO,erm(A),fosB,fosY,gyrA_S84L=POINT,mecA,mecI,mecR1,mph(C),msr(A)=PARTIAL_END_OF_CONTIG,parC_E84K=POINT,parC_S80F=POINT,rpoB_A477V=POINT,sat4,tet(38)",20,"aur,hld,hlgA,hlgB,hlgC,icaC,lukD,lukE,sak,sasG=PARTIAL_END_OF_CONTIG,scn,sed,sei,selX,sem=PARTIAL,sen=MISTRANSLATION,seo,sep,splA,splB",4.0.23,2025-06-03.1
PDT000021412.2|SAMN02381579|GCA_000540255.1|Staphylococcus aureus OCMM6015||OCMM6015|Generic,GCA_000540255.1,SAMN02381579,,"USA: Irvine, CA",Homo sapiens,,,PDT000021412.2,2014-02-04,,18,"aadD1,ant(9)-Ia,aph(3')-IIIa,blaI,blaR1=PARTIAL_END_OF_CONTIG,blaZ,bleO,erm(A),fosB,gyrA_S84L=POINT,mecA,mecI,mecR1,mepA,mph(C),parC_E84G=POINT,parC_S80Y=POINT,tet(38)","aadD1,ant(9)-Ia,aph(3')-IIIa,blaI,blaR1=PARTIAL_END_OF_CONTIG,blaZ,bleO,erm(A),fosB,gyrA_S84L=POINT,mecA,mecI,mecR1,mph(C),parC_E84G=POINT,parC_S80Y=POINT,tet(38)",22,"aur,hld,hlgA,hlgB,hlgC,icaC,lukD,lukE,sak,sasG=PARTIAL_END_OF_CONTIG,scn,sed,sei,sej,selX,sem,sen=MISTRANSLATION,seo,ser,seu=PARTIAL,splA,splB",4.0.23,2025-06-03.1
PDT000021413.2|SAMN02381583|GCA_000540275.1|Staphylococcus aureus UCIM6047||UCIM6047|Generic,GCA_000540275.1,SAMN02381583,,"USA: Irvine, CA",Homo sapiens,,,PDT000021413.2,2014-02-04,,21,"aadD1,ant(6)-Ia=MISTRANSLATION,ant(9)-Ia,aph(3')-IIIa,blaI,blaR1,blaZ,bleO,erm(A),fosB,fosB=PARTIAL,gyrA_S84L=POINT,mecA,mecI,mecR1,mepA,mph(C),msr(A),parC_S80F=POINT,sat4,tet(38)","aadD1,ant(6)-Ia=MISTRANSLATION,ant(9)-Ia,aph(3')-IIIa,blaI,blaR1,blaZ,bleO,erm(A),fosB,fosB=PARTIAL,gyrA_S84L=POINT,mecA,mecI,mecR1,mph(C),msr(A),parC_S80F=POINT,sat4,tet(38)",18,"aur,hld,hlgA,hlgB,hlgC,icaC,lukD,lukE,sak,scn,sei,selX,sem,sen=MISTRANSLATION,seo,sep,splA,splB",4.2.7,2026-01-21.1
PDT000021414.2|SAMN02381586|GCA_000540295.1|Staphylococcus aureus WAMC6046||WAMC6046|Generic,GCA_000540295.1,SAMN02381586,,"USA: Irvine, CA",Homo sapiens,,,PDT000021414.2,2014-02-04,,10,"ant(9)-Ia,erm(A),fosB,gyrA_S84L=POINT,mecA,mecI,mecR1,mepA,parC_S80F=POINT,tet(38)","ant(9)-Ia,erm(A),fosB,gyrA_S84L=POINT,mecA,mecI,mecR1,parC_S80F=POINT,tet(38)",19,"aur,hld,hlgA,hlgB,hlgC,icaC,lukD,lukE,sak,sasG=PARTIAL_END_OF_CONTIG,scn,sei,selX,sem,sen=MISTRANSLATION,seo,sep,splA,splB",4.2.7,2026-01-21.1
PDT000021415.2|SAMN02381588|GCA_000540315.1|Staphylococcus aureus SMMC6022||SMMC6022|Generic,GCA_000540315.1,SAMN02381588,,"USA: Irvine, CA",Homo sapiens,,,PDT000021415.2,2014-02-04,,16,"aadD1,ant(9)-Ia,blaI,blaR1=MISTRANSLATION,blaZ,bleO,erm(A),fosB,gyrA_S84L=POINT,mecA,mecI,mecR1,mepA,parC_E84G=POINT,parC_S80Y=POINT,tet(38)","aadD1,ant(9)-Ia,blaI,blaR1=MISTRANSLATION,blaZ,bleO,erm(A),fosB,gyrA_S84L=POINT,mecA,mecI,mecR1,parC_E84G=POINT,parC_S80Y=POINT,tet(38)",22,"aur,hld,hlgA,hlgB,hlgC,icaC,lukD,lukE,sak,scn,sed=PARTIAL,sei,sej,selX,sem,sen=MISTRANSLATION,seo,sep,ser,seu=PARTIAL,splA,splB",4.0.23,2025-06-03.1
PDT000021416.2|SAMN02381590|GCA_000540335.1|Staphylococcus aureus MISS6033||MISS6033|Generic,GCA_000540335.1,SAMN02381590,,"USA: Irvine, CA",Homo sapiens,,,PDT000021416.2,2014-02-04,,11,"blaI,blaR1,blaZ,fosB,gyrA_S84L=POINT,mecA,mecR1=PARTIAL,mepA,murA_G257D=POINT,parC_S80Y=POINT,tet(38)","blaI,blaR1,blaZ,fosB,gyrA_S84L=POINT,mecA,mecR1=PARTIAL,murA_G257D=POINT,parC_S80Y=POINT,tet(38)",18,"aur,hld,hlgA,hlgB,hlgC,icaC,lukD,lukE,sak,sasG=PARTIAL,scn,sek,sel26,selX,seq,splA,splB,splE",4.0.23,2025-06-03.1
PDT000021417.2|SAMN02381591|GCA_000540355.1|Staphylococcus aureus KINW6010||KINW6010|Generic,GCA_000540355.1,SAMN02381591,,"USA: Irvine, CA",Homo sapiens,,,PDT000021417.2,2014-02-04,,21,"aadD1,ant(6)-Ia=MISTRANSLATION,ant(9)-Ia,aph(3')-IIIa=PARTIAL_END_OF_CONTIG,blaI,blaR1,blaZ,bleO,erm(A),fosB,gyrA_E88A=POINT,gyrA_S84L=POINT,ileS_V588F=POINT,mecA,mecI,mecR1,mepA,parC_E84G=POINT,parC_S80Y=POINT,sat4=MISTRANSLATION,tet(38)","aadD1,ant(6)-Ia=MISTRANSLATION,ant(9)-Ia,aph(3')-IIIa=PARTIAL_END_OF_CONTIG,blaI,blaR1,blaZ,bleO,erm(A),fosB,gyrA_E88A=POINT,gyrA_S84L=POINT,ileS_V588F=POINT,mecA,mecI,mecR1,parC_E84G=POINT,parC_S80Y=POINT,sat4=MISTRANSLATION,tet(38)",22,"aur,hld,hlgA,hlgB,hlgC,icaC,lukD,lukE,sak,sasG=PARTIAL,scn,sed,sei,sej,selX,sem,sen=MISTRANSLATION,seo,ser,seu=PARTIAL,splA,splB",4.0.23,2025-06-03.1
PDT000021418.2|SAMN02381592|GCA_000540375.1|Staphylococcus aureus UCIM6042||UCIM6042|Generic,GCA_000540375.1,SAMN02381592,,"USA: Irvine, CA",Homo sapiens,,,PDT000021418.2,2014-02-04,,22,"aac(6')-Ie/aph(2'')-Ia,ant(6)-Ia=PARTIAL,ant(9)-Ia,aph(3')-IIIa,blaI,dfrG,erm(A),folP_E258EKE=POINT,folP_F17L=POINT,fosB,gyrA_S84L=POINT,mecA,mecI=MISTRANSLATION,mecR1,mepA,murA_G257D=POINT,parC_S80F=POINT,parE_D432N=POINT,rpoB_H481N=POINT,tet(38),tet(K),tet(M)","aac(6')-Ie/aph(2'')-Ia,ant(6)-Ia=PARTIAL,ant(9)-Ia,aph(3')-IIIa,blaI,dfrG,erm(A),folP_E258EKE=POINT,folP_F17L=POINT,fosB,gyrA_S84L=POINT,mecA,mecI=MISTRANSLATION,mecR1,murA_G257D=POINT,parC_S80F=POINT,parE_D432N=POINT,rpoB_H481N=POINT,tet(38),tet(K),tet(M)",18,"aur,hld,hlgA,hlgB=PARTIAL,hlgC,icaC=PARTIAL,lukD,lukE,sak,scn,sea,sek,sel26,selX,seq,splA,splB,splE",4.2.7,2026-01-21.1
PDT000021419.2|SAMN02381593|GCA_000540395.1|Staphylococcus aureus COLL6021||COLL6021|Generic,GCA_000540395.1,SAMN02381593,,"USA: Irvine, CA",Homo sapiens,,,PDT000021419.2,2014-02-04,,16,"ant(6)-Ia=MISTRANSLATION,aph(3')-IIIa,blaI,blaR1,blaZ,fosB,gyrA_S84L=POINT,mecA,mecR1=PARTIAL,mepA,mph(C),msr(A),murA_G257D=POINT,parC_S80Y=POINT,sat4,tet(38)","ant(6)-Ia=MISTRANSLATION,aph(3')-IIIa,blaI,blaR1,blaZ,fosB,gyrA_S84L=POINT,mecA,mecR1=PARTIAL,mph(C),msr(A),murA_G257D=POINT,parC_S80Y=POINT,sat4,tet(38)",20,"aur,hld,hlgA,hlgB,hlgC,icaC,lukD,lukE,lukF-PV,lukS-PV,sak,sasG=PARTIAL,scn,sek,sel26,selX,seq,splA,splB,splE",4.2.7,2026-01-21.1
PDT000021420.2|SAMN02381595|GCA_000540415.1|Staphylococcus aureus SJUD6040||SJUD6040|Generic,GCA_000540415.1,SAMN02381595,,"USA: Irvine, CA",Homo sapiens,,,PDT000021420.2,2014-02-04,,15,"ant(6)-Ia=MISTRANSLATION,aph(3')-IIIa,blaR1=PARTIAL_END_OF_CONTIG,blaZ,fosB,gyrA_S84L=POINT,mecA,mecR1=PARTIAL,mepA,mph(C),msr(A),murA_G257D=POINT,parC_S80Y=POINT,sat4,tet(38)","ant(6)-Ia=MISTRANSLATION,aph(3')-IIIa,blaR1=PARTIAL_END_OF_CONTIG,blaZ,fosB,gyrA_S84L=POINT,mecA,mecR1=PARTIAL,mph(C),msr(A),murA_G257D=POINT,parC_S80Y=POINT,sat4,tet(38)",23,"aur,hld,hlgA,hlgB,hlgC,icaC,lukD,lukE,lukF-PV,lukS-PV,sak,sasG=PARTIAL,scn,sed,sej,sek,sel26,selX,seq,ser,splA,splB,splE",4.0.23,2025-06-03.1
PDT000021421.2|SAMN02381596|GCA_000540435.1|Staphylococcus aureus SJUD6028||SJUD6028|Generic,GCA_000540435.1,SAMN02381596,,"USA: Irvine, CA",Homo sapiens,,,PDT000021421.2,2014-02-04,,17,"aadD1,ant(9)-Ia,blaI,blaR1,blaZ,bleO,erm(A),fosB,gyrA_S84L=POINT,gyrA_S85P=POINT,mecA,mecI,mecR1,mepA,parC_E84G=POINT,parC_S80Y=POINT,tet(38)","aadD1,ant(9)-Ia,blaI,blaR1,blaZ,bleO,erm(A),fosB,gyrA_S84L=POINT,gyrA_S85P=POINT,mecA,mecI,mecR1,parC_E84G=POINT,parC_S80Y=POINT,tet(38)",19,"aur,hld,hlgA,hlgB,hlgC,icaC,lukD,lukE,sak,scn,sei,selX,sem,sen=MISTRANSLATION,seo,sep,seu=PARTIAL,splA,splB",4.0.23,2025-06-03.1
PDT000021422.2|SAMN02381597|GCA_000540455.1|Staphylococcus aureus SJUD6021||SJUD6021|Generic,GCA_000540455.1,SAMN02381597,,"USA: Irvine, CA",Homo sapiens,,,PDT000021422.2,2014-02-04,,21,"aadD1,ant(6)-Ia=MISTRANSLATION,ant(9)-Ia,blaI,blaR1,blaZ,bleO,erm(A),fosB,gyrA_S84L=POINT,mecA,mecI,mecR1,mepA,mph(C),msr(A),parC_E84G=POINT,parC_S80Y=POINT,rpoB_A477D=POINT,sat4=PARTIAL_END_OF_CONTIG,tet(38)","aadD1,ant(6)-Ia=MISTRANSLATION,ant(9)-Ia,blaI,blaR1,blaZ,bleO,erm(A),fosB,gyrA_S84L=POINT,mecA,mecI,mecR1,mph(C),msr(A),parC_E84G=POINT,parC_S80Y=POINT,rpoB_A477D=POINT,sat4=PARTIAL_END_OF_CONTIG,tet(38)",18,"aur,hld,hlgA,hlgB,hlgC,icaC,lukD,lukE,sak,scn,sei,selX,sem,sen=MISTRANSLATION,seo,seu=PARTIAL,splA,splB",4.0.23,2025-06-03.1
PDT000021423.2|SAMN02381598|GCA_000540475.1|Staphylococcus aureus LPIH6011||LPIH6011|Generic,GCA_000540475.1,SAMN02381598,,"USA: Irvine, CA",Homo sapiens,,,PDT000021423.2,2014-02-04,,15,"ant(6)-Ia=MISTRANSLATION,blaI,blaR1,blaZ,fosB,gyrA_S84L=POINT,mecA,mecR1=PARTIAL,mepA,mph(C),msr(A)=PARTIAL_END_OF_CONTIG,murA_G257D=POINT,parC_S80Y=POINT,sat4,tet(38)","ant(6)-Ia=MISTRANSLATION,blaI,blaR1,blaZ,fosB,gyrA_S84L=POINT,mecA,mecR1=PARTIAL,mph(C),msr(A)=PARTIAL_END_OF_CONTIG,murA_G257D=POINT,parC_S80Y=POINT,sat4,tet(38)",20,"aur,hld,hlgA,hlgB,hlgC,icaC,lukD,lukE,lukF-PV,lukS-PV,sak,sasG=PARTIAL,scn=PARTIAL,sek,sel26,selX,seq,splA,splB,splE",4.2.7,2026-01-21.1
PDT000021424.2|SAMN02381599|GCA_000540495.1|Staphylococcus aureus SCLE6010||SCLE6010|Generic,GCA_000540495.1,SAMN02381599,,"USA: Irvine, CA",Homo sapiens,,,PDT000021424.2,2014-02-04,,21,"aadD1,ant(6)-Ia=MISTRANSLATION,ant(9)-Ia,aph(3')-IIIa,blaI,blaR1,blaZ,bleO,erm(A),fosB,gyrA_S84L=POINT,mecA,mecI,mecR1,mepA,mph(C),msr(A),parC_E84K=POINT,parC_S80F=POINT,sat4,tet(38)","aadD1,ant(6)-Ia=MISTRANSLATION,ant(9)-Ia,aph(3')-IIIa,blaI,blaR1,blaZ,bleO,erm(A),fosB,gyrA_S84L=POINT,mecA,mecI,mecR1,mph(C),msr(A),parC_E84K=POINT,parC_S80F=POINT,sat4,tet(38)",19,"aur,hld,hlgA,hlgB,hlgC,icaC,lukD,lukE,sak,sasG=PARTIAL_END_OF_CONTIG,scn,sei,selX,sem=PARTIAL,sen=MISTRANSLATION,seo,sep,splA,splB",4.2.7,2026-01-21.1
PDT000021425.2|SAMN02381600|GCA_000540515.1|Staphylococcus aureus SJUD6041||SJUD6041|Generic,GCA_000540515.1,SAMN02381600,,"USA: Irvine, CA",Homo sapiens,,,PDT000021425.2,2014-02-04,,23,"aac(6')-Ie/aph(2'')-Ia,ant(6)-Ia=MISTRANSLATION,ant(9)-Ia,aph(3')-IIIa,blaI,blaR1=MISTRANSLATION,blaZ,bleO,erm(A),fosB,gyrA_S84L=POINT,lnu(A),mecA,mecI,mecR1,mepA,mph(C),msr(A)=PARTIAL,mupA,parC_S80F=POINT,parE_D432N=POINT,sat4,tet(38)","aac(6')-Ie/aph(2'')-Ia,ant(6)-Ia=MISTRANSLATION,ant(9)-Ia,aph(3')-IIIa,blaI,blaR1=MISTRANSLATION,blaZ,bleO,erm(A),fosB,gyrA_S84L=POINT,lnu(A),mecA,mecI,mecR1,mph(C),msr(A)=PARTIAL,mupA,parC_S80F=POINT,parE_D432N=POINT,sat4,tet(38)",18,"aur,hld,hlgA,hlgB,hlgC,icaC,lukD,lukE,sak,scn,sei,selX,sem,sen=MISTRANSLATION,seo,sep,splA,splB",4.0.23,2025-06-03.1
PDT000021426.2|SAMN02381603|GCA_000540535.1|Staphylococcus aureus PLAC6004||PLAC6004|Generic,GCA_000540535.1,SAMN02381603,,"USA: Irvine, CA",Homo sapiens,,,PDT000021426.2,2014-02-04,,15,"ant(6)-Ia=MISTRANSLATION,aph(3')-IIIa,blaR1=PARTIAL_END_OF_CONTIG,blaZ=PARTIAL_END_OF_CONTIG,fosB,gyrA_S84L=POINT,mecA,mecR1=PARTIAL,mepA,mph(C),msr(A),murA_G257D=POINT,parC_S80Y=POINT,sat4,tet(38)","ant(6)-Ia=MISTRANSLATION,aph(3')-IIIa,blaR1=PARTIAL_END_OF_CONTIG,blaZ=PARTIAL_END_OF_CONTIG,fosB,gyrA_S84L=POINT,mecA,mecR1=PARTIAL,mph(C),msr(A),murA_G257D=POINT,parC_S80Y=POINT,sat4,tet(38)",20,"aur,hld,hlgA,hlgB,hlgC,icaC,lukD,lukE,lukF-PV,lukS-PV,sak,sasG=PARTIAL,scn,sek,sel26,selX,seq,splA,splB,splE",4.0.23,2025-06-03.1
PDT000021427.2|SAMN02381604|GCA_000540555.1|Staphylococcus aureus SCLE6011||SCLE6011|Generic,GCA_000540555.1,SAMN02381604,,"USA: Irvine, CA",Homo sapiens,,,PDT000021427.2,2014-02-04,,13,"blaI,blaR1,blaZ,fosB,gyrA_S84L=POINT,mecA,mecR1=PARTIAL,mepA,mph(C),msr(A),murA_G257D=POINT,parC_S80Y=POINT,tet(38)","blaI,blaR1,blaZ,fosB,gyrA_S84L=POINT,mecA,mecR1=PARTIAL,mph(C),msr(A),murA_G257D=POINT,parC_S80Y=POINT,tet(38)",19,"aur,hld,hlgA,hlgB,hlgC,icaC,lukD,lukE,lukF-PV,lukS-PV,sak,scn,sek,sel26,selX,seq,splA,splB,splE",4.0.23,2025-06-03.1
PDT000021428.2|SAMN02381606|GCA_000540575.1|Staphylococcus aureus SMMC6011||SMMC6011|Generic,GCA_000540575.1,SAMN02381606,,"USA: Irvine, CA",Homo sapiens,,,PDT000021428.2,2014-02-04,,17,"aadD1,ant(9)-Ia,blaI,blaR1,blaZ=PARTIAL_END_OF_CONTIG,bleO,erm(A),fosB,gyrA_S84L=POINT,gyrA_S85P=POINT,mecA,mecI,mecR1,mepA,parC_E84G=POINT,parC_S80Y=POINT,tet(38)","aadD1,ant(9)-Ia,blaI,blaR1,blaZ=PARTIAL_END_OF_CONTIG,bleO,erm(A),fosB,gyrA_S84L=POINT,gyrA_S85P=POINT,mecA,mecI,mecR1,parC_E84G=POINT,parC_S80Y=POINT,tet(38)",19,"aur,hld,hlgA,hlgB,hlgC,icaC,lukD,lukE,sak,scn,sei,selX,sem,sen=MISTRANSLATION,seo,sep,seu=PARTIAL,splA,splB",4.0.23,2025-06-03.1
PDT000021429.2|SAMN02381607|GCA_000540595.1|Staphylococcus aureus UCIM6034||UCIM6034|Generic,GCA_000540595.1,SAMN02381607,,"USA: Irvine, CA",Homo sapiens,,,PDT000021429.2,2014-02-04,,21,"aadD1,ant(6)-Ia=MISTRANSLATION,ant(9)-Ia,aph(3')-IIIa,blaI,blaR1,blaZ,bleO,erm(A),fosB,gyrA_S84L=POINT,mecA,mecI,mecR1,mepA,mph(C),msr(A)=PARTIAL,parC_S80F=POINT,parE_D432N=POINT,sat4,tet(38)","aadD1,ant(6)-Ia=MISTRANSLATION,ant(9)-Ia,aph(3')-IIIa,blaI,blaR1,blaZ,bleO,erm(A),fosB,gyrA_S84L=POINT,mecA,mecI,mecR1,mph(C),msr(A)=PARTIAL,parC_S80F=POINT,parE_D432N=POINT,sat4,tet(38)",18,"aur,hld,hlgA,hlgB,hlgC,icaC,lukD,lukE,sak,scn,sei,selX,sem,sen=MISTRANSLATION,seo,sep,splA,splB",4.2.7,2026-01-21.1
PDT000021430.2|SAMN02381608|GCA_000540615.1|Staphylococcus aureus MISS6027||MISS6027|Generic,GCA_000540615.1,SAMN02381608,,"USA: Irvine, CA",Homo sapiens,,,PDT000021430.2,2014-02-04,,10,"aadD1,ant(9)-Ia=PARTIAL,erm(A),gyrA_S84L=POINT,mecA,mepA=MISTRANSLATION,mupA,parC_S80Y=POINT,parE_D432V=POINT,tet(38)","aadD1,ant(9)-Ia=PARTIAL,erm(A),gyrA_S84L=POINT,mecA,mupA,parC_S80Y=POINT,parE_D432V=POINT,tet(38)",12,"aur,hld,hlgA,hlgB,hlgC,icaC,lukD,lukE,seh,splA,splB,splE",4.0.23,2025-06-03.1
PDT000021431.2|SAMN02381609|GCA_000540635.1|Staphylococcus aureus COAS6020||COAS6020|Generic,GCA_000540635.1,SAMN02381609,,"USA: Irvine, CA",Homo sapiens,,,PDT000021431.2,2014-02-04,,8,"aadD1,blaI,bleO,fosB,mecA,mecR1=PARTIAL,mepA,tet(38)","aadD1,blaI,bleO,fosB,mecA,mecR1=PARTIAL,tet(38)",17,"aur,hld,hlgA,hlgB,hlgC,icaC,lukD,lukE,sak,scn=PARTIAL,sei,sem,sen=MISTRANSLATION,seo,seu,splA,splB",4.0.23,2025-06-03.1
PDT000021432.2|SAMN02381613|GCA_000540655.1|Staphylococcus aureus OCMM6057||OCMM6057|Generic,GCA_000540655.1,SAMN02381613,,"USA: Irvine, CA",Homo sapiens,blood,,PDT000021432.2,2014-02-04,,17,"blaI,blaPC1,blaR1=PARTIAL_END_OF_CONTIG,dfrG,erm(C),folP_E208K=POINT,folP_F17L=POINT,fosB,gyrA_S84L=POINT,gyrA_S85P=POINT,mecA,mecR1=PARTIAL,mepA,murA_G257D=POINT,parC_E84V=POINT,parC_S80F=POINT,tet(38)","blaI,blaPC1,blaR1=PARTIAL_END_OF_CONTIG,dfrG,erm(C),folP_E208K=POINT,folP_F17L=POINT,fosB,gyrA_S84L=POINT,gyrA_S85P=POINT,mecA,mecR1=PARTIAL,murA_G257D=POINT,parC_E84V=POINT,parC_S80F=POINT,tet(38)",19,"aur,hld,hlgA,hlgB,hlgC,icaC,lukD,lukE,sak,sasG=PARTIAL,scn,sea,seb,sek,sel26,selX,seq,splA,splB",4.0.23,2025-06-03.1
PDT000021433.2|SAMN02381615|GCA_000540675.1|Staphylococcus aureus MISS6125||MISS6125|Generic,GCA_000540675.1,SAMN02381615,,"USA: Irvine, CA",Homo sapiens,blood,,PDT000021433.2,2014-02-04,,16,"ant(6)-Ia=MISTRANSLATION,aph(3')-IIIa,blaI,blaR1,blaZ,fosB,gyrA_S84L=POINT,mecA,mecR1=PARTIAL,mepA,mph(C),msr(A),murA_G257D=POINT,parC_S80Y=POINT,sat4,tet(38)","ant(6)-Ia=MISTRANSLATION,aph(3')-IIIa,blaI,blaR1,blaZ,fosB,gyrA_S84L=POINT,mecA,mecR1=PARTIAL,mph(C),msr(A),murA_G257D=POINT,parC_S80Y=POINT,sat4,tet(38)",20,"aur,hld,hlgA,hlgB,hlgC,icaC,lukD,lukE,lukF-PV,lukS-PV,sak,sasG=PARTIAL,scn,sek,sel26,selX,seq,splA,splB,splE",4.2.7,2026-01-21.1
PDT000021434.2|SAMN02381616|GCA_000540695.1|Staphylococcus aureus UCIM6056||UCIM6056|Generic,GCA_000540695.1,SAMN02381616,,"USA: Irvine, CA",Homo sapiens,blood,,PDT000021434.2,2014-02-04,,14,"ant(6)-Ia=MISTRANSLATION,aph(3')-IIIa,blaI,blaR1,blaZ,fosB,mecA,mecR1=PARTIAL,mepA,mph(C),msr(A),murA_G257D=POINT,sat4,tet(38)","ant(6)-Ia=MISTRANSLATION,aph(3')-IIIa,blaI,blaR1,blaZ,fosB,mecA,mecR1=PARTIAL,mph(C),msr(A),murA_G257D=POINT,sat4,tet(38)",20,"aur,hld,hlgA,hlgB,hlgC,icaC,lukD,lukE,lukF-PV,lukS-PV,sak,sasG=PARTIAL,scn,sek,sel26,selX,seq,splA,splB,splE",4.2.7,2026-01-21.1
PDT000021435.2|SAMN02381618|GCA_000540715.1|Staphylococcus aureus KINW6016||KINW6016|Generic,GCA_000540715.1,SAMN02381618,,"USA: Irvine, CA",Homo sapiens,blood,,PDT000021435.2,2014-02-04,,17,"aadD1,ant(9)-Ia,blaI,blaR1,blaZ,bleO,erm(A),fosB,gyrA_E88K=POINT,gyrA_S84L=POINT,mecA,mecI,mecR1,mepA,parC_E84G=POINT,parC_S80Y=POINT,tet(38)","aadD1,ant(9)-Ia,blaI,blaR1,blaZ,bleO,erm(A),fosB,gyrA_E88K=POINT,gyrA_S84L=POINT,mecA,mecI,mecR1,parC_E84G=POINT,parC_S80Y=POINT,tet(38)",21,"aur,hld,hlgA,hlgB,hlgC,icaC,lukD,lukE,sak,scn,sed,sei,sej,selX,sem,sen=MISTRANSLATION,seo,ser,seu=PARTIAL,splA,splB",4.0.23,2025-06-03.1
PDT000021436.2|SAMN02381619|GCA_000540735.1|Staphylococcus aureus FVRH6011||FVRH6011|Generic,GCA_000540735.1,SAMN02381619,,"USA: Irvine, CA",Homo sapiens,sputum,,PDT000021436.2,2014-02-04,,14,"ant(9)-Ia,blaI,blaR1,blaZ,erm(A),fosB,gyrA_S84L=POINT,mecA,mecI,mecR1,mepA,parC_E84G=POINT,parC_S80Y=POINT,tet(38)","ant(9)-Ia,blaI,blaR1,blaZ,erm(A),fosB,gyrA_S84L=POINT,mecA,mecI,mecR1,parC_E84G=POINT,parC_S80Y=POINT,tet(38)",20,"aur,hld,hlgA,hlgB,hlgC,icaC,lukE,sak,scn,sed,sei,sej,selX,sem,sen=MISTRANSLATION,seo,ser,seu=PARTIAL,splA,splB",4.0.23,2025-06-03.1
PDT000021437.2|SAMN02381620|GCA_000540755.1|Staphylococcus aureus HOAG6092||HOAG6092|Generic,GCA_000540755.1,SAMN02381620,,"USA: Irvine, CA",Homo sapiens,sputum,,PDT000021437.2,2014-02-04,,17,"aadD1,ant(9)-Ia,blaI,blaR1,blaZ,bleO,erm(A),fosB,gyrA_E88G=POINT,gyrA_S84L=POINT,mecA,mecI,mecR1,mepA,parC_E84G=POINT,parC_S80Y=POINT,tet(38)","aadD1,ant(9)-Ia,blaI,blaR1,blaZ,bleO,erm(A),fosB,gyrA_E88G=POINT,gyrA_S84L=POINT,mecA,mecI,mecR1,parC_E84G=POINT,parC_S80Y=POINT,tet(38)",21,"aur,hld,hlgA,hlgB,hlgC,icaC,lukD,lukE,sak,scn,sed,sei,sej,selX,sem,sen=MISTRANSLATION,seo,ser,seu=PARTIAL,splA,splB",4.2.7,2026-01-21.1
PDT000021438.2|SAMN02381621|GCA_000540775.1|Staphylococcus aureus SCOA6048||SCOA6048|Generic,GCA_000540775.1,SAMN02381621,,"USA: Irvine, CA",Homo sapiens,blood,,PDT000021438.2,2014-02-04,,16,"ant(6)-Ia=MISTRANSLATION,aph(3')-IIIa,blaI,blaR1=HMM,erm(C),fosB,gyrA_S84L=POINT,mecA,mecR1=PARTIAL,mepA,mph(C),msr(A),murA_G257D=POINT,parC_S80Y=POINT,sat4,tet(38)","ant(6)-Ia=MISTRANSLATION,aph(3')-IIIa,blaI,blaR1=HMM,erm(C),fosB,gyrA_S84L=POINT,mecA,mecR1=PARTIAL,mph(C),msr(A),murA_G257D=POINT,parC_S80Y=POINT,sat4,tet(38)",20,"aur,hld,hlgA,hlgB,hlgC,icaC,lukD,lukE,lukF-PV,lukS-PV,sak,sasG=PARTIAL,scn,sek,sel26,selX,seq,splA,splB,splE",4.2.7,2026-01-21.1
PDT000021439.2|SAMN02381622|GCA_000540795.1|Staphylococcus aureus SJOS6105||SJOS6105|Generic,GCA_000540795.1,SAMN02381622,,"USA: Irvine, CA",Homo sapiens,blood,,PDT000021439.2,2014-02-04,,13,"aadD1,ant(9)-Ia,bleO,erm(A),fosB,gyrA_S84L=POINT,mecA,mecI,mecR1,mepA,parC_E84G=POINT,parC_S80Y=POINT,tet(38)","aadD1,ant(9)-Ia,bleO,erm(A),fosB,gyrA_S84L=POINT,mecA,mecI,mecR1,parC_E84G=POINT,parC_S80Y=POINT,tet(38)",16,"aur,hld,hlgA,hlgB,hlgC,icaC,lukD,lukE,sei,selX,sem,sen=MISTRANSLATION,seo,seu=PARTIAL,splA,splB",4.2.7,2026-01-21.1
PDT000021440.2|SAMN02381624|GCA_000540815.1|Staphylococcus aureus SJOS6124||SJOS6124|Generic,GCA_000540815.1,SAMN02381624,,"USA: Irvine, CA",Homo sapiens,blood,,PDT000021440.2,2014-02-04,,16,"aadD1,ant(9)-Ia,blaI,blaR1=MISTRANSLATION,blaZ,bleO,erm(A),fosB,gyrA_S84L=POINT,mecA,mecI,mecR1,mepA,parC_E84G=POINT,parC_S80Y=POINT,tet(38)","aadD1,ant(9)-Ia,blaI,blaR1=MISTRANSLATION,blaZ,bleO,erm(A),fosB,gyrA_S84L=POINT,mecA,mecI,mecR1,parC_E84G=POINT,parC_S80Y=POINT,tet(38)",21,"aur,hld,hlgA,hlgB,hlgC,icaC,lukD,lukE,sak,scn,sed=PARTIAL_END_OF_CONTIG,sei,sej,selX,sem,sen=MISTRANSLATION,seo,ser=PARTIAL,seu=PARTIAL,splA,splB",4.0.23,2025-06-03.1
PDT000021441.2|SAMN02381627|GCA_000540835.1|Staphylococcus aureus COAS6052||COAS6052|Generic,GCA_000540835.1,SAMN02381627,,"USA: Irvine, CA",Homo sapiens,wound,,PDT000021441.2,2014-02-04,,17,"ant(6)-Ia=MISTRANSLATION,aph(3')-IIIa,blaI,blaR1,blaZ,fosB,gyrA_S84L=POINT,mecA,mecR1=PARTIAL,mepA,mph(C),msr(A),murA_G257D=POINT,parC_S80Y=POINT,rpsJ_Y58D=POINT,sat4,tet(38)","ant(6)-Ia=MISTRANSLATION,aph(3')-IIIa,blaI,blaR1,blaZ,fosB,gyrA_S84L=POINT,mecA,mecR1=PARTIAL,mph(C),msr(A),murA_G257D=POINT,parC_S80Y=POINT,rpsJ_Y58D=POINT,sat4,tet(38)",20,"aur,hld,hlgA,hlgB,hlgC,icaC,lukD,lukE,lukF-PV,lukS-PV,sak,sasG=PARTIAL,scn,sek,sel26,selX,seq,splA,splB,splE",4.0.23,2025-06-03.1
PDT000021442.2|SAMN02381628|GCA_000540855.1|Staphylococcus aureus SJOS6118||SJOS6118|Generic,GCA_000540855.1,SAMN02381628,,"USA: Irvine, CA",Homo sapiens,sputum,,PDT000021442.2,2014-02-04,,17,"aadD1,ant(9)-Ia,blaI,blaR1,blaZ,bleO,erm(A),erm(C)=PARTIAL_END_OF_CONTIG,fosB,gyrA_S84L=POINT,mecA,mecI,mecR1,mepA,parC_E84G=POINT,parC_S80Y=POINT,tet(38)","aadD1,ant(9)-Ia,blaI,blaR1,blaZ,bleO,erm(A),erm(C)=PARTIAL_END_OF_CONTIG,fosB,gyrA_S84L=POINT,mecA,mecI,mecR1,parC_E84G=POINT,parC_S80Y=POINT,tet(38)",21,"aur,hld,hlgA,hlgB,hlgC,icaC,lukD,lukE,sak,scn,sed,sei,sej,selX,sem,sen=MISTRANSLATION,seo,ser,seu=PARTIAL,splA,splB",4.0.23,2025-06-03.1
PDT000021443.2|SAMN02381629|GCA_000540875.1|Staphylococcus aureus SJOS6125||SJOS6125|Generic,GCA_000540875.1,SAMN02381629,,"USA: Irvine, CA",Homo sapiens,blood,,PDT000021443.2,2014-02-04,,16,"aadD1,ant(9)-Ia,blaI,blaR1,blaZ,bleO,erm(A),fosB,gyrA_S84L=POINT,mecA,mecI,mecR1,mepA,parC_E84G=POINT,parC_S80Y=POINT,tet(38)","aadD1,ant(9)-Ia,blaI,blaR1,blaZ,bleO,erm(A),fosB,gyrA_S84L=POINT,mecA,mecI,mecR1,parC_E84G=POINT,parC_S80Y=POINT,tet(38)",21,"aur,hld,hlgA,hlgB,hlgC,icaC,lukD,lukE,sak,scn,sed,sei,sej,selX,sem,sen=MISTRANSLATION,seo,ser=PARTIAL,seu=PARTIAL,splA,splB",4.2.7,2026-01-21.1
PDT000021444.2|SAMN02381630|GCA_000540895.1|Staphylococcus aureus COAS6053||COAS6053|Generic,GCA_000540895.1,SAMN02381630,,"USA: Irvine, CA",Homo sapiens,sputum,,PDT000021444.2,2014-02-04,,15,"aadD1,ant(9)-Ia,blaI,blaR1,blaZ,bleO,erm(A),fosB,gyrA_S84L=POINT,mecA,mecI,mecR1,mepA,parC_S80F=POINT,tet(38)","aadD1,ant(9)-Ia,blaI,blaR1,blaZ,bleO,erm(A),fosB,gyrA_S84L=POINT,mecA,mecI,mecR1,parC_S80F=POINT,tet(38)",19,"aur,hld,hlgA,hlgB,hlgC,icaC,lukD,lukE,sak,sasG=PARTIAL_END_OF_CONTIG,scn,sei,selX,sem,sen=MISTRANSLATION,seo,sep,splA,splB",4.2.7,2026-01-21.1
PDT000021445.2|SAMN02381632|GCA_000540915.1|Staphylococcus aureus SJUD6107||SJUD6107|Generic,GCA_000540915.1,SAMN02381632,,"USA: Irvine, CA",Homo sapiens,sputum,,PDT000021445.2,2014-02-04,,16,"aadD1,ant(9)-Ia,blaI,blaR1,blaZ,bleO,erm(A),fosB,gyrA_S84L=POINT,mecA,mecI,mecR1,mepA,parC_E84K=POINT,parC_S80F=POINT,tet(38)","aadD1,ant(9)-Ia,blaI,blaR1,blaZ,bleO,erm(A),fosB,gyrA_S84L=POINT,mecA,mecI,mecR1,parC_E84K=POINT,parC_S80F=POINT,tet(38)",15,"aur,hld,hlgA,hlgB,hlgC,icaC,lukD,lukE,sei,selX,sem=PARTIAL,sen=MISTRANSLATION,seo,splA,splB",4.0.23,2025-06-03.1
PDT000021446.2|SAMN02381633|GCA_000540935.1|Staphylococcus aureus SJUD6111||SJUD6111|Generic,GCA_000540935.1,SAMN02381633,,"USA: Irvine, CA",Homo sapiens,blood,,PDT000021446.2,2014-02-04,,16,"ant(6)-Ia=MISTRANSLATION,aph(3')-IIIa,blaI,blaR1,blaZ,fosB,gyrA_S84L=POINT,mecA,mecR1=PARTIAL,mepA,mph(C),msr(A),murA_G257D=POINT,parC_S80F=POINT,sat4,tet(38)","ant(6)-Ia=MISTRANSLATION,aph(3')-IIIa,blaI,blaR1,blaZ,fosB,gyrA_S84L=POINT,mecA,mecR1=PARTIAL,mph(C),msr(A),murA_G257D=POINT,parC_S80F=POINT,sat4,tet(38)",16,"aur,hld,hlgA,hlgB,hlgC,icaC,lukD,lukE,sak,sasG=PARTIAL,scn,sel26,selX,splA,splB,splE",4.0.23,2025-06-03.1
PDT000021447.2|SAMN02381634|GCA_000540955.1|Staphylococcus aureus SJUD6110||SJUD6110|Generic,GCA_000540955.1,SAMN02381634,,"USA: Irvine, CA",Homo sapiens,blood,,PDT000021447.2,2014-02-04,,17,"ant(6)-Ia=MISTRANSLATION,aph(3')-IIIa,blaI,blaR1,blaZ,fosB,gyrA_S84L=POINT,mecA,mecR1=PARTIAL,mepA,mph(C),mprF_T345A=POINT,msr(A),murA_G257D=POINT,parC_S80Y=POINT,sat4,tet(38)","ant(6)-Ia=MISTRANSLATION,aph(3')-IIIa,blaI,blaR1,blaZ,fosB,gyrA_S84L=POINT,mecA,mecR1=PARTIAL,mph(C),mprF_T345A=POINT,msr(A),murA_G257D=POINT,parC_S80Y=POINT,sat4,tet(38)",20,"aur,hld,hlgA,hlgB,hlgC,icaC,lukD,lukE,lukF-PV,lukS-PV,sak,sasG=PARTIAL,scn,sek,sel26,selX,seq,splA,splB,splE",4.0.23,2025-06-03.1
PDT000021448.2|SAMN02381635|GCA_000540975.1|Staphylococcus aureus SJOS6126||SJOS6126|Generic,GCA_000540975.1,SAMN02381635,,"USA: Irvine, CA",Homo sapiens,blood,,PDT000021448.2,2014-02-04,,19,"aadD1=PARTIAL_END_OF_CONTIG,ant(9)-Ia,blaI,blaR1=HMM,blaZ,bleO,erm(A),erm(C)=PARTIAL_END_OF_CONTIG,fosB,gyrA_S84L=POINT,mecA,mecI,mecR1,mepA,mph(C)=PARTIAL_END_OF_CONTIG,mupA,parC_S80F=POINT,parE_D432N=POINT,tet(38)","aadD1=PARTIAL_END_OF_CONTIG,ant(9)-Ia,blaI,blaR1=HMM,blaZ,bleO,erm(A),erm(C)=PARTIAL_END_OF_CONTIG,fosB,gyrA_S84L=POINT,mecA,mecI,mecR1,mph(C)=PARTIAL_END_OF_CONTIG,mupA,parC_S80F=POINT,parE_D432N=POINT,tet(38)",18,"aur,hld,hlgA,hlgB,hlgC,icaC,lukD,lukE,sak,scn,sei,selX,sem,sen=MISTRANSLATION,seo,sep,splA,splB",4.2.7,2026-01-21.1
PDT000021449.2|SAMN02381637|GCA_000540995.1|Staphylococcus aureus SJUD6101||SJUD6101|Generic,GCA_000540995.1,SAMN02381637,,"USA: Irvine, CA",Homo sapiens,sputum,,PDT000021449.2,2014-02-04,,16,"aadD1,ant(9)-Ia,blaI,blaR1,blaZ,bleO,erm(A),fosB,gyrA_S84L=POINT,mecA,mecI,mecR1,mepA,parC_E84G=POINT,parC_S80Y=POINT,tet(38)","aadD1,ant(9)-Ia,blaI,blaR1,blaZ,bleO,erm(A),fosB,gyrA_S84L=POINT,mecA,mecI,mecR1,parC_E84G=POINT,parC_S80Y=POINT,tet(38)",21,"aur,hld,hlgA,hlgB,hlgC,icaC,lukD,lukE,sak,scn,sed,sei,sej,selX,sem,sen=MISTRANSLATION,seo,ser,seu=PARTIAL,splA,splB",4.2.7,2026-01-21.1
PDT000021450.2|SAMN02381638|GCA_000541015.1|Staphylococcus aureus SJUD6109||SJUD6109|Generic,GCA_000541015.1,SAMN02381638,,"USA: Irvine, CA",Homo sapiens,blood,,PDT000021450.2,2014-02-04,,15,"ant(9)-Ia,blaI,blaR1,blaZ,erm(A),fosB,gyrA_S84L=POINT,gyrA_S85P=POINT,mecA,mecI,mecR1,mepA,parC_E84G=POINT,parC_S80Y=POINT,tet(38)","ant(9)-Ia,blaI,blaR1,blaZ,erm(A),fosB,gyrA_S84L=POINT,gyrA_S85P=POINT,mecA,mecI,mecR1,parC_E84G=POINT,parC_S80Y=POINT,tet(38)",20,"aur,hld,hlgA,hlgB,hlgC,icaC,lukD,lukE,sak,sasG=PARTIAL_END_OF_CONTIG,scn,sei,selX,sem,sen=MISTRANSLATION,seo,sep,seu=PARTIAL,splA,splB",4.0.23,2025-06-03.1
PDT000021451.2|SAMN02381639|GCA_000541035.1|Staphylococcus aureus MISS6119||MISS6119|Generic,GCA_000541035.1,SAMN02381639,,"USA: Irvine, CA",Homo sapiens,sputum,,PDT000021451.2,2014-02-04,,12,"blaI,blaR1=PARTIAL_END_OF_CONTIG,blaZ,fosB,gyrA_S84L=POINT,mecA,mecR1=PARTIAL,mepA,murA_G257D=POINT,parC_S80Y=POINT,rpsJ_Y58D=POINT,tet(38)","blaI,blaR1=PARTIAL_END_OF_CONTIG,blaZ,fosB,gyrA_S84L=POINT,mecA,mecR1=PARTIAL,murA_G257D=POINT,parC_S80Y=POINT,rpsJ_Y58D=POINT,tet(38)",20,"aur,hld,hlgA,hlgB,hlgC,icaC,lukD,lukE,lukF-PV,lukS-PV,sak,sasG=PARTIAL,scn,sek,sel26,selX,seq,splA,splB,splE",4.0.23,2025-06-03.1
PDT000021452.2|SAMN02381640|GCA_000541055.1|Staphylococcus aureus SMMC6076||SMMC6076|Generic,GCA_000541055.1,SAMN02381640,,"USA: Irvine, CA",Homo sapiens,blood,,PDT000021452.2,2014-02-04,,17,"aadD1,ant(9)-Ia,blaI,blaR1,blaZ,bleO,erm(A),fosB,gyrA_E88K=POINT,gyrA_S84L=POINT,mecA,mecI,mecR1,mepA,parC_E84G=POINT,parC_S80Y=POINT,tet(38)","aadD1,ant(9)-Ia,blaI,blaR1,blaZ,bleO,erm(A),fosB,gyrA_E88K=POINT,gyrA_S84L=POINT,mecA,mecI,mecR1,parC_E84G=POINT,parC_S80Y=POINT,tet(38)",21,"aur,hld,hlgA,hlgB,hlgC,icaC,lukD,lukE,sak,scn,sed,sei,sej,selX,sem,sen=MISTRANSLATION,seo,ser,seu=PARTIAL,splA,splB",4.0.23,2025-06-03.1
PDT000021453.2|SAMN02381641|GCA_000541075.1|Staphylococcus aureus COAS6055||COAS6055|Generic,GCA_000541075.1,SAMN02381641,,"USA: Irvine, CA",Homo sapiens,wound,,PDT000021453.2,2014-02-04,,18,"aadD1,ant(6)-Ia=MISTRANSLATION,aph(3')-IIIa,blaI,blaR1,blaZ,fosB,gyrA_S84L=POINT,mecA,mecR1=PARTIAL,mepA,mph(C),msr(A),mupA,murA_G257D=POINT,parC_S80Y=POINT,sat4,tet(38)","aadD1,ant(6)-Ia=MISTRANSLATION,aph(3')-IIIa,blaI,blaR1,blaZ,fosB,gyrA_S84L=POINT,mecA,mecR1=PARTIAL,mph(C),msr(A),mupA,murA_G257D=POINT,parC_S80Y=POINT,sat4,tet(38)",20,"aur,hld,hlgA,hlgB,hlgC,icaC,lukD,lukE,lukF-PV,lukS-PV,sak,sasG=PARTIAL,scn,sek,sel26,selX,seq,splA,splB,splE",4.2.7,2026-01-21.1
PDT000021454.2|SAMN02381642|GCA_000541095.1|Staphylococcus aureus SMMC6085||SMMC6085|Generic,GCA_000541095.1,SAMN02381642,,"USA: Irvine, CA",Homo sapiens,sputum,,PDT000021454.2,2014-02-04,,15,"aadD1,ant(9)-Ia,bleO,erm(A),fosB,gyrA_E88K=POINT,gyrA_S84L=POINT,mecA,mecI,mecR1,mepA,mprF_S829L=POINT,parC_E84G=POINT,parC_S80Y=POINT,tet(38)","aadD1,ant(9)-Ia,bleO,erm(A),fosB,gyrA_E88K=POINT,gyrA_S84L=POINT,mecA,mecI,mecR1,mprF_S829L=POINT,parC_E84G=POINT,parC_S80Y=POINT,tet(38)",18,"aur,hld,hlgA,hlgB,hlgC,icaC,lukD,lukE,sak,scn,sei,selX,sem,sen=MISTRANSLATION,seo,seu=PARTIAL,splA,splB",4.2.7,2026-01-21.1
PDT000021455.2|SAMN02381643|GCA_000541115.1|Staphylococcus aureus COAS6060||COAS6060|Generic,GCA_000541115.1,SAMN02381643,,"USA: Irvine, CA",Homo sapiens,wound,,PDT000021455.2,2014-02-04,,20,"aadD1,ant(6)-Ia=MISTRANSLATION,ant(9)-Ia,aph(3')-IIIa,blaI,blaR1,blaZ,bleO,erm(A),fosB,gyrA_S84L=POINT,mecA,mecI,mecR1,mepA,mph(C),msr(A)=PARTIAL,parC_S80F=POINT,sat4,tet(38)","aadD1,ant(6)-Ia=MISTRANSLATION,ant(9)-Ia,aph(3')-IIIa,blaI,blaR1,blaZ,bleO,erm(A),fosB,gyrA_S84L=POINT,mecA,mecI,mecR1,mph(C),msr(A)=PARTIAL,parC_S80F=POINT,sat4,tet(38)",18,"aur,hld,hlgA,hlgB,hlgC,icaC,lukD,lukE,sak,sasG=PARTIAL,scn,sei,selX,sem,sen=MISTRANSLATION,seo,splA,splB",4.0.23,2025-06-03.1
PDT000021456.2|SAMN02381644|GCA_000541135.1|Staphylococcus aureus COAS6059||COAS6059|Generic,GCA_000541135.1,SAMN02381644,,"USA: Irvine, CA",Homo sapiens,wound,,PDT000021456.2,2014-02-04,,14,"ant(6)-Ia=MISTRANSLATION,aph(3')-IIIa,blaI,blaR1,blaZ,fosB,mecA,mecR1=PARTIAL,mepA,mph(C),msr(A),murA_G257D=POINT,sat4,tet(38)","ant(6)-Ia=MISTRANSLATION,aph(3')-IIIa,blaI,blaR1,blaZ,fosB,mecA,mecR1=PARTIAL,mph(C),msr(A),murA_G257D=POINT,sat4,tet(38)",20,"aur,hld,hlgA,hlgB,hlgC,icaC,lukD,lukE,lukF-PV,lukS-PV,sak,sasG=PARTIAL,scn,sek,sel26,selX,seq=PARTIAL,splA,splB,splE",4.0.23,2025-06-03.1
PDT000021457.2|SAMN02381645|GCA_000541155.1|Staphylococcus aureus WMCS6055||WMCS6055|Generic,GCA_000541155.1,SAMN02381645,,"USA: Irvine, CA",Homo sapiens,wound,,PDT000021457.2,2014-02-04,,17,"ant(6)-Ia=MISTRANSLATION,aph(3')-IIIa,blaI,blaR1,blaZ,erm(C),fosB,gyrA_S84L=POINT,mecA,mecR1=PARTIAL,mepA,mph(C),msr(A),murA_G257D=POINT,parC_S80Y=POINT,sat4,tet(38)","ant(6)-Ia=MISTRANSLATION,aph(3')-IIIa,blaI,blaR1,blaZ,erm(C),fosB,gyrA_S84L=POINT,mecA,mecR1=PARTIAL,mph(C),msr(A),murA_G257D=POINT,parC_S80Y=POINT,sat4,tet(38)",20,"aur,hld,hlgA,hlgB,hlgC,icaC,lukD,lukE,lukF-PV,lukS-PV,sak,sasG=PARTIAL,scn,sek,sel26,selX,seq,splA,splB,splE",4.0.23,2025-06-03.1
PDT000021458.2|SAMN02381646|GCA_000541175.1|Staphylococcus aureus HOAG6104||HOAG6104|Generic,GCA_000541175.1,SAMN02381646,,"USA: Irvine, CA",Homo sapiens,sputum,,PDT000021458.2,2014-02-04,,22,"aadD1,ant(6)-Ia=MISTRANSLATION,ant(9)-Ia,aph(3')-IIIa,blaI,blaR1,blaZ=MISTRANSLATION,bleO,erm(A),fosB,gyrA_S84L=POINT,mecA,mecI,mecR1,mepA,mph(C),msr(A)=PARTIAL,mupA,parC_E84K=POINT,parC_S80F=POINT,sat4,tet(38)","aadD1,ant(6)-Ia=MISTRANSLATION,ant(9)-Ia,aph(3')-IIIa,blaI,blaR1,blaZ=MISTRANSLATION,bleO,erm(A),fosB,gyrA_S84L=POINT,mecA,mecI,mecR1,mph(C),msr(A)=PARTIAL,mupA,parC_E84K=POINT,parC_S80F=POINT,sat4,tet(38)",19,"aur,hld,hlgA,hlgB,hlgC,icaC,lukD,lukE,sak,sasG=PARTIAL_END_OF_CONTIG,scn,sei,selX,sem=PARTIAL,sen=MISTRANSLATION,seo,sep,splA,splB",4.2.7,2026-01-21.1
PDT000021459.2|SAMN02381649|GCA_000541195.1|Staphylococcus aureus GGMC6049||GGMC6049|Generic,GCA_000541195.1,SAMN02381649,,"USA: Irvine, CA",Homo sapiens,blood,,PDT000021459.2,2014-02-04,,18,"ant(6)-Ia=MISTRANSLATION,aph(3')-IIIa,blaI,blaR1,blaZ,erm(C),fosB,gyrA_S84L=POINT,mecA,mecR1=PARTIAL,mepA,mph(C),msr(A),murA_G257D=POINT,parC_S80Y=POINT,parE_P585S=POINT,sat4,tet(38)","ant(6)-Ia=MISTRANSLATION,aph(3')-IIIa,blaI,blaR1,blaZ,erm(C),fosB,gyrA_S84L=POINT,mecA,mecR1=PARTIAL,mph(C),msr(A),murA_G257D=POINT,parC_S80Y=POINT,parE_P585S=POINT,sat4,tet(38)",20,"aur,hld,hlgA,hlgB,hlgC,icaC,lukD,lukE,lukF-PV,lukS-PV,sak,sasG=PARTIAL,scn,sek,sel26,selX,seq,splA,splB,splE",4.2.7,2026-01-21.1
PDT000021460.2|SAMN02381650|GCA_000541215.1|Staphylococcus aureus OCMM6067||OCMM6067|Generic,GCA_000541215.1,SAMN02381650,,"USA: Irvine, CA",Homo sapiens,blood,,PDT000021460.2,2014-02-04,,17,"ant(6)-Ia=PARTIAL,aph(3')-IIIa,blaI,blaR1,blaZ,glpT_A100V=POINT,mecA,mecR1=PARTIAL,mepA,mph(C),msr(A),murA_E291D=POINT,murA_T396N=POINT,parC_S80F=POINT,sat4,tet(38),tet(K)","ant(6)-Ia=PARTIAL,aph(3')-IIIa,blaI,blaR1,blaZ,glpT_A100V=POINT,mecA,mecR1=PARTIAL,mph(C),msr(A),murA_E291D=POINT,murA_T396N=POINT,parC_S80F=POINT,sat4,tet(38),tet(K)",14,"aur,hld,hlgA,hlgB,hlgC,icaC,sak,scn,sea,seb,sek,selX,seq,sey",4.0.23,2025-06-03.1
PDT000021461.2|SAMN02381651|GCA_000541235.1|Staphylococcus aureus OCMM6066||OCMM6066|Generic,GCA_000541235.1,SAMN02381651,,"USA: Irvine, CA",Homo sapiens,wound,,PDT000021461.2,2014-02-04,,17,"ant(6)-Ia=PARTIAL,aph(3')-IIIa,blaI,blaR1,blaZ,glpT_A100V=POINT,mecA,mecR1=PARTIAL,mepA,mph(C),msr(A),murA_E291D=POINT,murA_T396N=POINT,parC_S80F=POINT,sat4,tet(38),tet(K)","ant(6)-Ia=PARTIAL,aph(3')-IIIa,blaI,blaR1,blaZ,glpT_A100V=POINT,mecA,mecR1=PARTIAL,mph(C),msr(A),murA_E291D=POINT,murA_T396N=POINT,parC_S80F=POINT,sat4,tet(38),tet(K)",14,"aur,hld,hlgA,hlgB,hlgC,icaC,sak,scn,sea,seb,sek,selX,seq,sey",4.0.23,2025-06-03.1
PDT000021462.2|SAMN02381652|GCA_000541255.1|Staphylococcus aureus MISS6052||MISS6052|Generic,GCA_000541255.1,SAMN02381652,,"USA: Irvine, CA",Homo sapiens,blood,,PDT000021462.2,2014-02-04,,22,"aadD1,ant(6)-Ia=MISTRANSLATION,ant(9)-Ia,aph(3')-IIIa,blaI,blaR1,blaZ=MISTRANSLATION,bleO,erm(A),fosB,gyrA_S84L=POINT,mecA,mecI,mecR1,mepA,mph(C),msr(A)=PARTIAL,mupA,parC_E84K=POINT,parC_S80F=POINT,sat4,tet(38)","aadD1,ant(6)-Ia=MISTRANSLATION,ant(9)-Ia,aph(3')-IIIa,blaI,blaR1,blaZ=MISTRANSLATION,bleO,erm(A),fosB,gyrA_S84L=POINT,mecA,mecI,mecR1,mph(C),msr(A)=PARTIAL,mupA,parC_E84K=POINT,parC_S80F=POINT,sat4,tet(38)",18,"aur,hld,hlgA,hlgB,hlgC,icaC,lukD,lukE,sak,scn,sei,selX,sem=PARTIAL,sen=MISTRANSLATION,seo,sep,splA,splB",4.0.23,2025-06-03.1
PDT000021463.2|SAMN02381653|GCA_000541275.1|Staphylococcus aureus UCIM6065||UCIM6065|Generic,GCA_000541275.1,SAMN02381653,,"USA: Irvine, CA",Homo sapiens,blood,,PDT000021463.2,2014-02-04,,16,"ant(6)-Ia=MISTRANSLATION,aph(3')-IIIa,blaI,blaR1,blaZ,fosB,gyrA_S84L=POINT,mecA,mecR1=PARTIAL,mepA,mph(C),msr(A),murA_G257D=POINT,parC_S80F=POINT,sat4,tet(38)","ant(6)-Ia=MISTRANSLATION,aph(3')-IIIa,blaI,blaR1,blaZ,fosB,gyrA_S84L=POINT,mecA,mecR1=PARTIAL,mph(C),msr(A),murA_G257D=POINT,parC_S80F=POINT,sat4,tet(38)",15,"aur,hld,hlgA,hlgB,hlgC,icaC,lukD,lukE,sak,scn,sel26,selX,splA,splB,splE",4.2.7,2026-01-21.1
PDT000021464.2|SAMN02381654|GCA_000541295.1|Staphylococcus aureus UCIM6066||UCIM6066|Generic,GCA_000541295.1,SAMN02381654,,"USA: Irvine, CA",Homo sapiens,blood,,PDT000021464.2,2014-02-04,,16,"aadD1,ant(9)-Ia,blaI,blaR1,blaZ,bleO,erm(A),fosB,gyrA_S84L=POINT,mecA,mecI,mecR1,mepA,parC_E84G=POINT,parC_S80Y=POINT,tet(38)","aadD1,ant(9)-Ia,blaI,blaR1,blaZ,bleO,erm(A),fosB,gyrA_S84L=POINT,mecA,mecI,mecR1,parC_E84G=POINT,parC_S80Y=POINT,tet(38)",20,"aur,hld,hlgA,hlgB,hlgC,icaC,lukD,lukE,sak,scn,sed,sei,sej,selX,sem,sen=MISTRANSLATION,seo,ser,seu=PARTIAL,splB",4.2.7,2026-01-21.1
PDT000021465.2|SAMN02381655|GCA_000541315.1|Staphylococcus aureus UCIM6069||UCIM6069|Generic,GCA_000541315.1,SAMN02381655,,"USA: Irvine, CA",Homo sapiens,blood,,PDT000021465.2,2014-02-04,,15,"aadD1,ant(9)-Ia,blaI,blaZ=PARTIAL_END_OF_CONTIG,bleO,erm(A),fosB,gyrA_S84L=POINT,mecA,mecI,mecR1,mepA,parC_S80F=POINT,parE_D432N=POINT,tet(38)","aadD1,ant(9)-Ia,blaI,blaZ=PARTIAL_END_OF_CONTIG,bleO,erm(A),fosB,gyrA_S84L=POINT,mecA,mecI,mecR1,parC_S80F=POINT,parE_D432N=POINT,tet(38)",18,"aur,hld,hlgA,hlgB,hlgC,icaC,lukD,lukE=PARTIAL,sak,sasG=PARTIAL_END_OF_CONTIG,scn,sei,selX,sem,sen=MISTRANSLATION,seo,splA,splB",4.0.23,2025-06-03.1
