indicator,iso3,year,value
NY.GDP.PCAP.CD,ABW,2015,27458.2201537506
NY.GDP.PCAP.CD,ABW,2016,27441.5502144601
NY.GDP.PCAP.CD,ABW,2017,28440.0416881491
NY.GDP.PCAP.CD,ABW,2018,30082.1584226798
NY.GDP.PCAP.CD,ABW,2019,30654.4851235397
NY.GDP.PCAP.CD,ABW,2020,22664.3709949437
NY.GDP.PCAP.CD,ABW,2021,26827.3447869986
NY.GDP.PCAP.CD,ABW,2022,31000.5713798732
NY.GDP.PCAP.CD,ABW,2023,34897.6183932009
NY.GDP.PCAP.CD,ABW,2024,38590.5650288641
NY.GDP.PCAP.CD,AFE,2015,1498.71597073834
NY.GDP.PCAP.CD,AFE,2016,1335.7431649955
NY.GDP.PCAP.CD,AFE,2017,1529.92307995549
NY.GDP.PCAP.CD,AFE,2018,1553.61794421394
NY.GDP.PCAP.CD,AFE,2019,1508.0315245887
NY.GDP.PCAP.CD,AFE,2020,1351.50316694933
NY.GDP.PCAP.CD,AFE,2021,1560.89462580275
NY.GDP.PCAP.CD,AFE,2022,1675.90252377611
NY.GDP.PCAP.CD,AFE,2023,1571.13270407815
NY.GDP.PCAP.CD,AFE,2024,1628.22728900442
NY.GDP.PCAP.CD,AFE,2025,1722.38561960923
NY.GDP.PCAP.CD,AFG,2015,565.569730408751
NY.GDP.PCAP.CD,AFG,2016,522.082215583898
NY.GDP.PCAP.CD,AFG,2017,525.469770891619
NY.GDP.PCAP.CD,AFG,2018,491.337221382603
NY.GDP.PCAP.CD,AFG,2019,496.6025042585
NY.GDP.PCAP.CD,AFG,2020,510.787063366811
NY.GDP.PCAP.CD,AFG,2021,356.496214115892
NY.GDP.PCAP.CD,AFG,2022,357.261152798144
NY.GDP.PCAP.CD,AFG,2023,413.757894705303
NY.GDP.PCAP.CD,AFG,2024,416.871146273728
NY.GDP.PCAP.CD,AFW,2015,1863.40151301991
NY.GDP.PCAP.CD,AFW,2016,1632.42497788744
NY.GDP.PCAP.CD,AFW,2017,1577.20349674013
NY.GDP.PCAP.CD,AFW,2018,1723.11446346681
NY.GDP.PCAP.CD,AFW,2019,2219.41255534667
NY.GDP.PCAP.CD,AFW,2020,2034.43793971923
NY.GDP.PCAP.CD,AFW,2021,2116.9382941844
NY.GDP.PCAP.CD,AFW,2022,2143.07209365676
NY.GDP.PCAP.CD,AFW,2023,1846.24681069313
NY.GDP.PCAP.CD,AFW,2024,1416.22841156776
NY.GDP.PCAP.CD,AFW,2025,1600.05837434388
NY.GDP.PCAP.CD,AGO,2015,3641.72893920253
NY.GDP.PCAP.CD,AGO,2016,2082.37343594705
NY.GDP.PCAP.CD,AGO,2017,2832.14997950512
NY.GDP.PCAP.CD,AGO,2018,2891.83032378747
NY.GDP.PCAP.CD,AGO,2019,2507.86807213642
NY.GDP.PCAP.CD,AGO,2020,1749.1794838482
NY.GDP.PCAP.CD,AGO,2021,2266.96834861584
NY.GDP.PCAP.CD,AGO,2022,3598.53669077341
NY.GDP.PCAP.CD,AGO,2023,2885.51349130806
NY.GDP.PCAP.CD,AGO,2024,2720.81900669715
NY.GDP.PCAP.CD,AGO,2025,3129.47662331063
NY.GDP.PCAP.CD,ALB,2015,4199.53912925398
NY.GDP.PCAP.CD,ALB,2016,4457.63412207495
NY.GDP.PCAP.CD,ALB,2017,5006.36012951959
NY.GDP.PCAP.CD,ALB,2018,5897.65452588774
NY.GDP.PCAP.CD,ALB,2019,6069.43903131027
NY.GDP.PCAP.CD,ALB,2020,6027.91350716348
NY.GDP.PCAP.CD,ALB,2021,7242.45513146613
NY.GDP.PCAP.CD,ALB,2022,7756.96188744253
NY.GDP.PCAP.CD,ALB,2023,9740.7023414631
NY.GDP.PCAP.CD,ALB,2024,11374.0085781236
NY.GDP.PCAP.CD,ALB,2025,12998.147869552
NY.GDP.PCAP.CD,AND,2015,38654.9347217207
NY.GDP.PCAP.CD,AND,2016,40129.8192026671
NY.GDP.PCAP.CD,AND,2017,40672.9943362327
NY.GDP.PCAP.CD,AND,2018,42819.774579353
NY.GDP.PCAP.CD,AND,2019,41257.8045861543
NY.GDP.PCAP.CD,AND,2020,37361.090067211
NY.GDP.PCAP.CD,AND,2021,42425.6996761083
NY.GDP.PCAP.CD,AND,2022,42414.0590111349
NY.GDP.PCAP.CD,AND,2023,46812.448450114
NY.GDP.PCAP.CD,AND,2024,49357.437070178
NY.GDP.PCAP.CD,AND,2025,54291.5026031052
NY.GDP.PCAP.CD,ARB,2015,6299.87807685552
NY.GDP.PCAP.CD,ARB,2016,6051.26103619544
NY.GDP.PCAP.CD,ARB,2017,6105.92161804571
NY.GDP.PCAP.CD,ARB,2018,6708.53121256784
NY.GDP.PCAP.CD,ARB,2019,6683.67016877686
NY.GDP.PCAP.CD,ARB,2020,5749.75163256627
NY.GDP.PCAP.CD,ARB,2021,6708.20761928893
NY.GDP.PCAP.CD,ARB,2022,7960.81158770821
NY.GDP.PCAP.CD,ARB,2023,7504.35637695627
NY.GDP.PCAP.CD,ARB,2024,7602.41115691284
NY.GDP.PCAP.CD,ARB,2025,7544.41435641482
NY.GDP.PCAP.CD,ARE,2015,44910.3458860776
NY.GDP.PCAP.CD,ARE,2016,42721.1136110991
NY.GDP.PCAP.CD,ARE,2017,43733.6242018215
NY.GDP.PCAP.CD,ARE,2018,47135.3478795605
NY.GDP.PCAP.CD,ARE,2019,45938.6084572227
NY.GDP.PCAP.CD,ARE,2020,37991.738387966
NY.GDP.PCAP.CD,ARE,2021,44118.4936214315
NY.GDP.PCAP.CD,ARE,2022,50759.7590190204
NY.GDP.PCAP.CD,ARE,2023,49850.6945082084
NY.GDP.PCAP.CD,ARE,2024,50273.5126243239
NY.GDP.PCAP.CD,ARG,2015,13679.6264980954
NY.GDP.PCAP.CD,ARG,2016,12699.9623137756
NY.GDP.PCAP.CD,ARG,2017,14532.5009308511
NY.GDP.PCAP.CD,ARG,2018,11752.7998922979
NY.GDP.PCAP.CD,ARG,2019,9955.97478680428
NY.GDP.PCAP.CD,ARG,2020,8535.59938004389
NY.GDP.PCAP.CD,ARG,2021,10738.0179223384
NY.GDP.PCAP.CD,ARG,2022,13962.1894087223
NY.GDP.PCAP.CD,ARG,2023,14261.8465667948
NY.GDP.PCAP.CD,ARG,2024,13969.7836603737
NY.GDP.PCAP.CD,ARG,2025,14898.0885943842
NY.GDP.PCAP.CD,ARM,2015,3512.39350276709
NY.GDP.PCAP.CD,ARM,2016,3524.42476874707
NY.GDP.PCAP.CD,ARM,2017,3869.05373867752
NY.GDP.PCAP.CD,ARM,2018,4196.00562301769
NY.GDP.PCAP.CD,ARM,2019,4597.22887399548
NY.GDP.PCAP.CD,ARM,2020,4268.68093304583
NY.GDP.PCAP.CD,ARM,2021,4685.17997128509
NY.GDP.PCAP.CD,ARM,2022,6571.97445545099
NY.GDP.PCAP.CD,ARM,2023,8159.08720967996
NY.GDP.PCAP.CD,ARM,2024,8556.21406956719
NY.GDP.PCAP.CD,ARM,2025,9474.01849300368
NY.GDP.PCAP.CD,ASM,2015,12727.4102651386
NY.GDP.PCAP.CD,ASM,2016,12843.3342903627
NY.GDP.PCAP.CD,ASM,2017,11863.6839452565
NY.GDP.PCAP.CD,ASM,2018,12552.0546868861
NY.GDP.PCAP.CD,ASM,2019,12886.1359517218
NY.GDP.PCAP.CD,ASM,2020,14489.2586563775
NY.GDP.PCAP.CD,ASM,2021,15236.1604875571
NY.GDP.PCAP.CD,ASM,2022,18017.4589383973
NY.GDP.PCAP.CD,ATG,2015,16077.6340769406
NY.GDP.PCAP.CD,ATG,2016,16556.8551801588
NY.GDP.PCAP.CD,ATG,2017,16965.7288273816
NY.GDP.PCAP.CD,ATG,2018,18273.4270684912
NY.GDP.PCAP.CD,ATG,2019,18896.3721832248
NY.GDP.PCAP.CD,ATG,2020,15369.6082250401
NY.GDP.PCAP.CD,ATG,2021,17348.6006987182
NY.GDP.PCAP.CD,ATG,2022,20003.3909394099
NY.GDP.PCAP.CD,ATG,2023,22012.2625947994
NY.GDP.PCAP.CD,ATG,2024,23059.8330702839
NY.GDP.PCAP.CD,ATG,2025,24819.2454680158
NY.GDP.PCAP.CD,AUS,2015,56970.3613028094
NY.GDP.PCAP.CD,AUS,2016,50084.4440606385
NY.GDP.PCAP.CD,AUS,2017,54117.547718609
NY.GDP.PCAP.CD,AUS,2018,57410.1737346009
NY.GDP.PCAP.CD,AUS,2019,55194.7585097428
NY.GDP.PCAP.CD,AUS,2020,51983.4523666382
NY.GDP.PCAP.CD,AUS,2021,60758.9044397144
NY.GDP.PCAP.CD,AUS,2022,65169.5191118657
NY.GDP.PCAP.CD,AUS,2023,65058.3773146674
NY.GDP.PCAP.CD,AUS,2024,64609.9865116088
NY.GDP.PCAP.CD,AUS,2025,65129.7227990563
NY.GDP.PCAP.CD,AUT,2015,43915.228020857
NY.GDP.PCAP.CD,AUT,2016,45061.4993920192
NY.GDP.PCAP.CD,AUT,2017,47163.7425775142
NY.GDP.PCAP.CD,AUT,2018,51194.0749841299
NY.GDP.PCAP.CD,AUT,2019,49885.9947355204
NY.GDP.PCAP.CD,AUT,2020,48716.4098900349
NY.GDP.PCAP.CD,AUT,2021,53648.6437976214
NY.GDP.PCAP.CD,AUT,2022,52336.7725223758
NY.GDP.PCAP.CD,AUT,2023,56579.504175468
NY.GDP.PCAP.CD,AUT,2024,58268.8787651601
NY.GDP.PCAP.CD,AUT,2025,62930.0351324599
NY.GDP.PCAP.CD,AZE,2015,5500.50364628486
NY.GDP.PCAP.CD,AZE,2016,3880.6852276838
NY.GDP.PCAP.CD,AZE,2017,4147.1981423222
NY.GDP.PCAP.CD,AZE,2018,4739.7943123408
NY.GDP.PCAP.CD,AZE,2019,4805.75371765917
NY.GDP.PCAP.CD,AZE,2020,4229.91064904503
NY.GDP.PCAP.CD,AZE,2021,5408.04535175023
NY.GDP.PCAP.CD,AZE,2022,7770.594223351
NY.GDP.PCAP.CD,AZE,2023,7133.02838048328
NY.GDP.PCAP.CD,AZE,2024,7294.64276088105
NY.GDP.PCAP.CD,AZE,2025,7410.72281660142
NY.GDP.PCAP.CD,BDI,2015,254.402585226788
NY.GDP.PCAP.CD,BDI,2016,232.937812100153
NY.GDP.PCAP.CD,BDI,2017,246.060725714184
NY.GDP.PCAP.CD,BDI,2018,245.661678332009
NY.GDP.PCAP.CD,BDI,2019,234.31061590725
NY.GDP.PCAP.CD,BDI,2020,252.702452750006
NY.GDP.PCAP.CD,BDI,2021,264.172844085398
NY.GDP.PCAP.CD,BDI,2022,301.832255755105
NY.GDP.PCAP.CD,BDI,2023,249.795164039029
NY.GDP.PCAP.CD,BDI,2024,216.231928531758
NY.GDP.PCAP.CD,BDI,2025,233.823013385395
NY.GDP.PCAP.CD,BEL,2015,40893.804537772
NY.GDP.PCAP.CD,BEL,2016,41854.5498296444
NY.GDP.PCAP.CD,BEL,2017,44035.3239358548
NY.GDP.PCAP.CD,BEL,2018,47487.2100392561
NY.GDP.PCAP.CD,BEL,2019,46716.6227467964
NY.GDP.PCAP.CD,BEL,2020,45906.2875805246
NY.GDP.PCAP.CD,BEL,2021,51658.238294958
NY.GDP.PCAP.CD,BEL,2022,50639.0264882739
NY.GDP.PCAP.CD,BEL,2023,55244.68145811
NY.GDP.PCAP.CD,BEL,2024,56581.9375642531
NY.GDP.PCAP.CD,BEL,2025,60750.2735864647
NY.GDP.PCAP.CD,BEN,2015,1002.41886879614
NY.GDP.PCAP.CD,BEN,2016,1010.5338961993
NY.GDP.PCAP.CD,BEN,2017,1054.97408066814
NY.GDP.PCAP.CD,BEN,2018,1151.7409703472
NY.GDP.PCAP.CD,BEN,2019,1130.82135339795
NY.GDP.PCAP.CD,BEN,2020,1200.19426557789
NY.GDP.PCAP.CD,BEN,2021,1318.65158075198
NY.GDP.PCAP.CD,BEN,2022,1266.42711031904
NY.GDP.PCAP.CD,BEN,2023,1394.17784721831
NY.GDP.PCAP.CD,BEN,2024,1485.38018885134
NY.GDP.PCAP.CD,BEN,2025,1658.27312662991
NY.GDP.PCAP.CD,BFA,2015,630.124750752312
NY.GDP.PCAP.CD,BFA,2016,663.742364842886
NY.GDP.PCAP.CD,BFA,2017,709.091535894695
NY.GDP.PCAP.CD,BFA,2018,777.465618514048
NY.GDP.PCAP.CD,BFA,2019,764.853077774946
NY.GDP.PCAP.CD,BFA,2020,825.237038782475
NY.GDP.PCAP.CD,BFA,2021,895.535288442991
NY.GDP.PCAP.CD,BFA,2022,827.330843486661
NY.GDP.PCAP.CD,BFA,2023,873.198061670247
NY.GDP.PCAP.CD,BFA,2024,982.493100418428
NY.GDP.PCAP.CD,BFA,2025,1147.57131635601
NY.GDP.PCAP.CD,BGD,2015,1224.38647668165
NY.GDP.PCAP.CD,BGD,2016,1649.28380858601
NY.GDP.PCAP.CD,BGD,2017,1811.08221668646
NY.GDP.PCAP.CD,BGD,2018,1965.24372731467
NY.GDP.PCAP.CD,BGD,2019,2129.79896954606
NY.GDP.PCAP.CD,BGD,2020,2248.85078828233
NY.GDP.PCAP.CD,BGD,2021,2482.84917843357
NY.GDP.PCAP.CD,BGD,2022,2716.48592780431
NY.GDP.PCAP.CD,BGD,2023,2551.01773827307
NY.GDP.PCAP.CD,BGD,2024,2593.41611680774
NY.GDP.PCAP.CD,BGD,2025,2597.34352335275
NY.GDP.PCAP.CD,BGR,2015,7269.02586513711
NY.GDP.PCAP.CD,BGR,2016,7822.89886431732
NY.GDP.PCAP.CD,BGR,2017,8697.13373333715
NY.GDP.PCAP.CD,BGR,2018,9849.88769989118
NY.GDP.PCAP.CD,BGR,2019,10354.2500414088
NY.GDP.PCAP.CD,BGR,2020,10760.7616180234
NY.GDP.PCAP.CD,BGR,2021,12966.8085197381
NY.GDP.PCAP.CD,BGR,2022,13999.9113358453
NY.GDP.PCAP.CD,BGR,2023,15854.0192893772
NY.GDP.PCAP.CD,BGR,2024,17596.9167621233
NY.GDP.PCAP.CD,BGR,2025,20328.1667065538
NY.GDP.PCAP.CD,BHR,2015,23734.0551143019
NY.GDP.PCAP.CD,BHR,2016,23800.001440631
NY.GDP.PCAP.CD,BHR,2017,24784.7693514607
NY.GDP.PCAP.CD,BHR,2018,26324.4066549559
NY.GDP.PCAP.CD,BHR,2019,27259.7438599327
NY.GDP.PCAP.CD,BHR,2020,24342.8444554718
NY.GDP.PCAP.CD,BHR,2021,27147.8083882286
NY.GDP.PCAP.CD,BHR,2022,30470.5219276023
NY.GDP.PCAP.CD,BHR,2023,29290.1284215098
NY.GDP.PCAP.CD,BHR,2024,29717.1424605273
NY.GDP.PCAP.CD,BHR,2025,30596.5794898885
NY.GDP.PCAP.CD,BHS,2015,30719.405417469
NY.GDP.PCAP.CD,BHS,2016,30616.5363157284
NY.GDP.PCAP.CD,BHS,2017,31875.4881749619
NY.GDP.PCAP.CD,BHS,2018,32642.3353203452
NY.GDP.PCAP.CD,BHS,2019,33640.3369861278
NY.GDP.PCAP.CD,BHS,2020,26178.7537607708
NY.GDP.PCAP.CD,BHS,2021,30367.8605757708
NY.GDP.PCAP.CD,BHS,2022,34957.1613279737
NY.GDP.PCAP.CD,BHS,2023,38231.774484278
NY.GDP.PCAP.CD,BHS,2024,39455.4466548546
NY.GDP.PCAP.CD,BIH,2015,4662.25869219448
NY.GDP.PCAP.CD,BIH,2016,4928.5665903114
NY.GDP.PCAP.CD,BIH,2017,5345.01978766473
NY.GDP.PCAP.CD,BIH,2018,6047.84707207392
NY.GDP.PCAP.CD,BIH,2019,6122.37541352353
NY.GDP.PCAP.CD,BIH,2020,6130.31187968266
NY.GDP.PCAP.CD,BIH,2021,7295.34378682258
NY.GDP.PCAP.CD,BIH,2022,7655.59421024383
NY.GDP.PCAP.CD,BIH,2023,8663.02326458629
NY.GDP.PCAP.CD,BIH,2024,9397.90942855997
NY.GDP.PCAP.CD,BIH,2025,10381.8460703874
NY.GDP.PCAP.CD,BLR,2015,5967.05595058777
NY.GDP.PCAP.CD,BLR,2016,5039.77560949445
NY.GDP.PCAP.CD,BLR,2017,5785.54491935194
NY.GDP.PCAP.CD,BLR,2018,6360.037502312
NY.GDP.PCAP.CD,BLR,2019,6837.77339645635
NY.GDP.PCAP.CD,BLR,2020,6542.85579976768
NY.GDP.PCAP.CD,BLR,2021,7489.71894713888
NY.GDP.PCAP.CD,BLR,2022,7994.64806074889
NY.GDP.PCAP.CD,BLR,2023,7896.75388295584
NY.GDP.PCAP.CD,BLR,2024,8605.60954569694
NY.GDP.PCAP.CD,BLR,2025,10279.2547190723
NY.GDP.PCAP.CD,BLZ,2015,6154.62264230369
NY.GDP.PCAP.CD,BLZ,2016,6140.86713919469
NY.GDP.PCAP.CD,BLZ,2017,6071.85451846453
NY.GDP.PCAP.CD,BLZ,2018,6011.99036888587
NY.GDP.PCAP.CD,BLZ,2019,6171.61449761423
NY.GDP.PCAP.CD,BLZ,2020,5238.54078175696
NY.GDP.PCAP.CD,BLZ,2021,6142.98930557031
NY.GDP.PCAP.CD,BLZ,2022,7068.21728043145
NY.GDP.PCAP.CD,BLZ,2023,7424.75821321022
NY.GDP.PCAP.CD,BLZ,2024,7681.24400583113
NY.GDP.PCAP.CD,BLZ,2025,7865.47937690933
NY.GDP.PCAP.CD,BMU,2015,104855.366822135
NY.GDP.PCAP.CD,BMU,2016,108747.356144305
NY.GDP.PCAP.CD,BMU,2017,112339.425587467
NY.GDP.PCAP.CD,BMU,2018,113204.82210838
NY.GDP.PCAP.CD,BMU,2019,115798.040775578
NY.GDP.PCAP.CD,BMU,2020,106976.546239632
NY.GDP.PCAP.CD,BMU,2021,112765.08167306
NY.GDP.PCAP.CD,BMU,2022,119969.173269085
NY.GDP.PCAP.CD,BMU,2023,132961.760796315
NY.GDP.PCAP.CD,BMU,2024,142250.433195123
NY.GDP.PCAP.CD,BOL,2015,2996.01289811344
NY.GDP.PCAP.CD,BOL,2016,3035.87347732132
NY.GDP.PCAP.CD,BOL,2017,4048.40119739839
NY.GDP.PCAP.CD,BOL,2018,4206.8552936661
NY.GDP.PCAP.CD,BOL,2019,4203.15492855788
NY.GDP.PCAP.CD,BOL,2020,3580.96761778303
NY.GDP.PCAP.CD,BOL,2021,4010.76053686204
NY.GDP.PCAP.CD,BOL,2022,4219.46113742445
NY.GDP.PCAP.CD,BOL,2023,4274.70820547613
NY.GDP.PCAP.CD,BOL,2024,4421.16609889999
NY.GDP.PCAP.CD,BOL,2025,5147.81081955367
NY.GDP.PCAP.CD,BRA,2015,8936.19661712113
NY.GDP.PCAP.CD,BRA,2016,8836.28652735657
NY.GDP.PCAP.CD,BRA,2017,10080.5092819305
NY.GDP.PCAP.CD,BRA,2018,9300.66164923219
NY.GDP.PCAP.CD,BRA,2019,9029.83326681073
NY.GDP.PCAP.CD,BRA,2020,7074.19378337644
NY.GDP.PCAP.CD,BRA,2021,7972.5366498646
NY.GDP.PCAP.CD,BRA,2022,9281.33334441234
NY.GDP.PCAP.CD,BRA,2023,10377.5892792557
NY.GDP.PCAP.CD,BRA,2024,10310.5486973693
NY.GDP.PCAP.CD,BRA,2025,10713.2856869511
NY.GDP.PCAP.CD,BRB,2015,20429.4747123553
NY.GDP.PCAP.CD,BRB,2016,20311.4094163764
NY.GDP.PCAP.CD,BRB,2017,20870.7596432179
NY.GDP.PCAP.CD,BRB,2018,21378.2201267496
NY.GDP.PCAP.CD,BRB,2019,21929.435611489
NY.GDP.PCAP.CD,BRB,2020,19180.9915228365
NY.GDP.PCAP.CD,BRB,2021,21084.4013935998
NY.GDP.PCAP.CD,BRB,2022,24393.2193483944
NY.GDP.PCAP.CD,BRB,2023,25583.8722302505
NY.GDP.PCAP.CD,BRB,2024,26897.2002039176
NY.GDP.PCAP.CD,BRB,2025,28364.8181499736
NY.GDP.PCAP.CD,BRN,2015,30625.1287744656
NY.GDP.PCAP.CD,BRN,2016,26663.2972950602
NY.GDP.PCAP.CD,BRN,2017,28024.3824580252
NY.GDP.PCAP.CD,BRN,2018,30988.1190267227
NY.GDP.PCAP.CD,BRN,2019,30426.5730656528
NY.GDP.PCAP.CD,BRN,2020,26834.3592233943
NY.GDP.PCAP.CD,BRN,2021,31006.9636289785
NY.GDP.PCAP.CD,BRN,2022,36632.9280952155
NY.GDP.PCAP.CD,BRN,2023,32890.5491812019
NY.GDP.PCAP.CD,BRN,2024,33153.4738913513
NY.GDP.PCAP.CD,BRN,2025,32234.6428368582
NY.GDP.PCAP.CD,BTN,2015,2954.04081911097
NY.GDP.PCAP.CD,BTN,2016,3152.30905106786
NY.GDP.PCAP.CD,BTN,2017,3435.28804735662
NY.GDP.PCAP.CD,BTN,2018,3400.20417245342
NY.GDP.PCAP.CD,BTN,2019,3576.87987100503
NY.GDP.PCAP.CD,BTN,2020,3191.66906999331
NY.GDP.PCAP.CD,BTN,2021,3570.61257980872
NY.GDP.PCAP.CD,BTN,2022,3711.32767981591
NY.GDP.PCAP.CD,BTN,2023,3831.32535564326
NY.GDP.PCAP.CD,BTN,2024,4228.05102403654
NY.GDP.PCAP.CD,BTN,2025,4492.78400306618
NY.GDP.PCAP.CD,BWA,2015,6141.20394726616
NY.GDP.PCAP.CD,BWA,2016,6749.05994339013
NY.GDP.PCAP.CD,BWA,2017,7104.96401088027
NY.GDP.PCAP.CD,BWA,2018,7407.95940141786
NY.GDP.PCAP.CD,BWA,2019,7172.08956480028
NY.GDP.PCAP.CD,BWA,2020,6323.2974967659
NY.GDP.PCAP.CD,BWA,2021,7807.88794570471
NY.GDP.PCAP.CD,BWA,2022,8328.7090572666
NY.GDP.PCAP.CD,BWA,2023,7827.30027960734
NY.GDP.PCAP.CD,BWA,2024,7649.81663744354
NY.GDP.PCAP.CD,BWA,2025,7778.1151090571
NY.GDP.PCAP.CD,CAF,2015,366.322853938121
NY.GDP.PCAP.CD,CAF,2016,387.176203444318
NY.GDP.PCAP.CD,CAF,2017,432.324025684263
NY.GDP.PCAP.CD,CAF,2018,455.243962859534
NY.GDP.PCAP.CD,CAF,2019,449.228467602439
NY.GDP.PCAP.CD,CAF,2020,462.879071294011
NY.GDP.PCAP.CD,CAF,2021,492.263142830507
NY.GDP.PCAP.CD,CAF,2022,467.359825026238
NY.GDP.PCAP.CD,CAF,2023,495.978897288721
NY.GDP.PCAP.CD,CAF,2024,516.160999996036
NY.GDP.PCAP.CD,CAF,2025,556.131398031455
NY.GDP.PCAP.CD,CAN,2015,43594.2379080706
NY.GDP.PCAP.CD,CAN,2016,42314.1033623905
NY.GDP.PCAP.CD,CAN,2017,45129.7335281051
NY.GDP.PCAP.CD,CAN,2018,46539.2177903178
NY.GDP.PCAP.CD,CAN,2019,46352.9695208927
NY.GDP.PCAP.CD,CAN,2020,43537.8981198851
NY.GDP.PCAP.CD,CAN,2021,52886.6407813788
NY.GDP.PCAP.CD,CAN,2022,56496.9275340663
NY.GDP.PCAP.CD,CAN,2023,54847.5370112652
NY.GDP.PCAP.CD,CAN,2024,55015.7066917734
NY.GDP.PCAP.CD,CAN,2025,55697.6639660837
NY.GDP.PCAP.CD,CEB,2015,12596.9151136003
NY.GDP.PCAP.CD,CEB,2016,12874.7280619541
NY.GDP.PCAP.CD,CEB,2017,14339.8488594791
NY.GDP.PCAP.CD,CEB,2018,16227.2845341706
NY.GDP.PCAP.CD,CEB,2019,16534.9661895205
NY.GDP.PCAP.CD,CEB,2020,16581.3833261524
NY.GDP.PCAP.CD,CEB,2021,19224.3287744219
NY.GDP.PCAP.CD,CEB,2022,19526.2463443821
NY.GDP.PCAP.CD,CEB,2023,22693.9504470566
NY.GDP.PCAP.CD,CEB,2024,24616.0957872816
NY.GDP.PCAP.CD,CEB,2025,27676.9389653713
NY.GDP.PCAP.CD,CHE,2015,85265.06205193
NY.GDP.PCAP.CD,CHE,2016,83432.4111596314
NY.GDP.PCAP.CD,CHE,2017,83610.248611484
NY.GDP.PCAP.CD,CHE,2018,87002.3382293532
NY.GDP.PCAP.CD,CHE,2019,85872.9702303454
NY.GDP.PCAP.CD,CHE,2020,87529.7016394892
NY.GDP.PCAP.CD,CHE,2021,96582.8687080693
NY.GDP.PCAP.CD,CHE,2022,97809.095567203
NY.GDP.PCAP.CD,CHE,2023,104449.75451772
NY.GDP.PCAP.CD,CHE,2024,107702.065940312
NY.GDP.PCAP.CD,CHE,2025,114769.012314293
NY.GDP.PCAP.CD,CHI,2015,61847.8212238857
NY.GDP.PCAP.CD,CHI,2016,55947.579811974
NY.GDP.PCAP.CD,CHI,2017,55806.3554257428
NY.GDP.PCAP.CD,CHI,2018,60784.8125397162
NY.GDP.PCAP.CD,CHI,2019,60564.6293993681
NY.GDP.PCAP.CD,CHI,2020,56785.9402005039
NY.GDP.PCAP.CD,CHI,2021,66915.3963925722
NY.GDP.PCAP.CD,CHI,2022,67627.1417347907
NY.GDP.PCAP.CD,CHI,2023,74585.5224096294
NY.GDP.PCAP.CD,CHL,2015,13433.9202987032
NY.GDP.PCAP.CD,CHL,2016,13649.8520452803
NY.GDP.PCAP.CD,CHL,2017,14879.9086227187
NY.GDP.PCAP.CD,CHL,2018,15659.4808675628
NY.GDP.PCAP.CD,CHL,2019,14496.9345640362
NY.GDP.PCAP.CD,CHL,2020,13117.9930230086
NY.GDP.PCAP.CD,CHL,2021,16216.1840860289
NY.GDP.PCAP.CD,CHL,2022,15399.1044717559
NY.GDP.PCAP.CD,CHL,2023,17081.5180740049
NY.GDP.PCAP.CD,CHL,2024,16658.9652720351
NY.GDP.PCAP.CD,CHL,2025,17994.5911957485
NY.GDP.PCAP.CD,CHN,2015,8175.33285077393
NY.GDP.PCAP.CD,CHN,2016,8254.86859320357
NY.GDP.PCAP.CD,CHN,2017,8979.67652709856
NY.GDP.PCAP.CD,CHN,2018,10085.6638148819
NY.GDP.PCAP.CD,CHN,2019,10342.9009524335
NY.GDP.PCAP.CD,CHN,2020,10627.4637989619
NY.GDP.PCAP.CD,CHN,2021,12887.4357242941
NY.GDP.PCAP.CD,CHN,2022,12970.6056414327
NY.GDP.PCAP.CD,CHN,2023,12951.1782397043
NY.GDP.PCAP.CD,CHN,2024,13293.1162269366
NY.GDP.PCAP.CD,CHN,2025,13861.970224368
NY.GDP.PCAP.CD,CIV,2015,1814.71855088017
NY.GDP.PCAP.CD,CIV,2016,1862.59597081287
NY.GDP.PCAP.CD,CIV,2017,1964.29930338343
NY.GDP.PCAP.CD,CIV,2018,2130.86619381144
NY.GDP.PCAP.CD,CIV,2019,2141.76836170115
NY.GDP.PCAP.CD,CIV,2020,2179.72934832935
NY.GDP.PCAP.CD,CIV,2021,2455.98127641148
NY.GDP.PCAP.CD,CIV,2022,2333.37128301259
NY.GDP.PCAP.CD,CIV,2023,2591.9659048119
NY.GDP.PCAP.CD,CIV,2024,2727.8935220697
NY.GDP.PCAP.CD,CIV,2025,3050.10202257321
NY.GDP.PCAP.CD,CMR,2015,1415.00009710569
NY.GDP.PCAP.CD,CMR,2016,1441.7201725688
NY.GDP.PCAP.CD,CMR,2017,1496.08951771242
NY.GDP.PCAP.CD,CMR,2018,1610.69641591017
NY.GDP.PCAP.CD,CMR,2019,1555.22660476477
NY.GDP.PCAP.CD,CMR,2020,1555.60370660749
NY.GDP.PCAP.CD,CMR,2021,1672.32657340872
NY.GDP.PCAP.CD,CMR,2022,1604.87726954895
NY.GDP.PCAP.CD,CMR,2023,1720.47510154506
NY.GDP.PCAP.CD,CMR,2024,1830.00833684727
NY.GDP.PCAP.CD,CMR,2025,1972.3815800786
NY.GDP.PCAP.CD,COD,2015,495.826633014883
NY.GDP.PCAP.CD,COD,2016,459.765036590388
NY.GDP.PCAP.CD,COD,2017,431.052559128788
NY.GDP.PCAP.CD,COD,2018,518.169626875371
NY.GDP.PCAP.CD,COD,2019,504.00419142286
NY.GDP.PCAP.CD,COD,2020,486.425572682256
NY.GDP.PCAP.CD,COD,2021,595.743074403567
NY.GDP.PCAP.CD,COD,2022,687.738587554685
NY.GDP.PCAP.CD,COD,2023,660.21205238997
NY.GDP.PCAP.CD,COD,2024,692.887665085098
NY.GDP.PCAP.CD,COD,2025,806.776000708534
NY.GDP.PCAP.CD,COG,2015,2439.35189403696
NY.GDP.PCAP.CD,COG,2016,2093.10728558843
NY.GDP.PCAP.CD,COG,2017,2211.63309874797
NY.GDP.PCAP.CD,COG,2018,2694.43413191427
NY.GDP.PCAP.CD,COG,2019,2488.42466724916
NY.GDP.PCAP.CD,COG,2020,1993.586671931
NY.GDP.PCAP.CD,COG,2021,2516.16255145432
NY.GDP.PCAP.CD,COG,2022,2620.83804267402
NY.GDP.PCAP.CD,COG,2023,2477.97845544866
NY.GDP.PCAP.CD,COG,2024,2482.2489948456
NY.GDP.PCAP.CD,COG,2025,2514.73393584747
NY.GDP.PCAP.CD,COL,2015,6248.51490534512
NY.GDP.PCAP.CD,COL,2016,5959.84250367574
NY.GDP.PCAP.CD,COL,2017,6479.53231292429
NY.GDP.PCAP.CD,COL,2018,6816.96818309544
NY.GDP.PCAP.CD,COL,2019,6472.54544924705
NY.GDP.PCAP.CD,COL,2020,5339.68711357943
NY.GDP.PCAP.CD,COL,2021,6222.62164397614
NY.GDP.PCAP.CD,COL,2022,6680.44506854481
NY.GDP.PCAP.CD,COL,2023,7012.49169137756
NY.GDP.PCAP.CD,COL,2024,7951.08624019412
NY.GDP.PCAP.CD,COL,2025,8561.62091854449
NY.GDP.PCAP.CD,COM,2015,1329.37048235986
NY.GDP.PCAP.CD,COM,2016,1365.48403444497
NY.GDP.PCAP.CD,COM,2017,1423.9248027797
NY.GDP.PCAP.CD,COM,2018,1540.71132257526
NY.GDP.PCAP.CD,COM,2019,1519.26386436068
NY.GDP.PCAP.CD,COM,2020,1527.16991011916
NY.GDP.PCAP.CD,COM,2021,1587.72988658008
NY.GDP.PCAP.CD,COM,2022,1533.87755393614
NY.GDP.PCAP.CD,COM,2023,1723.89474946474
NY.GDP.PCAP.CD,COM,2024,1857.87060684189
NY.GDP.PCAP.CD,COM,2025,2055.75921566281
NY.GDP.PCAP.CD,CPV,2015,3415.06266730931
NY.GDP.PCAP.CD,CPV,2016,3608.96605234906
NY.GDP.PCAP.CD,CPV,2017,3893.09571382506
NY.GDP.PCAP.CD,CPV,2018,4294.96510035729
NY.GDP.PCAP.CD,CPV,2019,4380.78117331128
NY.GDP.PCAP.CD,CPV,2020,3539.22661248299
NY.GDP.PCAP.CD,CPV,2021,3971.44409203423
NY.GDP.PCAP.CD,CPV,2022,4323.31362032709
NY.GDP.PCAP.CD,CPV,2023,4794.90119772843
NY.GDP.PCAP.CD,CPV,2024,5170.20531932535
NY.GDP.PCAP.CD,CPV,2025,5796.47207860911
NY.GDP.PCAP.CD,CRI,2015,11714.7106121672
NY.GDP.PCAP.CD,CRI,2016,12091.0301560892
NY.GDP.PCAP.CD,CRI,2017,12317.0902779911
NY.GDP.PCAP.CD,CRI,2018,12620.0207321581
NY.GDP.PCAP.CD,CRI,2019,12951.8588421841
NY.GDP.PCAP.CD,CRI,2020,12475.6852076814
NY.GDP.PCAP.CD,CRI,2021,12962.2716075659
NY.GDP.PCAP.CD,CRI,2022,13971.7649991294
NY.GDP.PCAP.CD,CRI,2023,17140.771430122
NY.GDP.PCAP.CD,CRI,2024,18853.2828705886
NY.GDP.PCAP.CD,CRI,2025,19970.0989059622
NY.GDP.PCAP.CD,CSS,2015,14497.8798625347
NY.GDP.PCAP.CD,CSS,2016,13377.8260731233
NY.GDP.PCAP.CD,CSS,2017,13708.7525902396
NY.GDP.PCAP.CD,CSS,2018,13896.5484095788
NY.GDP.PCAP.CD,CSS,2019,13995.7626558947
NY.GDP.PCAP.CD,CSS,2020,11961.4085449634
NY.GDP.PCAP.CD,CSS,2021,13996.4475071755
NY.GDP.PCAP.CD,CSS,2022,17449.5193422186
NY.GDP.PCAP.CD,CSS,2023,17609.6827071212
NY.GDP.PCAP.CD,CSS,2024,19923.5745910977
NY.GDP.PCAP.CD,CSS,2025,20880.0606776787
NY.GDP.PCAP.CD,CUB,2015,7727.91997207998
NY.GDP.PCAP.CD,CUB,2016,8110.55874283616
NY.GDP.PCAP.CD,CUB,2017,8610.60829605429
NY.GDP.PCAP.CD,CUB,2018,8911.46205998726
NY.GDP.PCAP.CD,CUB,2019,9232.26115935183
NY.GDP.PCAP.CD,CUB,2020,9605.27914559614
NY.GDP.PCAP.CD,CUW,2015,19361.8130008678
NY.GDP.PCAP.CD,CUW,2016,18944.0961493998
NY.GDP.PCAP.CD,CUW,2017,18938.2440469703
NY.GDP.PCAP.CD,CUW,2018,19119.1243941688
NY.GDP.PCAP.CD,CUW,2019,19220.6866958303
NY.GDP.PCAP.CD,CUW,2020,16299.8134688605
NY.GDP.PCAP.CD,CUW,2021,17795.5826483092
NY.GDP.PCAP.CD,CUW,2022,20057.1404960105
NY.GDP.PCAP.CD,CUW,2023,21217.8109173312
NY.GDP.PCAP.CD,CUW,2024,22832.895498987
NY.GDP.PCAP.CD,CYM,2015,76379.2095108681
NY.GDP.PCAP.CD,CYM,2016,77802.2541567187
NY.GDP.PCAP.CD,CYM,2017,80053.9444506891
NY.GDP.PCAP.CD,CYM,2018,83865.5531568184
NY.GDP.PCAP.CD,CYM,2019,88254.2903677044
NY.GDP.PCAP.CD,CYM,2020,82338.7977439023
NY.GDP.PCAP.CD,CYM,2021,86449.6749037302
NY.GDP.PCAP.CD,CYM,2022,92937.8838323153
NY.GDP.PCAP.CD,CYM,2023,100065.233841107
NY.GDP.PCAP.CD,CYM,2024,104292.900672109
NY.GDP.PCAP.CD,CYP,2015,23088.4296875
NY.GDP.PCAP.CD,CYP,2016,24280.044921875
NY.GDP.PCAP.CD,CYP,2017,26247.46484375
NY.GDP.PCAP.CD,CYP,2018,29120.38671875
NY.GDP.PCAP.CD,CYP,2019,29227.16796875
NY.GDP.PCAP.CD,CYP,2020,28130.330078125
NY.GDP.PCAP.CD,CYP,2021,32937.8359375
NY.GDP.PCAP.CD,CYP,2022,33231.05078125
NY.GDP.PCAP.CD,CYP,2023,36623.70703125
NY.GDP.PCAP.CD,CYP,2024,38674.3125
NY.GDP.PCAP.CD,CYP,2025,41783.08984375
NY.GDP.PCAP.CD,CZE,2015,17931.5987670768
NY.GDP.PCAP.CD,CZE,2016,18753.9686718096
NY.GDP.PCAP.CD,CZE,2017,20913.197632212
NY.GDP.PCAP.CD,CZE,2018,23705.9329811299
NY.GDP.PCAP.CD,CZE,2019,24062.7190013343
NY.GDP.PCAP.CD,CZE,2020,23472.8915454417
NY.GDP.PCAP.CD,CZE,2021,27696.4619527544
NY.GDP.PCAP.CD,CZE,2022,28282.2236715857
NY.GDP.PCAP.CD,CZE,2023,31761.5944102491
NY.GDP.PCAP.CD,CZE,2024,31827.7552539413
NY.GDP.PCAP.CD,CZE,2025,35917.2724081665
NY.GDP.PCAP.CD,DEU,2015,41929.7549110722
NY.GDP.PCAP.CD,DEU,2016,42948.9381932694
NY.GDP.PCAP.CD,DEU,2017,45553.9341495339
NY.GDP.PCAP.CD,DEU,2018,48916.1686612154
NY.GDP.PCAP.CD,DEU,2019,47656.199739747
NY.GDP.PCAP.CD,DEU,2020,47394.8734504469
NY.GDP.PCAP.CD,DEU,2021,52349.2459994422
NY.GDP.PCAP.CD,DEU,2022,50506.5179638543
NY.GDP.PCAP.CD,DEU,2023,54776.7668235491
NY.GDP.PCAP.CD,DEU,2024,56103.7323182554
NY.GDP.PCAP.CD,DEU,2025,60496.4350820414
NY.GDP.PCAP.CD,DJI,2015,2376.12554719873
NY.GDP.PCAP.CD,DJI,2016,2510.4300076241
NY.GDP.PCAP.CD,DJI,2017,2618.95521147369
NY.GDP.PCAP.CD,DJI,2018,2718.08338799203
NY.GDP.PCAP.CD,DJI,2019,2837.16902340932
NY.GDP.PCAP.CD,DJI,2020,2844.88810647853
NY.GDP.PCAP.CD,DJI,2021,3025.91126413549
NY.GDP.PCAP.CD,DJI,2022,3133.25779772463
NY.GDP.PCAP.CD,DJI,2023,3381.29779710722
NY.GDP.PCAP.CD,DJI,2024,3552.72335079222
NY.GDP.PCAP.CD,DJI,2025,3905.604954681
NY.GDP.PCAP.CD,DMA,2015,8282.59874702141
NY.GDP.PCAP.CD,DMA,2016,8802.56172041363
NY.GDP.PCAP.CD,DMA,2017,8224.64896571414
NY.GDP.PCAP.CD,DMA,2018,9215.3085405645
NY.GDP.PCAP.CD,DMA,2019,9491.14995962374
NY.GDP.PCAP.CD,DMA,2020,7827.74842680426
NY.GDP.PCAP.CD,DMA,2021,8376.40414141113
NY.GDP.PCAP.CD,DMA,2022,9323.66089490562
NY.GDP.PCAP.CD,DMA,2023,9912.96212766668
NY.GDP.PCAP.CD,DMA,2024,10405.2787777582
NY.GDP.PCAP.CD,DMA,2025,10989.0431185083
NY.GDP.PCAP.CD,DNK,2015,53094.0133607574
NY.GDP.PCAP.CD,DNK,2016,54500.9260410217
NY.GDP.PCAP.CD,DNK,2017,57521.5514992225
NY.GDP.PCAP.CD,DNK,2018,61324.7665045565
NY.GDP.PCAP.CD,DNK,2019,59404.2663247723
NY.GDP.PCAP.CD,DNK,2020,60985.4885601514
NY.GDP.PCAP.CD,DNK,2021,69340.7334922138
NY.GDP.PCAP.CD,DNK,2022,67781.0940939514
NY.GDP.PCAP.CD,DNK,2023,68043.5466971243
NY.GDP.PCAP.CD,DNK,2024,71026.4832271897
NY.GDP.PCAP.CD,DNK,2025,76970.1535217919
NY.GDP.PCAP.CD,DOM,2015,6800.95309395474
NY.GDP.PCAP.CD,DOM,2016,7160.44200982307
NY.GDP.PCAP.CD,DOM,2017,7412.71571571512
NY.GDP.PCAP.CD,DOM,2018,7882.98221584944
NY.GDP.PCAP.CD,DOM,2019,8183.01623600375
NY.GDP.PCAP.CD,DOM,2020,7135.22273255899
NY.GDP.PCAP.CD,DOM,2021,8527.0754858205
NY.GDP.PCAP.CD,DOM,2022,10104.2464008585
NY.GDP.PCAP.CD,DOM,2023,10630.431743829
NY.GDP.PCAP.CD,DOM,2024,10875.6618443092
NY.GDP.PCAP.CD,DOM,2025,11059.2081531834
NY.GDP.PCAP.CD,DZA,2015,4685.05902729002
NY.GDP.PCAP.CD,DZA,2016,4424.98529027556
NY.GDP.PCAP.CD,DZA,2017,4554.66753957828
NY.GDP.PCAP.CD,DZA,2018,4577.21029180491
NY.GDP.PCAP.CD,DZA,2019,4468.45341883656
NY.GDP.PCAP.CD,DZA,2020,3743.5419522929
NY.GDP.PCAP.CD,DZA,2021,4160.55926736925
NY.GDP.PCAP.CD,DZA,2022,4960.30334332888
NY.GDP.PCAP.CD,DZA,2023,5370.477235078
NY.GDP.PCAP.CD,DZA,2024,5752.99076651465
NY.GDP.PCAP.CD,DZA,2025,6051.00322704182
NY.GDP.PCAP.CD,EAP,2015,6589.81824245918
NY.GDP.PCAP.CD,EAP,2016,6683.23529656879
NY.GDP.PCAP.CD,EAP,2017,7241.98321346974
NY.GDP.PCAP.CD,EAP,2018,8046.00446277369
NY.GDP.PCAP.CD,EAP,2019,8286.45749748666
NY.GDP.PCAP.CD,EAP,2020,8391.23898302179
NY.GDP.PCAP.CD,EAP,2021,9974.57917918464
NY.GDP.PCAP.CD,EAP,2022,10107.0569545516
NY.GDP.PCAP.CD,EAP,2023,10126.4304121407
NY.GDP.PCAP.CD,EAP,2024,10391.1526101394
NY.GDP.PCAP.CD,EAP,2025,10843.4363994141
NY.GDP.PCAP.CD,EAR,2015,3178.86716124226
NY.GDP.PCAP.CD,EAR,2016,3227.64814256759
NY.GDP.PCAP.CD,EAR,2017,3457.91719451195
NY.GDP.PCAP.CD,EAR,2018,3460.86264008666
NY.GDP.PCAP.CD,EAR,2019,3481.75530893525
NY.GDP.PCAP.CD,EAR,2020,3185.49787368673
NY.GDP.PCAP.CD,EAR,2021,3697.4103832017
NY.GDP.PCAP.CD,EAR,2022,4017.48956260692
NY.GDP.PCAP.CD,EAR,2023,4212.16924807645
NY.GDP.PCAP.CD,EAR,2024,4405.28492630999
NY.GDP.PCAP.CD,EAR,2025,4566.42669968306
NY.GDP.PCAP.CD,EAS,2015,9730.64405529046
NY.GDP.PCAP.CD,EAS,2016,10011.552668647
NY.GDP.PCAP.CD,EAS,2017,10612.7930790259
NY.GDP.PCAP.CD,EAS,2018,11487.5096772887
NY.GDP.PCAP.CD,EAS,2019,11677.4429355606
NY.GDP.PCAP.CD,EAS,2020,11697.5156784805
NY.GDP.PCAP.CD,EAS,2021,13416.9773441612
NY.GDP.PCAP.CD,EAS,2022,13219.5863562213
NY.GDP.PCAP.CD,EAS,2023,13251.5119797804
NY.GDP.PCAP.CD,EAS,2024,13482.4788785045
NY.GDP.PCAP.CD,EAS,2025,14077.2712026283
NY.GDP.PCAP.CD,ECA,2015,6338.80741019255
NY.GDP.PCAP.CD,ECA,2016,6023.54753164072
NY.GDP.PCAP.CD,ECA,2017,6129.93083517607
NY.GDP.PCAP.CD,ECA,2018,5947.15360517457
NY.GDP.PCAP.CD,ECA,2019,6036.15175345642
NY.GDP.PCAP.CD,ECA,2020,5734.46191312695
NY.GDP.PCAP.CD,ECA,2021,6632.57221034255
NY.GDP.PCAP.CD,ECA,2022,7264.37321853889
NY.GDP.PCAP.CD,ECA,2023,8609.12296290637
NY.GDP.PCAP.CD,ECA,2024,9801.70054676084
NY.GDP.PCAP.CD,ECA,2025,11117.61379372
NY.GDP.PCAP.CD,ECS,2015,22742.4739859372
NY.GDP.PCAP.CD,ECS,2016,22554.6821198127
NY.GDP.PCAP.CD,ECS,2017,23839.7319723826
NY.GDP.PCAP.CD,ECS,2018,25435.6875035469
NY.GDP.PCAP.CD,ECS,2019,25045.1218961925
NY.GDP.PCAP.CD,ECS,2020,24187.2451763556
NY.GDP.PCAP.CD,ECS,2021,27700.9996673888
NY.GDP.PCAP.CD,ECS,2022,27968.286148204
NY.GDP.PCAP.CD,ECS,2023,30015.7640895399
NY.GDP.PCAP.CD,ECS,2024,31630.8552937604
NY.GDP.PCAP.CD,ECS,2025,34603.480892464
NY.GDP.PCAP.CD,ECU,2015,5976.1596805651
NY.GDP.PCAP.CD,ECU,2016,5917.63771271481
NY.GDP.PCAP.CD,ECU,2017,6233.32244797718
NY.GDP.PCAP.CD,ECU,2018,6303.91886658338
NY.GDP.PCAP.CD,ECU,2019,6205.05765246766
NY.GDP.PCAP.CD,ECU,2020,5463.64515348598
NY.GDP.PCAP.CD,ECU,2021,6061.32350181711
NY.GDP.PCAP.CD,ECU,2022,6515.58528418336
NY.GDP.PCAP.CD,ECU,2023,6718.1447938811
NY.GDP.PCAP.CD,ECU,2024,6826.5294137822
NY.GDP.PCAP.CD,ECU,2025,7125.27618527738
NY.GDP.PCAP.CD,EGY,2015,3306.98159414141
NY.GDP.PCAP.CD,EGY,2016,3270.6287768197
NY.GDP.PCAP.CD,EGY,2017,2395.10333299491
NY.GDP.PCAP.CD,EGY,2018,2484.70315630508
NY.GDP.PCAP.CD,EGY,2019,2962.98892023003
NY.GDP.PCAP.CD,EGY,2020,3511.11381026379
NY.GDP.PCAP.CD,EGY,2021,3827.35415374308
NY.GDP.PCAP.CD,EGY,2022,4233.30783744856
NY.GDP.PCAP.CD,EGY,2023,3456.78965212363
NY.GDP.PCAP.CD,EGY,2024,3338.47371043679
NY.GDP.PCAP.CD,EGY,2025,3085.80712036204
NY.GDP.PCAP.CD,EMU,2015,33928.614137702
NY.GDP.PCAP.CD,EMU,2016,34690.2425639991
NY.GDP.PCAP.CD,EMU,2017,36691.2109171985
NY.GDP.PCAP.CD,EMU,2018,39562.0814189751
NY.GDP.PCAP.CD,EMU,2019,38679.6118917933
NY.GDP.PCAP.CD,EMU,2020,37727.4543067337
NY.GDP.PCAP.CD,EMU,2021,42432.2915720012
NY.GDP.PCAP.CD,EMU,2022,41105.3462099324
NY.GDP.PCAP.CD,EMU,2023,44797.6445281418
NY.GDP.PCAP.CD,EMU,2024,46424.2413084574
NY.GDP.PCAP.CD,EMU,2025,50214.0783015991
NY.GDP.PCAP.CD,ESP,2015,25982.4416197775
NY.GDP.PCAP.CD,ESP,2016,26755.6061149398
NY.GDP.PCAP.CD,ESP,2017,28381.3425596906
NY.GDP.PCAP.CD,ESP,2018,30602.4212881113
NY.GDP.PCAP.CD,ESP,2019,29786.5245689007
NY.GDP.PCAP.CD,ESP,2020,27233.9426461608
NY.GDP.PCAP.CD,ESP,2021,30799.4775937775
NY.GDP.PCAP.CD,ESP,2022,30319.4987196616
NY.GDP.PCAP.CD,ESP,2023,33493.2225409111
NY.GDP.PCAP.CD,ESP,2024,35326.7683069278
NY.GDP.PCAP.CD,ESP,2025,38627.2472148623
NY.GDP.PCAP.CD,EST,2015,17722.1557669523
NY.GDP.PCAP.CD,EST,2016,18666.3736521706
NY.GDP.PCAP.CD,EST,2017,20851.5223496861
NY.GDP.PCAP.CD,EST,2018,23618.1361254581
NY.GDP.PCAP.CD,EST,2019,24021.2501413306
NY.GDP.PCAP.CD,EST,2020,23933.9939421065
NY.GDP.PCAP.CD,EST,2021,27951.1659277744
NY.GDP.PCAP.CD,EST,2022,28340.3826549406
NY.GDP.PCAP.CD,EST,2023,30264.0064885057
NY.GDP.PCAP.CD,EST,2024,31428.3547816104
NY.GDP.PCAP.CD,EST,2025,34417.6320815138
NY.GDP.PCAP.CD,ETH,2015,597.912113218663
NY.GDP.PCAP.CD,ETH,2016,641.651523286233
NY.GDP.PCAP.CD,ETH,2017,696.348429076216
NY.GDP.PCAP.CD,ETH,2018,739.702022272086
NY.GDP.PCAP.CD,ETH,2019,793.473247218996
NY.GDP.PCAP.CD,ETH,2020,829.790982552951
NY.GDP.PCAP.CD,ETH,2021,893.009835441784
NY.GDP.PCAP.CD,ETH,2022,982.103161502198
NY.GDP.PCAP.CD,ETH,2023,1055.81091593061
NY.GDP.PCAP.CD,ETH,2024,1133.88279681256
NY.GDP.PCAP.CD,ETH,2025,932.729352775179
NY.GDP.PCAP.CD,EUU,2015,30771.6635221374
NY.GDP.PCAP.CD,EUU,2016,31456.903580129
NY.GDP.PCAP.CD,EUU,2017,33394.5944932308
NY.GDP.PCAP.CD,EUU,2018,36076.9018014875
NY.GDP.PCAP.CD,EUU,2019,35374.1493923083
NY.GDP.PCAP.CD,EUU,2020,34694.7105012203
NY.GDP.PCAP.CD,EUU,2021,39206.9663368683
NY.GDP.PCAP.CD,EUU,2022,38066.8240398192
NY.GDP.PCAP.CD,EUU,2023,41566.8992410802
NY.GDP.PCAP.CD,EUU,2024,43313.7668203916
NY.GDP.PCAP.CD,EUU,2025,47089.1638419269
NY.GDP.PCAP.CD,FIN,2015,42560.3456767103
NY.GDP.PCAP.CD,FIN,2016,43451.2562442158
NY.GDP.PCAP.CD,FIN,2017,46085.0174739036
NY.GDP.PCAP.CD,FIN,2018,49654.2497035329
NY.GDP.PCAP.CD,FIN,2019,48358.1807773701
NY.GDP.PCAP.CD,FIN,2020,48828.6846862799
NY.GDP.PCAP.CD,FIN,2021,53099.1351400148
NY.GDP.PCAP.CD,FIN,2022,50440.560224974
NY.GDP.PCAP.CD,FIN,2023,52864.6931581216
NY.GDP.PCAP.CD,FIN,2024,53155.5451165897
NY.GDP.PCAP.CD,FIN,2025,56148.580949046
NY.GDP.PCAP.CD,FJI,2015,5097.53106864695
NY.GDP.PCAP.CD,FJI,2016,5363.79026679243
NY.GDP.PCAP.CD,FJI,2017,5826.84814459328
NY.GDP.PCAP.CD,FJI,2018,6085.41979485376
NY.GDP.PCAP.CD,FJI,2019,5842.07344577597
NY.GDP.PCAP.CD,FJI,2020,4620.6457238014
NY.GDP.PCAP.CD,FJI,2021,4536.73312110335
NY.GDP.PCAP.CD,FJI,2022,5414.12092119088
NY.GDP.PCAP.CD,FJI,2023,5926.20586394763
NY.GDP.PCAP.CD,FJI,2024,6425.74151715712
NY.GDP.PCAP.CD,FJI,2025,6642.00449450523
NY.GDP.PCAP.CD,FRA,2015,36702.4323733379
NY.GDP.PCAP.CD,FRA,2016,37024.2157133669
NY.GDP.PCAP.CD,FRA,2017,38687.1626407164
NY.GDP.PCAP.CD,FRA,2018,41418.1766484844
NY.GDP.PCAP.CD,FRA,2019,40408.2848574751
NY.GDP.PCAP.CD,FRA,2020,39169.8606000707
NY.GDP.PCAP.CD,FRA,2021,43725.0999521245
NY.GDP.PCAP.CD,FRA,2022,40988.6396406579
NY.GDP.PCAP.CD,FRA,2023,44700.1384177544
NY.GDP.PCAP.CD,FRA,2024,46103.0840855884
NY.GDP.PCAP.CD,FRA,2025,48985.7307807924
NY.GDP.PCAP.CD,FRO,2015,52638.2668218454
NY.GDP.PCAP.CD,FRO,2016,56876.4302363804
NY.GDP.PCAP.CD,FRO,2017,59388.5365965776
NY.GDP.PCAP.CD,FRO,2018,62525.2647698273
NY.GDP.PCAP.CD,FRO,2019,63070.7228080361
NY.GDP.PCAP.CD,FRO,2020,62247.9273907098
NY.GDP.PCAP.CD,FRO,2021,69421.6981686515
NY.GDP.PCAP.CD,FRO,2022,67069.3987440509
NY.GDP.PCAP.CD,FRO,2023,72486.6910957957
NY.GDP.PCAP.CD,FRO,2024,74175.2776311377
NY.GDP.PCAP.CD,FSM,2015,2869.86276169101
NY.GDP.PCAP.CD,FSM,2016,2997.93719917488
NY.GDP.PCAP.CD,FSM,2017,3297.37580036719
NY.GDP.PCAP.CD,FSM,2018,3584.78377566896
NY.GDP.PCAP.CD,FSM,2019,3581.72684572278
NY.GDP.PCAP.CD,FSM,2020,3362.02802120524
NY.GDP.PCAP.CD,FSM,2021,3508.22314197664
NY.GDP.PCAP.CD,FSM,2022,3703.66680343222
NY.GDP.PCAP.CD,FSM,2023,3933.01607031874
NY.GDP.PCAP.CD,FSM,2024,4251.69052668788
NY.GDP.PCAP.CD,FSM,2025,4414.00737137479
NY.GDP.PCAP.CD,GAB,2015,7047.12654634355
NY.GDP.PCAP.CD,GAB,2016,6677.07003901644
NY.GDP.PCAP.CD,GAB,2017,6921.73373135624
NY.GDP.PCAP.CD,GAB,2018,7624.2775233771
NY.GDP.PCAP.CD,GAB,2019,7441.1786472281
NY.GDP.PCAP.CD,GAB,2020,6605.80346077904
NY.GDP.PCAP.CD,GAB,2021,8181.40914134398
NY.GDP.PCAP.CD,GAB,2022,8409.20741452279
NY.GDP.PCAP.CD,GAB,2023,7802.82433276138
NY.GDP.PCAP.CD,GAB,2024,8230.04311451151
NY.GDP.PCAP.CD,GAB,2025,8263.03321595
NY.GDP.PCAP.CD,GBR,2015,45256.040227057
NY.GDP.PCAP.CD,GBR,2016,41258.5374285695
NY.GDP.PCAP.CD,GBR,2017,40918.0520870944
NY.GDP.PCAP.CD,GBR,2018,43704.3162296687
NY.GDP.PCAP.CD,GBR,2019,43160.6843971799
NY.GDP.PCAP.CD,GBR,2020,40815.1255364787
NY.GDP.PCAP.CD,GBR,2021,47695.6491523474
NY.GDP.PCAP.CD,GBR,2022,47034.7795621476
NY.GDP.PCAP.CD,GBR,2023,49919.6896621586
NY.GDP.PCAP.CD,GBR,2024,53341.3131094262
NY.GDP.PCAP.CD,GBR,2025,57601.9621201954
NY.GDP.PCAP.CD,GEO,2015,4086.6223465965
NY.GDP.PCAP.CD,GEO,2016,4143.40125686315
NY.GDP.PCAP.CD,GEO,2017,4418.75206546679
NY.GDP.PCAP.CD,GEO,2018,4804.0546040444
NY.GDP.PCAP.CD,GEO,2019,4741.2832715876
NY.GDP.PCAP.CD,GEO,2020,4300.85701291207
NY.GDP.PCAP.CD,GEO,2021,5083.60695484577
NY.GDP.PCAP.CD,GEO,2022,6729.84659930283
NY.GDP.PCAP.CD,GEO,2023,8283.66960652261
NY.GDP.PCAP.CD,GEO,2024,8967.67525638987
NY.GDP.PCAP.CD,GEO,2025,9691.53472415196
NY.GDP.PCAP.CD,GHA,2015,1722.77282833606
NY.GDP.PCAP.CD,GHA,2016,1912.47991339951
NY.GDP.PCAP.CD,GHA,2017,2012.28662641265
NY.GDP.PCAP.CD,GHA,2018,2195.32166016377
NY.GDP.PCAP.CD,GHA,2019,2186.65822682613
NY.GDP.PCAP.CD,GHA,2020,2195.45481659987
NY.GDP.PCAP.CD,GHA,2021,2445.18662529344
NY.GDP.PCAP.CD,GHA,2022,2229.89122654479
NY.GDP.PCAP.CD,GHA,2023,2383.90410476221
NY.GDP.PCAP.CD,GHA,2024,2419.2518672482
NY.GDP.PCAP.CD,GHA,2025,3257.1588903576
NY.GDP.PCAP.CD,GIN,2015,747.356966759448
NY.GDP.PCAP.CD,GIN,2016,711.996509782316
NY.GDP.PCAP.CD,GIN,2017,833.598621691121
NY.GDP.PCAP.CD,GIN,2018,933.273615633705
NY.GDP.PCAP.CD,GIN,2019,1031.34146480732
NY.GDP.PCAP.CD,GIN,2020,1053.66097696415
NY.GDP.PCAP.CD,GIN,2021,1244.96550477914
NY.GDP.PCAP.CD,GIN,2022,1416.59612011764
NY.GDP.PCAP.CD,GIN,2023,1555.49375806861
NY.GDP.PCAP.CD,GIN,2024,1694.95375862185
NY.GDP.PCAP.CD,GIN,2025,1877.2541220972
NY.GDP.PCAP.CD,GMB,2015,619.536364296461
NY.GDP.PCAP.CD,GMB,2016,650.056501323611
NY.GDP.PCAP.CD,GMB,2017,642.522641296331
NY.GDP.PCAP.CD,GMB,2018,696.219806960615
NY.GDP.PCAP.CD,GMB,2019,738.186751987483
NY.GDP.PCAP.CD,GMB,2020,720.335143352133
NY.GDP.PCAP.CD,GMB,2021,781.890925169531
NY.GDP.PCAP.CD,GMB,2022,836.244875868476
NY.GDP.PCAP.CD,GMB,2023,883.024111978927
NY.GDP.PCAP.CD,GMB,2024,871.340287547821
NY.GDP.PCAP.CD,GMB,2025,919.060423427951
NY.GDP.PCAP.CD,GNB,2015,645.066837207039
NY.GDP.PCAP.CD,GNB,2016,679.665386626818
NY.GDP.PCAP.CD,GNB,2017,783.123186602022
NY.GDP.PCAP.CD,GNB,2018,808.531613218504
NY.GDP.PCAP.CD,GNB,2019,811.210004050041
NY.GDP.PCAP.CD,GNB,2020,846.918134967613
NY.GDP.PCAP.CD,GNB,2021,926.54619187706
NY.GDP.PCAP.CD,GNB,2022,881.602654162231
NY.GDP.PCAP.CD,GNB,2023,964.431832665395
NY.GDP.PCAP.CD,GNB,2024,998.376093392688
NY.GDP.PCAP.CD,GNB,2025,1123.76679992349
NY.GDP.PCAP.CD,GNQ,2015,9068.91003238645
NY.GDP.PCAP.CD,GNQ,2016,7453.19797948517
NY.GDP.PCAP.CD,GNQ,2017,7809.10465655488
NY.GDP.PCAP.CD,GNQ,2018,8102.47084834031
NY.GDP.PCAP.CD,GNQ,2019,6804.14923073888
NY.GDP.PCAP.CD,GNQ,2020,5764.05502912947
NY.GDP.PCAP.CD,GNQ,2021,6945.63069794539
NY.GDP.PCAP.CD,GNQ,2022,7589.29964909381
NY.GDP.PCAP.CD,GNQ,2023,6788.35271638376
NY.GDP.PCAP.CD,GNQ,2024,7003.58055684906
NY.GDP.PCAP.CD,GNQ,2025,6615.25245207167
NY.GDP.PCAP.CD,GRC,2015,17980.7298238137
NY.GDP.PCAP.CD,GRC,2016,17919.2426377048
NY.GDP.PCAP.CD,GRC,2017,18631.9930129293
NY.GDP.PCAP.CD,GRC,2018,19873.4015238771
NY.GDP.PCAP.CD,GRC,2019,19335.3602002969
NY.GDP.PCAP.CD,GRC,2020,17886.733165236
NY.GDP.PCAP.CD,GRC,2021,20652.89659591
NY.GDP.PCAP.CD,GRC,2022,20884.6773436263
NY.GDP.PCAP.CD,GRC,2023,23343.7103964562
NY.GDP.PCAP.CD,GRC,2024,24626.1481858973
NY.GDP.PCAP.CD,GRC,2025,26948.0070432791
NY.GDP.PCAP.CD,GRD,2015,8694.12438005692
NY.GDP.PCAP.CD,GRD,2016,9221.23461079424
NY.GDP.PCAP.CD,GRD,2017,9751.42661155932
NY.GDP.PCAP.CD,GRD,2018,10083.021279225
NY.GDP.PCAP.CD,GRD,2019,10462.7929159533
NY.GDP.PCAP.CD,GRD,2020,8968.55890108484
NY.GDP.PCAP.CD,GRD,2021,9617.28902905373
NY.GDP.PCAP.CD,GRD,2022,10469.3867012856
NY.GDP.PCAP.CD,GRD,2023,11414.4781691181
NY.GDP.PCAP.CD,GRD,2024,11528.9220811928
NY.GDP.PCAP.CD,GRD,2025,12106.8790105068
NY.GDP.PCAP.CD,GRL,2015,44536.3549705377
NY.GDP.PCAP.CD,GRL,2016,48181.7453541266
NY.GDP.PCAP.CD,GRL,2017,50765.7494665372
NY.GDP.PCAP.CD,GRL,2018,54545.135857765
NY.GDP.PCAP.CD,GRL,2019,53309.2035905065
NY.GDP.PCAP.CD,GRL,2020,54812.6661771023
NY.GDP.PCAP.CD,GRL,2021,58135.9939910203
NY.GDP.PCAP.CD,GRL,2022,55635.0006491223
NY.GDP.PCAP.CD,GRL,2023,58498.9707973609
NY.GDP.PCAP.CD,GTM,2015,3893.50533299068
NY.GDP.PCAP.CD,GTM,2016,4060.13784737643
NY.GDP.PCAP.CD,GTM,2017,4324.99768915601
NY.GDP.PCAP.CD,GTM,2018,4352.94593289707
NY.GDP.PCAP.CD,GTM,2019,4511.99839552697
NY.GDP.PCAP.CD,GTM,2020,4477.61785000665
NY.GDP.PCAP.CD,GTM,2021,4912.62240414681
NY.GDP.PCAP.CD,GTM,2022,5356.92435887895
NY.GDP.PCAP.CD,GTM,2023,5754.42833909847
NY.GDP.PCAP.CD,GTM,2024,6150.89465281457
NY.GDP.PCAP.CD,GTM,2025,6598.18032988711
NY.GDP.PCAP.CD,GUM,2015,35165.7014644795
NY.GDP.PCAP.CD,GUM,2016,35930.6594898711
NY.GDP.PCAP.CD,GUM,2017,36779.0078903909
NY.GDP.PCAP.CD,GUM,2018,37195.9503070464
NY.GDP.PCAP.CD,GUM,2019,39274.9431424899
NY.GDP.PCAP.CD,GUM,2020,36482.9363953675
NY.GDP.PCAP.CD,GUM,2021,38074.8793745801
NY.GDP.PCAP.CD,GUM,2022,41833.1517132825
NY.GDP.PCAP.CD,GUY,2015,5640.41560569466
NY.GDP.PCAP.CD,GUY,2016,5870.87823759835
NY.GDP.PCAP.CD,GUY,2017,6178.6650437298
NY.GDP.PCAP.CD,GUY,2018,6048.38697180418
NY.GDP.PCAP.CD,GUY,2019,6405.82443444562
NY.GDP.PCAP.CD,GUY,2020,6775.70939096303
NY.GDP.PCAP.CD,GUY,2021,9860.87014834386
NY.GDP.PCAP.CD,GUY,2022,17913.4928066879
NY.GDP.PCAP.CD,GUY,2023,20473.7002190617
NY.GDP.PCAP.CD,GUY,2024,29675.2501582835
NY.GDP.PCAP.CD,GUY,2025,32413.7930757518
NY.GDP.PCAP.CD,HKG,2015,42432.1619740441
NY.GDP.PCAP.CD,HKG,2016,43734.1980702999
NY.GDP.PCAP.CD,HKG,2017,46160.429791493
NY.GDP.PCAP.CD,HKG,2018,48537.5668888343
NY.GDP.PCAP.CD,HKG,2019,48359.0011950597
NY.GDP.PCAP.CD,HKG,2020,46109.2299946609
NY.GDP.PCAP.CD,HKG,2021,49770.5642374739
NY.GDP.PCAP.CD,HKG,2022,48825.0272275805
NY.GDP.PCAP.CD,HKG,2023,50525.1119312663
NY.GDP.PCAP.CD,HKG,2024,54274.7547767073
NY.GDP.PCAP.CD,HKG,2025,56983.0663059906
NY.GDP.PCAP.CD,HND,2015,2271.20265980349
NY.GDP.PCAP.CD,HND,2016,2307.34468351082
NY.GDP.PCAP.CD,HND,2017,2413.0076562942
NY.GDP.PCAP.CD,HND,2018,2464.64241531918
NY.GDP.PCAP.CD,HND,2019,2502.32744328073
NY.GDP.PCAP.CD,HND,2020,2307.61494319511
NY.GDP.PCAP.CD,HND,2021,2735.14751503977
NY.GDP.PCAP.CD,HND,2022,3003.28996826399
NY.GDP.PCAP.CD,HND,2023,3227.45762509776
NY.GDP.PCAP.CD,HND,2024,3415.96027916712
NY.GDP.PCAP.CD,HND,2025,3598.21450440452
NY.GDP.PCAP.CD,HPC,2015,917.924140878178
NY.GDP.PCAP.CD,HPC,2016,895.291971418288
NY.GDP.PCAP.CD,HPC,2017,944.105800649501
NY.GDP.PCAP.CD,HPC,2018,986.447970381036
NY.GDP.PCAP.CD,HPC,2019,984.553372875279
NY.GDP.PCAP.CD,HPC,2020,963.808519118256
NY.GDP.PCAP.CD,HPC,2021,1062.58689269634
NY.GDP.PCAP.CD,HPC,2022,1123.26894975331
NY.GDP.PCAP.CD,HPC,2023,1157.85200500349
NY.GDP.PCAP.CD,HPC,2024,1220.84577070029
NY.GDP.PCAP.CD,HPC,2025,1331.89997509038
NY.GDP.PCAP.CD,HRV,2015,12283.8750299177
NY.GDP.PCAP.CD,HRV,2016,12820.1872746645
NY.GDP.PCAP.CD,HRV,2017,13901.6498657787
NY.GDP.PCAP.CD,HRV,2018,15460.4560798984
NY.GDP.PCAP.CD,HRV,2019,15563.7354996625
NY.GDP.PCAP.CD,HRV,2020,14807.5559227544
NY.GDP.PCAP.CD,HRV,2021,17788.7601163765
NY.GDP.PCAP.CD,HRV,2022,18465.531473659
NY.GDP.PCAP.CD,HRV,2023,22183.4982258492
NY.GDP.PCAP.CD,HRV,2024,24049.9441746337
NY.GDP.PCAP.CD,HRV,2025,27103.9116109268
NY.GDP.PCAP.CD,HTI,2015,1411.12684746796
NY.GDP.PCAP.CD,HTI,2016,1318.40268167953
NY.GDP.PCAP.CD,HTI,2017,1395.23945184461
NY.GDP.PCAP.CD,HTI,2018,1496.38048970156
NY.GDP.PCAP.CD,HTI,2019,1352.17204191532
NY.GDP.PCAP.CD,HTI,2020,1290.32538667383
NY.GDP.PCAP.CD,HTI,2021,1824.6798742577
NY.GDP.PCAP.CD,HTI,2022,1748.40890116803
NY.GDP.PCAP.CD,HTI,2023,1681.84407667059
NY.GDP.PCAP.CD,HTI,2024,2060.35591768638
NY.GDP.PCAP.CD,HTI,2025,2694.18969101404
NY.GDP.PCAP.CD,HUN,2015,12782.9412577973
NY.GDP.PCAP.CD,HUN,2016,13215.8605277789
NY.GDP.PCAP.CD,HUN,2017,14736.1668157258
NY.GDP.PCAP.CD,HUN,2018,16605.0570511887
NY.GDP.PCAP.CD,HUN,2019,17012.8598553199
NY.GDP.PCAP.CD,HUN,2020,16386.9308821258
NY.GDP.PCAP.CD,HUN,2021,19030.628130329
NY.GDP.PCAP.CD,HUN,2022,18428.028825614
NY.GDP.PCAP.CD,HUN,2023,22208.6509820466
NY.GDP.PCAP.CD,HUN,2024,23305.4482514359
NY.GDP.PCAP.CD,HUN,2025,25907.4743259406
NY.GDP.PCAP.CD,IBD,2015,5546.81934137697
NY.GDP.PCAP.CD,IBD,2016,5535.21577803788
NY.GDP.PCAP.CD,IBD,2017,6053.47287028012
NY.GDP.PCAP.CD,IBD,2018,6392.20731313147
NY.GDP.PCAP.CD,IBD,2019,6474.8042775296
NY.GDP.PCAP.CD,IBD,2020,6189.46595997499
NY.GDP.PCAP.CD,IBD,2021,7312.40590533832
NY.GDP.PCAP.CD,IBD,2022,7679.78639337735
NY.GDP.PCAP.CD,IBD,2023,7892.13359236419
NY.GDP.PCAP.CD,IBD,2024,8186.57476056638
NY.GDP.PCAP.CD,IBD,2025,8599.35834895508
NY.GDP.PCAP.CD,IBT,2015,4477.24409653758
NY.GDP.PCAP.CD,IBT,2016,4450.00988856601
NY.GDP.PCAP.CD,IBT,2017,4833.02970118676
NY.GDP.PCAP.CD,IBT,2018,5085.0801851085
NY.GDP.PCAP.CD,IBT,2019,5168.03480575859
NY.GDP.PCAP.CD,IBT,2020,4923.39708871472
NY.GDP.PCAP.CD,IBT,2021,5754.17990139813
NY.GDP.PCAP.CD,IBT,2022,6024.32591287554
NY.GDP.PCAP.CD,IBT,2023,6126.38809068241
NY.GDP.PCAP.CD,IBT,2024,6304.3969997243
NY.GDP.PCAP.CD,IBT,2025,6613.2094697403
NY.GDP.PCAP.CD,IDA,2015,1357.9051932623
NY.GDP.PCAP.CD,IDA,2016,1321.74768141485
NY.GDP.PCAP.CD,IDA,2017,1357.47789528252
NY.GDP.PCAP.CD,IDA,2018,1411.20738303305
NY.GDP.PCAP.CD,IDA,2019,1546.57261928545
NY.GDP.PCAP.CD,IDA,2020,1467.74475406134
NY.GDP.PCAP.CD,IDA,2021,1569.43031809587
NY.GDP.PCAP.CD,IDA,2022,1651.01916315494
NY.GDP.PCAP.CD,IDA,2023,1536.73358897841
NY.GDP.PCAP.CD,IDA,2024,1487.2803211344
NY.GDP.PCAP.CD,IDA,2025,1608.08422318374
NY.GDP.PCAP.CD,IDB,2015,1967.8941145813
NY.GDP.PCAP.CD,IDB,2016,1810.82104602308
NY.GDP.PCAP.CD,IDB,2017,1808.86674135882
NY.GDP.PCAP.CD,IDB,2018,1873.7385939606
NY.GDP.PCAP.CD,IDB,2019,2210.55539131628
NY.GDP.PCAP.CD,IDB,2020,2014.81189013082
NY.GDP.PCAP.CD,IDB,2021,2148.31628647273
NY.GDP.PCAP.CD,IDB,2022,2241.22931753571
NY.GDP.PCAP.CD,IDB,2023,1922.68195677238
NY.GDP.PCAP.CD,IDB,2024,1658.96290902751
NY.GDP.PCAP.CD,IDB,2025,1841.20446420685
NY.GDP.PCAP.CD,IDN,2015,3288.22269725538
NY.GDP.PCAP.CD,IDN,2016,3521.46943457574
NY.GDP.PCAP.CD,IDN,2017,3798.88326174526
NY.GDP.PCAP.CD,IDN,2018,3860.95353090726
NY.GDP.PCAP.CD,IDN,2019,4106.94856160358
NY.GDP.PCAP.CD,IDN,2020,3853.70288774146
NY.GDP.PCAP.CD,IDN,2021,4287.17313995098
NY.GDP.PCAP.CD,IDN,2022,4730.83484836107
NY.GDP.PCAP.CD,IDN,2023,4876.2992959843
NY.GDP.PCAP.CD,IDN,2024,4925.43644992666
NY.GDP.PCAP.CD,IDN,2025,5059.62596411213
NY.GDP.PCAP.CD,IDX,2015,1024.03892548547
NY.GDP.PCAP.CD,IDX,2016,1054.71572764683
NY.GDP.PCAP.CD,IDX,2017,1111.6681922431
NY.GDP.PCAP.CD,IDX,2018,1159.99786764696
NY.GDP.PCAP.CD,IDX,2019,1187.14057928369
NY.GDP.PCAP.CD,IDX,2020,1172.52623503626
NY.GDP.PCAP.CD,IDX,2021,1257.78054041357
NY.GDP.PCAP.CD,IDX,2022,1333.98547158611
NY.GDP.PCAP.CD,IDX,2023,1330.08005697828
NY.GDP.PCAP.CD,IDX,2024,1395.67575971244
NY.GDP.PCAP.CD,IDX,2025,1484.11159862857
NY.GDP.PCAP.CD,IMN,2015,84753.5187422732
NY.GDP.PCAP.CD,IMN,2016,82025.9454509241
NY.GDP.PCAP.CD,IMN,2017,83481.3038489014
NY.GDP.PCAP.CD,IMN,2018,89393.8244248812
NY.GDP.PCAP.CD,IMN,2019,87127.5517977404
NY.GDP.PCAP.CD,IMN,2020,79513.5330346598
NY.GDP.PCAP.CD,IMN,2021,94299.969348965
NY.GDP.PCAP.CD,IMN,2022,88328.548125887
NY.GDP.PCAP.CD,IMN,2023,90015.2074234398
NY.GDP.PCAP.CD,IND,2015,1583.99815907985
NY.GDP.PCAP.CD,IND,2016,1707.50892912243
NY.GDP.PCAP.CD,IND,2017,1950.10468280866
NY.GDP.PCAP.CD,IND,2018,1966.25455171679
NY.GDP.PCAP.CD,IND,2019,2041.42863698585
NY.GDP.PCAP.CD,IND,2020,1907.04251637669
NY.GDP.PCAP.CD,IND,2021,2239.61384367482
NY.GDP.PCAP.CD,IND,2022,2279.98145719369
NY.GDP.PCAP.CD,IND,2023,2434.44826340989
NY.GDP.PCAP.CD,IND,2024,2591.9916607122
NY.GDP.PCAP.CD,IND,2025,2702.47987141553
NY.GDP.PCAP.CD,IRL,2015,64250.1385181257
NY.GDP.PCAP.CD,IRL,2016,64129.5571542383
NY.GDP.PCAP.CD,IRL,2017,72161.4047531385
NY.GDP.PCAP.CD,IRL,2018,80804.1123164826
NY.GDP.PCAP.CD,IRL,2019,81827.6688873996
NY.GDP.PCAP.CD,IRL,2020,86514.0706108754
NY.GDP.PCAP.CD,IRL,2021,103783.446284479
NY.GDP.PCAP.CD,IRL,2022,105190.685952731
NY.GDP.PCAP.CD,IRL,2023,106818.917130804
NY.GDP.PCAP.CD,IRL,2024,112894.953240805
NY.GDP.PCAP.CD,IRL,2025,131592.462547877
NY.GDP.PCAP.CD,IRN,2015,4952.73355532178
NY.GDP.PCAP.CD,IRN,2016,5710.59947089104
NY.GDP.PCAP.CD,IRN,2017,6000.93346404409
NY.GDP.PCAP.CD,IRN,2018,4783.01067340237
NY.GDP.PCAP.CD,IRN,2019,3997.4935449585
NY.GDP.PCAP.CD,IRN,2020,3202.50003502169
NY.GDP.PCAP.CD,IRN,2021,4605.14881318992
NY.GDP.PCAP.CD,IRN,2022,4721.20437099984
NY.GDP.PCAP.CD,IRN,2023,5049.29931642754
NY.GDP.PCAP.CD,IRN,2024,5190.16959024821
NY.GDP.PCAP.CD,IRN,2025,3924.38017821898
NY.GDP.PCAP.CD,IRQ,2015,4440.14189252367
NY.GDP.PCAP.CD,IRQ,2016,4334.42096404188
NY.GDP.PCAP.CD,IRQ,2017,4759.2846435467
NY.GDP.PCAP.CD,IRQ,2018,5646.68932074742
NY.GDP.PCAP.CD,IRQ,2019,5671.8568632942
NY.GDP.PCAP.CD,IRQ,2020,4295.18945121228
NY.GDP.PCAP.CD,IRQ,2021,4868.49431080783
NY.GDP.PCAP.CD,IRQ,2022,6520.73154560584
NY.GDP.PCAP.CD,IRQ,2023,5965.31835077761
NY.GDP.PCAP.CD,IRQ,2024,6073.61032342708
NY.GDP.PCAP.CD,IRQ,2025,5409.67899716967
NY.GDP.PCAP.CD,ISL,2015,53505.6964079339
NY.GDP.PCAP.CD,ISL,2016,62854.0906407932
NY.GDP.PCAP.CD,ISL,2017,72976.3729990975
NY.GDP.PCAP.CD,ISL,2018,75633.8651351915
NY.GDP.PCAP.CD,ISL,2019,69296.3144361601
NY.GDP.PCAP.CD,ISL,2020,60127.9393575616
NY.GDP.PCAP.CD,ISL,2021,70425.4064277273
NY.GDP.PCAP.CD,ISL,2022,76376.9599334915
NY.GDP.PCAP.CD,ISL,2023,82201.2908518078
NY.GDP.PCAP.CD,ISL,2024,85863.1479330343
NY.GDP.PCAP.CD,ISL,2025,98323.4849517418
NY.GDP.PCAP.CD,ISR,2015,36138.13561386
NY.GDP.PCAP.CD,ISR,2016,37571.2561196275
NY.GDP.PCAP.CD,ISR,2017,41013.2575323519
NY.GDP.PCAP.CD,ISR,2018,42269.3770257585
NY.GDP.PCAP.CD,ISR,2019,44091.8678022544
NY.GDP.PCAP.CD,ISR,2020,44590.8237253282
NY.GDP.PCAP.CD,ISR,2021,52258.4693499398
NY.GDP.PCAP.CD,ISR,2022,54947.2091250715
NY.GDP.PCAP.CD,ISR,2023,52126.4489280033
NY.GDP.PCAP.CD,ISR,2024,54216.5218142787
NY.GDP.PCAP.CD,ISR,2025,60336.8477964194
NY.GDP.PCAP.CD,ITA,2015,30639.8829751432
NY.GDP.PCAP.CD,ITA,2016,31391.5692898108
NY.GDP.PCAP.CD,ITA,2017,32844.115660604
NY.GDP.PCAP.CD,ITA,2018,35062.3364176949
NY.GDP.PCAP.CD,ITA,2019,33812.788724868
NY.GDP.PCAP.CD,ITA,2020,32091.4866621366
NY.GDP.PCAP.CD,ITA,2021,36852.5425414951
NY.GDP.PCAP.CD,ITA,2022,35653.9042103495
NY.GDP.PCAP.CD,ITA,2023,39279.699782164
NY.GDP.PCAP.CD,ITA,2024,40429.6224047352
NY.GDP.PCAP.CD,ITA,2025,43308.6403060733
NY.GDP.PCAP.CD,JAM,2015,5339.30718256806
NY.GDP.PCAP.CD,JAM,2016,5302.29553353854
NY.GDP.PCAP.CD,JAM,2017,5605.43541173019
NY.GDP.PCAP.CD,JAM,2018,5976.90362644337
NY.GDP.PCAP.CD,JAM,2019,6030.68896415921
NY.GDP.PCAP.CD,JAM,2020,5299.04530804283
NY.GDP.PCAP.CD,JAM,2021,5625.67806271236
NY.GDP.PCAP.CD,JAM,2022,6626.47502388538
NY.GDP.PCAP.CD,JAM,2023,7542.39855849054
NY.GDP.PCAP.CD,JAM,2024,7753.8119527678
NY.GDP.PCAP.CD,JAM,2025,8002.92104076242
NY.GDP.PCAP.CD,JOR,2015,4441.61896013754
NY.GDP.PCAP.CD,JOR,2016,4366.06999647268
NY.GDP.PCAP.CD,JOR,2017,4449.34618076611
NY.GDP.PCAP.CD,JOR,2018,4533.97658437205
NY.GDP.PCAP.CD,JOR,2019,4557.79334729121
NY.GDP.PCAP.CD,JOR,2020,4411.48321838396
NY.GDP.PCAP.CD,JOR,2021,4581.71967230365
NY.GDP.PCAP.CD,JOR,2022,4754.41362207378
NY.GDP.PCAP.CD,JOR,2023,4906.23543006639
NY.GDP.PCAP.CD,JOR,2024,5073.92103605892
NY.GDP.PCAP.CD,JOR,2025,5347.77731384797
NY.GDP.PCAP.CD,JPN,2015,35664.6446110613
NY.GDP.PCAP.CD,JPN,2016,40214.9688631562
NY.GDP.PCAP.CD,JPN,2017,39679.8635262948
NY.GDP.PCAP.CD,JPN,2018,40645.478086519
NY.GDP.PCAP.CD,JPN,2019,41424.8655601543
NY.GDP.PCAP.CD,JPN,2020,41098.9739004553
NY.GDP.PCAP.CD,JPN,2021,41580.739040705
NY.GDP.PCAP.CD,JPN,2022,35548.2645222433
NY.GDP.PCAP.CD,JPN,2023,35215.003535366
NY.GDP.PCAP.CD,JPN,2024,33797.1014287876
NY.GDP.PCAP.CD,JPN,2025,35951.0449549304
NY.GDP.PCAP.CD,KAZ,2015,10196.1226255982
NY.GDP.PCAP.CD,KAZ,2016,7475.56688689424
NY.GDP.PCAP.CD,KAZ,2017,8943.08416791984
NY.GDP.PCAP.CD,KAZ,2018,9472.48527327758
NY.GDP.PCAP.CD,KAZ,2019,9457.12614657136
NY.GDP.PCAP.CD,KAZ,2020,8781.50797787648
NY.GDP.PCAP.CD,KAZ,2021,9983.60103576902
NY.GDP.PCAP.CD,KAZ,2022,11255.3396437881
NY.GDP.PCAP.CD,KAZ,2023,12879.4275257974
NY.GDP.PCAP.CD,KAZ,2024,14154.6324958076
NY.GDP.PCAP.CD,KAZ,2025,14692.1331757237
NY.GDP.PCAP.CD,KEN,2015,1489.11959777284
NY.GDP.PCAP.CD,KEN,2016,1554.12610314423
NY.GDP.PCAP.CD,KEN,2017,1667.48447230835
NY.GDP.PCAP.CD,KEN,2018,1836.45275528993
NY.GDP.PCAP.CD,KEN,2019,1960.40808854893
NY.GDP.PCAP.CD,KEN,2020,1927.66459027849
NY.GDP.PCAP.CD,KEN,2021,2061.35622089594
NY.GDP.PCAP.CD,KEN,2022,2109.56288513137
NY.GDP.PCAP.CD,KEN,2023,1942.58802756191
NY.GDP.PCAP.CD,KEN,2024,2133.46193404026
NY.GDP.PCAP.CD,KEN,2025,2362.86091198611
NY.GDP.PCAP.CD,KGZ,2015,1105.65193844261
NY.GDP.PCAP.CD,KGZ,2016,1103.27489428412
NY.GDP.PCAP.CD,KGZ,2017,1221.39046807082
NY.GDP.PCAP.CD,KGZ,2018,1283.5203037417
NY.GDP.PCAP.CD,KGZ,2019,1421.99927504102
NY.GDP.PCAP.CD,KGZ,2020,1229.51766602907
NY.GDP.PCAP.CD,KGZ,2021,1349.99730650542
NY.GDP.PCAP.CD,KGZ,2022,1739.72018344174
NY.GDP.PCAP.CD,KGZ,2023,2138.22210211478
NY.GDP.PCAP.CD,KGZ,2024,2514.81066933171
NY.GDP.PCAP.CD,KGZ,2025,3080.96893823359
NY.GDP.PCAP.CD,KHM,2015,1547.32010444393
NY.GDP.PCAP.CD,KHM,2016,1675.19555711109
NY.GDP.PCAP.CD,KHM,2017,1826.35391688754
NY.GDP.PCAP.CD,KHM,2018,2036.67377566578
NY.GDP.PCAP.CD,KHM,2019,2225.87705485686
NY.GDP.PCAP.CD,KHM,2020,2081.73914242939
NY.GDP.PCAP.CD,KHM,2021,2167.40324198499
NY.GDP.PCAP.CD,KHM,2022,2325.03050040841
NY.GDP.PCAP.CD,KHM,2023,2429.74853452838
NY.GDP.PCAP.CD,KHM,2024,2627.87969756224
NY.GDP.PCAP.CD,KHM,2025,2872.42926639909
NY.GDP.PCAP.CD,KIR,2015,1639.85274740652
NY.GDP.PCAP.CD,KIR,2016,1742.66799324117
NY.GDP.PCAP.CD,KIR,2017,1854.3326920967
NY.GDP.PCAP.CD,KIR,2018,1915.56002581991
NY.GDP.PCAP.CD,KIR,2019,1750.24040333237
NY.GDP.PCAP.CD,KIR,2020,1751.87199542272
NY.GDP.PCAP.CD,KIR,2021,2223.54147866465
NY.GDP.PCAP.CD,KIR,2022,2078.7648751855
NY.GDP.PCAP.CD,KIR,2023,2200.68918614289
NY.GDP.PCAP.CD,KIR,2024,2550.98377226188
NY.GDP.PCAP.CD,KIR,2025,2558.66636011102
NY.GDP.PCAP.CD,KNA,2015,20328.8003530109
NY.GDP.PCAP.CD,KNA,2016,21387.5415511103
NY.GDP.PCAP.CD,KNA,2017,22464.9899633959
NY.GDP.PCAP.CD,KNA,2018,22901.3816403197
NY.GDP.PCAP.CD,KNA,2019,23595.4923231291
NY.GDP.PCAP.CD,KNA,2020,18859.0190361046
NY.GDP.PCAP.CD,KNA,2021,18361.1449697886
NY.GDP.PCAP.CD,KNA,2022,21011.5744209816
NY.GDP.PCAP.CD,KNA,2023,22576.9248439166
NY.GDP.PCAP.CD,KNA,2024,23960.6534357084
NY.GDP.PCAP.CD,KNA,2025,25223.0257622185
NY.GDP.PCAP.CD,KOR,2015,30171.7906545222
NY.GDP.PCAP.CD,KOR,2016,30832.0628072516
NY.GDP.PCAP.CD,KOR,2017,33296.9845439195
NY.GDP.PCAP.CD,KOR,2018,35363.9508228687
NY.GDP.PCAP.CD,KOR,2019,33826.9443301597
NY.GDP.PCAP.CD,KOR,2020,33645.7719545073
NY.GDP.PCAP.CD,KOR,2021,37518.4635305697
NY.GDP.PCAP.CD,KOR,2022,34822.4048404971
NY.GDP.PCAP.CD,KOR,2023,35674.095995632
NY.GDP.PCAP.CD,KOR,2024,36238.639908315
NY.GDP.PCAP.CD,KOR,2025,36226.9663637512
NY.GDP.PCAP.CD,KWT,2015,29882.2126495698
NY.GDP.PCAP.CD,KWT,2016,27323.6890735517
NY.GDP.PCAP.CD,KWT,2017,29047.6536135703
NY.GDP.PCAP.CD,KWT,2018,32067.9623756889
NY.GDP.PCAP.CD,KWT,2019,31707.8737443551
NY.GDP.PCAP.CD,KWT,2020,25236.0755848941
NY.GDP.PCAP.CD,KWT,2021,34018.6342592913
NY.GDP.PCAP.CD,KWT,2022,39981.7691035833
NY.GDP.PCAP.CD,KWT,2023,34091.9714813002
NY.GDP.PCAP.CD,KWT,2024,32855.7209688827
NY.GDP.PCAP.CD,KWT,2025,32312.3119953634
NY.GDP.PCAP.CD,LAC,2015,8087.33242325425
NY.GDP.PCAP.CD,LAC,2016,7751.59336930245
NY.GDP.PCAP.CD,LAC,2017,8568.05689042807
NY.GDP.PCAP.CD,LAC,2018,8231.91428708974
NY.GDP.PCAP.CD,LAC,2019,8006.02224102566
NY.GDP.PCAP.CD,LAC,2020,6651.15822114273
NY.GDP.PCAP.CD,LAC,2021,7694.61136917625
NY.GDP.PCAP.CD,LAC,2022,8838.67169511547
NY.GDP.PCAP.CD,LAC,2023,9891.4632795533
NY.GDP.PCAP.CD,LAC,2024,10065.5029056612
NY.GDP.PCAP.CD,LAC,2025,10407.4817975955
NY.GDP.PCAP.CD,LAO,2015,2121.01339097363
NY.GDP.PCAP.CD,LAO,2016,2303.22156035363
NY.GDP.PCAP.CD,LAO,2017,2432.43059478511
NY.GDP.PCAP.CD,LAO,2018,2545.1075420815
NY.GDP.PCAP.CD,LAO,2019,2589.32081035237
NY.GDP.PCAP.CD,LAO,2020,2583.77730696131
NY.GDP.PCAP.CD,LAO,2021,2526.05105018529
NY.GDP.PCAP.CD,LAO,2022,2046.40440255621
NY.GDP.PCAP.CD,LAO,2023,2066.94979776957
NY.GDP.PCAP.CD,LAO,2024,2123.97909415109
NY.GDP.PCAP.CD,LAO,2025,2324.76353098791
NY.GDP.PCAP.CD,LBN,2015,7714.1099998804
NY.GDP.PCAP.CD,LBN,2016,8089.012088155
NY.GDP.PCAP.CD,LBN,2017,8608.21084982387
NY.GDP.PCAP.CD,LBN,2018,9174.53666204759
NY.GDP.PCAP.CD,LBN,2019,8905.88005497437
NY.GDP.PCAP.CD,LBN,2020,5561.19166950397
NY.GDP.PCAP.CD,LBN,2021,4045.37391066234
NY.GDP.PCAP.CD,LBN,2022,3654.35845534878
NY.GDP.PCAP.CD,LBN,2023,3477.72489842684
NY.GDP.PCAP.CD,LBN,2024,4473.27134441128
NY.GDP.PCAP.CD,LBR,2015,692.590082351257
NY.GDP.PCAP.CD,LBR,2016,714.613063145659
NY.GDP.PCAP.CD,LBR,2017,699.269095727404
NY.GDP.PCAP.CD,LBR,2018,692.203127129794
NY.GDP.PCAP.CD,LBR,2019,658.164180770507
NY.GDP.PCAP.CD,LBR,2020,616.787867006715
NY.GDP.PCAP.CD,LBR,2021,667.96610514319
NY.GDP.PCAP.CD,LBR,2022,744.617175237387
NY.GDP.PCAP.CD,LBR,2023,799.194470229642
NY.GDP.PCAP.CD,LBR,2024,851.497723870206
NY.GDP.PCAP.CD,LBR,2025,915.328972645548
NY.GDP.PCAP.CD,LBY,2015,7458.48917756374
NY.GDP.PCAP.CD,LBY,2016,7525.80299308216
NY.GDP.PCAP.CD,LBY,2017,9965.83236729757
NY.GDP.PCAP.CD,LBY,2018,11196.5854810844
NY.GDP.PCAP.CD,LBY,2019,9963.19489084483
NY.GDP.PCAP.CD,LBY,2020,6650.33810585348
NY.GDP.PCAP.CD,LBY,2021,4935.82787349801
NY.GDP.PCAP.CD,LBY,2022,5986.63694851258
NY.GDP.PCAP.CD,LBY,2023,6026.51518708812
NY.GDP.PCAP.CD,LBY,2024,6569.16408678648
NY.GDP.PCAP.CD,LBY,2025,6448.82415074121
NY.GDP.PCAP.CD,LCA,2015,10334.9860823918
NY.GDP.PCAP.CD,LCA,2016,10638.1269396653
NY.GDP.PCAP.CD,LCA,2017,11333.1123822102
NY.GDP.PCAP.CD,LCA,2018,11642.6984727769
NY.GDP.PCAP.CD,LCA,2019,11764.3944032403
NY.GDP.PCAP.CD,LCA,2020,8537.11495506727
NY.GDP.PCAP.CD,LCA,2021,10481.1233971786
NY.GDP.PCAP.CD,LCA,2022,12976.1489693474
NY.GDP.PCAP.CD,LCA,2023,13616.6397593734
NY.GDP.PCAP.CD,LCA,2024,14493.658470648
NY.GDP.PCAP.CD,LCA,2025,14745.8184305461
NY.GDP.PCAP.CD,LCN,2015,8546.9179023802
NY.GDP.PCAP.CD,LCN,2016,8241.51169070648
NY.GDP.PCAP.CD,LCN,2017,9065.82390216762
NY.GDP.PCAP.CD,LCN,2018,8778.55673829884
NY.GDP.PCAP.CD,LCN,2019,8539.95940708219
NY.GDP.PCAP.CD,LCN,2020,7169.39235876452
NY.GDP.PCAP.CD,LCN,2021,8292.15210222359
NY.GDP.PCAP.CD,LCN,2022,9412.05924553392
NY.GDP.PCAP.CD,LCN,2023,10507.6138782353
NY.GDP.PCAP.CD,LCN,2024,10705.1067802788
NY.GDP.PCAP.CD,LCN,2025,11095.2176548294
NY.GDP.PCAP.CD,LDC,2015,983.414934367096
NY.GDP.PCAP.CD,LDC,2016,968.123330592586
NY.GDP.PCAP.CD,LDC,2017,1037.25514816682
NY.GDP.PCAP.CD,LDC,2018,1082.35070462921
NY.GDP.PCAP.CD,LDC,2019,1106.28664072321
NY.GDP.PCAP.CD,LDC,2020,1089.46260850363
NY.GDP.PCAP.CD,LDC,2021,1175.42321388464
NY.GDP.PCAP.CD,LDC,2022,1298.29338219278
NY.GDP.PCAP.CD,LDC,2023,1258.15690309732
NY.GDP.PCAP.CD,LDC,2024,1299.44368873396
NY.GDP.PCAP.CD,LDC,2025,1361.99182021439
NY.GDP.PCAP.CD,LIE,2015,167187.15730982
NY.GDP.PCAP.CD,LIE,2016,165375.491396259
NY.GDP.PCAP.CD,LIE,2017,170547.092298954
NY.GDP.PCAP.CD,LIE,2018,174988.775083446
NY.GDP.PCAP.CD,LIE,2019,166907.839305016
NY.GDP.PCAP.CD,LIE,2020,164671.093553454
NY.GDP.PCAP.CD,LIE,2021,201944.830335076
NY.GDP.PCAP.CD,LIE,2022,188055.003235348
NY.GDP.PCAP.CD,LIE,2023,206780.590353385
NY.GDP.PCAP.CD,LIE,2024,220167.225473557
NY.GDP.PCAP.CD,LKA,2015,4057.71582716521
NY.GDP.PCAP.CD,LKA,2016,4149.19189391879
NY.GDP.PCAP.CD,LKA,2017,4398.88828786059
NY.GDP.PCAP.CD,LKA,2018,4358.56095905888
NY.GDP.PCAP.CD,LKA,2019,4081.94772178134
NY.GDP.PCAP.CD,LKA,2020,3847.60136741182
NY.GDP.PCAP.CD,LKA,2021,3996.96240531688
NY.GDP.PCAP.CD,LKA,2022,3342.63650438046
NY.GDP.PCAP.CD,LKA,2023,3815.41531767474
NY.GDP.PCAP.CD,LKA,2024,4545.36006870612
NY.GDP.PCAP.CD,LKA,2025,5002.07904353724
NY.GDP.PCAP.CD,LMY,2015,4223.77742891002
NY.GDP.PCAP.CD,LMY,2016,4211.54702250163
NY.GDP.PCAP.CD,LMY,2017,4543.08689291431
NY.GDP.PCAP.CD,LMY,2018,4773.03574184686
NY.GDP.PCAP.CD,LMY,2019,4857.12471542798
NY.GDP.PCAP.CD,LMY,2020,4646.47209072865
NY.GDP.PCAP.CD,LMY,2021,5422.11312035073
NY.GDP.PCAP.CD,LMY,2022,5626.6962378216
NY.GDP.PCAP.CD,LMY,2023,5733.51584469729
NY.GDP.PCAP.CD,LMY,2024,5874.03080372303
NY.GDP.PCAP.CD,LMY,2025,6107.26169428605
NY.GDP.PCAP.CD,LSO,2015,1121.19851342518
NY.GDP.PCAP.CD,LSO,2016,992.491840678465
NY.GDP.PCAP.CD,LSO,2017,1069.36673247542
NY.GDP.PCAP.CD,LSO,2018,1170.65569702819
NY.GDP.PCAP.CD,LSO,2019,1082.05706777516
NY.GDP.PCAP.CD,LSO,2020,918.582574704447
NY.GDP.PCAP.CD,LSO,2021,1066.58645143823
NY.GDP.PCAP.CD,LSO,2022,1030.12582947757
NY.GDP.PCAP.CD,LSO,2023,921.435141557056
NY.GDP.PCAP.CD,LSO,2024,1023.04227681523
NY.GDP.PCAP.CD,LSO,2025,1088.96276223185
NY.GDP.PCAP.CD,LTE,2015,8331.63288950883
NY.GDP.PCAP.CD,LTE,2016,8297.33628667142
NY.GDP.PCAP.CD,LTE,2017,9138.44151395876
NY.GDP.PCAP.CD,LTE,2018,9966.8758096194
NY.GDP.PCAP.CD,LTE,2019,10120.4663725773
NY.GDP.PCAP.CD,LTE,2020,9874.06805462328
NY.GDP.PCAP.CD,LTE,2021,11760.0897155889
NY.GDP.PCAP.CD,LTE,2022,12287.4566066286
NY.GDP.PCAP.CD,LTE,2023,12427.24971376
NY.GDP.PCAP.CD,LTE,2024,12874.6436381177
NY.GDP.PCAP.CD,LTE,2025,13677.3231696707
NY.GDP.PCAP.CD,LTU,2015,14269.8039878287
NY.GDP.PCAP.CD,LTU,2016,14934.2702840428
NY.GDP.PCAP.CD,LTU,2017,16800.1510246099
NY.GDP.PCAP.CD,LTU,2018,19247.2315367967
NY.GDP.PCAP.CD,LTU,2019,19608.7943945553
NY.GDP.PCAP.CD,LTU,2020,20428.6478157394
NY.GDP.PCAP.CD,LTU,2021,23882.8668916753
NY.GDP.PCAP.CD,LTU,2022,24946.5724005188
NY.GDP.PCAP.CD,LTU,2023,27983.3658256887
NY.GDP.PCAP.CD,LTU,2024,29603.7772588256
NY.GDP.PCAP.CD,LTU,2025,32958.6706396386
NY.GDP.PCAP.CD,LUX,2015,105462.012584423
NY.GDP.PCAP.CD,LUX,2016,106899.293549552
NY.GDP.PCAP.CD,LUX,2017,110193.213797228
NY.GDP.PCAP.CD,LUX,2018,116926.759593905
NY.GDP.PCAP.CD,LUX,2019,112696.649059674
NY.GDP.PCAP.CD,LUX,2020,116860.02817236
NY.GDP.PCAP.CD,LUX,2021,134965.815442152
NY.GDP.PCAP.CD,LUX,2022,123719.658915996
NY.GDP.PCAP.CD,LUX,2023,133230.619178899
NY.GDP.PCAP.CD,LUX,2024,137781.681659123
NY.GDP.PCAP.CD,LUX,2025,147252.179121515
NY.GDP.PCAP.CD,LVA,2015,13321.9753140616
NY.GDP.PCAP.CD,LVA,2016,13838.5266823272
NY.GDP.PCAP.CD,LVA,2017,15132.4958333982
NY.GDP.PCAP.CD,LVA,2018,17252.1710428626
NY.GDP.PCAP.CD,LVA,2019,17294.9751600969
NY.GDP.PCAP.CD,LVA,2020,17564.2321549354
NY.GDP.PCAP.CD,LVA,2021,20261.8887788916
NY.GDP.PCAP.CD,LVA,2022,20221.103686109
NY.GDP.PCAP.CD,LVA,2023,22710.2637544197
NY.GDP.PCAP.CD,LVA,2024,23578.9663562625
NY.GDP.PCAP.CD,LVA,2025,26311.9730706362
NY.GDP.PCAP.CD,MAC,2015,69902.9605741233
NY.GDP.PCAP.CD,MAC,2016,68911.6755919628
NY.GDP.PCAP.CD,MAC,2017,77570.9876166977
NY.GDP.PCAP.CD,MAC,2018,83588.2875009014
NY.GDP.PCAP.CD,MAC,2019,81882.6964523869
NY.GDP.PCAP.CD,MAC,2020,36883.6652578543
NY.GDP.PCAP.CD,MAC,2021,44884.8961602393
NY.GDP.PCAP.CD,MAC,2022,36806.891255461
NY.GDP.PCAP.CD,MAC,2023,67216.3631112124
NY.GDP.PCAP.CD,MAC,2024,72004.7437020733
NY.GDP.PCAP.CD,MAC,2025,75901.7461294198
NY.GDP.PCAP.CD,MAF,2019,19033.0649634889
NY.GDP.PCAP.CD,MAF,2021,21668.3776525323
NY.GDP.PCAP.CD,MAR,2015,3146.24780273438
NY.GDP.PCAP.CD,MAR,2016,3140.85546875
NY.GDP.PCAP.CD,MAR,2017,3296.52661132813
NY.GDP.PCAP.CD,MAR,2018,3501.69799804688
NY.GDP.PCAP.CD,MAR,2019,3508.09765625
NY.GDP.PCAP.CD,MAR,2020,3268.0302734375
NY.GDP.PCAP.CD,MAR,2021,3785.93627929688
NY.GDP.PCAP.CD,MAR,2022,3463.1376953125
NY.GDP.PCAP.CD,MAR,2023,3813.72607421875
NY.GDP.PCAP.CD,MAR,2024,4153.1943359375
NY.GDP.PCAP.CD,MAR,2025,4672.46826171875
NY.GDP.PCAP.CD,MCO,2015,170437.021128628
NY.GDP.PCAP.CD,MCO,2016,173604.669723126
NY.GDP.PCAP.CD,MCO,2017,170663.470051177
NY.GDP.PCAP.CD,MCO,2018,188298.389694191
NY.GDP.PCAP.CD,MCO,2019,193746.729890885
NY.GDP.PCAP.CD,MCO,2020,176891.806328966
NY.GDP.PCAP.CD,MCO,2021,223823.327192464
NY.GDP.PCAP.CD,MCO,2022,226052.060664649
NY.GDP.PCAP.CD,MCO,2023,256799.911212051
NY.GDP.PCAP.CD,MCO,2024,288001.574856495
NY.GDP.PCAP.CD,MDA,2015,2749.55137054338
NY.GDP.PCAP.CD,MDA,2016,2847.08794770479
NY.GDP.PCAP.CD,MDA,2017,3453.26727720294
NY.GDP.PCAP.CD,MDA,2018,4156.44981956646
NY.GDP.PCAP.CD,MDA,2019,4405.33418162155
NY.GDP.PCAP.CD,MDA,2020,4375.7788930524
NY.GDP.PCAP.CD,MDA,2021,5274.60582195352
NY.GDP.PCAP.CD,MDA,2022,5744.29618434435
NY.GDP.PCAP.CD,MDA,2023,6799.58594644576
NY.GDP.PCAP.CD,MDA,2024,7578.90216348853
NY.GDP.PCAP.CD,MDA,2025,8621.71721623786
NY.GDP.PCAP.CD,MDG,2015,445.320069480568
NY.GDP.PCAP.CD,MDG,2016,453.970714522463
NY.GDP.PCAP.CD,MDG,2017,491.866848718929
NY.GDP.PCAP.CD,MDG,2018,500.45718552916
NY.GDP.PCAP.CD,MDG,2019,499.818837622534
NY.GDP.PCAP.CD,MDG,2020,450.771615205157
NY.GDP.PCAP.CD,MDG,2021,483.469463351195
NY.GDP.PCAP.CD,MDG,2022,504.059106969168
NY.GDP.PCAP.CD,MDG,2023,514.064076551927
NY.GDP.PCAP.CD,MDG,2024,550.37875528856
NY.GDP.PCAP.CD,MDG,2025,599.265294255357
NY.GDP.PCAP.CD,MDV,2015,9644.90655028145
NY.GDP.PCAP.CD,MDV,2016,9947.80744731739
NY.GDP.PCAP.CD,MDV,2017,10509.628805812
NY.GDP.PCAP.CD,MDV,2018,11423.2838427029
NY.GDP.PCAP.CD,MDV,2019,11740.2724029785
NY.GDP.PCAP.CD,MDV,2020,7393.8886543933
NY.GDP.PCAP.CD,MDV,2021,10176.143882547
NY.GDP.PCAP.CD,MDV,2022,11786.0191492983
NY.GDP.PCAP.CD,MDV,2023,12587.6126038651
NY.GDP.PCAP.CD,MDV,2024,13379.3513577224
NY.GDP.PCAP.CD,MDV,2025,14614.7208116541
NY.GDP.PCAP.CD,MEA,2015,5130.25978607342
NY.GDP.PCAP.CD,MEA,2016,5130.21030038801
NY.GDP.PCAP.CD,MEA,2017,5283.42471158364
NY.GDP.PCAP.CD,MEA,2018,5550.31969384997
NY.GDP.PCAP.CD,MEA,2019,5416.06362418233
NY.GDP.PCAP.CD,MEA,2020,4749.14341262891
NY.GDP.PCAP.CD,MEA,2021,5622.19134191977
NY.GDP.PCAP.CD,MEA,2022,6436.74030312288
NY.GDP.PCAP.CD,MEA,2023,6144.70308054742
NY.GDP.PCAP.CD,MEA,2024,6275.43469598207
NY.GDP.PCAP.CD,MEA,2025,6202.19002141299
NY.GDP.PCAP.CD,MEX,2015,10021.2386113616
NY.GDP.PCAP.CD,MEX,2016,9097.92397674769
NY.GDP.PCAP.CD,MEX,2017,9649.27816729586
NY.GDP.PCAP.CD,MEX,2018,10084.7937570364
NY.GDP.PCAP.CD,MEX,2019,10369.5553593527
NY.GDP.PCAP.CD,MEX,2020,8841.27074929751
NY.GDP.PCAP.CD,MEX,2021,10314.0506733708
NY.GDP.PCAP.CD,MEX,2022,11405.7940469896
NY.GDP.PCAP.CD,MEX,2023,13830.843848864
NY.GDP.PCAP.CD,MEX,2024,13988.0423745241
NY.GDP.PCAP.CD,MEX,2025,13889.2339628708
NY.GDP.PCAP.CD,MHL,2015,3764.34426229508
NY.GDP.PCAP.CD,MHL,2016,4229.80988911945
NY.GDP.PCAP.CD,MHL,2017,4592.83457628576
NY.GDP.PCAP.CD,MHL,2018,4858.12079054875
NY.GDP.PCAP.CD,MHL,2019,5292.33985502306
NY.GDP.PCAP.CD,MHL,2020,5661.96787336674
NY.GDP.PCAP.CD,MHL,2021,6315.31172190393
NY.GDP.PCAP.CD,MHL,2022,6455.6603538189
NY.GDP.PCAP.CD,MHL,2023,6799.39217554794
NY.GDP.PCAP.CD,MHL,2024,7590.28443592202
NY.GDP.PCAP.CD,MHL,2025,8489.05793506422
NY.GDP.PCAP.CD,MIC,2015,4597.60474958281
NY.GDP.PCAP.CD,MIC,2016,4598.01556540424
NY.GDP.PCAP.CD,MIC,2017,4970.75305971396
NY.GDP.PCAP.CD,MIC,2018,5231.9314869653
NY.GDP.PCAP.CD,MIC,2019,5333.00944959533
NY.GDP.PCAP.CD,MIC,2020,5110.03730012152
NY.GDP.PCAP.CD,MIC,2021,5980.00050387597
NY.GDP.PCAP.CD,MIC,2022,6209.92727259514
NY.GDP.PCAP.CD,MIC,2023,6342.84660727863
NY.GDP.PCAP.CD,MIC,2024,6507.45727213279
NY.GDP.PCAP.CD,MIC,2025,6778.79773310904
NY.GDP.PCAP.CD,MKD,2015,5262.68671928674
NY.GDP.PCAP.CD,MKD,2016,5598.48622617967
NY.GDP.PCAP.CD,MKD,2017,5955.2973863451
NY.GDP.PCAP.CD,MKD,2018,6713.98925398989
NY.GDP.PCAP.CD,MKD,2019,6718.85826635458
NY.GDP.PCAP.CD,MKD,2020,6659.59651070776
NY.GDP.PCAP.CD,MKD,2021,7620.80296977508
NY.GDP.PCAP.CD,MKD,2022,7606.2375253797
NY.GDP.PCAP.CD,MKD,2023,8674.35846327485
NY.GDP.PCAP.CD,MKD,2024,9291.8566035502
NY.GDP.PCAP.CD,MKD,2025,10489.9255355525
NY.GDP.PCAP.CD,MLI,2015,838.11986940103
NY.GDP.PCAP.CD,MLI,2016,872.468587171653
NY.GDP.PCAP.CD,MLI,2017,924.057531692284
NY.GDP.PCAP.CD,MLI,2018,996.379292136901
NY.GDP.PCAP.CD,MLI,2019,971.949318638092
NY.GDP.PCAP.CD,MLI,2020,953.242943290974
NY.GDP.PCAP.CD,MLI,2021,1027.27345365357
NY.GDP.PCAP.CD,MLI,2022,976.914116406452
NY.GDP.PCAP.CD,MLI,2023,1042.44223444837
NY.GDP.PCAP.CD,MLI,2024,1093.2523323649
NY.GDP.PCAP.CD,MLI,2025,1193.27601004701
NY.GDP.PCAP.CD,MLT,2015,25529.6693210673
NY.GDP.PCAP.CD,MLT,2016,26459.0644285369
NY.GDP.PCAP.CD,MLT,2017,30317.2611769875
NY.GDP.PCAP.CD,MLT,2018,33382.280781103
NY.GDP.PCAP.CD,MLT,2019,32421.9087471186
NY.GDP.PCAP.CD,MLT,2020,31823.422001724
NY.GDP.PCAP.CD,MLT,2021,38078.0064279067
NY.GDP.PCAP.CD,MLT,2022,35658.8318250199
NY.GDP.PCAP.CD,MLT,2023,40932.5238774461
NY.GDP.PCAP.CD,MLT,2024,44023.6341078148
NY.GDP.PCAP.CD,MLT,2025,47906.9000057635
NY.GDP.PCAP.CD,MMR,2015,1166.73305546337
NY.GDP.PCAP.CD,MMR,2016,1229.19713515893
NY.GDP.PCAP.CD,MMR,2017,1272.82241830603
NY.GDP.PCAP.CD,MMR,2018,1298.21310320785
NY.GDP.PCAP.CD,MMR,2019,1425.98954211903
NY.GDP.PCAP.CD,MMR,2020,1490.21683548367
NY.GDP.PCAP.CD,MMR,2021,1242.72134419599
NY.GDP.PCAP.CD,MMR,2022,1158.05005034332
NY.GDP.PCAP.CD,MMR,2023,1233.19666209269
NY.GDP.PCAP.CD,MMR,2024,1359.05001560107
NY.GDP.PCAP.CD,MMR,2025,1488.87527836542
NY.GDP.PCAP.CD,MNA,2015,2808.6233441937
NY.GDP.PCAP.CD,MNA,2016,2869.01813118566
NY.GDP.PCAP.CD,MNA,2017,2865.83515636992
NY.GDP.PCAP.CD,MNA,2018,2815.3901774218
NY.GDP.PCAP.CD,MNA,2019,2701.71325265282
NY.GDP.PCAP.CD,MNA,2020,2415.26254491139
NY.GDP.PCAP.CD,MNA,2021,2760.50031198582
NY.GDP.PCAP.CD,MNA,2022,3022.54814280134
NY.GDP.PCAP.CD,MNA,2023,2872.39008505083
NY.GDP.PCAP.CD,MNA,2024,2963.06913716955
NY.GDP.PCAP.CD,MNA,2025,2829.12883889291
NY.GDP.PCAP.CD,MNE,2015,6421.00005731419
NY.GDP.PCAP.CD,MNE,2016,6968.01202883651
NY.GDP.PCAP.CD,MNE,2017,7674.2856571219
NY.GDP.PCAP.CD,MNE,2018,8673.59469069858
NY.GDP.PCAP.CD,MNE,2019,8749.25629734676
NY.GDP.PCAP.CD,MNE,2020,7555.48699036321
NY.GDP.PCAP.CD,MNE,2021,9315.86435643142
NY.GDP.PCAP.CD,MNE,2022,10038.1849482517
NY.GDP.PCAP.CD,MNE,2023,12258.1600477339
NY.GDP.PCAP.CD,MNE,2024,13270.1824401005
NY.GDP.PCAP.CD,MNE,2025,14816.8380299947
NY.GDP.PCAP.CD,MNG,2015,3838.92126989984
NY.GDP.PCAP.CD,MNG,2016,3619.90026383792
NY.GDP.PCAP.CD,MNG,2017,3645.96708669551
NY.GDP.PCAP.CD,MNG,2018,4107.64288528468
NY.GDP.PCAP.CD,MNG,2019,4347.54610314873
NY.GDP.PCAP.CD,MNG,2020,4001.25193077703
NY.GDP.PCAP.CD,MNG,2021,4517.61578018785
NY.GDP.PCAP.CD,MNG,2022,4993.51487463495
NY.GDP.PCAP.CD,MNG,2023,5838.63108083902
NY.GDP.PCAP.CD,MNG,2024,6750.6301157724
NY.GDP.PCAP.CD,MNG,2025,7108.22743246244
NY.GDP.PCAP.CD,MNP,2015,17665.1007493109
NY.GDP.PCAP.CD,MNP,2016,24225.474169342
NY.GDP.PCAP.CD,MNP,2017,31225.6049960968
NY.GDP.PCAP.CD,MNP,2018,26509.3628379893
NY.GDP.PCAP.CD,MNP,2019,24496.6652122421
NY.GDP.PCAP.CD,MNP,2020,18220.8382427201
NY.GDP.PCAP.CD,MNP,2021,19455.50139424
NY.GDP.PCAP.CD,MNP,2022,23785.754590043
NY.GDP.PCAP.CD,MOZ,2015,610.563774706589
NY.GDP.PCAP.CD,MOZ,2016,441.489734819071
NY.GDP.PCAP.CD,MOZ,2017,470.93856305196
NY.GDP.PCAP.CD,MOZ,2018,517.507260258101
NY.GDP.PCAP.CD,MOZ,2019,519.09255091362
NY.GDP.PCAP.CD,MOZ,2020,462.433876479921
NY.GDP.PCAP.CD,MOZ,2021,509.907829475551
NY.GDP.PCAP.CD,MOZ,2022,578.273222184503
NY.GDP.PCAP.CD,MOZ,2023,622.191133245967
NY.GDP.PCAP.CD,MOZ,2024,656.976148587772
NY.GDP.PCAP.CD,MOZ,2025,626.914419215727
NY.GDP.PCAP.CD,MRT,2015,1558.84205473416
NY.GDP.PCAP.CD,MRT,2016,1568.00551190332
NY.GDP.PCAP.CD,MRT,2017,1617.93401542267
NY.GDP.PCAP.CD,MRT,2018,1723.37809442655
NY.GDP.PCAP.CD,MRT,2019,1767.072710621
NY.GDP.PCAP.CD,MRT,2020,1795.72437324423
NY.GDP.PCAP.CD,MRT,2021,1947.47413907209
NY.GDP.PCAP.CD,MRT,2022,1961.28166648869
NY.GDP.PCAP.CD,MRT,2023,2127.9576285973
NY.GDP.PCAP.CD,MRT,2024,2104.54260769051
NY.GDP.PCAP.CD,MRT,2025,2197.51046251309
NY.GDP.PCAP.CD,MUS,2015,9630.5437837507
NY.GDP.PCAP.CD,MUS,2016,10095.1225574156
NY.GDP.PCAP.CD,MUS,2017,10986.7034093005
NY.GDP.PCAP.CD,MUS,2018,11818.7480619272
NY.GDP.PCAP.CD,MUS,2019,11568.2533399824
NY.GDP.PCAP.CD,MUS,2020,9135.84773751062
NY.GDP.PCAP.CD,MUS,2021,9177.71195973013
NY.GDP.PCAP.CD,MUS,2022,10246.5017455553
NY.GDP.PCAP.CD,MUS,2023,11269.9684462139
NY.GDP.PCAP.CD,MUS,2024,11990.9355434317
NY.GDP.PCAP.CD,MUS,2025,12991.2935987166
NY.GDP.PCAP.CD,MWI,2015,539.605363240686
NY.GDP.PCAP.CD,MWI,2016,450.506105510719
NY.GDP.PCAP.CD,MWI,2017,495.769683367165
NY.GDP.PCAP.CD,MWI,2018,533.202567189331
NY.GDP.PCAP.CD,MWI,2019,580.889139762475
NY.GDP.PCAP.CD,MWI,2020,602.507478176106
NY.GDP.PCAP.CD,MWI,2021,617.446994451007
NY.GDP.PCAP.CD,MWI,2022,604.269740360317
NY.GDP.PCAP.CD,MWI,2023,633.214767978695
NY.GDP.PCAP.CD,MWI,2024,522.365366146003
NY.GDP.PCAP.CD,MWI,2025,671.506847203876
NY.GDP.PCAP.CD,MYS,2015,9648.6797937523
NY.GDP.PCAP.CD,MYS,2016,9476.53409809923
NY.GDP.PCAP.CD,MYS,2017,9862.54806612235
NY.GDP.PCAP.CD,MYS,2018,10901.8019954421
NY.GDP.PCAP.CD,MYS,2019,10920.191763972
NY.GDP.PCAP.CD,MYS,2020,9957.52626697613
NY.GDP.PCAP.CD,MYS,2021,10903.1037480772
NY.GDP.PCAP.CD,MYS,2022,11754.5678336248
NY.GDP.PCAP.CD,MYS,2023,11386.0395636528
NY.GDP.PCAP.CD,MYS,2024,11874.4273684245
NY.GDP.PCAP.CD,MYS,2025,13124.5554178269
NY.GDP.PCAP.CD,NAC,2015,55534.4614029189
NY.GDP.PCAP.CD,NAC,2016,56416.7892083026
NY.GDP.PCAP.CD,NAC,2017,58555.9003870103
NY.GDP.PCAP.CD,NAC,2018,61228.2000482629
NY.GDP.PCAP.CD,NAC,2019,63306.810223782
NY.GDP.PCAP.CD,NAC,2020,62319.8671337986
NY.GDP.PCAP.CD,NAC,2021,69532.9041926862
NY.GDP.PCAP.CD,NAC,2022,75769.6975468613
NY.GDP.PCAP.CD,NAC,2023,79647.6390981082
NY.GDP.PCAP.CD,NAC,2024,82808.120496409
NY.GDP.PCAP.CD,NAC,2025,86308.0717272746
NY.GDP.PCAP.CD,NAM,2015,4774.10650865775
NY.GDP.PCAP.CD,NAM,2016,4395.68776162376
NY.GDP.PCAP.CD,NAM,2017,5143.96072323076
NY.GDP.PCAP.CD,NAM,2018,5308.60813408705
NY.GDP.PCAP.CD,NAM,2019,4731.9210318831
NY.GDP.PCAP.CD,NAM,2020,3878.58982993966
NY.GDP.PCAP.CD,NAM,2021,4412.8355693052
NY.GDP.PCAP.CD,NAM,2022,4349.79908493314
NY.GDP.PCAP.CD,NAM,2023,4225.99102418102
NY.GDP.PCAP.CD,NAM,2024,4501.84849548225
NY.GDP.PCAP.CD,NAM,2025,4875.92558158247
NY.GDP.PCAP.CD,NCL,2015,30858.7237060533
NY.GDP.PCAP.CD,NCL,2016,30782.8544433514
NY.GDP.PCAP.CD,NCL,2017,32354.7102832901
NY.GDP.PCAP.CD,NCL,2018,34902.8968780031
NY.GDP.PCAP.CD,NCL,2019,33411.3358835672
NY.GDP.PCAP.CD,NCL,2020,33270.330597637
NY.GDP.PCAP.CD,NCL,2021,35311.5543551452
NY.GDP.PCAP.CD,NCL,2022,33516.363085906
NY.GDP.PCAP.CD,NCL,2023,33701.8923322781
NY.GDP.PCAP.CD,NCL,2024,29213.1923192946
NY.GDP.PCAP.CD,NER,2015,485.662574175279
NY.GDP.PCAP.CD,NER,2016,499.910520068193
NY.GDP.PCAP.CD,NER,2017,529.929418934868
NY.GDP.PCAP.CD,NER,2018,576.927536415462
NY.GDP.PCAP.CD,NER,2019,541.265819870273
NY.GDP.PCAP.CD,NER,2020,575.451340306915
NY.GDP.PCAP.CD,NER,2021,609.585703670137
NY.GDP.PCAP.CD,NER,2022,613.614736429298
NY.GDP.PCAP.CD,NER,2023,647.930108509567
NY.GDP.PCAP.CD,NER,2024,729.856664168989
NY.GDP.PCAP.CD,NER,2025,775.353622143879
NY.GDP.PCAP.CD,NGA,2015,2585.73360671797
NY.GDP.PCAP.CD,NGA,2016,2070.4127339595
NY.GDP.PCAP.CD,NGA,2017,1876.34027111773
NY.GDP.PCAP.CD,NGA,2018,2057.87944554011
NY.GDP.PCAP.CD,NGA,2019,3189.81286496183
NY.GDP.PCAP.CD,NGA,2020,2797.184580679
NY.GDP.PCAP.CD,NGA,2021,2787.48779220991
NY.GDP.PCAP.CD,NGA,2022,2899.16047469267
NY.GDP.PCAP.CD,NGA,2023,2138.76383718757
NY.GDP.PCAP.CD,NGA,2024,1084.16041805058
NY.GDP.PCAP.CD,NGA,2025,1224.25410237743
NY.GDP.PCAP.CD,NIC,2015,2074.45620634731
NY.GDP.PCAP.CD,NIC,2016,2131.68704828322
NY.GDP.PCAP.CD,NIC,2017,2182.61380995674
NY.GDP.PCAP.CD,NIC,2018,2035.16549390507
NY.GDP.PCAP.CD,NIC,2019,1958.62051528095
NY.GDP.PCAP.CD,NIC,2020,1938.44704754382
NY.GDP.PCAP.CD,NIC,2021,2138.38573878237
NY.GDP.PCAP.CD,NIC,2022,2322.89069619459
NY.GDP.PCAP.CD,NIC,2023,2609.44491147975
NY.GDP.PCAP.CD,NIC,2024,2847.87639497305
NY.GDP.PCAP.CD,NIC,2025,3173.33724815085
NY.GDP.PCAP.CD,NLD,2015,45793.8135434697
NY.GDP.PCAP.CD,NLD,2016,46808.5291492503
NY.GDP.PCAP.CD,NLD,2017,49513.6817346384
NY.GDP.PCAP.CD,NLD,2018,53955.0770024266
NY.GDP.PCAP.CD,NLD,2019,53554.9007491475
NY.GDP.PCAP.CD,NLD,2020,53467.9277413737
NY.GDP.PCAP.CD,NLD,2021,60141.9880911492
NY.GDP.PCAP.CD,NLD,2022,59123.318556487
NY.GDP.PCAP.CD,NLD,2023,63515.6030780019
NY.GDP.PCAP.CD,NLD,2024,67465.3208126875
NY.GDP.PCAP.CD,NLD,2025,73683.917132794
NY.GDP.PCAP.CD,NOR,2015,77220.9524311414
NY.GDP.PCAP.CD,NOR,2016,73222.4006864905
NY.GDP.PCAP.CD,NOR,2017,78771.2151264554
NY.GDP.PCAP.CD,NOR,2018,85579.0776455494
NY.GDP.PCAP.CD,NOR,2019,79329.3075190012
NY.GDP.PCAP.CD,NOR,2020,71057.5879471399
NY.GDP.PCAP.CD,NOR,2021,96442.5552173002
NY.GDP.PCAP.CD,NOR,2022,113122.130765691
NY.GDP.PCAP.CD,NOR,2023,90984.4087141111
NY.GDP.PCAP.CD,NOR,2024,89888.9535204758
NY.GDP.PCAP.CD,NOR,2025,94594.1929573987
NY.GDP.PCAP.CD,NPL,2015,875.543635474862
NY.GDP.PCAP.CD,NPL,2016,877.256454696737
NY.GDP.PCAP.CD,NPL,2017,1034.28374906846
NY.GDP.PCAP.CD,NPL,2018,1179.19843190389
NY.GDP.PCAP.CD,NPL,2019,1203.14294706401
NY.GDP.PCAP.CD,NPL,2020,1154.21517578318
NY.GDP.PCAP.CD,NPL,2021,1252.75076731986
NY.GDP.PCAP.CD,NPL,2022,1385.91066002922
NY.GDP.PCAP.CD,NPL,2023,1382.38300895424
NY.GDP.PCAP.CD,NPL,2024,1460.28237984149
NY.GDP.PCAP.CD,NPL,2025,1535.87781246307
NY.GDP.PCAP.CD,NRU,2015,7747.25584993607
NY.GDP.PCAP.CD,NRU,2016,8748.15632605428
NY.GDP.PCAP.CD,NRU,2017,9656.97976571484
NY.GDP.PCAP.CD,NRU,2018,11413.7463016389
NY.GDP.PCAP.CD,NRU,2019,10801.7705659635
NY.GDP.PCAP.CD,NRU,2020,10709.068810538
NY.GDP.PCAP.CD,NRU,2021,12748.1701249353
NY.GDP.PCAP.CD,NRU,2022,15309.8345351924
NY.GDP.PCAP.CD,NRU,2023,13602.6372112893
NY.GDP.PCAP.CD,NRU,2024,14048.163961344
NY.GDP.PCAP.CD,NRU,2025,14639.5046929186
NY.GDP.PCAP.CD,NZL,2015,38648.7302562109
NY.GDP.PCAP.CD,NZL,2016,40088.3205470499
NY.GDP.PCAP.CD,NZL,2017,42912.1537002148
NY.GDP.PCAP.CD,NZL,2018,43204.1305124872
NY.GDP.PCAP.CD,NZL,2019,42872.2681243427
NY.GDP.PCAP.CD,NZL,2020,42054.6743136586
NY.GDP.PCAP.CD,NZL,2021,49902.154346032
NY.GDP.PCAP.CD,NZL,2022,49141.6316294227
NY.GDP.PCAP.CD,NZL,2023,49302.341876493
NY.GDP.PCAP.CD,NZL,2024,49432.3626396797
NY.GDP.PCAP.CD,NZL,2025,49591.0405731713
NY.GDP.PCAP.CD,OED,2015,35931.9232791311
NY.GDP.PCAP.CD,OED,2016,36407.3771727139
NY.GDP.PCAP.CD,OED,2017,37802.8422452392
NY.GDP.PCAP.CD,OED,2018,39756.7556647363
NY.GDP.PCAP.CD,OED,2019,39940.835037623
NY.GDP.PCAP.CD,OED,2020,38947.5669905773
NY.GDP.PCAP.CD,OED,2021,43495.5049948213
NY.GDP.PCAP.CD,OED,2022,44455.8357743973
NY.GDP.PCAP.CD,OED,2023,47135.6137232065
NY.GDP.PCAP.CD,OED,2024,48881.8109051634
NY.GDP.PCAP.CD,OED,2025,51733.7140199057
NY.GDP.PCAP.CD,OMN,2015,18808.3077921839
NY.GDP.PCAP.CD,OMN,2016,17110.1897460545
NY.GDP.PCAP.CD,OMN,2017,17820.0661809335
NY.GDP.PCAP.CD,OMN,2018,19901.7615642016
NY.GDP.PCAP.CD,OMN,2019,19180.1864152801
NY.GDP.PCAP.CD,OMN,2020,16784.8630630058
NY.GDP.PCAP.CD,OMN,2021,19403.4600160211
NY.GDP.PCAP.CD,OMN,2022,23223.5829405935
NY.GDP.PCAP.CD,OMN,2023,21027.7384572657
NY.GDP.PCAP.CD,OMN,2024,20285.2272765262
NY.GDP.PCAP.CD,OMN,2025,19947.3966227092
NY.GDP.PCAP.CD,OSS,2015,10359.1167773921
NY.GDP.PCAP.CD,OSS,2016,10813.3811118925
NY.GDP.PCAP.CD,OSS,2017,11950.9760651787
NY.GDP.PCAP.CD,OSS,2018,13026.838449762
NY.GDP.PCAP.CD,OSS,2019,12908.1967698249
NY.GDP.PCAP.CD,OSS,2020,11772.0946960495
NY.GDP.PCAP.CD,OSS,2021,13718.3632503913
NY.GDP.PCAP.CD,OSS,2022,14326.3081658507
NY.GDP.PCAP.CD,OSS,2023,15346.6488924949
NY.GDP.PCAP.CD,OSS,2024,16111.8328238083
NY.GDP.PCAP.CD,OSS,2025,17540.3099815121
NY.GDP.PCAP.CD,PAK,2015,1380.47020838317
NY.GDP.PCAP.CD,PAK,2016,1424.69161195897
NY.GDP.PCAP.CD,PAK,2017,1519.23459514248
NY.GDP.PCAP.CD,PAK,2018,1569.33814626355
NY.GDP.PCAP.CD,PAK,2019,1390.41690981745
NY.GDP.PCAP.CD,PAK,2020,1278.39735206896
NY.GDP.PCAP.CD,PAK,2021,1455.31922370186
NY.GDP.PCAP.CD,PAK,2022,1538.3228133171
NY.GDP.PCAP.CD,PAK,2023,1360.32417758419
NY.GDP.PCAP.CD,PAK,2024,1479.47755241191
NY.GDP.PCAP.CD,PAK,2025,1595.90912252837
NY.GDP.PCAP.CD,PAN,2015,14082.6548502728
NY.GDP.PCAP.CD,PAN,2016,14832.3611608191
NY.GDP.PCAP.CD,PAN,2017,15694.6297454295
NY.GDP.PCAP.CD,PAN,2018,16151.3273478476
NY.GDP.PCAP.CD,PAN,2019,16477.9066285687
NY.GDP.PCAP.CD,PAN,2020,13290.5608347594
NY.GDP.PCAP.CD,PAN,2021,15509.8069109784
NY.GDP.PCAP.CD,PAN,2022,17378.6070083597
NY.GDP.PCAP.CD,PAN,2023,18797.1933894611
NY.GDP.PCAP.CD,PAN,2024,19161.218843129
NY.GDP.PCAP.CD,PAN,2025,19789.7308555826
NY.GDP.PCAP.CD,PER,2015,6231.71150338894
NY.GDP.PCAP.CD,PER,2016,6217.03599995447
NY.GDP.PCAP.CD,PER,2017,6736.16693725487
NY.GDP.PCAP.CD,PER,2018,6978.49121548627
NY.GDP.PCAP.CD,PER,2019,7037.00803692604
NY.GDP.PCAP.CD,PER,2020,6133.32552410183
NY.GDP.PCAP.CD,PER,2021,6828.53422535638
NY.GDP.PCAP.CD,PER,2022,7353.74598721667
NY.GDP.PCAP.CD,PER,2023,7919.04634828547
NY.GDP.PCAP.CD,PER,2024,8526.29665719783
NY.GDP.PCAP.CD,PER,2025,9684.41170314988
NY.GDP.PCAP.CD,PHL,2015,2909.85818010301
NY.GDP.PCAP.CD,PHL,2016,2985.19564024046
NY.GDP.PCAP.CD,PHL,2017,3038.12124959289
NY.GDP.PCAP.CD,PHL,2018,3168.51036609727
NY.GDP.PCAP.CD,PHL,2019,3400.78949767074
NY.GDP.PCAP.CD,PHL,2020,3227.57910235199
NY.GDP.PCAP.CD,PHL,2021,3484.38593882819
NY.GDP.PCAP.CD,PHL,2022,3548.06930572116
NY.GDP.PCAP.CD,PHL,2023,3804.08274131718
NY.GDP.PCAP.CD,PHL,2024,3985.29464669706
NY.GDP.PCAP.CD,PHL,2025,4170.72347271451
NY.GDP.PCAP.CD,PLW,2015,15938.3652222848
NY.GDP.PCAP.CD,PLW,2016,17043.6660673147
NY.GDP.PCAP.CD,PLW,2017,16280.241199753
NY.GDP.PCAP.CD,PLW,2018,16179.877834849
NY.GDP.PCAP.CD,PLW,2019,15841.8923474548
NY.GDP.PCAP.CD,PLW,2020,14556.30954221
NY.GDP.PCAP.CD,PLW,2021,13267.4877340719
NY.GDP.PCAP.CD,PLW,2022,13934.951996171
NY.GDP.PCAP.CD,PLW,2023,15578.3497630733
NY.GDP.PCAP.CD,PLW,2024,18169.0767165866
NY.GDP.PCAP.CD,PLW,2025,19532.3557719527
NY.GDP.PCAP.CD,PNG,2015,2484.5963398603
NY.GDP.PCAP.CD,PNG,2016,2316.39479758492
NY.GDP.PCAP.CD,PNG,2017,2477.76530986323
NY.GDP.PCAP.CD,PNG,2018,2566.36833735041
NY.GDP.PCAP.CD,PNG,2019,2575.77274140393
NY.GDP.PCAP.CD,PNG,2020,2429.61134585269
NY.GDP.PCAP.CD,PNG,2021,2607.97769973161
NY.GDP.PCAP.CD,PNG,2022,3102.29409730005
NY.GDP.PCAP.CD,PNG,2023,2966.06455045333
NY.GDP.PCAP.CD,PNG,2024,2912.4914068385
NY.GDP.PCAP.CD,PNG,2025,3019.5309140573
NY.GDP.PCAP.CD,POL,2015,12637.5220324406
NY.GDP.PCAP.CD,POL,2016,12464.0121044827
NY.GDP.PCAP.CD,POL,2017,13913.3415190124
NY.GDP.PCAP.CD,POL,2018,15658.210586693
NY.GDP.PCAP.CD,POL,2019,15874.5220531254
NY.GDP.PCAP.CD,POL,2020,16150.9304813473
NY.GDP.PCAP.CD,POL,2021,18635.5104895754
NY.GDP.PCAP.CD,POL,2022,18891.2121169279
NY.GDP.PCAP.CD,POL,2023,22145.2660647429
NY.GDP.PCAP.CD,POL,2024,25103.565661423
NY.GDP.PCAP.CD,POL,2025,28419.5777395638
NY.GDP.PCAP.CD,PRE,2015,1526.04099231967
NY.GDP.PCAP.CD,PRE,2016,1318.65578321566
NY.GDP.PCAP.CD,PRE,2017,1341.55710823713
NY.GDP.PCAP.CD,PRE,2018,1452.10811367974
NY.GDP.PCAP.CD,PRE,2019,1682.64777483043
NY.GDP.PCAP.CD,PRE,2020,1497.18872625076
NY.GDP.PCAP.CD,PRE,2021,1594.39804852433
NY.GDP.PCAP.CD,PRE,2022,1769.1914721872
NY.GDP.PCAP.CD,PRE,2023,1559.36615928619
NY.GDP.PCAP.CD,PRE,2024,1372.7115352549
NY.GDP.PCAP.CD,PRE,2025,1470.05803145865
NY.GDP.PCAP.CD,PRI,2015,29242.041465085
NY.GDP.PCAP.CD,PRI,2016,29978.0889268918
NY.GDP.PCAP.CD,PRI,2017,30328.479490518
NY.GDP.PCAP.CD,PRI,2018,30679.9181934488
NY.GDP.PCAP.CD,PRI,2019,31830.5284993358
NY.GDP.PCAP.CD,PRI,2020,31427.1034994916
NY.GDP.PCAP.CD,PRI,2021,32618.8705106244
NY.GDP.PCAP.CD,PRI,2022,35353.5613891039
NY.GDP.PCAP.CD,PRI,2023,36980.7653928068
NY.GDP.PCAP.CD,PRI,2024,39353.2242360643
NY.GDP.PCAP.CD,PRI,2025,40620.1526923687
NY.GDP.PCAP.CD,PRT,2015,19215.7813014347
NY.GDP.PCAP.CD,PRT,2016,19980.2808866516
NY.GDP.PCAP.CD,PRT,2017,21442.3842768879
NY.GDP.PCAP.CD,PRT,2018,23541.1401075289
NY.GDP.PCAP.CD,PRT,2019,23343.3628970034
NY.GDP.PCAP.CD,PRT,2020,22299.4044062173
NY.GDP.PCAP.CD,PRT,2021,24711.4510062111
NY.GDP.PCAP.CD,PRT,2022,24620.5197587181
NY.GDP.PCAP.CD,PRT,2023,27634.6183139773
NY.GDP.PCAP.CD,PRT,2024,29328.3067415343
NY.GDP.PCAP.CD,PRT,2025,32081.8106150292
NY.GDP.PCAP.CD,PRY,2015,5879.33792308671
NY.GDP.PCAP.CD,PRY,2016,5775.1596339946
NY.GDP.PCAP.CD,PRY,2017,6152.26711537703
NY.GDP.PCAP.CD,PRY,2018,6258.44991640954
NY.GDP.PCAP.CD,PRY,2019,5821.18199548637
NY.GDP.PCAP.CD,PRY,2020,5365.47220721191
NY.GDP.PCAP.CD,PRY,2021,5974.9057185863
NY.GDP.PCAP.CD,PRY,2022,6189.10205375331
NY.GDP.PCAP.CD,PRY,2023,6303.26495017292
NY.GDP.PCAP.CD,PRY,2024,6456.60723068562
NY.GDP.PCAP.CD,PRY,2025,7026.61906146401
NY.GDP.PCAP.CD,PSE,2015,3272.15432360708
NY.GDP.PCAP.CD,PSE,2016,3527.61382413178
NY.GDP.PCAP.CD,PSE,2017,3620.36048715937
NY.GDP.PCAP.CD,PSE,2018,3562.33094270256
NY.GDP.PCAP.CD,PSE,2019,3656.85827137011
NY.GDP.PCAP.CD,PSE,2020,3233.56863835858
NY.GDP.PCAP.CD,PSE,2021,3678.63565662194
NY.GDP.PCAP.CD,PSE,2022,3799.95527015163
NY.GDP.PCAP.CD,PSE,2023,3607.41611858821
NY.GDP.PCAP.CD,PSE,2024,3028.25481286981
NY.GDP.PCAP.CD,PSE,2025,3171.10844621579
NY.GDP.PCAP.CD,PSS,2015,3761.06673610832
NY.GDP.PCAP.CD,PSS,2016,3898.87961923979
NY.GDP.PCAP.CD,PSS,2017,4147.00368611764
NY.GDP.PCAP.CD,PSS,2018,4295.18182253285
NY.GDP.PCAP.CD,PSS,2019,4185.0758997627
NY.GDP.PCAP.CD,PSS,2020,3632.52907231285
NY.GDP.PCAP.CD,PSS,2021,3646.98862815783
NY.GDP.PCAP.CD,PSS,2022,3941.90128416234
NY.GDP.PCAP.CD,PSS,2023,4199.64948077192
NY.GDP.PCAP.CD,PSS,2024,4528.48364572376
NY.GDP.PCAP.CD,PSS,2025,4719.69017777464
NY.GDP.PCAP.CD,PST,2015,40960.9089975197
NY.GDP.PCAP.CD,PST,2016,41720.329677393
NY.GDP.PCAP.CD,PST,2017,43356.99969696
NY.GDP.PCAP.CD,PST,2018,45787.7299792029
NY.GDP.PCAP.CD,PST,2019,46125.7453007656
NY.GDP.PCAP.CD,PST,2020,45174.5036479433
NY.GDP.PCAP.CD,PST,2021,50433.5519322417
NY.GDP.PCAP.CD,PST,2022,51597.0182783268
NY.GDP.PCAP.CD,PST,2023,54507.2154710128
NY.GDP.PCAP.CD,PST,2024,56385.0585145595
NY.GDP.PCAP.CD,PST,2025,59490.0240628251
NY.GDP.PCAP.CD,PYF,2015,19166.9594761931
NY.GDP.PCAP.CD,PYF,2016,19690.0775734589
NY.GDP.PCAP.CD,PYF,2017,20826.9312492172
NY.GDP.PCAP.CD,PYF,2018,21925.616043938
NY.GDP.PCAP.CD,PYF,2019,21582.5892046801
NY.GDP.PCAP.CD,PYF,2020,19966.4838503859
NY.GDP.PCAP.CD,PYF,2021,21426.3854449835
NY.GDP.PCAP.CD,PYF,2022,20053.9569369322
NY.GDP.PCAP.CD,PYF,2023,21832.2831795569
NY.GDP.PCAP.CD,PYF,2024,22439.8838746025
NY.GDP.PCAP.CD,QAT,2015,68985.2946961507
NY.GDP.PCAP.CD,QAT,2016,61253.6375482797
NY.GDP.PCAP.CD,QAT,2017,63279.8556949332
NY.GDP.PCAP.CD,QAT,2018,71039.8490579352
NY.GDP.PCAP.CD,QAT,2019,66841.3013484919
NY.GDP.PCAP.CD,QAT,2020,51683.5054376677
NY.GDP.PCAP.CD,QAT,2021,71751.8831257169
NY.GDP.PCAP.CD,QAT,2022,88701.463352273
NY.GDP.PCAP.CD,QAT,2023,80195.8746508549
NY.GDP.PCAP.CD,QAT,2024,75685.0865779973
NY.GDP.PCAP.CD,QAT,2025,72524.9066385222
NY.GDP.PCAP.CD,ROU,2015,8977.01748158196
NY.GDP.PCAP.CD,ROU,2016,9404.54005870715
NY.GDP.PCAP.CD,ROU,2017,10727.9822007426
NY.GDP.PCAP.CD,ROU,2018,12416.134317959
NY.GDP.PCAP.CD,ROU,2019,12909.6104013244
NY.GDP.PCAP.CD,ROU,2020,13009.1525348396
NY.GDP.PCAP.CD,ROU,2021,14908.0412813921
NY.GDP.PCAP.CD,ROU,2022,15503.4691366242
NY.GDP.PCAP.CD,ROU,2023,18244.4186876321
NY.GDP.PCAP.CD,ROU,2024,20080.2096215595
NY.GDP.PCAP.CD,ROU,2025,22537.9532108047
NY.GDP.PCAP.CD,RUS,2015,9277.7138671875
NY.GDP.PCAP.CD,RUS,2016,8663.158203125
NY.GDP.PCAP.CD,RUS,2017,10658.9130859375
NY.GDP.PCAP.CD,RUS,2018,11211.8876953125
NY.GDP.PCAP.CD,RUS,2019,11447.701171875
NY.GDP.PCAP.CD,RUS,2020,10108.3271484375
NY.GDP.PCAP.CD,RUS,2021,12425.029296875
NY.GDP.PCAP.CD,RUS,2022,15625.6328125
NY.GDP.PCAP.CD,RUS,2023,13986.9951171875
NY.GDP.PCAP.CD,RUS,2024,14961.8974609375
NY.GDP.PCAP.CD,RUS,2025,17546.609375
NY.GDP.PCAP.CD,RWA,2015,725.691418696952
NY.GDP.PCAP.CD,RWA,2016,721.258515833094
NY.GDP.PCAP.CD,RWA,2017,751.049039527547
NY.GDP.PCAP.CD,RWA,2018,772.754982959354
NY.GDP.PCAP.CD,RWA,2019,823.355304065304
NY.GDP.PCAP.CD,RWA,2020,802.638686936204
NY.GDP.PCAP.CD,RWA,2021,842.581492947672
NY.GDP.PCAP.CD,RWA,2022,1007.05989322914
NY.GDP.PCAP.CD,RWA,2023,1061.05788154076
NY.GDP.PCAP.CD,RWA,2024,1059.93709298801
NY.GDP.PCAP.CD,RWA,2025,1123.73874633225
NY.GDP.PCAP.CD,SAS,2015,1570.54142452744
NY.GDP.PCAP.CD,SAS,2016,1722.90703396273
NY.GDP.PCAP.CD,SAS,2017,1956.06707563972
NY.GDP.PCAP.CD,SAS,2018,1988.36633317988
NY.GDP.PCAP.CD,SAS,2019,2067.05975680251
NY.GDP.PCAP.CD,SAS,2020,1957.20343709781
NY.GDP.PCAP.CD,SAS,2021,2273.72055805692
NY.GDP.PCAP.CD,SAS,2022,2326.72890585805
NY.GDP.PCAP.CD,SAS,2023,2449.857142451
NY.GDP.PCAP.CD,SAS,2024,2601.82209529365
NY.GDP.PCAP.CD,SAS,2025,2705.28227429085
NY.GDP.PCAP.CD,SAU,2015,23256.1549553531
NY.GDP.PCAP.CD,SAU,2016,22267.7217050387
NY.GDP.PCAP.CD,SAU,2017,23929.2907135982
NY.GDP.PCAP.CD,SAU,2018,29360.0658968566
NY.GDP.PCAP.CD,SAU,2019,29566.7933827436
NY.GDP.PCAP.CD,SAU,2020,24338.8307301067
NY.GDP.PCAP.CD,SAU,2021,31920.7653655643
NY.GDP.PCAP.CD,SAU,2022,38510.2276211037
NY.GDP.PCAP.CD,SAU,2023,36156.8562500172
NY.GDP.PCAP.CD,SAU,2024,35527.786181866
NY.GDP.PCAP.CD,SAU,2025,34536.6555456551
NY.GDP.PCAP.CD,SDN,2015,1292.37963867188
NY.GDP.PCAP.CD,SDN,2016,1033.21594238281
NY.GDP.PCAP.CD,SDN,2017,966.505676269531
NY.GDP.PCAP.CD,SDN,2018,731.027465820313
NY.GDP.PCAP.CD,SDN,2019,709.975280761719
NY.GDP.PCAP.CD,SDN,2020,577.795227050781
NY.GDP.PCAP.CD,SDN,2021,712.122009277344
NY.GDP.PCAP.CD,SDN,2022,1046.24084472656
NY.GDP.PCAP.CD,SDN,2023,797.283447265625
NY.GDP.PCAP.CD,SDN,2024,984.607666015625
NY.GDP.PCAP.CD,SDN,2025,1164.53991699219
NY.GDP.PCAP.CD,SEN,2015,1218.00613555438
NY.GDP.PCAP.CD,SEN,2016,1266.43957151587
NY.GDP.PCAP.CD,SEN,2017,1354.77007193387
NY.GDP.PCAP.CD,SEN,2018,1452.55612562445
NY.GDP.PCAP.CD,SEN,2019,1431.18128932159
NY.GDP.PCAP.CD,SEN,2020,1461.08720350553
NY.GDP.PCAP.CD,SEN,2021,1598.10676952274
NY.GDP.PCAP.CD,SEN,2022,1574.0281059306
NY.GDP.PCAP.CD,SEN,2023,1698.03387300843
NY.GDP.PCAP.CD,SEN,2024,1738.73223822106
NY.GDP.PCAP.CD,SEN,2025,1954.71174194867
NY.GDP.PCAP.CD,SGP,2015,55645.6068614606
NY.GDP.PCAP.CD,SGP,2016,57204.0340105222
NY.GDP.PCAP.CD,SGP,2017,61436.1325502558
NY.GDP.PCAP.CD,SGP,2018,67032.8225769734
NY.GDP.PCAP.CD,SGP,2019,66068.7003106378
NY.GDP.PCAP.CD,SGP,2020,61772.5036492256
NY.GDP.PCAP.CD,SGP,2021,80884.8565369236
NY.GDP.PCAP.CD,SGP,2022,91227.6970426492
NY.GDP.PCAP.CD,SGP,2023,86382.5900499252
NY.GDP.PCAP.CD,SGP,2024,94896.5621495988
NY.GDP.PCAP.CD,SGP,2025,98813.9788172877
NY.GDP.PCAP.CD,SLB,2015,2045.47721526649
NY.GDP.PCAP.CD,SLB,2016,2082.62383124213
NY.GDP.PCAP.CD,SLB,2017,2143.57670489272
NY.GDP.PCAP.CD,SLB,2018,2278.19908624102
NY.GDP.PCAP.CD,SLB,2019,2223.65890942466
NY.GDP.PCAP.CD,SLB,2020,2063.32780991967
NY.GDP.PCAP.CD,SLB,2021,2043.44413170658
NY.GDP.PCAP.CD,SLB,2022,1877.78104490956
NY.GDP.PCAP.CD,SLB,2023,1882.64394148042
NY.GDP.PCAP.CD,SLB,2024,1933.55538435227
NY.GDP.PCAP.CD,SLB,2025,2086.18955928928
NY.GDP.PCAP.CD,SLE,2015,964.575980888989
NY.GDP.PCAP.CD,SLE,2016,844.416411175476
NY.GDP.PCAP.CD,SLE,2017,779.186007841728
NY.GDP.PCAP.CD,SLE,2018,845.914540460932
NY.GDP.PCAP.CD,SLE,2019,843.71251730417
NY.GDP.PCAP.CD,SLE,2020,845.277558236182
NY.GDP.PCAP.CD,SLE,2021,885.396401613729
NY.GDP.PCAP.CD,SLE,2022,860.371067874555
NY.GDP.PCAP.CD,SLE,2023,758.329137301888
NY.GDP.PCAP.CD,SLE,2024,806.654650274255
NY.GDP.PCAP.CD,SLE,2025,846.296172499617
NY.GDP.PCAP.CD,SLV,2015,3790.34089108162
NY.GDP.PCAP.CD,SLV,2016,3901.34014965811
NY.GDP.PCAP.CD,SLV,2017,4020.12671373919
NY.GDP.PCAP.CD,SLV,2018,4183.54620971358
NY.GDP.PCAP.CD,SLV,2019,4320.11671534627
NY.GDP.PCAP.CD,SLV,2020,3997.19279583709
NY.GDP.PCAP.CD,SLV,2021,4642.60743101342
NY.GDP.PCAP.CD,SLV,2022,5074.60050994225
NY.GDP.PCAP.CD,SLV,2023,5319.7195268688
NY.GDP.PCAP.CD,SLV,2024,5503.10317151907
NY.GDP.PCAP.CD,SLV,2025,5766.72574029107
NY.GDP.PCAP.CD,SMR,2015,43146.8035302005
NY.GDP.PCAP.CD,SMR,2016,44359.4574206971
NY.GDP.PCAP.CD,SMR,2017,45192.0530047599
NY.GDP.PCAP.CD,SMR,2018,47950.7076296808
NY.GDP.PCAP.CD,SMR,2019,46626.9998571568
NY.GDP.PCAP.CD,SMR,2020,44426.6259613672
NY.GDP.PCAP.CD,SMR,2021,54168.9744311193
NY.GDP.PCAP.CD,SMR,2022,54264.5837022908
NY.GDP.PCAP.CD,SMR,2023,59871.3288101478
NY.GDP.PCAP.CD,SOM,2015,445.583080073396
NY.GDP.PCAP.CD,SOM,2016,460.928490585175
NY.GDP.PCAP.CD,SOM,2017,510.939952317726
NY.GDP.PCAP.CD,SOM,2018,509.497273804534
NY.GDP.PCAP.CD,SOM,2019,539.954816211694
NY.GDP.PCAP.CD,SOM,2020,518.16113333875
NY.GDP.PCAP.CD,SOM,2021,549.056994756254
NY.GDP.PCAP.CD,SOM,2022,573.141165798229
NY.GDP.PCAP.CD,SOM,2023,596.885985135589
NY.GDP.PCAP.CD,SOM,2024,629.538899449007
NY.GDP.PCAP.CD,SOM,2025,661.173877723116
NY.GDP.PCAP.CD,SRB,2015,5820.3215576888
NY.GDP.PCAP.CD,SRB,2016,5982.37030126471
NY.GDP.PCAP.CD,SRB,2017,6548.03653824187
NY.GDP.PCAP.CD,SRB,2018,7559.86165747394
NY.GDP.PCAP.CD,SRB,2019,7755.632986437
NY.GDP.PCAP.CD,SRB,2020,8098.70955668849
NY.GDP.PCAP.CD,SRB,2021,9680.52798074468
NY.GDP.PCAP.CD,SRB,2022,10024.8191112596
NY.GDP.PCAP.CD,SRB,2023,12281.707946167
NY.GDP.PCAP.CD,SRB,2024,13677.7794863909
NY.GDP.PCAP.CD,SRB,2025,15262.0464193413
NY.GDP.PCAP.CD,SSA,2015,1646.07300085129
NY.GDP.PCAP.CD,SSA,2016,1455.29231657117
NY.GDP.PCAP.CD,SSA,2017,1547.77467837023
NY.GDP.PCAP.CD,SSA,2018,1621.1285196776
NY.GDP.PCAP.CD,SSA,2019,1795.55378673641
NY.GDP.PCAP.CD,SSA,2020,1627.39235037313
NY.GDP.PCAP.CD,SSA,2021,1784.88774854725
NY.GDP.PCAP.CD,SSA,2022,1863.26040059117
NY.GDP.PCAP.CD,SSA,2023,1680.66097936273
NY.GDP.PCAP.CD,SSA,2024,1541.07573422834
NY.GDP.PCAP.CD,SSA,2025,1671.41989803328
NY.GDP.PCAP.CD,SSD,2015,1080.14718624765
NY.GDP.PCAP.CD,SSF,2015,1647.32085826836
NY.GDP.PCAP.CD,SSF,2016,1456.65211115929
NY.GDP.PCAP.CD,SSF,2017,1549.18831908585
NY.GDP.PCAP.CD,SSF,2018,1622.59575329634
NY.GDP.PCAP.CD,SSF,2019,1797.04121765415
NY.GDP.PCAP.CD,SSF,2020,1628.43873346869
NY.GDP.PCAP.CD,SSF,2021,1785.98118191144
NY.GDP.PCAP.CD,SSF,2022,1864.70686111925
NY.GDP.PCAP.CD,SSF,2023,1682.2261488119
NY.GDP.PCAP.CD,SSF,2024,1542.65844261619
NY.GDP.PCAP.CD,SSF,2025,1673.07077574497
NY.GDP.PCAP.CD,SST,2015,10451.9964952878
NY.GDP.PCAP.CD,SST,2016,10492.0492970632
NY.GDP.PCAP.CD,SST,2017,11319.4921033734
NY.GDP.PCAP.CD,SST,2018,12064.6886372837
NY.GDP.PCAP.CD,SST,2019,11997.3036529705
NY.GDP.PCAP.CD,SST,2020,10730.4939107969
NY.GDP.PCAP.CD,SST,2021,12435.8612830054
NY.GDP.PCAP.CD,SST,2022,13644.5029834497
NY.GDP.PCAP.CD,SST,2023,14360.785757405
NY.GDP.PCAP.CD,SST,2024,15409.264856078
NY.GDP.PCAP.CD,SST,2025,16577.8450757077
NY.GDP.PCAP.CD,STP,2015,1298.10946596396
NY.GDP.PCAP.CD,STP,2016,1434.87018050521
NY.GDP.PCAP.CD,STP,2017,1555.79477812888
NY.GDP.PCAP.CD,STP,2018,1825.59971753966
NY.GDP.PCAP.CD,STP,2019,1935.2931816596
NY.GDP.PCAP.CD,STP,2020,2167.22001796925
NY.GDP.PCAP.CD,STP,2021,2362.58827248102
NY.GDP.PCAP.CD,STP,2022,2389.73729784737
NY.GDP.PCAP.CD,STP,2023,2990.6606143535
NY.GDP.PCAP.CD,STP,2024,3502.6176807171
NY.GDP.PCAP.CD,STP,2025,4084.40062145233
NY.GDP.PCAP.CD,SUR,2015,8813.61705392067
NY.GDP.PCAP.CD,SUR,2016,5644.2061057532
NY.GDP.PCAP.CD,SUR,2017,6049.52128553675
NY.GDP.PCAP.CD,SUR,2018,6665.74180472239
NY.GDP.PCAP.CD,SUR,2019,6629.66775248603
NY.GDP.PCAP.CD,SUR,2020,4755.39221710693
NY.GDP.PCAP.CD,SUR,2021,5029.84838543953
NY.GDP.PCAP.CD,SUR,2022,6084.43876736445
NY.GDP.PCAP.CD,SUR,2023,5521.97602122638
NY.GDP.PCAP.CD,SUR,2024,6961.78956060258
NY.GDP.PCAP.CD,SUR,2025,7069.87230892274
NY.GDP.PCAP.CD,SVK,2015,16442.0760860018
NY.GDP.PCAP.CD,SVK,2016,16636.0769133073
NY.GDP.PCAP.CD,SVK,2017,17645.5298716761
NY.GDP.PCAP.CD,SVK,2018,19573.3717031314
NY.GDP.PCAP.CD,SVK,2019,19406.0589683582
NY.GDP.PCAP.CD,SVK,2020,19735.4858280801
NY.GDP.PCAP.CD,SVK,2021,22123.3342114545
NY.GDP.PCAP.CD,SVK,2022,21317.7943982363
NY.GDP.PCAP.CD,SVK,2023,24614.8734642794
NY.GDP.PCAP.CD,SVK,2024,25992.6748502048
NY.GDP.PCAP.CD,SVK,2025,28543.6653439813
NY.GDP.PCAP.CD,SVN,2015,20697.2748530619
NY.GDP.PCAP.CD,SVN,2016,21447.8377796036
NY.GDP.PCAP.CD,SVN,2017,23303.077705959
NY.GDP.PCAP.CD,SVN,2018,25888.0481065655
NY.GDP.PCAP.CD,SVN,2019,25814.1687167572
NY.GDP.PCAP.CD,SVN,2020,25392.0651093612
NY.GDP.PCAP.CD,SVN,2021,29192.8401933019
NY.GDP.PCAP.CD,SVN,2022,28360.3041467268
NY.GDP.PCAP.CD,SVN,2023,32660.4753581346
NY.GDP.PCAP.CD,SVN,2024,34301.0318686594
NY.GDP.PCAP.CD,SVN,2025,37376.2216079138
NY.GDP.PCAP.CD,SWE,2015,51188.1652120493
NY.GDP.PCAP.CD,SWE,2016,51703.5088332851
NY.GDP.PCAP.CD,SWE,2017,53210.2233318965
NY.GDP.PCAP.CD,SWE,2018,54018.4554391861
NY.GDP.PCAP.CD,SWE,2019,51648.9892820514
NY.GDP.PCAP.CD,SWE,2020,52568.5726980146
NY.GDP.PCAP.CD,SWE,2021,60647.5416365347
NY.GDP.PCAP.CD,SWE,2022,54836.8907235124
NY.GDP.PCAP.CD,SWE,2023,54950.2834725622
NY.GDP.PCAP.CD,SWE,2024,57222.7100565003
NY.GDP.PCAP.CD,SWE,2025,63133.2126736715
NY.GDP.PCAP.CD,SWZ,2015,3419.82276559528
NY.GDP.PCAP.CD,SWZ,2016,3238.17611961364
NY.GDP.PCAP.CD,SWZ,2017,3853.09956569679
NY.GDP.PCAP.CD,SWZ,2018,3972.65450620357
NY.GDP.PCAP.CD,SWZ,2019,3913.14577547336
NY.GDP.PCAP.CD,SWZ,2020,3466.56936278145
NY.GDP.PCAP.CD,SWZ,2021,3984.00229174306
NY.GDP.PCAP.CD,SWZ,2022,3894.1620089869
NY.GDP.PCAP.CD,SWZ,2023,3755.52111232464
NY.GDP.PCAP.CD,SWZ,2024,3909.55892378182
NY.GDP.PCAP.CD,SWZ,2025,4108.25221093363
NY.GDP.PCAP.CD,SXM,2015,37839.6283815163
NY.GDP.PCAP.CD,SXM,2016,37308.6147795736
NY.GDP.PCAP.CD,SXM,2017,34701.3058494468
NY.GDP.PCAP.CD,SXM,2018,31708.3110124742
NY.GDP.PCAP.CD,SXM,2019,34861.469528968
NY.GDP.PCAP.CD,SXM,2020,30150.8998380477
NY.GDP.PCAP.CD,SXM,2021,32548.4366854902
NY.GDP.PCAP.CD,SXM,2022,37793.1283815826
NY.GDP.PCAP.CD,SXM,2023,39451.822911732
NY.GDP.PCAP.CD,SXM,2024,41472.5870367865
NY.GDP.PCAP.CD,SXM,2025,42978.1317407037
NY.GDP.PCAP.CD,SYC,2015,15333.1051727105
NY.GDP.PCAP.CD,SYC,2016,16566.9946042294
NY.GDP.PCAP.CD,SYC,2017,17480.3651911372
NY.GDP.PCAP.CD,SYC,2018,18440.2340460932
NY.GDP.PCAP.CD,SYC,2019,19141.5118743615
NY.GDP.PCAP.CD,SYC,2020,14041.4754074575
NY.GDP.PCAP.CD,SYC,2021,14982.9111487767
NY.GDP.PCAP.CD,SYC,2022,16682.6990711785
NY.GDP.PCAP.CD,SYC,2023,18130.5297135548
NY.GDP.PCAP.CD,SYC,2024,18364.5259678223
NY.GDP.PCAP.CD,SYC,2025,19449.3836346926
NY.GDP.PCAP.CD,SYR,2015,847.731545352582
NY.GDP.PCAP.CD,SYR,2016,656.349017520952
NY.GDP.PCAP.CD,SYR,2017,851.501972646386
NY.GDP.PCAP.CD,SYR,2018,1098.06667935023
NY.GDP.PCAP.CD,SYR,2019,1109.53933821464
NY.GDP.PCAP.CD,SYR,2020,593.911771822527
NY.GDP.PCAP.CD,SYR,2021,688.566109726934
NY.GDP.PCAP.CD,SYR,2022,1056.78264718197
NY.GDP.PCAP.CD,TCA,2015,29457.0140691162
NY.GDP.PCAP.CD,TCA,2016,31373.5612684327
NY.GDP.PCAP.CD,TCA,2017,30014.2309523213
NY.GDP.PCAP.CD,TCA,2018,31625.616593277
NY.GDP.PCAP.CD,TCA,2019,31780.5217068989
NY.GDP.PCAP.CD,TCA,2020,20690.9160546118
NY.GDP.PCAP.CD,TCA,2021,27329.2885087196
NY.GDP.PCAP.CD,TCA,2022,31280.5418020808
NY.GDP.PCAP.CD,TCA,2023,35470.2151608295
NY.GDP.PCAP.CD,TCA,2024,37506.7798431288
NY.GDP.PCAP.CD,TCD,2015,993.990730610869
NY.GDP.PCAP.CD,TCD,2016,861.831767630746
NY.GDP.PCAP.CD,TCD,2017,854.46120040098
NY.GDP.PCAP.CD,TCD,2018,948.656629871231
NY.GDP.PCAP.CD,TCD,2019,893.336441643325
NY.GDP.PCAP.CD,TCD,2020,866.947814890409
NY.GDP.PCAP.CD,TCD,2021,946.358500208374
NY.GDP.PCAP.CD,TCD,2022,966.036468278568
NY.GDP.PCAP.CD,TCD,2023,949.991054236266
NY.GDP.PCAP.CD,TCD,2024,980.668312111718
NY.GDP.PCAP.CD,TCD,2025,1022.33559390754
NY.GDP.PCAP.CD,TEA,2015,6664.53447337008
NY.GDP.PCAP.CD,TEA,2016,6758.79473763568
NY.GDP.PCAP.CD,TEA,2017,7323.57112357326
NY.GDP.PCAP.CD,TEA,2018,8136.42934013947
NY.GDP.PCAP.CD,TEA,2019,8379.42503514668
NY.GDP.PCAP.CD,TEA,2020,8485.28948088661
NY.GDP.PCAP.CD,TEA,2021,10086.4082581275
NY.GDP.PCAP.CD,TEA,2022,10220.556668162
NY.GDP.PCAP.CD,TEA,2023,10240.3474676862
NY.GDP.PCAP.CD,TEA,2024,10508.2462082104
NY.GDP.PCAP.CD,TEA,2025,10965.8265646099
NY.GDP.PCAP.CD,TEC,2015,8034.6842596255
NY.GDP.PCAP.CD,TEC,2016,7679.02768410566
NY.GDP.PCAP.CD,TEC,2017,8571.09823045668
NY.GDP.PCAP.CD,TEC,2018,8885.56352555245
NY.GDP.PCAP.CD,TEC,2019,9040.92665915657
NY.GDP.PCAP.CD,TEC,2020,8455.78453528889
NY.GDP.PCAP.CD,TEC,2021,9992.00521619821
NY.GDP.PCAP.CD,TEC,2022,11422.1622613514
NY.GDP.PCAP.CD,TEC,2023,12070.5942969794
NY.GDP.PCAP.CD,TEC,2024,13364.4486876078
NY.GDP.PCAP.CD,TEC,2025,15300.0702229683
NY.GDP.PCAP.CD,TGO,2015,813.894676975085
NY.GDP.PCAP.CD,TGO,2016,843.114204338675
NY.GDP.PCAP.CD,TGO,2017,872.076408845752
NY.GDP.PCAP.CD,TGO,2018,942.480774393154
NY.GDP.PCAP.CD,TGO,2019,917.718016777619
NY.GDP.PCAP.CD,TGO,2020,961.219781201934
NY.GDP.PCAP.CD,TGO,2021,1076.29520076949
NY.GDP.PCAP.CD,TGO,2022,1071.61539220759
NY.GDP.PCAP.CD,TGO,2023,1182.32951436696
NY.GDP.PCAP.CD,TGO,2024,1266.08777721447
NY.GDP.PCAP.CD,TGO,2025,1383.89974929887
NY.GDP.PCAP.CD,THA,2015,5688.85335397884
NY.GDP.PCAP.CD,THA,2016,5833.57715617098
NY.GDP.PCAP.CD,THA,2017,6413.09182530343
NY.GDP.PCAP.CD,THA,2018,7099.77650081458
NY.GDP.PCAP.CD,THA,2019,7605.69657797759
NY.GDP.PCAP.CD,THA,2020,6983.03412836245
NY.GDP.PCAP.CD,THA,2021,7055.18760721422
NY.GDP.PCAP.CD,THA,2022,6910.00995211206
NY.GDP.PCAP.CD,THA,2023,7210.54130832685
NY.GDP.PCAP.CD,THA,2024,7386.63615126055
NY.GDP.PCAP.CD,THA,2025,8056.56359761558
NY.GDP.PCAP.CD,TJK,2015,956.916310930656
NY.GDP.PCAP.CD,TJK,2016,788.710481734485
NY.GDP.PCAP.CD,TJK,2017,829.45714764957
NY.GDP.PCAP.CD,TJK,2018,834.288404578801
NY.GDP.PCAP.CD,TJK,2019,871.022372934846
NY.GDP.PCAP.CD,TJK,2020,834.311715460625
NY.GDP.PCAP.CD,TJK,2021,896.748053372182
NY.GDP.PCAP.CD,TJK,2022,1052.17949484894
NY.GDP.PCAP.CD,TJK,2023,1178.47990060249
NY.GDP.PCAP.CD,TJK,2024,1362.02559981695
NY.GDP.PCAP.CD,TJK,2025,1637.2542942547
NY.GDP.PCAP.CD,TKM,2015,5759.497903834
NY.GDP.PCAP.CD,TKM,2016,5238.00827202546
NY.GDP.PCAP.CD,TKM,2017,5125.54920055808
NY.GDP.PCAP.CD,TKM,2018,3911.98557297865
NY.GDP.PCAP.CD,TKM,2019,4365.1152919542
NY.GDP.PCAP.CD,TKM,2020,3935.37749365223
NY.GDP.PCAP.CD,TKM,2021,3713.20113171765
NY.GDP.PCAP.CD,TKM,2022,5198.18947409551
NY.GDP.PCAP.CD,TKM,2023,5298.46421949276
NY.GDP.PCAP.CD,TKM,2024,5904.25772576512
NY.GDP.PCAP.CD,TKM,2025,6540.17876401136
NY.GDP.PCAP.CD,TLA,2015,8404.04978849744
NY.GDP.PCAP.CD,TLA,2016,8082.0851229591
NY.GDP.PCAP.CD,TLA,2017,8918.58515585187
NY.GDP.PCAP.CD,TLA,2018,8620.65095771156
NY.GDP.PCAP.CD,TLA,2019,8363.2081656376
NY.GDP.PCAP.CD,TLA,2020,6965.15053129735
NY.GDP.PCAP.CD,TLA,2021,8076.87634033776
NY.GDP.PCAP.CD,TLA,2022,9177.79711881332
NY.GDP.PCAP.CD,TLA,2023,10259.5487208892
NY.GDP.PCAP.CD,TLA,2024,10441.4685782421
NY.GDP.PCAP.CD,TLA,2025,10822.5929247606
NY.GDP.PCAP.CD,TLS,2015,1319.59297370991
NY.GDP.PCAP.CD,TLS,2016,1335.54390089814
NY.GDP.PCAP.CD,TLS,2017,1266.17767952941
NY.GDP.PCAP.CD,TLS,2018,1219.46598597604
NY.GDP.PCAP.CD,TLS,2019,1562.36458881813
NY.GDP.PCAP.CD,TLS,2020,1630.86935439232
NY.GDP.PCAP.CD,TLS,2021,2684.92673717299
NY.GDP.PCAP.CD,TLS,2022,2343.24955542816
NY.GDP.PCAP.CD,TLS,2023,1502.4114958903
NY.GDP.PCAP.CD,TLS,2024,1331.9705130185
NY.GDP.PCAP.CD,TLS,2025,1340.9640193437
NY.GDP.PCAP.CD,TMN,2015,2805.48695611112
NY.GDP.PCAP.CD,TMN,2016,2864.53445831005
NY.GDP.PCAP.CD,TMN,2017,2860.68231685818
NY.GDP.PCAP.CD,TMN,2018,2810.24942028442
NY.GDP.PCAP.CD,TMN,2019,2695.09130976796
NY.GDP.PCAP.CD,TMN,2020,2409.54729126605
NY.GDP.PCAP.CD,TMN,2021,2754.03924421055
NY.GDP.PCAP.CD,TMN,2022,3017.03706401547
NY.GDP.PCAP.CD,TMN,2023,2867.14499885351
NY.GDP.PCAP.CD,TMN,2024,2962.60094580465
NY.GDP.PCAP.CD,TMN,2025,2826.65540584536
NY.GDP.PCAP.CD,TON,2015,4123.90347238813
NY.GDP.PCAP.CD,TON,2016,3987.98618837043
NY.GDP.PCAP.CD,TON,2017,4365.92929788648
NY.GDP.PCAP.CD,TON,2018,4675.04776047973
NY.GDP.PCAP.CD,TON,2019,4788.83350468584
NY.GDP.PCAP.CD,TON,2020,4792.35872413906
NY.GDP.PCAP.CD,TON,2021,4922.8015864044
NY.GDP.PCAP.CD,TON,2022,5298.01942454298
NY.GDP.PCAP.CD,TON,2023,5651.59357939286
NY.GDP.PCAP.CD,TON,2024,6215.38990974121
NY.GDP.PCAP.CD,TON,2025,6547.18646814228
NY.GDP.PCAP.CD,TSA,2015,1570.54142452744
NY.GDP.PCAP.CD,TSA,2016,1722.90703396273
NY.GDP.PCAP.CD,TSA,2017,1956.06707563972
NY.GDP.PCAP.CD,TSA,2018,1988.36633317988
NY.GDP.PCAP.CD,TSA,2019,2067.05975680251
NY.GDP.PCAP.CD,TSA,2020,1957.20343709781
NY.GDP.PCAP.CD,TSA,2021,2273.72055805692
NY.GDP.PCAP.CD,TSA,2022,2326.72890585805
NY.GDP.PCAP.CD,TSA,2023,2449.857142451
NY.GDP.PCAP.CD,TSA,2024,2601.82209529365
NY.GDP.PCAP.CD,TSA,2025,2705.28227429085
NY.GDP.PCAP.CD,TSS,2015,1647.32085826836
NY.GDP.PCAP.CD,TSS,2016,1456.65211115929
NY.GDP.PCAP.CD,TSS,2017,1549.18831908585
NY.GDP.PCAP.CD,TSS,2018,1622.59575329634
NY.GDP.PCAP.CD,TSS,2019,1797.04121765415
NY.GDP.PCAP.CD,TSS,2020,1628.43873346869
NY.GDP.PCAP.CD,TSS,2021,1785.98118191144
NY.GDP.PCAP.CD,TSS,2022,1864.70686111924
NY.GDP.PCAP.CD,TSS,2023,1682.2261488119
NY.GDP.PCAP.CD,TSS,2024,1542.65844261619
NY.GDP.PCAP.CD,TSS,2025,1673.07077574497
NY.GDP.PCAP.CD,TTO,2015,19887.2327716498
NY.GDP.PCAP.CD,TTO,2016,17449.1538801956
NY.GDP.PCAP.CD,TTO,2017,17566.0999700656
NY.GDP.PCAP.CD,TTO,2018,17571.498737278
NY.GDP.PCAP.CD,TTO,2019,17212.6128892163
NY.GDP.PCAP.CD,TTO,2020,15283.6270531554
NY.GDP.PCAP.CD,TTO,2021,17712.5674104655
NY.GDP.PCAP.CD,TTO,2022,20750.5202434652
NY.GDP.PCAP.CD,TTO,2023,18308.4536298575
NY.GDP.PCAP.CD,TTO,2024,18733.4110406494
NY.GDP.PCAP.CD,TTO,2025,18967.2704636681
NY.GDP.PCAP.CD,TUN,2015,4014.94773686432
NY.GDP.PCAP.CD,TUN,2016,3847.80354448809
NY.GDP.PCAP.CD,TUN,2017,3619.03247319953
NY.GDP.PCAP.CD,TUN,2018,3628.10366464236
NY.GDP.PCAP.CD,TUN,2019,3528.87213306798
NY.GDP.PCAP.CD,TUN,2020,3548.65363663803
NY.GDP.PCAP.CD,TUN,2021,3906.93926319391
NY.GDP.PCAP.CD,TUN,2022,3707.29283414381
NY.GDP.PCAP.CD,TUN,2023,3951.11683376921
NY.GDP.PCAP.CD,TUN,2024,4187.64079392362
NY.GDP.PCAP.CD,TUN,2025,4656.63818386852
NY.GDP.PCAP.CD,TUR,2015,11064.6494504662
NY.GDP.PCAP.CD,TUR,2016,10984.3643169061
NY.GDP.PCAP.CD,TUR,2017,10756.3877677883
NY.GDP.PCAP.CD,TUR,2018,9684.11819884721
NY.GDP.PCAP.CD,TUR,2019,9395.23378001368
NY.GDP.PCAP.CD,TUR,2020,8798.11791709313
NY.GDP.PCAP.CD,TUR,2021,9981.76398411336
NY.GDP.PCAP.CD,TUR,2022,10897.8397861365
NY.GDP.PCAP.CD,TUR,2023,13375.0947282864
NY.GDP.PCAP.CD,TUR,2024,15892.7157287241
NY.GDP.PCAP.CD,TUR,2025,18599.4420922378
NY.GDP.PCAP.CD,TUV,2015,3357.83417700071
NY.GDP.PCAP.CD,TUV,2016,3808.69755015909
NY.GDP.PCAP.CD,TUV,2017,4165.66338700106
NY.GDP.PCAP.CD,TUV,2018,4466.12034928245
NY.GDP.PCAP.CD,TUV,2019,5115.13075950206
NY.GDP.PCAP.CD,TUV,2020,4976.11254109571
NY.GDP.PCAP.CD,TUV,2021,5905.08198095343
NY.GDP.PCAP.CD,TUV,2022,5911.32727055301
NY.GDP.PCAP.CD,TUV,2023,6344.7750188689
NY.GDP.PCAP.CD,TZA,2015,939.127319335938
NY.GDP.PCAP.CD,TZA,2016,953.0107421875
NY.GDP.PCAP.CD,TZA,2017,986.674011230469
NY.GDP.PCAP.CD,TZA,2018,1023.10626220703
NY.GDP.PCAP.CD,TZA,2019,1063.32250976563
NY.GDP.PCAP.CD,TZA,2020,1117.41528320313
NY.GDP.PCAP.CD,TZA,2021,1159.85656738281
NY.GDP.PCAP.CD,TZA,2022,1207.52062988281
NY.GDP.PCAP.CD,TZA,2023,1224.00219726563
NY.GDP.PCAP.CD,TZA,2024,1192.60668945313
NY.GDP.PCAP.CD,TZA,2025,1318.81921386719
NY.GDP.PCAP.CD,UGA,2015,862.934610355811
NY.GDP.PCAP.CD,UGA,2016,752.696571725656
NY.GDP.PCAP.CD,UGA,2017,765.218332297361
NY.GDP.PCAP.CD,UGA,2018,792.16570022814
NY.GDP.PCAP.CD,UGA,2019,822.171150036357
NY.GDP.PCAP.CD,UGA,2020,845.766463890124
NY.GDP.PCAP.CD,UGA,2021,882.791717542504
NY.GDP.PCAP.CD,UGA,2022,963.067314117178
NY.GDP.PCAP.CD,UGA,2023,1002.30913917142
NY.GDP.PCAP.CD,UGA,2024,1077.91278438613
NY.GDP.PCAP.CD,UGA,2025,1206.30450825002
NY.GDP.PCAP.CD,UKR,2015,2094.47387695313
NY.GDP.PCAP.CD,UKR,2016,2158.46118164063
NY.GDP.PCAP.CD,UKR,2017,2604.28759765625
NY.GDP.PCAP.CD,UKR,2018,3059.0517578125
NY.GDP.PCAP.CD,UKR,2019,3619.86157226563
NY.GDP.PCAP.CD,UKR,2020,3709.76928710938
NY.GDP.PCAP.CD,UKR,2021,4775.94580078125
NY.GDP.PCAP.CD,UKR,2022,4199.6708984375
NY.GDP.PCAP.CD,UKR,2023,5139.59814453125
NY.GDP.PCAP.CD,UKR,2024,5391.62255859375
NY.GDP.PCAP.CD,UKR,2025,5865.884765625
NY.GDP.PCAP.CD,URY,2015,17125.9016800298
NY.GDP.PCAP.CD,URY,2016,17009.7584207276
NY.GDP.PCAP.CD,URY,2017,19184.6626114272
NY.GDP.PCAP.CD,URY,2018,19249.9404677501
NY.GDP.PCAP.CD,URY,2019,18315.7350377437
NY.GDP.PCAP.CD,URY,2020,15757.5341990356
NY.GDP.PCAP.CD,URY,2021,17881.8119616753
NY.GDP.PCAP.CD,URY,2022,21009.2883798725
NY.GDP.PCAP.CD,URY,2023,23378.6399733516
NY.GDP.PCAP.CD,URY,2024,24308.4954958447
NY.GDP.PCAP.CD,URY,2025,25215.8238152781
NY.GDP.PCAP.CD,USA,2015,56849.4697923159
NY.GDP.PCAP.CD,USA,2016,57976.628204291
NY.GDP.PCAP.CD,USA,2017,60047.7190728307
NY.GDP.PCAP.CD,USA,2018,62875.6661382728
NY.GDP.PCAP.CD,USA,2019,65227.9565911038
NY.GDP.PCAP.CD,USA,2020,64465.2971415748
NY.GDP.PCAP.CD,USA,2021,71441.2319805947
NY.GDP.PCAP.CD,USA,2022,78008.6895811877
NY.GDP.PCAP.CD,USA,2023,82586.7847707894
NY.GDP.PCAP.CD,USA,2024,86169.6641581917
NY.GDP.PCAP.CD,USA,2025,90026.5163005744
NY.GDP.PCAP.CD,UZB,2015,3172.89899391083
NY.GDP.PCAP.CD,UZB,2016,3128.42307170099
NY.GDP.PCAP.CD,UZB,2017,2271.4730109511
NY.GDP.PCAP.CD,UZB,2018,1894.09088741408
NY.GDP.PCAP.CD,UZB,2019,2128.66067138334
NY.GDP.PCAP.CD,UZB,2020,2087.96374711792
NY.GDP.PCAP.CD,UZB,2021,2370.36480555669
NY.GDP.PCAP.CD,UZB,2022,2698.60262953369
NY.GDP.PCAP.CD,UZB,2023,3015.97705069457
NY.GDP.PCAP.CD,UZB,2024,3337.45492058664
NY.GDP.PCAP.CD,UZB,2025,3968.2720079072
NY.GDP.PCAP.CD,VCT,2015,7353.73556054184
NY.GDP.PCAP.CD,VCT,2016,7656.90042881178
NY.GDP.PCAP.CD,VCT,2017,7988.04445019298
NY.GDP.PCAP.CD,VCT,2018,8428.12677153069
NY.GDP.PCAP.CD,VCT,2019,8740.59425232061
NY.GDP.PCAP.CD,VCT,2020,8351.20324040982
NY.GDP.PCAP.CD,VCT,2021,8641.27904024443
NY.GDP.PCAP.CD,VCT,2022,9693.55867833025
NY.GDP.PCAP.CD,VCT,2023,10582.3656725229
NY.GDP.PCAP.CD,VCT,2024,11501.2265187188
NY.GDP.PCAP.CD,VCT,2025,12561.769166789
NY.GDP.PCAP.CD,VEN,2015,4096.61989137473
NY.GDP.PCAP.CD,VEN,2016,3671.23004093383
NY.GDP.PCAP.CD,VEN,2017,3791.63262049576
NY.GDP.PCAP.CD,VEN,2018,3421.51341607593
NY.GDP.PCAP.CD,VEN,2019,2523.11527549578
NY.GDP.PCAP.CD,VEN,2020,1506.04169391285
NY.GDP.PCAP.CD,VEN,2021,2004.93572921136
NY.GDP.PCAP.CD,VEN,2022,3155.04190923584
NY.GDP.PCAP.CD,VEN,2023,3617.47038396528
NY.GDP.PCAP.CD,VEN,2024,4244.45723136019
NY.GDP.PCAP.CD,VEN,2025,3494.8138870244
NY.GDP.PCAP.CD,VIR,2015,34007.3529411765
NY.GDP.PCAP.CD,VIR,2016,35324.9748874586
NY.GDP.PCAP.CD,VIR,2017,35365.0693039774
NY.GDP.PCAP.CD,VIR,2018,36663.2087550584
NY.GDP.PCAP.CD,VIR,2019,38633.5298915336
NY.GDP.PCAP.CD,VIR,2020,39787.3741650202
NY.GDP.PCAP.CD,VIR,2021,42571.0777368471
NY.GDP.PCAP.CD,VIR,2022,44320.909185774
NY.GDP.PCAP.CD,VNM,2015,2577.56885340113
NY.GDP.PCAP.CD,VNM,2016,2735.0604380416
NY.GDP.PCAP.CD,VNM,2017,2956.10992127753
NY.GDP.PCAP.CD,VNM,2018,3222.31003125366
NY.GDP.PCAP.CD,VNM,2019,3440.90025375434
NY.GDP.PCAP.CD,VNM,2020,3534.03953482647
NY.GDP.PCAP.CD,VNM,2021,3704.1935590038
NY.GDP.PCAP.CD,VNM,2022,4147.69777213621
NY.GDP.PCAP.CD,VNM,2023,4322.82572261566
NY.GDP.PCAP.CD,VNM,2024,4716.6599379632
NY.GDP.PCAP.CD,VNM,2025,5065.99091899299
NY.GDP.PCAP.CD,VUT,2015,3214.41948587141
NY.GDP.PCAP.CD,VUT,2016,3339.83436471043
NY.GDP.PCAP.CD,VUT,2017,3585.31798081216
NY.GDP.PCAP.CD,VUT,2018,3626.18862522473
NY.GDP.PCAP.CD,VUT,2019,3635.62344878185
NY.GDP.PCAP.CD,VUT,2020,3404.30359167624
NY.GDP.PCAP.CD,VUT,2021,3576.13770954363
NY.GDP.PCAP.CD,VUT,2022,3679.53524327491
NY.GDP.PCAP.CD,VUT,2023,3708.18942411253
NY.GDP.PCAP.CD,VUT,2024,3959.87703462363
NY.GDP.PCAP.CD,VUT,2025,4038.73520713411
NY.GDP.PCAP.CD,WLD,2015,10191.9752512662
NY.GDP.PCAP.CD,WLD,2016,10239.4656645738
NY.GDP.PCAP.CD,WLD,2017,10784.3950896297
NY.GDP.PCAP.CD,WLD,2018,11344.728168656
NY.GDP.PCAP.CD,WLD,2019,11417.5958587724
NY.GDP.PCAP.CD,WLD,2020,10999.4917581781
NY.GDP.PCAP.CD,WLD,2021,12472.9074157191
NY.GDP.PCAP.CD,WLD,2022,12876.2377124072
NY.GDP.PCAP.CD,WLD,2023,13313.8575826001
NY.GDP.PCAP.CD,WLD,2024,13717.0909956338
NY.GDP.PCAP.CD,WLD,2025,14405.8484595528
NY.GDP.PCAP.CD,WSM,2015,4084.36083819933
NY.GDP.PCAP.CD,WSM,2016,4147.07097674888
NY.GDP.PCAP.CD,WSM,2017,4307.59381964907
NY.GDP.PCAP.CD,WSM,2018,4231.81409469194
NY.GDP.PCAP.CD,WSM,2019,4351.94234943706
NY.GDP.PCAP.CD,WSM,2020,4099.59660548583
NY.GDP.PCAP.CD,WSM,2021,4021.55934894283
NY.GDP.PCAP.CD,WSM,2022,4132.44717734444
NY.GDP.PCAP.CD,WSM,2023,4822.74084650019
NY.GDP.PCAP.CD,WSM,2024,5392.87761915762
NY.GDP.PCAP.CD,WSM,2025,5872.78333308796
NY.GDP.PCAP.CD,XKX,2015,3520.62685324451
NY.GDP.PCAP.CD,XKX,2016,3759.44777525332
NY.GDP.PCAP.CD,XKX,2017,4009.32022064732
NY.GDP.PCAP.CD,XKX,2018,4384.18796440547
NY.GDP.PCAP.CD,XKX,2019,4415.6992744623
NY.GDP.PCAP.CD,XKX,2020,4320.58382547288
NY.GDP.PCAP.CD,XKX,2021,5269.69946181439
NY.GDP.PCAP.CD,XKX,2022,5298.1473871027
NY.GDP.PCAP.CD,XKX,2023,6220.33213919344
NY.GDP.PCAP.CD,XKX,2024,7026.6988128325
NY.GDP.PCAP.CD,XKX,2025,7899.41841135202
NY.GDP.PCAP.CD,YEM,2015,1362.1738120601
NY.GDP.PCAP.CD,YEM,2016,975.359417003225
NY.GDP.PCAP.CD,YEM,2017,811.165970405745
NY.GDP.PCAP.CD,YEM,2018,633.887202451545
NY.GDP.PCAP.CD,ZAF,2015,6112.27382485974
NY.GDP.PCAP.CD,ZAF,2016,5651.20585165749
NY.GDP.PCAP.CD,ZAF,2017,6618.33508255701
NY.GDP.PCAP.CD,ZAF,2018,6914.1780318076
NY.GDP.PCAP.CD,ZAF,2019,6533.71121032856
NY.GDP.PCAP.CD,ZAF,2020,5580.60383075189
NY.GDP.PCAP.CD,ZAF,2021,6828.75624590017
NY.GDP.PCAP.CD,ZAF,2022,6534.24867783397
NY.GDP.PCAP.CD,ZAF,2023,6034.27208964673
NY.GDP.PCAP.CD,ZAF,2024,6267.186814093
NY.GDP.PCAP.CD,ZAF,2025,6597.71450918774
NY.GDP.PCAP.CD,ZMB,2015,1295.87788680068
NY.GDP.PCAP.CD,ZMB,2016,1239.08527877713
NY.GDP.PCAP.CD,ZMB,2017,1483.46577328065
NY.GDP.PCAP.CD,ZMB,2018,1463.89997855593
NY.GDP.PCAP.CD,ZMB,2019,1258.98619844462
NY.GDP.PCAP.CD,ZMB,2020,951.644316655957
NY.GDP.PCAP.CD,ZMB,2021,1127.16077872857
NY.GDP.PCAP.CD,ZMB,2022,1447.12310138035
NY.GDP.PCAP.CD,ZMB,2023,1330.72780576709
NY.GDP.PCAP.CD,ZMB,2024,1187.10943350064
NY.GDP.PCAP.CD,ZMB,2025,1317.87771619597
NY.GDP.PCAP.CD,ZWE,2015,1387.12632595026
NY.GDP.PCAP.CD,ZWE,2016,1408.13945253431
NY.GDP.PCAP.CD,ZWE,2017,3445.44941020134
NY.GDP.PCAP.CD,ZWE,2018,2270.89531874302
NY.GDP.PCAP.CD,ZWE,2019,2184.52155388801
NY.GDP.PCAP.CD,ZWE,2020,2059.63704025274
NY.GDP.PCAP.CD,ZWE,2021,2613.6167414057
NY.GDP.PCAP.CD,ZWE,2022,2536.40197087505
NY.GDP.PCAP.CD,ZWE,2023,2195.22502010174
NY.GDP.PCAP.CD,ZWE,2024,2496.15514995576
NY.GDP.PCAP.CD,ZWE,2025,3021.43019873632
SH.MED.BEDS.ZS,AFG,2015,0.44
SH.MED.BEDS.ZS,AFG,2016,0.45
SH.MED.BEDS.ZS,AFG,2017,0.42
SH.MED.BEDS.ZS,AFG,2018,0.4
SH.MED.BEDS.ZS,AFG,2019,0.38
SH.MED.BEDS.ZS,AFG,2020,0.33
SH.MED.BEDS.ZS,AFG,2021,0.36
SH.MED.BEDS.ZS,AFG,2022,0.36
SH.MED.BEDS.ZS,AFG,2023,0.35
SH.MED.BEDS.ZS,AGO,2019,0.75
SH.MED.BEDS.ZS,ALB,2015,2.84
SH.MED.BEDS.ZS,ALB,2016,2.82
SH.MED.BEDS.ZS,ALB,2017,2.82
SH.MED.BEDS.ZS,ALB,2018,2.83
SH.MED.BEDS.ZS,ALB,2019,2.84
SH.MED.BEDS.ZS,ALB,2020,2.9
SH.MED.BEDS.ZS,ARB,2015,1.46530433523141
SH.MED.BEDS.ZS,ARB,2016,1.44217893566776
SH.MED.BEDS.ZS,ARB,2017,1.34439612706574
SH.MED.BEDS.ZS,ARB,2018,1.29099014015772
SH.MED.BEDS.ZS,ARB,2019,1.30779661961946
SH.MED.BEDS.ZS,ARB,2020,1.3530049526272
SH.MED.BEDS.ZS,ARB,2021,1.21410737535298
SH.MED.BEDS.ZS,ARE,2015,1.43
SH.MED.BEDS.ZS,ARE,2016,1.39
SH.MED.BEDS.ZS,ARE,2017,1.46
SH.MED.BEDS.ZS,ARE,2018,1.6
SH.MED.BEDS.ZS,ARE,2019,1.83
SH.MED.BEDS.ZS,ARE,2020,1.91
SH.MED.BEDS.ZS,ARE,2021,1.88
SH.MED.BEDS.ZS,ARE,2022,1.87
SH.MED.BEDS.ZS,ARG,2015,4.95
SH.MED.BEDS.ZS,ARG,2016,4.94
SH.MED.BEDS.ZS,ARG,2017,4.99
SH.MED.BEDS.ZS,ARG,2018,3.69
SH.MED.BEDS.ZS,ARG,2019,3.69
SH.MED.BEDS.ZS,ARG,2020,3.19
SH.MED.BEDS.ZS,ARG,2021,3.34
SH.MED.BEDS.ZS,ARG,2022,3.36
SH.MED.BEDS.ZS,ARM,2015,4.29
SH.MED.BEDS.ZS,ARM,2016,4.28
SH.MED.BEDS.ZS,ARM,2017,4.27
SH.MED.BEDS.ZS,ARM,2018,4.18
SH.MED.BEDS.ZS,ARM,2019,4.06
SH.MED.BEDS.ZS,ARM,2020,4.45
SH.MED.BEDS.ZS,ARM,2021,4.43
SH.MED.BEDS.ZS,ARM,2022,4.2
SH.MED.BEDS.ZS,ARM,2023,4.24
SH.MED.BEDS.ZS,ATG,2015,4.04
SH.MED.BEDS.ZS,ATG,2016,3.38
SH.MED.BEDS.ZS,ATG,2017,3.26
SH.MED.BEDS.ZS,ATG,2020,3.32
SH.MED.BEDS.ZS,ATG,2021,3.16
SH.MED.BEDS.ZS,ATG,2022,3.44
SH.MED.BEDS.ZS,ATG,2023,3.42
SH.MED.BEDS.ZS,AUS,2015,3.79
SH.MED.BEDS.ZS,AUS,2016,3.82
SH.MED.BEDS.ZS,AUT,2015,7.54
SH.MED.BEDS.ZS,AUT,2016,7.42
SH.MED.BEDS.ZS,AUT,2017,7.37
SH.MED.BEDS.ZS,AUT,2018,7.27
SH.MED.BEDS.ZS,AUT,2019,7.19
SH.MED.BEDS.ZS,AUT,2020,7.05
SH.MED.BEDS.ZS,AUT,2021,6.91
SH.MED.BEDS.ZS,AUT,2022,6.7
SH.MED.BEDS.ZS,AZE,2015,4.13
SH.MED.BEDS.ZS,AZE,2016,4.12
SH.MED.BEDS.ZS,AZE,2017,3.98
SH.MED.BEDS.ZS,AZE,2018,3.95
SH.MED.BEDS.ZS,AZE,2019,3.94
SH.MED.BEDS.ZS,AZE,2020,4.35
SH.MED.BEDS.ZS,AZE,2021,4.35
SH.MED.BEDS.ZS,AZE,2022,3.8
SH.MED.BEDS.ZS,AZE,2023,3.68
SH.MED.BEDS.ZS,BEL,2015,5.83
SH.MED.BEDS.ZS,BEL,2016,5.76
SH.MED.BEDS.ZS,BEL,2017,5.66
SH.MED.BEDS.ZS,BEL,2018,5.62
SH.MED.BEDS.ZS,BEL,2019,5.57
SH.MED.BEDS.ZS,BEL,2020,5.53
SH.MED.BEDS.ZS,BEL,2021,5.5
SH.MED.BEDS.ZS,BEL,2022,5.46
SH.MED.BEDS.ZS,BEL,2023,5.42
SH.MED.BEDS.ZS,BEN,2015,0.43
SH.MED.BEDS.ZS,BEN,2016,0.42
SH.MED.BEDS.ZS,BEN,2017,0.42
SH.MED.BEDS.ZS,BEN,2018,0.44
SH.MED.BEDS.ZS,BEN,2019,0.4
SH.MED.BEDS.ZS,BEN,2020,0.45
SH.MED.BEDS.ZS,BEN,2021,0.43
SH.MED.BEDS.ZS,BFA,2020,0.2
SH.MED.BEDS.ZS,BGD,2015,0.76
SH.MED.BEDS.ZS,BGD,2016,0.79
SH.MED.BEDS.ZS,BGD,2017,0.84
SH.MED.BEDS.ZS,BGD,2018,0.88
SH.MED.BEDS.ZS,BGD,2019,0.89
SH.MED.BEDS.ZS,BGD,2020,0.97
SH.MED.BEDS.ZS,BGD,2021,0.94
SH.MED.BEDS.ZS,BGD,2022,1.01
SH.MED.BEDS.ZS,BGD,2023,0.92
SH.MED.BEDS.ZS,BGR,2015,7.24
SH.MED.BEDS.ZS,BGR,2016,7.27
SH.MED.BEDS.ZS,BGR,2017,7.45
SH.MED.BEDS.ZS,BGR,2018,7.57
SH.MED.BEDS.ZS,BGR,2019,7.74
SH.MED.BEDS.ZS,BGR,2020,7.82
SH.MED.BEDS.ZS,BGR,2021,7.92
SH.MED.BEDS.ZS,BGR,2022,8.01
SH.MED.BEDS.ZS,BGR,2023,8.2
SH.MED.BEDS.ZS,BHR,2015,1.89
SH.MED.BEDS.ZS,BHR,2016,1.81
SH.MED.BEDS.ZS,BHR,2017,1.74
SH.MED.BEDS.ZS,BHR,2018,1.81
SH.MED.BEDS.ZS,BHR,2019,1.93
SH.MED.BEDS.ZS,BHR,2020,1.99
SH.MED.BEDS.ZS,BHR,2021,2.13
SH.MED.BEDS.ZS,BHR,2022,1.84
SH.MED.BEDS.ZS,BHS,2015,2.84
SH.MED.BEDS.ZS,BHS,2017,2.99
SH.MED.BEDS.ZS,BHS,2018,2.78
SH.MED.BEDS.ZS,BHS,2019,2.77
SH.MED.BEDS.ZS,BHS,2020,2.76
SH.MED.BEDS.ZS,BHS,2021,2.75
SH.MED.BEDS.ZS,BHS,2022,2.21
SH.MED.BEDS.ZS,BHS,2023,2.17
SH.MED.BEDS.ZS,BIH,2015,2.37
SH.MED.BEDS.ZS,BIH,2016,2.39
SH.MED.BEDS.ZS,BIH,2017,2.39
SH.MED.BEDS.ZS,BIH,2018,2.39
SH.MED.BEDS.ZS,BIH,2019,2.35
SH.MED.BEDS.ZS,BLR,2015,10.25
SH.MED.BEDS.ZS,BLR,2016,10.06
SH.MED.BEDS.ZS,BLR,2017,10.0
SH.MED.BEDS.ZS,BLR,2018,9.93
SH.MED.BEDS.ZS,BLR,2019,9.93
SH.MED.BEDS.ZS,BLR,2020,10.09
SH.MED.BEDS.ZS,BLR,2021,10.02
SH.MED.BEDS.ZS,BLR,2022,9.93
SH.MED.BEDS.ZS,BLR,2023,9.77
SH.MED.BEDS.ZS,BLZ,2015,0.97
SH.MED.BEDS.ZS,BLZ,2016,0.95
SH.MED.BEDS.ZS,BLZ,2017,1.04
SH.MED.BEDS.ZS,BLZ,2018,1.04
SH.MED.BEDS.ZS,BLZ,2020,0.98
SH.MED.BEDS.ZS,BLZ,2021,1.09
SH.MED.BEDS.ZS,BLZ,2022,1.07
SH.MED.BEDS.ZS,BLZ,2023,1.0
SH.MED.BEDS.ZS,BOL,2015,1.18
SH.MED.BEDS.ZS,BOL,2016,1.23
SH.MED.BEDS.ZS,BOL,2017,1.26
SH.MED.BEDS.ZS,BOL,2018,1.26
SH.MED.BEDS.ZS,BOL,2019,1.28
SH.MED.BEDS.ZS,BOL,2020,1.37
SH.MED.BEDS.ZS,BOL,2021,1.37
SH.MED.BEDS.ZS,BOL,2022,1.39
SH.MED.BEDS.ZS,BOL,2023,1.49
SH.MED.BEDS.ZS,BRA,2015,2.39
SH.MED.BEDS.ZS,BRA,2016,2.36
SH.MED.BEDS.ZS,BRA,2017,2.34
SH.MED.BEDS.ZS,BRA,2018,2.3
SH.MED.BEDS.ZS,BRA,2019,2.29
SH.MED.BEDS.ZS,BRA,2020,2.49
SH.MED.BEDS.ZS,BRA,2021,2.52
SH.MED.BEDS.ZS,BRB,2015,6.01
SH.MED.BEDS.ZS,BRB,2016,6.0
SH.MED.BEDS.ZS,BRB,2017,6.09
SH.MED.BEDS.ZS,BRB,2018,6.03
SH.MED.BEDS.ZS,BRB,2019,5.72
SH.MED.BEDS.ZS,BRB,2020,5.64
SH.MED.BEDS.ZS,BRB,2021,6.42
SH.MED.BEDS.ZS,BRB,2022,6.27
SH.MED.BEDS.ZS,BRB,2023,6.4
SH.MED.BEDS.ZS,BRN,2015,3.06
SH.MED.BEDS.ZS,BRN,2016,3.1
SH.MED.BEDS.ZS,BRN,2017,3.34
SH.MED.BEDS.ZS,BRN,2018,3.42
SH.MED.BEDS.ZS,BRN,2019,3.66
SH.MED.BEDS.ZS,BRN,2020,3.84
SH.MED.BEDS.ZS,BRN,2021,3.82
SH.MED.BEDS.ZS,BRN,2022,4.19
SH.MED.BEDS.ZS,BRN,2023,3.58
SH.MED.BEDS.ZS,BTN,2015,1.72
SH.MED.BEDS.ZS,BTN,2016,1.71
SH.MED.BEDS.ZS,BTN,2017,1.69
SH.MED.BEDS.ZS,BTN,2018,1.72
SH.MED.BEDS.ZS,BTN,2019,2.09
SH.MED.BEDS.ZS,BTN,2020,2.13
SH.MED.BEDS.ZS,BTN,2021,2.21
SH.MED.BEDS.ZS,BTN,2022,2.19
SH.MED.BEDS.ZS,BTN,2023,2.16
SH.MED.BEDS.ZS,BWA,2015,2.61
SH.MED.BEDS.ZS,BWA,2016,2.57
SH.MED.BEDS.ZS,BWA,2017,2.54
SH.MED.BEDS.ZS,BWA,2018,2.5
SH.MED.BEDS.ZS,BWA,2019,2.47
SH.MED.BEDS.ZS,BWA,2020,2.43
SH.MED.BEDS.ZS,BWA,2021,2.39
SH.MED.BEDS.ZS,BWA,2022,2.36
SH.MED.BEDS.ZS,CAN,2015,2.6
SH.MED.BEDS.ZS,CAN,2016,2.58
SH.MED.BEDS.ZS,CAN,2017,2.51
SH.MED.BEDS.ZS,CAN,2018,2.54
SH.MED.BEDS.ZS,CAN,2019,2.51
SH.MED.BEDS.ZS,CAN,2020,2.54
SH.MED.BEDS.ZS,CAN,2021,2.57
SH.MED.BEDS.ZS,CAN,2022,2.54
SH.MED.BEDS.ZS,CEB,2015,6.56699828752475
SH.MED.BEDS.ZS,CEB,2016,6.56675011351178
SH.MED.BEDS.ZS,CEB,2017,6.58113089462679
SH.MED.BEDS.ZS,CEB,2018,6.5501385149221
SH.MED.BEDS.ZS,CEB,2019,6.43946762011969
SH.MED.BEDS.ZS,CEB,2020,6.42259913290384
SH.MED.BEDS.ZS,CEB,2021,6.47044523690521
SH.MED.BEDS.ZS,CEB,2022,6.37761711280486
SH.MED.BEDS.ZS,CHE,2015,4.73
SH.MED.BEDS.ZS,CHE,2016,4.69
SH.MED.BEDS.ZS,CHE,2017,4.65
SH.MED.BEDS.ZS,CHE,2018,4.63
SH.MED.BEDS.ZS,CHE,2019,4.59
SH.MED.BEDS.ZS,CHE,2020,4.48
SH.MED.BEDS.ZS,CHE,2021,4.43
SH.MED.BEDS.ZS,CHE,2022,4.41
SH.MED.BEDS.ZS,CHE,2023,4.38
SH.MED.BEDS.ZS,CHL,2015,2.13
SH.MED.BEDS.ZS,CHL,2016,2.11
SH.MED.BEDS.ZS,CHL,2017,2.09
SH.MED.BEDS.ZS,CHL,2018,2.05
SH.MED.BEDS.ZS,CHL,2019,2.02
SH.MED.BEDS.ZS,CHL,2020,2.02
SH.MED.BEDS.ZS,CHL,2021,1.98
SH.MED.BEDS.ZS,CHL,2022,1.95
SH.MED.BEDS.ZS,CHL,2023,1.94
SH.MED.BEDS.ZS,CHN,2015,3.82
SH.MED.BEDS.ZS,CHN,2016,4.05
SH.MED.BEDS.ZS,CHN,2017,4.33
SH.MED.BEDS.ZS,CHN,2018,4.59
SH.MED.BEDS.ZS,CHN,2019,4.82
SH.MED.BEDS.ZS,CHN,2020,5.0
SH.MED.BEDS.ZS,CHN,2021,5.2
SH.MED.BEDS.ZS,CHN,2022,5.38
SH.MED.BEDS.ZS,CHN,2023,5.63
SH.MED.BEDS.ZS,CMR,2016,2.65
SH.MED.BEDS.ZS,COL,2015,1.65
SH.MED.BEDS.ZS,COL,2016,1.72
SH.MED.BEDS.ZS,COL,2017,1.74
SH.MED.BEDS.ZS,COL,2018,1.73
SH.MED.BEDS.ZS,COL,2019,1.75
SH.MED.BEDS.ZS,COL,2020,1.7
SH.MED.BEDS.ZS,CPV,2015,2.08
SH.MED.BEDS.ZS,CPV,2016,2.07
SH.MED.BEDS.ZS,CPV,2017,2.1
SH.MED.BEDS.ZS,CPV,2018,2.19
SH.MED.BEDS.ZS,CPV,2019,2.14
SH.MED.BEDS.ZS,CPV,2022,2.21
SH.MED.BEDS.ZS,CRI,2015,1.16
SH.MED.BEDS.ZS,CRI,2016,1.16
SH.MED.BEDS.ZS,CRI,2017,1.15
SH.MED.BEDS.ZS,CRI,2018,1.12
SH.MED.BEDS.ZS,CRI,2019,1.11
SH.MED.BEDS.ZS,CRI,2020,1.17
SH.MED.BEDS.ZS,CRI,2021,1.2
SH.MED.BEDS.ZS,CRI,2022,1.14
SH.MED.BEDS.ZS,CSS,2015,2.64190670510415
SH.MED.BEDS.ZS,CSS,2016,2.64407221243361
SH.MED.BEDS.ZS,CSS,2017,2.58291096748087
SH.MED.BEDS.ZS,CSS,2018,2.57266074632403
SH.MED.BEDS.ZS,CSS,2019,2.60466923308805
SH.MED.BEDS.ZS,CSS,2020,2.47798537909965
SH.MED.BEDS.ZS,CSS,2021,2.51565203753287
SH.MED.BEDS.ZS,CSS,2022,2.50536397090705
SH.MED.BEDS.ZS,CSS,2023,2.80436839306339
SH.MED.BEDS.ZS,CUB,2015,4.07
SH.MED.BEDS.ZS,CUB,2016,4.15
SH.MED.BEDS.ZS,CUB,2017,4.17
SH.MED.BEDS.ZS,CUB,2018,4.19
SH.MED.BEDS.ZS,CUB,2019,4.21
SH.MED.BEDS.ZS,CUB,2020,4.23
SH.MED.BEDS.ZS,CUB,2021,4.27
SH.MED.BEDS.ZS,CUB,2022,4.32
SH.MED.BEDS.ZS,CUB,2023,4.33
SH.MED.BEDS.ZS,CYP,2015,2.37
SH.MED.BEDS.ZS,CYP,2016,2.36
SH.MED.BEDS.ZS,CYP,2017,2.26
SH.MED.BEDS.ZS,CYP,2018,2.18
SH.MED.BEDS.ZS,CYP,2019,2.13
SH.MED.BEDS.ZS,CYP,2020,2.17
SH.MED.BEDS.ZS,CYP,2021,2.13
SH.MED.BEDS.ZS,CYP,2022,2.15
SH.MED.BEDS.ZS,CZE,2015,6.73
SH.MED.BEDS.ZS,CZE,2016,6.73
SH.MED.BEDS.ZS,CZE,2017,6.71
SH.MED.BEDS.ZS,CZE,2018,6.72
SH.MED.BEDS.ZS,CZE,2019,6.7
SH.MED.BEDS.ZS,CZE,2020,6.63
SH.MED.BEDS.ZS,CZE,2021,6.65
SH.MED.BEDS.ZS,CZE,2022,6.54
SH.MED.BEDS.ZS,DEU,2015,8.09
SH.MED.BEDS.ZS,DEU,2016,8.02
SH.MED.BEDS.ZS,DEU,2017,7.96
SH.MED.BEDS.ZS,DEU,2018,7.94
SH.MED.BEDS.ZS,DEU,2019,7.87
SH.MED.BEDS.ZS,DEU,2020,7.77
SH.MED.BEDS.ZS,DEU,2021,7.71
SH.MED.BEDS.ZS,DEU,2022,7.64
SH.MED.BEDS.ZS,DEU,2023,7.55
SH.MED.BEDS.ZS,DJI,2015,1.26
SH.MED.BEDS.ZS,DJI,2016,1.44
SH.MED.BEDS.ZS,DJI,2017,1.42
SH.MED.BEDS.ZS,DJI,2018,1.4
SH.MED.BEDS.ZS,DMA,2015,3.68
SH.MED.BEDS.ZS,DMA,2016,3.72
SH.MED.BEDS.ZS,DMA,2017,3.37
SH.MED.BEDS.ZS,DMA,2018,3.23
SH.MED.BEDS.ZS,DMA,2019,3.18
SH.MED.BEDS.ZS,DMA,2020,3.2
SH.MED.BEDS.ZS,DMA,2021,3.21
SH.MED.BEDS.ZS,DMA,2022,3.95
SH.MED.BEDS.ZS,DMA,2023,3.97
SH.MED.BEDS.ZS,DNK,2015,2.53
SH.MED.BEDS.ZS,DNK,2016,2.6
SH.MED.BEDS.ZS,DNK,2017,2.61
SH.MED.BEDS.ZS,DNK,2018,2.61
SH.MED.BEDS.ZS,DNK,2019,2.59
SH.MED.BEDS.ZS,DNK,2020,2.59
SH.MED.BEDS.ZS,DNK,2021,2.51
SH.MED.BEDS.ZS,DNK,2022,2.48
SH.MED.BEDS.ZS,DNK,2023,2.43
SH.MED.BEDS.ZS,DOM,2015,1.51
SH.MED.BEDS.ZS,DOM,2016,1.37
SH.MED.BEDS.ZS,DOM,2017,1.48
SH.MED.BEDS.ZS,DOM,2018,1.24
SH.MED.BEDS.ZS,DOM,2019,1.25
SH.MED.BEDS.ZS,DOM,2020,1.42
SH.MED.BEDS.ZS,DOM,2021,1.51
SH.MED.BEDS.ZS,DOM,2022,1.51
SH.MED.BEDS.ZS,DOM,2023,0.75
SH.MED.BEDS.ZS,DZA,2015,1.62
SH.MED.BEDS.ZS,DZA,2016,1.6
SH.MED.BEDS.ZS,DZA,2017,1.61
SH.MED.BEDS.ZS,EAP,2015,3.04855552822148
SH.MED.BEDS.ZS,EAP,2016,3.22522421045267
SH.MED.BEDS.ZS,EAP,2017,3.42509733546169
SH.MED.BEDS.ZS,EAP,2018,3.76391143746845
SH.MED.BEDS.ZS,EAP,2019,3.82077740554924
SH.MED.BEDS.ZS,EAP,2020,3.99853556998185
SH.MED.BEDS.ZS,EAP,2021,4.22110167099291
SH.MED.BEDS.ZS,EAP,2022,4.56788522292987
SH.MED.BEDS.ZS,EAP,2023,4.73070700615744
SH.MED.BEDS.ZS,EAR,2015,1.47408939461137
SH.MED.BEDS.ZS,EAR,2016,1.45438865985611
SH.MED.BEDS.ZS,EAR,2017,1.49134297614629
SH.MED.BEDS.ZS,EAR,2018,1.48869452099708
SH.MED.BEDS.ZS,EAR,2019,1.47493671301177
SH.MED.BEDS.ZS,EAR,2020,1.49805691103526
SH.MED.BEDS.ZS,EAR,2021,1.55814766055539
SH.MED.BEDS.ZS,EAS,2015,3.82518927658669
SH.MED.BEDS.ZS,EAS,2016,3.99121085943343
SH.MED.BEDS.ZS,EAS,2017,4.17247444442441
SH.MED.BEDS.ZS,EAS,2018,4.49575172837371
SH.MED.BEDS.ZS,EAS,2019,4.54711009993475
SH.MED.BEDS.ZS,EAS,2020,4.70403380537013
SH.MED.BEDS.ZS,EAS,2021,4.92243452516751
SH.MED.BEDS.ZS,EAS,2022,5.27344041877921
SH.MED.BEDS.ZS,EAS,2023,4.71791978451013
SH.MED.BEDS.ZS,ECA,2015,4.64008180965362
SH.MED.BEDS.ZS,ECA,2016,4.55536922420542
SH.MED.BEDS.ZS,ECA,2017,4.52745339858385
SH.MED.BEDS.ZS,ECA,2018,4.55053662615104
SH.MED.BEDS.ZS,ECA,2019,4.49927027652523
SH.MED.BEDS.ZS,ECA,2020,4.65934989220088
SH.MED.BEDS.ZS,ECA,2021,4.40376876650331
SH.MED.BEDS.ZS,ECA,2022,4.48830522716508
SH.MED.BEDS.ZS,ECA,2023,4.02111025360529
SH.MED.BEDS.ZS,ECS,2015,5.37279450702783
SH.MED.BEDS.ZS,ECS,2016,5.29711532711788
SH.MED.BEDS.ZS,ECS,2017,5.24238702763104
SH.MED.BEDS.ZS,ECS,2018,5.21128704147218
SH.MED.BEDS.ZS,ECS,2019,5.13962980947583
SH.MED.BEDS.ZS,ECS,2020,5.15785937884561
SH.MED.BEDS.ZS,ECS,2021,5.07894870037742
SH.MED.BEDS.ZS,ECS,2022,5.03585610927478
SH.MED.BEDS.ZS,ECU,2015,1.52
SH.MED.BEDS.ZS,ECU,2016,1.38
SH.MED.BEDS.ZS,ECU,2017,1.4
SH.MED.BEDS.ZS,ECU,2018,1.4
SH.MED.BEDS.ZS,ECU,2019,1.39
SH.MED.BEDS.ZS,ECU,2020,1.32
SH.MED.BEDS.ZS,ECU,2021,1.31
SH.MED.BEDS.ZS,ECU,2022,1.31
SH.MED.BEDS.ZS,ECU,2023,1.32
SH.MED.BEDS.ZS,EGY,2015,1.25
SH.MED.BEDS.ZS,EGY,2016,1.25
SH.MED.BEDS.ZS,EGY,2017,1.27
SH.MED.BEDS.ZS,EGY,2018,1.24
SH.MED.BEDS.ZS,EGY,2019,1.19
SH.MED.BEDS.ZS,EGY,2020,1.11
SH.MED.BEDS.ZS,EGY,2021,1.06
SH.MED.BEDS.ZS,EMU,2015,5.35842358676084
SH.MED.BEDS.ZS,EMU,2016,5.3126299406169
SH.MED.BEDS.ZS,EMU,2017,5.2732377791639
SH.MED.BEDS.ZS,EMU,2018,5.23466639746355
SH.MED.BEDS.ZS,EMU,2019,5.18375507155526
SH.MED.BEDS.ZS,EMU,2020,5.12326548346851
SH.MED.BEDS.ZS,EMU,2021,5.07937653460763
SH.MED.BEDS.ZS,EMU,2022,4.99611152966589
SH.MED.BEDS.ZS,ERI,2015,1.23
SH.MED.BEDS.ZS,ERI,2016,1.23
SH.MED.BEDS.ZS,ERI,2017,1.23
SH.MED.BEDS.ZS,ERI,2018,1.16
SH.MED.BEDS.ZS,ERI,2019,1.09
SH.MED.BEDS.ZS,ERI,2020,1.08
SH.MED.BEDS.ZS,ERI,2021,1.06
SH.MED.BEDS.ZS,ERI,2022,1.04
SH.MED.BEDS.ZS,ERI,2023,1.02
SH.MED.BEDS.ZS,ESP,2015,2.96
SH.MED.BEDS.ZS,ESP,2016,2.95
SH.MED.BEDS.ZS,ESP,2017,2.96
SH.MED.BEDS.ZS,ESP,2018,2.95
SH.MED.BEDS.ZS,ESP,2019,2.93
SH.MED.BEDS.ZS,ESP,2020,2.94
SH.MED.BEDS.ZS,ESP,2021,2.94
SH.MED.BEDS.ZS,ESP,2022,2.94
SH.MED.BEDS.ZS,ESP,2023,2.91
SH.MED.BEDS.ZS,EST,2015,4.82
SH.MED.BEDS.ZS,EST,2016,4.69
SH.MED.BEDS.ZS,EST,2017,4.61
SH.MED.BEDS.ZS,EST,2018,4.53
SH.MED.BEDS.ZS,EST,2019,4.53
SH.MED.BEDS.ZS,EST,2020,4.46
SH.MED.BEDS.ZS,EST,2021,4.39
SH.MED.BEDS.ZS,EST,2022,4.19
SH.MED.BEDS.ZS,EST,2023,4.13
SH.MED.BEDS.ZS,ETH,2016,0.33
SH.MED.BEDS.ZS,EUU,2015,5.49504000879076
SH.MED.BEDS.ZS,EUU,2016,5.45748244567156
SH.MED.BEDS.ZS,EUU,2017,5.42314330135206
SH.MED.BEDS.ZS,EUU,2018,5.38292898356978
SH.MED.BEDS.ZS,EUU,2019,5.31159208712892
SH.MED.BEDS.ZS,EUU,2020,5.26061701494458
SH.MED.BEDS.ZS,EUU,2021,5.23136374722516
SH.MED.BEDS.ZS,EUU,2022,5.14333478552798
SH.MED.BEDS.ZS,FIN,2015,4.28
SH.MED.BEDS.ZS,FIN,2016,3.97
SH.MED.BEDS.ZS,FIN,2017,3.75
SH.MED.BEDS.ZS,FIN,2018,3.61
SH.MED.BEDS.ZS,FIN,2019,3.35
SH.MED.BEDS.ZS,FIN,2020,2.75
SH.MED.BEDS.ZS,FIN,2021,2.76
SH.MED.BEDS.ZS,FIN,2022,2.61
SH.MED.BEDS.ZS,FJI,2015,1.88
SH.MED.BEDS.ZS,FJI,2016,1.89
SH.MED.BEDS.ZS,FJI,2017,1.89
SH.MED.BEDS.ZS,FRA,2015,6.28
SH.MED.BEDS.ZS,FRA,2016,6.21
SH.MED.BEDS.ZS,FRA,2017,6.12
SH.MED.BEDS.ZS,FRA,2018,6.04
SH.MED.BEDS.ZS,FRA,2019,5.96
SH.MED.BEDS.ZS,FRA,2020,5.86
SH.MED.BEDS.ZS,FRA,2021,5.77
SH.MED.BEDS.ZS,FRA,2022,5.65
SH.MED.BEDS.ZS,GBR,2015,2.6
SH.MED.BEDS.ZS,GBR,2016,2.56
SH.MED.BEDS.ZS,GBR,2017,2.53
SH.MED.BEDS.ZS,GBR,2018,2.48
SH.MED.BEDS.ZS,GBR,2019,2.44
SH.MED.BEDS.ZS,GBR,2020,2.42
SH.MED.BEDS.ZS,GBR,2021,2.41
SH.MED.BEDS.ZS,GBR,2022,2.42
SH.MED.BEDS.ZS,GEO,2015,3.38
SH.MED.BEDS.ZS,GEO,2016,3.64
SH.MED.BEDS.ZS,GEO,2017,3.98
SH.MED.BEDS.ZS,GEO,2018,4.22
SH.MED.BEDS.ZS,GEO,2019,4.61
SH.MED.BEDS.ZS,GEO,2020,4.9
SH.MED.BEDS.ZS,GEO,2021,5.44
SH.MED.BEDS.ZS,GEO,2022,4.72
SH.MED.BEDS.ZS,GEO,2023,4.04
SH.MED.BEDS.ZS,GHA,2015,0.69
SH.MED.BEDS.ZS,GMB,2015,1.02
SH.MED.BEDS.ZS,GMB,2016,1.08
SH.MED.BEDS.ZS,GMB,2019,0.96
SH.MED.BEDS.ZS,GMB,2020,1.14
SH.MED.BEDS.ZS,GMB,2021,1.18
SH.MED.BEDS.ZS,GMB,2023,1.11
SH.MED.BEDS.ZS,GRC,2015,4.25
SH.MED.BEDS.ZS,GRC,2016,4.2
SH.MED.BEDS.ZS,GRC,2017,4.21
SH.MED.BEDS.ZS,GRC,2018,4.2
SH.MED.BEDS.ZS,GRC,2019,4.15
SH.MED.BEDS.ZS,GRC,2020,4.2
SH.MED.BEDS.ZS,GRC,2021,4.23
SH.MED.BEDS.ZS,GRC,2022,4.27
SH.MED.BEDS.ZS,GRD,2015,3.52
SH.MED.BEDS.ZS,GRD,2016,3.33
SH.MED.BEDS.ZS,GRD,2017,3.33
SH.MED.BEDS.ZS,GRD,2018,3.34
SH.MED.BEDS.ZS,GRD,2021,3.02
SH.MED.BEDS.ZS,GRD,2022,3.01
SH.MED.BEDS.ZS,GRD,2023,3.01
SH.MED.BEDS.ZS,GTM,2015,0.59
SH.MED.BEDS.ZS,GTM,2017,0.45
SH.MED.BEDS.ZS,GTM,2018,0.44
SH.MED.BEDS.ZS,GTM,2019,0.47
SH.MED.BEDS.ZS,GTM,2020,0.43
SH.MED.BEDS.ZS,GTM,2021,0.44
SH.MED.BEDS.ZS,GTM,2022,0.44
SH.MED.BEDS.ZS,GTM,2023,0.45
SH.MED.BEDS.ZS,GUY,2015,1.75
SH.MED.BEDS.ZS,GUY,2016,1.74
SH.MED.BEDS.ZS,GUY,2017,1.73
SH.MED.BEDS.ZS,GUY,2018,1.68
SH.MED.BEDS.ZS,GUY,2019,2.15
SH.MED.BEDS.ZS,GUY,2020,2.22
SH.MED.BEDS.ZS,GUY,2021,2.55
SH.MED.BEDS.ZS,GUY,2022,2.53
SH.MED.BEDS.ZS,GUY,2023,3.24
SH.MED.BEDS.ZS,HND,2015,0.6
SH.MED.BEDS.ZS,HND,2016,0.63
SH.MED.BEDS.ZS,HND,2017,0.64
SH.MED.BEDS.ZS,HND,2018,0.65
SH.MED.BEDS.ZS,HND,2019,0.65
SH.MED.BEDS.ZS,HND,2020,0.71
SH.MED.BEDS.ZS,HND,2021,0.66
SH.MED.BEDS.ZS,HND,2022,0.62
SH.MED.BEDS.ZS,HND,2023,0.53
SH.MED.BEDS.ZS,HRV,2015,5.6
SH.MED.BEDS.ZS,HRV,2016,5.54
SH.MED.BEDS.ZS,HRV,2017,5.61
SH.MED.BEDS.ZS,HRV,2018,5.7
SH.MED.BEDS.ZS,HRV,2019,5.78
SH.MED.BEDS.ZS,HRV,2020,5.8
SH.MED.BEDS.ZS,HRV,2021,5.71
SH.MED.BEDS.ZS,HRV,2022,5.76
SH.MED.BEDS.ZS,HRV,2023,5.6
SH.MED.BEDS.ZS,HTI,2018,5.29
SH.MED.BEDS.ZS,HTI,2019,4.89
SH.MED.BEDS.ZS,HTI,2020,5.06
SH.MED.BEDS.ZS,HTI,2021,4.8
SH.MED.BEDS.ZS,HTI,2022,4.68
SH.MED.BEDS.ZS,HTI,2023,4.9
SH.MED.BEDS.ZS,HUN,2015,7.0
SH.MED.BEDS.ZS,HUN,2016,7.0
SH.MED.BEDS.ZS,HUN,2017,7.02
SH.MED.BEDS.ZS,HUN,2018,6.95
SH.MED.BEDS.ZS,HUN,2019,6.91
SH.MED.BEDS.ZS,HUN,2020,6.76
SH.MED.BEDS.ZS,HUN,2021,6.79
SH.MED.BEDS.ZS,HUN,2022,6.63
SH.MED.BEDS.ZS,IBD,2015,2.7336571239467
SH.MED.BEDS.ZS,IBD,2016,2.79189977008483
SH.MED.BEDS.ZS,IBD,2017,2.82557754321661
SH.MED.BEDS.ZS,IBD,2018,2.89857691185447
SH.MED.BEDS.ZS,IBD,2019,2.94913476686582
SH.MED.BEDS.ZS,IBD,2020,3.06287319116192
SH.MED.BEDS.ZS,IBD,2021,3.12126945718317
SH.MED.BEDS.ZS,IBT,2015,2.45296543679997
SH.MED.BEDS.ZS,IBT,2016,2.45962838279836
SH.MED.BEDS.ZS,IBT,2017,2.55603165450446
SH.MED.BEDS.ZS,IBT,2018,2.59431619817764
SH.MED.BEDS.ZS,IBT,2019,2.62703390022968
SH.MED.BEDS.ZS,IBT,2020,2.7303447349779
SH.MED.BEDS.ZS,IBT,2021,2.90261417823278
SH.MED.BEDS.ZS,IDN,2015,0.95
SH.MED.BEDS.ZS,IDN,2016,0.97
SH.MED.BEDS.ZS,IDN,2017,1.02
SH.MED.BEDS.ZS,IDN,2018,1.15
SH.MED.BEDS.ZS,IDN,2019,1.16
SH.MED.BEDS.ZS,IDN,2020,1.38
SH.MED.BEDS.ZS,IDN,2021,1.34
SH.MED.BEDS.ZS,IDN,2022,1.4
SH.MED.BEDS.ZS,IDN,2023,1.37
SH.MED.BEDS.ZS,IND,2015,1.7
SH.MED.BEDS.ZS,IND,2016,1.68
SH.MED.BEDS.ZS,IND,2017,1.66
SH.MED.BEDS.ZS,IND,2018,1.64
SH.MED.BEDS.ZS,IND,2019,1.62
SH.MED.BEDS.ZS,IND,2020,1.61
SH.MED.BEDS.ZS,IND,2021,1.59
SH.MED.BEDS.ZS,IRL,2015,2.92
SH.MED.BEDS.ZS,IRL,2016,2.95
SH.MED.BEDS.ZS,IRL,2017,2.97
SH.MED.BEDS.ZS,IRL,2018,2.97
SH.MED.BEDS.ZS,IRL,2019,2.88
SH.MED.BEDS.ZS,IRL,2020,2.89
SH.MED.BEDS.ZS,IRL,2021,2.9
SH.MED.BEDS.ZS,IRL,2022,2.94
SH.MED.BEDS.ZS,IRL,2023,2.96
SH.MED.BEDS.ZS,IRN,2015,1.79
SH.MED.BEDS.ZS,IRN,2016,1.88
SH.MED.BEDS.ZS,IRN,2017,1.9
SH.MED.BEDS.ZS,IRN,2018,1.93
SH.MED.BEDS.ZS,IRN,2019,1.85
SH.MED.BEDS.ZS,IRQ,2017,1.06
SH.MED.BEDS.ZS,IRQ,2018,1.06
SH.MED.BEDS.ZS,ISL,2015,3.12
SH.MED.BEDS.ZS,ISL,2016,3.13
SH.MED.BEDS.ZS,ISL,2017,3.06
SH.MED.BEDS.ZS,ISL,2018,2.87
SH.MED.BEDS.ZS,ISL,2019,2.8
SH.MED.BEDS.ZS,ISL,2020,2.83
SH.MED.BEDS.ZS,ISR,2015,3.15
SH.MED.BEDS.ZS,ISR,2016,3.11
SH.MED.BEDS.ZS,ISR,2017,3.14
SH.MED.BEDS.ZS,ISR,2018,3.1
SH.MED.BEDS.ZS,ISR,2019,3.1
SH.MED.BEDS.ZS,ISR,2020,3.06
SH.MED.BEDS.ZS,ISR,2021,3.05
SH.MED.BEDS.ZS,ISR,2022,3.13
SH.MED.BEDS.ZS,ISR,2023,3.14
SH.MED.BEDS.ZS,ITA,2015,3.2
SH.MED.BEDS.ZS,ITA,2016,3.18
SH.MED.BEDS.ZS,ITA,2017,3.19
SH.MED.BEDS.ZS,ITA,2018,3.15
SH.MED.BEDS.ZS,ITA,2019,3.14
SH.MED.BEDS.ZS,ITA,2020,3.16
SH.MED.BEDS.ZS,ITA,2021,3.09
SH.MED.BEDS.ZS,ITA,2022,3.06
SH.MED.BEDS.ZS,JAM,2015,1.71
SH.MED.BEDS.ZS,JAM,2016,1.73
SH.MED.BEDS.ZS,JAM,2017,1.71
SH.MED.BEDS.ZS,JAM,2018,1.69
SH.MED.BEDS.ZS,JAM,2019,1.72
SH.MED.BEDS.ZS,JAM,2020,1.71
SH.MED.BEDS.ZS,JAM,2021,1.67
SH.MED.BEDS.ZS,JAM,2022,1.71
SH.MED.BEDS.ZS,JAM,2023,1.65
SH.MED.BEDS.ZS,JOR,2015,1.38
SH.MED.BEDS.ZS,JOR,2016,1.37
SH.MED.BEDS.ZS,JOR,2017,1.45
SH.MED.BEDS.ZS,JOR,2018,1.41
SH.MED.BEDS.ZS,JOR,2019,1.36
SH.MED.BEDS.ZS,JOR,2020,1.38
SH.MED.BEDS.ZS,JOR,2021,1.39
SH.MED.BEDS.ZS,JOR,2022,1.42
SH.MED.BEDS.ZS,JOR,2023,1.41
SH.MED.BEDS.ZS,JPN,2015,13.15
SH.MED.BEDS.ZS,JPN,2016,13.09
SH.MED.BEDS.ZS,JPN,2017,13.01
SH.MED.BEDS.ZS,JPN,2018,12.93
SH.MED.BEDS.ZS,JPN,2019,12.79
SH.MED.BEDS.ZS,JPN,2020,12.62
SH.MED.BEDS.ZS,JPN,2021,12.6
SH.MED.BEDS.ZS,JPN,2022,12.59
SH.MED.BEDS.ZS,KAZ,2015,5.67
SH.MED.BEDS.ZS,KAZ,2016,5.45
SH.MED.BEDS.ZS,KAZ,2017,5.33
SH.MED.BEDS.ZS,KAZ,2018,5.2
SH.MED.BEDS.ZS,KAZ,2019,5.01
SH.MED.BEDS.ZS,KAZ,2020,6.54
SH.MED.BEDS.ZS,KEN,2019,1.33
SH.MED.BEDS.ZS,KGZ,2015,4.48
SH.MED.BEDS.ZS,KGZ,2016,4.45
SH.MED.BEDS.ZS,KGZ,2017,4.33
SH.MED.BEDS.ZS,KGZ,2018,4.2
SH.MED.BEDS.ZS,KGZ,2019,4.09
SH.MED.BEDS.ZS,KGZ,2020,4.04
SH.MED.BEDS.ZS,KGZ,2021,4.05
SH.MED.BEDS.ZS,KGZ,2022,3.9
SH.MED.BEDS.ZS,KGZ,2023,3.73
SH.MED.BEDS.ZS,KHM,2015,0.83
SH.MED.BEDS.ZS,KHM,2018,0.73
SH.MED.BEDS.ZS,KIR,2016,1.86
SH.MED.BEDS.ZS,KNA,2015,5.07
SH.MED.BEDS.ZS,KNA,2016,5.07
SH.MED.BEDS.ZS,KNA,2017,5.08
SH.MED.BEDS.ZS,KNA,2018,5.08
SH.MED.BEDS.ZS,KNA,2019,4.39
SH.MED.BEDS.ZS,KNA,2020,4.39
SH.MED.BEDS.ZS,KNA,2021,4.4
SH.MED.BEDS.ZS,KNA,2022,3.98
SH.MED.BEDS.ZS,KNA,2023,3.98
SH.MED.BEDS.ZS,KOR,2015,11.62
SH.MED.BEDS.ZS,KOR,2016,11.97
SH.MED.BEDS.ZS,KOR,2017,12.26
SH.MED.BEDS.ZS,KOR,2018,12.43
SH.MED.BEDS.ZS,KOR,2019,12.43
SH.MED.BEDS.ZS,KOR,2020,12.65
SH.MED.BEDS.ZS,KOR,2021,12.75
SH.MED.BEDS.ZS,KOR,2022,12.81
SH.MED.BEDS.ZS,KWT,2015,2.18
SH.MED.BEDS.ZS,KWT,2016,2.08
SH.MED.BEDS.ZS,KWT,2017,2.05
SH.MED.BEDS.ZS,KWT,2018,2.01
SH.MED.BEDS.ZS,KWT,2019,2.0
SH.MED.BEDS.ZS,KWT,2020,2.33
SH.MED.BEDS.ZS,LAC,2015,1.93883711264176
SH.MED.BEDS.ZS,LAC,2016,1.97748063484474
SH.MED.BEDS.ZS,LAC,2017,1.9337497786985
SH.MED.BEDS.ZS,LAC,2018,1.88560641505203
SH.MED.BEDS.ZS,LAC,2019,1.86614159052259
SH.MED.BEDS.ZS,LAC,2020,1.91477511954473
SH.MED.BEDS.ZS,LAC,2021,2.00599772640482
SH.MED.BEDS.ZS,LAO,2015,1.15
SH.MED.BEDS.ZS,LAO,2016,1.21
SH.MED.BEDS.ZS,LAO,2017,1.58
SH.MED.BEDS.ZS,LAO,2018,1.46
SH.MED.BEDS.ZS,LAO,2019,1.68
SH.MED.BEDS.ZS,LAO,2020,1.27
SH.MED.BEDS.ZS,LAO,2021,1.31
SH.MED.BEDS.ZS,LAO,2022,1.29
SH.MED.BEDS.ZS,LAO,2023,1.71
SH.MED.BEDS.ZS,LBN,2015,3.37
SH.MED.BEDS.ZS,LBN,2016,2.73
SH.MED.BEDS.ZS,LBN,2017,2.73
SH.MED.BEDS.ZS,LBN,2018,2.73
SH.MED.BEDS.ZS,LBN,2019,2.73
SH.MED.BEDS.ZS,LBN,2020,2.73
SH.MED.BEDS.ZS,LBN,2021,2.73
SH.MED.BEDS.ZS,LBR,2016,0.63
SH.MED.BEDS.ZS,LBR,2018,1.64
SH.MED.BEDS.ZS,LBR,2021,1.59
SH.MED.BEDS.ZS,LBY,2015,3.7
SH.MED.BEDS.ZS,LBY,2016,3.7
SH.MED.BEDS.ZS,LBY,2017,3.2
SH.MED.BEDS.ZS,LBY,2018,3.2
SH.MED.BEDS.ZS,LBY,2019,3.2
SH.MED.BEDS.ZS,LBY,2020,3.2
SH.MED.BEDS.ZS,LBY,2021,3.2
SH.MED.BEDS.ZS,LBY,2022,3.5
SH.MED.BEDS.ZS,LCA,2015,1.43
SH.MED.BEDS.ZS,LCA,2017,1.32
SH.MED.BEDS.ZS,LCA,2020,1.75
SH.MED.BEDS.ZS,LCA,2021,1.98
SH.MED.BEDS.ZS,LCA,2022,1.09
SH.MED.BEDS.ZS,LCN,2015,1.94621315699463
SH.MED.BEDS.ZS,LCN,2016,1.98159836327795
SH.MED.BEDS.ZS,LCN,2017,1.94052219489326
SH.MED.BEDS.ZS,LCN,2018,1.89198668367841
SH.MED.BEDS.ZS,LCN,2019,1.87170833613386
SH.MED.BEDS.ZS,LCN,2020,1.91839068057596
SH.MED.BEDS.ZS,LCN,2021,2.00523004057749
SH.MED.BEDS.ZS,LKA,2015,3.71
SH.MED.BEDS.ZS,LKA,2016,3.72
SH.MED.BEDS.ZS,LKA,2017,3.77
SH.MED.BEDS.ZS,LKA,2018,3.81
SH.MED.BEDS.ZS,LKA,2019,3.86
SH.MED.BEDS.ZS,LKA,2020,3.87
SH.MED.BEDS.ZS,LKA,2021,3.98
SH.MED.BEDS.ZS,LKA,2022,3.94
SH.MED.BEDS.ZS,LKA,2023,3.93
SH.MED.BEDS.ZS,LMY,2015,2.2573684581979
SH.MED.BEDS.ZS,LMY,2016,2.27537251150618
SH.MED.BEDS.ZS,LMY,2017,2.3785758081269
SH.MED.BEDS.ZS,LMY,2018,2.4720403050611
SH.MED.BEDS.ZS,LMY,2019,2.46284941121576
SH.MED.BEDS.ZS,LMY,2020,2.56611826661274
SH.MED.BEDS.ZS,LMY,2021,2.73581466124029
SH.MED.BEDS.ZS,LTE,2015,3.79905403954397
SH.MED.BEDS.ZS,LTE,2016,3.91931814075273
SH.MED.BEDS.ZS,LTE,2017,4.03238603526461
SH.MED.BEDS.ZS,LTE,2018,4.35430322522678
SH.MED.BEDS.ZS,LTE,2019,4.38863431659361
SH.MED.BEDS.ZS,LTE,2020,4.55141207283052
SH.MED.BEDS.ZS,LTE,2021,4.74225142246291
SH.MED.BEDS.ZS,LTE,2022,5.11821930891724
SH.MED.BEDS.ZS,LTE,2023,5.2764368072695
SH.MED.BEDS.ZS,LTU,2015,6.96
SH.MED.BEDS.ZS,LTU,2016,6.69
SH.MED.BEDS.ZS,LTU,2017,6.56
SH.MED.BEDS.ZS,LTU,2018,6.43
SH.MED.BEDS.ZS,LTU,2019,6.34
SH.MED.BEDS.ZS,LTU,2020,6.01
SH.MED.BEDS.ZS,LTU,2021,6.07
SH.MED.BEDS.ZS,LTU,2022,5.71
SH.MED.BEDS.ZS,LUX,2015,4.96
SH.MED.BEDS.ZS,LUX,2016,4.81
SH.MED.BEDS.ZS,LUX,2017,4.66
SH.MED.BEDS.ZS,LUX,2018,4.51
SH.MED.BEDS.ZS,LUX,2019,4.26
SH.MED.BEDS.ZS,LUX,2020,4.19
SH.MED.BEDS.ZS,LUX,2021,4.14
SH.MED.BEDS.ZS,LUX,2022,3.99
SH.MED.BEDS.ZS,LUX,2023,3.95
SH.MED.BEDS.ZS,LVA,2015,5.69
SH.MED.BEDS.ZS,LVA,2016,5.72
SH.MED.BEDS.ZS,LVA,2017,5.57
SH.MED.BEDS.ZS,LVA,2018,5.49
SH.MED.BEDS.ZS,LVA,2019,5.42
SH.MED.BEDS.ZS,LVA,2020,5.28
SH.MED.BEDS.ZS,LVA,2021,5.16
SH.MED.BEDS.ZS,LVA,2022,5.02
SH.MED.BEDS.ZS,LVA,2023,4.95
SH.MED.BEDS.ZS,MAR,2017,0.72
SH.MED.BEDS.ZS,MAR,2018,0.71
SH.MED.BEDS.ZS,MAR,2019,0.7
SH.MED.BEDS.ZS,MAR,2020,0.74
SH.MED.BEDS.ZS,MAR,2021,0.72
SH.MED.BEDS.ZS,MAR,2022,0.73
SH.MED.BEDS.ZS,MAR,2023,0.73
SH.MED.BEDS.ZS,MDA,2015,5.72
SH.MED.BEDS.ZS,MDA,2016,5.81
SH.MED.BEDS.ZS,MDA,2017,5.76
SH.MED.BEDS.ZS,MDA,2018,5.75
SH.MED.BEDS.ZS,MDA,2019,5.8
SH.MED.BEDS.ZS,MDA,2020,5.59
SH.MED.BEDS.ZS,MDA,2021,5.73
SH.MED.BEDS.ZS,MDA,2022,5.69
SH.MED.BEDS.ZS,MDA,2023,5.54
SH.MED.BEDS.ZS,MDV,2015,4.95
SH.MED.BEDS.ZS,MDV,2016,4.94
SH.MED.BEDS.ZS,MDV,2017,4.94
SH.MED.BEDS.ZS,MDV,2018,4.95
SH.MED.BEDS.ZS,MDV,2019,6.36
SH.MED.BEDS.ZS,MDV,2020,5.04
SH.MED.BEDS.ZS,MDV,2021,4.56
SH.MED.BEDS.ZS,MEA,2015,1.1763439823017
SH.MED.BEDS.ZS,MEA,2016,1.19018305110913
SH.MED.BEDS.ZS,MEA,2017,1.16318578823454
SH.MED.BEDS.ZS,MEA,2018,1.12998364624351
SH.MED.BEDS.ZS,MEA,2019,1.11454897145734
SH.MED.BEDS.ZS,MEA,2020,1.05775504465904
SH.MED.BEDS.ZS,MEX,2015,1.0
SH.MED.BEDS.ZS,MEX,2016,1.0
SH.MED.BEDS.ZS,MEX,2017,0.99
SH.MED.BEDS.ZS,MEX,2018,0.98
SH.MED.BEDS.ZS,MEX,2019,0.96
SH.MED.BEDS.ZS,MEX,2020,1.0
SH.MED.BEDS.ZS,MEX,2021,1.01
SH.MED.BEDS.ZS,MEX,2022,1.01
SH.MED.BEDS.ZS,MIC,2015,2.32366684294088
SH.MED.BEDS.ZS,MIC,2016,2.38108211188078
SH.MED.BEDS.ZS,MIC,2017,2.45234060908114
SH.MED.BEDS.ZS,MIC,2018,2.49424499672917
SH.MED.BEDS.ZS,MIC,2019,2.53002387020904
SH.MED.BEDS.ZS,MIC,2020,2.65452505636036
SH.MED.BEDS.ZS,MIC,2021,2.82628954552201
SH.MED.BEDS.ZS,MKD,2015,4.59
SH.MED.BEDS.ZS,MKD,2016,4.62
SH.MED.BEDS.ZS,MKD,2017,4.57
SH.MED.BEDS.ZS,MKD,2018,4.56
SH.MED.BEDS.ZS,MKD,2019,4.67
SH.MED.BEDS.ZS,MKD,2020,4.76
SH.MED.BEDS.ZS,MKD,2021,4.74
SH.MED.BEDS.ZS,MLI,2015,0.25
SH.MED.BEDS.ZS,MLI,2016,0.23
SH.MED.BEDS.ZS,MLI,2017,0.22
SH.MED.BEDS.ZS,MLI,2018,0.25
SH.MED.BEDS.ZS,MLT,2015,4.59
SH.MED.BEDS.ZS,MLT,2016,4.67
SH.MED.BEDS.ZS,MLT,2017,4.49
SH.MED.BEDS.ZS,MLT,2018,4.31
SH.MED.BEDS.ZS,MLT,2019,4.1
SH.MED.BEDS.ZS,MLT,2020,4.36
SH.MED.BEDS.ZS,MLT,2021,4.1
SH.MED.BEDS.ZS,MLT,2022,4.09
SH.MED.BEDS.ZS,MMR,2015,1.07
SH.MED.BEDS.ZS,MMR,2016,1.07
SH.MED.BEDS.ZS,MMR,2017,1.06
SH.MED.BEDS.ZS,MMR,2018,1.06
SH.MED.BEDS.ZS,MMR,2019,1.05
SH.MED.BEDS.ZS,MMR,2020,1.07
SH.MED.BEDS.ZS,MNA,2015,1.0658104625551
SH.MED.BEDS.ZS,MNA,2016,1.08234244531889
SH.MED.BEDS.ZS,MNA,2017,1.06274762385581
SH.MED.BEDS.ZS,MNA,2018,1.01410827332738
SH.MED.BEDS.ZS,MNA,2019,0.982568032242376
SH.MED.BEDS.ZS,MNA,2020,0.88666013519786
SH.MED.BEDS.ZS,MNE,2015,3.89
SH.MED.BEDS.ZS,MNE,2016,3.92
SH.MED.BEDS.ZS,MNE,2017,3.88
SH.MED.BEDS.ZS,MNE,2018,3.95
SH.MED.BEDS.ZS,MNE,2019,3.92
SH.MED.BEDS.ZS,MNE,2020,3.94
SH.MED.BEDS.ZS,MNE,2021,3.91
SH.MED.BEDS.ZS,MNE,2022,3.82
SH.MED.BEDS.ZS,MNG,2015,7.3
SH.MED.BEDS.ZS,MNG,2016,7.55
SH.MED.BEDS.ZS,MNG,2017,7.7
SH.MED.BEDS.ZS,MNG,2018,7.86
SH.MED.BEDS.ZS,MNG,2019,7.94
SH.MED.BEDS.ZS,MNG,2020,8.23
SH.MED.BEDS.ZS,MNG,2021,10.57
SH.MED.BEDS.ZS,MNG,2022,8.75
SH.MED.BEDS.ZS,MNG,2023,8.58
SH.MED.BEDS.ZS,MOZ,2015,0.78
SH.MED.BEDS.ZS,MOZ,2016,0.79
SH.MED.BEDS.ZS,MOZ,2017,0.77
SH.MED.BEDS.ZS,MOZ,2018,0.77
SH.MED.BEDS.ZS,MOZ,2019,0.72
SH.MED.BEDS.ZS,MOZ,2020,0.71
SH.MED.BEDS.ZS,MOZ,2021,0.74
SH.MED.BEDS.ZS,MUS,2015,3.47
SH.MED.BEDS.ZS,MUS,2016,3.51
SH.MED.BEDS.ZS,MUS,2017,3.52
SH.MED.BEDS.ZS,MUS,2018,3.56
SH.MED.BEDS.ZS,MUS,2019,3.66
SH.MED.BEDS.ZS,MUS,2020,3.68
SH.MED.BEDS.ZS,MUS,2021,3.75
SH.MED.BEDS.ZS,MUS,2022,3.77
SH.MED.BEDS.ZS,MUS,2023,3.8
SH.MED.BEDS.ZS,MYS,2015,1.86
SH.MED.BEDS.ZS,MYS,2016,1.88
SH.MED.BEDS.ZS,MYS,2017,1.89
SH.MED.BEDS.ZS,MYS,2018,1.9
SH.MED.BEDS.ZS,MYS,2019,1.9
SH.MED.BEDS.ZS,MYS,2020,1.93
SH.MED.BEDS.ZS,MYS,2021,1.97
SH.MED.BEDS.ZS,MYS,2022,1.94
SH.MED.BEDS.ZS,MYS,2023,1.96
SH.MED.BEDS.ZS,NAC,2015,2.73501991383024
SH.MED.BEDS.ZS,NAC,2016,2.70597499219222
SH.MED.BEDS.ZS,NAC,2017,2.77081656550123
SH.MED.BEDS.ZS,NAC,2018,2.73769166469205
SH.MED.BEDS.ZS,NAC,2019,2.69852386216921
SH.MED.BEDS.ZS,NAC,2020,2.69250879184449
SH.MED.BEDS.ZS,NAC,2021,2.68657670811335
SH.MED.BEDS.ZS,NAC,2022,2.66537854781913
SH.MED.BEDS.ZS,NER,2015,0.26
SH.MED.BEDS.ZS,NER,2016,0.3
SH.MED.BEDS.ZS,NER,2017,0.18
SH.MED.BEDS.ZS,NER,2018,0.24
SH.MED.BEDS.ZS,NER,2019,0.29
SH.MED.BEDS.ZS,NER,2020,0.28
SH.MED.BEDS.ZS,NIC,2015,0.92
SH.MED.BEDS.ZS,NIC,2016,0.91
SH.MED.BEDS.ZS,NIC,2017,0.92
SH.MED.BEDS.ZS,NIC,2018,0.95
SH.MED.BEDS.ZS,NIC,2019,0.98
SH.MED.BEDS.ZS,NIC,2020,0.97
SH.MED.BEDS.ZS,NIC,2021,0.92
SH.MED.BEDS.ZS,NIC,2022,0.97
SH.MED.BEDS.ZS,NLD,2015,3.46
SH.MED.BEDS.ZS,NLD,2016,3.38
SH.MED.BEDS.ZS,NLD,2017,3.24
SH.MED.BEDS.ZS,NLD,2018,3.15
SH.MED.BEDS.ZS,NLD,2019,2.99
SH.MED.BEDS.ZS,NLD,2020,2.88
SH.MED.BEDS.ZS,NLD,2021,2.92
SH.MED.BEDS.ZS,NLD,2022,2.42
SH.MED.BEDS.ZS,NOR,2015,3.76
SH.MED.BEDS.ZS,NOR,2016,3.68
SH.MED.BEDS.ZS,NOR,2017,3.6
SH.MED.BEDS.ZS,NOR,2018,3.52
SH.MED.BEDS.ZS,NOR,2019,3.48
SH.MED.BEDS.ZS,NOR,2020,3.4
SH.MED.BEDS.ZS,NOR,2021,3.4
SH.MED.BEDS.ZS,NOR,2022,3.35
SH.MED.BEDS.ZS,NOR,2023,3.3
SH.MED.BEDS.ZS,NPL,2015,0.25
SH.MED.BEDS.ZS,NPL,2016,0.28
SH.MED.BEDS.ZS,NPL,2017,0.29
SH.MED.BEDS.ZS,NPL,2018,0.29
SH.MED.BEDS.ZS,NPL,2019,0.29
SH.MED.BEDS.ZS,NPL,2020,0.28
SH.MED.BEDS.ZS,NPL,2021,0.39
SH.MED.BEDS.ZS,NPL,2022,0.53
SH.MED.BEDS.ZS,NPL,2023,0.54
SH.MED.BEDS.ZS,NZL,2015,2.7
SH.MED.BEDS.ZS,NZL,2016,2.72
SH.MED.BEDS.ZS,NZL,2017,2.7
SH.MED.BEDS.ZS,NZL,2018,2.59
SH.MED.BEDS.ZS,NZL,2019,2.54
SH.MED.BEDS.ZS,NZL,2020,2.5
SH.MED.BEDS.ZS,NZL,2021,2.67
SH.MED.BEDS.ZS,NZL,2022,2.57
SH.MED.BEDS.ZS,NZL,2023,2.51
SH.MED.BEDS.ZS,OED,2015,4.71126518563159
SH.MED.BEDS.ZS,OED,2016,4.69031780853098
SH.MED.BEDS.ZS,OED,2017,4.70377768519307
SH.MED.BEDS.ZS,OED,2018,4.66373496987322
SH.MED.BEDS.ZS,OED,2019,4.60042683409589
SH.MED.BEDS.ZS,OED,2020,4.5708897170673
SH.MED.BEDS.ZS,OED,2021,4.66491027545174
SH.MED.BEDS.ZS,OED,2022,4.61986205556494
SH.MED.BEDS.ZS,OMN,2015,1.19
SH.MED.BEDS.ZS,OMN,2016,1.15
SH.MED.BEDS.ZS,OMN,2017,1.11
SH.MED.BEDS.ZS,OMN,2018,1.09
SH.MED.BEDS.ZS,OMN,2019,1.1
SH.MED.BEDS.ZS,OMN,2020,1.16
SH.MED.BEDS.ZS,OMN,2021,1.15
SH.MED.BEDS.ZS,OMN,2022,1.05
SH.MED.BEDS.ZS,OMN,2023,0.99
SH.MED.BEDS.ZS,OSS,2015,2.79464486733755
SH.MED.BEDS.ZS,OSS,2016,3.14988323323408
SH.MED.BEDS.ZS,OSS,2017,2.77411419375072
SH.MED.BEDS.ZS,OSS,2018,2.75617410645325
SH.MED.BEDS.ZS,OSS,2019,3.0214925692033
SH.MED.BEDS.ZS,OSS,2020,3.02475841451989
SH.MED.BEDS.ZS,PAK,2015,0.46
SH.MED.BEDS.ZS,PAK,2016,0.49
SH.MED.BEDS.ZS,PAK,2017,0.5
SH.MED.BEDS.ZS,PAK,2018,0.5
SH.MED.BEDS.ZS,PAK,2019,0.5
SH.MED.BEDS.ZS,PAK,2020,0.63
SH.MED.BEDS.ZS,PAN,2015,2.09
SH.MED.BEDS.ZS,PAN,2016,2.06
SH.MED.BEDS.ZS,PAN,2017,2.15
SH.MED.BEDS.ZS,PAN,2018,1.96
SH.MED.BEDS.ZS,PAN,2019,1.94
SH.MED.BEDS.ZS,PAN,2020,1.92
SH.MED.BEDS.ZS,PAN,2021,2.18
SH.MED.BEDS.ZS,PAN,2022,2.07
SH.MED.BEDS.ZS,PAN,2023,1.95
SH.MED.BEDS.ZS,PER,2015,1.6
SH.MED.BEDS.ZS,PER,2016,1.64
SH.MED.BEDS.ZS,PER,2017,1.63
SH.MED.BEDS.ZS,PER,2018,1.61
SH.MED.BEDS.ZS,PER,2019,1.6
SH.MED.BEDS.ZS,PER,2020,1.67
SH.MED.BEDS.ZS,PER,2021,1.63
SH.MED.BEDS.ZS,PER,2022,1.59
SH.MED.BEDS.ZS,PER,2023,1.56
SH.MED.BEDS.ZS,PHL,2015,0.93
SH.MED.BEDS.ZS,PHL,2016,1.03
SH.MED.BEDS.ZS,PHL,2017,0.98
SH.MED.BEDS.ZS,PHL,2018,0.94
SH.MED.BEDS.ZS,PHL,2019,0.98
SH.MED.BEDS.ZS,PHL,2020,0.99
SH.MED.BEDS.ZS,PHL,2021,0.97
SH.MED.BEDS.ZS,PNG,2019,0.17
SH.MED.BEDS.ZS,PNG,2023,0.62
SH.MED.BEDS.ZS,POL,2015,6.59
SH.MED.BEDS.ZS,POL,2016,6.59
SH.MED.BEDS.ZS,POL,2017,6.58
SH.MED.BEDS.ZS,POL,2018,6.49
SH.MED.BEDS.ZS,POL,2019,6.13
SH.MED.BEDS.ZS,POL,2020,6.15
SH.MED.BEDS.ZS,POL,2021,6.22
SH.MED.BEDS.ZS,POL,2022,6.04
SH.MED.BEDS.ZS,PRK,2018,12.8
SH.MED.BEDS.ZS,PRT,2015,3.36
SH.MED.BEDS.ZS,PRT,2016,3.39
SH.MED.BEDS.ZS,PRT,2017,3.38
SH.MED.BEDS.ZS,PRT,2018,3.43
SH.MED.BEDS.ZS,PRT,2019,3.49
SH.MED.BEDS.ZS,PRT,2020,3.47
SH.MED.BEDS.ZS,PRT,2021,3.49
SH.MED.BEDS.ZS,PRT,2022,3.48
SH.MED.BEDS.ZS,PRY,2015,0.85
SH.MED.BEDS.ZS,PRY,2016,0.89
SH.MED.BEDS.ZS,PRY,2017,0.89
SH.MED.BEDS.ZS,PRY,2018,0.9
SH.MED.BEDS.ZS,PRY,2019,0.91
SH.MED.BEDS.ZS,PRY,2020,1.01
SH.MED.BEDS.ZS,PRY,2021,1.13
SH.MED.BEDS.ZS,PRY,2022,1.04
SH.MED.BEDS.ZS,PSE,2015,1.28
SH.MED.BEDS.ZS,PSE,2016,1.28
SH.MED.BEDS.ZS,PSE,2017,1.32
SH.MED.BEDS.ZS,PSE,2018,1.33
SH.MED.BEDS.ZS,PSE,2019,1.29
SH.MED.BEDS.ZS,PSE,2020,1.28
SH.MED.BEDS.ZS,PSE,2021,1.49
SH.MED.BEDS.ZS,PSE,2022,1.3
SH.MED.BEDS.ZS,PST,2015,5.56105830690676
SH.MED.BEDS.ZS,PST,2016,5.51772312550085
SH.MED.BEDS.ZS,PST,2017,5.55195307192053
SH.MED.BEDS.ZS,PST,2018,5.50961950871274
SH.MED.BEDS.ZS,PST,2019,5.44694422319246
SH.MED.BEDS.ZS,PST,2020,5.39806670115645
SH.MED.BEDS.ZS,PST,2021,5.35139928392883
SH.MED.BEDS.ZS,PST,2022,5.32372143020933
SH.MED.BEDS.ZS,QAT,2015,1.01
SH.MED.BEDS.ZS,QAT,2016,1.01
SH.MED.BEDS.ZS,QAT,2017,0.94
SH.MED.BEDS.ZS,QAT,2018,1.03
SH.MED.BEDS.ZS,QAT,2019,1.12
SH.MED.BEDS.ZS,QAT,2021,1.3
SH.MED.BEDS.ZS,QAT,2022,1.25
SH.MED.BEDS.ZS,ROU,2015,6.77
SH.MED.BEDS.ZS,ROU,2016,6.81
SH.MED.BEDS.ZS,ROU,2017,6.86
SH.MED.BEDS.ZS,ROU,2018,6.92
SH.MED.BEDS.ZS,ROU,2019,7.01
SH.MED.BEDS.ZS,ROU,2020,7.07
SH.MED.BEDS.ZS,ROU,2021,7.16
SH.MED.BEDS.ZS,ROU,2022,7.23
SH.MED.BEDS.ZS,RUS,2015,7.55
SH.MED.BEDS.ZS,RUS,2016,7.37
SH.MED.BEDS.ZS,RUS,2017,7.21
SH.MED.BEDS.ZS,RUS,2018,7.14
SH.MED.BEDS.ZS,RUS,2019,7.03
SH.MED.BEDS.ZS,RUS,2020,7.05
SH.MED.BEDS.ZS,RUS,2021,6.99
SH.MED.BEDS.ZS,RUS,2022,6.84
SH.MED.BEDS.ZS,RUS,2023,6.81
SH.MED.BEDS.ZS,RWA,2015,0.74
SH.MED.BEDS.ZS,RWA,2016,0.73
SH.MED.BEDS.ZS,RWA,2017,0.72
SH.MED.BEDS.ZS,RWA,2018,0.73
SH.MED.BEDS.ZS,RWA,2019,0.73
SH.MED.BEDS.ZS,RWA,2020,0.74
SH.MED.BEDS.ZS,RWA,2021,0.74
SH.MED.BEDS.ZS,RWA,2022,0.73
SH.MED.BEDS.ZS,RWA,2023,0.75
SH.MED.BEDS.ZS,SAS,2015,1.60463686034483
SH.MED.BEDS.ZS,SAS,2016,1.59156502023831
SH.MED.BEDS.ZS,SAS,2017,1.58077913873102
SH.MED.BEDS.ZS,SAS,2018,1.56855712248089
SH.MED.BEDS.ZS,SAS,2019,1.55355777984843
SH.MED.BEDS.ZS,SAS,2020,1.55244759679506
SH.MED.BEDS.ZS,SAS,2021,1.53532513069563
SH.MED.BEDS.ZS,SAU,2015,2.32
SH.MED.BEDS.ZS,SAU,2016,2.31
SH.MED.BEDS.ZS,SAU,2017,2.37
SH.MED.BEDS.ZS,SAU,2018,2.48
SH.MED.BEDS.ZS,SAU,2019,2.53
SH.MED.BEDS.ZS,SAU,2020,2.54
SH.MED.BEDS.ZS,SAU,2021,2.46
SH.MED.BEDS.ZS,SAU,2022,2.44
SH.MED.BEDS.ZS,SAU,2023,2.41
SH.MED.BEDS.ZS,SDN,2015,0.67
SH.MED.BEDS.ZS,SDN,2016,0.67
SH.MED.BEDS.ZS,SDN,2017,0.74
SH.MED.BEDS.ZS,SDN,2018,0.66
SH.MED.BEDS.ZS,SDN,2019,0.66
SH.MED.BEDS.ZS,SDN,2020,0.66
SH.MED.BEDS.ZS,SDN,2021,0.66
SH.MED.BEDS.ZS,SEN,2015,0.68
SH.MED.BEDS.ZS,SEN,2016,0.72
SH.MED.BEDS.ZS,SEN,2019,0.71
SH.MED.BEDS.ZS,SGP,2015,2.4
SH.MED.BEDS.ZS,SGP,2016,2.5
SH.MED.BEDS.ZS,SGP,2017,2.49
SH.MED.BEDS.ZS,SGP,2018,2.58
SH.MED.BEDS.ZS,SGP,2019,2.69
SH.MED.BEDS.ZS,SGP,2020,2.77
SH.MED.BEDS.ZS,SGP,2021,2.84
SH.MED.BEDS.ZS,SGP,2022,2.83
SH.MED.BEDS.ZS,SGP,2023,2.81
SH.MED.BEDS.ZS,SLV,2015,1.04
SH.MED.BEDS.ZS,SLV,2016,1.08
SH.MED.BEDS.ZS,SLV,2017,1.07
SH.MED.BEDS.ZS,SLV,2018,1.08
SH.MED.BEDS.ZS,SLV,2019,1.07
SH.MED.BEDS.ZS,SLV,2020,1.09
SH.MED.BEDS.ZS,SLV,2021,1.17
SH.MED.BEDS.ZS,SLV,2022,1.2
SH.MED.BEDS.ZS,SLV,2023,1.21
SH.MED.BEDS.ZS,SOM,2015,0.87
SH.MED.BEDS.ZS,SOM,2016,0.87
SH.MED.BEDS.ZS,SOM,2017,0.87
SH.MED.BEDS.ZS,SOM,2018,0.87
SH.MED.BEDS.ZS,SOM,2019,0.87
SH.MED.BEDS.ZS,SRB,2015,5.52
SH.MED.BEDS.ZS,SRB,2016,5.54
SH.MED.BEDS.ZS,SRB,2017,5.57
SH.MED.BEDS.ZS,SRB,2018,5.61
SH.MED.BEDS.ZS,SRB,2019,5.67
SH.MED.BEDS.ZS,SRB,2020,5.69
SH.MED.BEDS.ZS,SRB,2021,5.76
SH.MED.BEDS.ZS,SRB,2022,5.78
SH.MED.BEDS.ZS,SST,2015,2.69371129569976
SH.MED.BEDS.ZS,SST,2016,2.90785256141534
SH.MED.BEDS.ZS,SST,2017,2.66574738572261
SH.MED.BEDS.ZS,SST,2018,2.70322832215026
SH.MED.BEDS.ZS,SST,2019,2.90250512616929
SH.MED.BEDS.ZS,STP,2019,2.91
SH.MED.BEDS.ZS,SUR,2015,2.9
SH.MED.BEDS.ZS,SUR,2016,2.8
SH.MED.BEDS.ZS,SUR,2017,2.83
SH.MED.BEDS.ZS,SUR,2018,2.85
SH.MED.BEDS.ZS,SUR,2019,2.69
SH.MED.BEDS.ZS,SUR,2020,2.87
SH.MED.BEDS.ZS,SUR,2021,2.82
SH.MED.BEDS.ZS,SUR,2022,2.87
SH.MED.BEDS.ZS,SVK,2015,5.75
SH.MED.BEDS.ZS,SVK,2016,5.79
SH.MED.BEDS.ZS,SVK,2017,5.82
SH.MED.BEDS.ZS,SVK,2018,5.7
SH.MED.BEDS.ZS,SVK,2019,5.76
SH.MED.BEDS.ZS,SVK,2020,5.69
SH.MED.BEDS.ZS,SVK,2021,5.68
SH.MED.BEDS.ZS,SVK,2022,5.65
SH.MED.BEDS.ZS,SVK,2023,5.57
SH.MED.BEDS.ZS,SVN,2015,4.52
SH.MED.BEDS.ZS,SVN,2016,4.5
SH.MED.BEDS.ZS,SVN,2017,4.51
SH.MED.BEDS.ZS,SVN,2018,4.44
SH.MED.BEDS.ZS,SVN,2019,4.44
SH.MED.BEDS.ZS,SVN,2020,4.28
SH.MED.BEDS.ZS,SVN,2021,4.24
SH.MED.BEDS.ZS,SVN,2022,4.11
SH.MED.BEDS.ZS,SWE,2015,2.44
SH.MED.BEDS.ZS,SWE,2016,2.34
SH.MED.BEDS.ZS,SWE,2017,2.21
SH.MED.BEDS.ZS,SWE,2018,2.13
SH.MED.BEDS.ZS,SWE,2019,2.07
SH.MED.BEDS.ZS,SWE,2020,2.05
SH.MED.BEDS.ZS,SWE,2021,2.0
SH.MED.BEDS.ZS,SWE,2022,1.9
SH.MED.BEDS.ZS,SYC,2015,2.82
SH.MED.BEDS.ZS,SYC,2016,2.75
SH.MED.BEDS.ZS,SYC,2017,2.69
SH.MED.BEDS.ZS,SYC,2018,2.9
SH.MED.BEDS.ZS,SYC,2019,2.88
SH.MED.BEDS.ZS,SYC,2020,2.8
SH.MED.BEDS.ZS,SYC,2021,2.74
SH.MED.BEDS.ZS,SYC,2022,2.68
SH.MED.BEDS.ZS,SYC,2023,2.63
SH.MED.BEDS.ZS,SYR,2015,1.47
SH.MED.BEDS.ZS,SYR,2016,1.46
SH.MED.BEDS.ZS,SYR,2017,1.4
SH.MED.BEDS.ZS,SYR,2018,1.26
SH.MED.BEDS.ZS,SYR,2019,1.26
SH.MED.BEDS.ZS,SYR,2020,1.39
SH.MED.BEDS.ZS,SYR,2021,1.43
SH.MED.BEDS.ZS,TCD,2015,0.47
SH.MED.BEDS.ZS,TCD,2017,0.44
SH.MED.BEDS.ZS,TCD,2020,0.15
SH.MED.BEDS.ZS,TEA,2015,3.04855552822148
SH.MED.BEDS.ZS,TEA,2016,3.22522421045267
SH.MED.BEDS.ZS,TEA,2017,3.42509733546169
SH.MED.BEDS.ZS,TEA,2018,3.64476500013888
SH.MED.BEDS.ZS,TEA,2019,3.82077740554924
SH.MED.BEDS.ZS,TEA,2020,3.99853556998185
SH.MED.BEDS.ZS,TEA,2021,4.22110167099291
SH.MED.BEDS.ZS,TEA,2022,4.56788522292987
SH.MED.BEDS.ZS,TEA,2023,4.73070700615744
SH.MED.BEDS.ZS,TEC,2015,5.87784425235064
SH.MED.BEDS.ZS,TEC,2016,5.77218731403813
SH.MED.BEDS.ZS,TEC,2017,5.7059460403677
SH.MED.BEDS.ZS,TEC,2018,5.68803472934858
SH.MED.BEDS.ZS,TEC,2019,5.597083447744
SH.MED.BEDS.ZS,TEC,2020,5.69651267847657
SH.MED.BEDS.ZS,TEC,2021,5.60184248907853
SH.MED.BEDS.ZS,TEC,2022,5.61038350330272
SH.MED.BEDS.ZS,TEC,2023,5.37330378592921
SH.MED.BEDS.ZS,TGO,2015,0.64
SH.MED.BEDS.ZS,TGO,2016,0.65
SH.MED.BEDS.ZS,TGO,2017,0.64
SH.MED.BEDS.ZS,TGO,2018,0.63
SH.MED.BEDS.ZS,TGO,2019,0.56
SH.MED.BEDS.ZS,TGO,2020,0.37
SH.MED.BEDS.ZS,TGO,2021,0.41
SH.MED.BEDS.ZS,TGO,2022,0.33
SH.MED.BEDS.ZS,THA,2015,2.13
SH.MED.BEDS.ZS,THA,2016,2.0
SH.MED.BEDS.ZS,THA,2017,2.12
SH.MED.BEDS.ZS,THA,2018,2.1
SH.MED.BEDS.ZS,THA,2019,2.21
SH.MED.BEDS.ZS,THA,2020,2.32
SH.MED.BEDS.ZS,THA,2021,2.34
SH.MED.BEDS.ZS,THA,2022,2.39
SH.MED.BEDS.ZS,THA,2023,2.39
SH.MED.BEDS.ZS,TJK,2015,4.52
SH.MED.BEDS.ZS,TJK,2016,4.49
SH.MED.BEDS.ZS,TJK,2017,4.41
SH.MED.BEDS.ZS,TJK,2018,4.34
SH.MED.BEDS.ZS,TJK,2019,4.26
SH.MED.BEDS.ZS,TJK,2020,4.26
SH.MED.BEDS.ZS,TJK,2021,4.22
SH.MED.BEDS.ZS,TJK,2022,4.22
SH.MED.BEDS.ZS,TJK,2023,4.04
SH.MED.BEDS.ZS,TKM,2015,3.94
SH.MED.BEDS.ZS,TKM,2016,3.88
SH.MED.BEDS.ZS,TKM,2017,3.86
SH.MED.BEDS.ZS,TKM,2018,3.82
SH.MED.BEDS.ZS,TKM,2019,3.73
SH.MED.BEDS.ZS,TKM,2020,3.68
SH.MED.BEDS.ZS,TKM,2021,3.6
SH.MED.BEDS.ZS,TLA,2015,1.90522168754176
SH.MED.BEDS.ZS,TLA,2016,1.9396180898235
SH.MED.BEDS.ZS,TLA,2017,1.89831559821024
SH.MED.BEDS.ZS,TLA,2018,1.84980449502369
SH.MED.BEDS.ZS,TLA,2019,1.82920760839514
SH.MED.BEDS.ZS,TLA,2020,1.87684903048995
SH.MED.BEDS.ZS,TLA,2021,1.95926561801309
SH.MED.BEDS.ZS,TLS,2015,0.39
SH.MED.BEDS.ZS,TLS,2017,0.42
SH.MED.BEDS.ZS,TLS,2018,0.42
SH.MED.BEDS.ZS,TLS,2019,0.41
SH.MED.BEDS.ZS,TLS,2020,0.4
SH.MED.BEDS.ZS,TLS,2021,0.39
SH.MED.BEDS.ZS,TLS,2022,0.39
SH.MED.BEDS.ZS,TLS,2023,0.38
SH.MED.BEDS.ZS,TMN,2015,1.0640774446379
SH.MED.BEDS.ZS,TMN,2016,1.08073162557518
SH.MED.BEDS.ZS,TMN,2017,1.06089689927111
SH.MED.BEDS.ZS,TMN,2018,1.01165064356622
SH.MED.BEDS.ZS,TMN,2019,0.979973249476553
SH.MED.BEDS.ZS,TMN,2020,0.882696032925841
SH.MED.BEDS.ZS,TSA,2015,1.60463686034483
SH.MED.BEDS.ZS,TSA,2016,1.59156502023831
SH.MED.BEDS.ZS,TSA,2017,1.58077913873102
SH.MED.BEDS.ZS,TSA,2018,1.56855712248089
SH.MED.BEDS.ZS,TSA,2019,1.55355777984843
SH.MED.BEDS.ZS,TSA,2020,1.55244759679506
SH.MED.BEDS.ZS,TSA,2021,1.53532513069563
SH.MED.BEDS.ZS,TTO,2015,2.43
SH.MED.BEDS.ZS,TTO,2016,2.46
SH.MED.BEDS.ZS,TTO,2017,2.47
SH.MED.BEDS.ZS,TTO,2018,2.44
SH.MED.BEDS.ZS,TTO,2019,1.95
SH.MED.BEDS.ZS,TTO,2020,1.97
SH.MED.BEDS.ZS,TTO,2021,1.65
SH.MED.BEDS.ZS,TTO,2022,1.96
SH.MED.BEDS.ZS,TTO,2023,2.37
SH.MED.BEDS.ZS,TUN,2015,1.8
SH.MED.BEDS.ZS,TUN,2016,1.79
SH.MED.BEDS.ZS,TUN,2017,1.81
SH.MED.BEDS.ZS,TUN,2018,1.82
SH.MED.BEDS.ZS,TUN,2019,1.82
SH.MED.BEDS.ZS,TUN,2020,2.42
SH.MED.BEDS.ZS,TUN,2021,2.46
SH.MED.BEDS.ZS,TUN,2023,1.82
SH.MED.BEDS.ZS,TUR,2015,2.62
SH.MED.BEDS.ZS,TUR,2016,2.67
SH.MED.BEDS.ZS,TUR,2017,2.72
SH.MED.BEDS.ZS,TUR,2018,2.75
SH.MED.BEDS.ZS,TUR,2019,2.78
SH.MED.BEDS.ZS,TUR,2020,2.92
SH.MED.BEDS.ZS,TUR,2021,2.94
SH.MED.BEDS.ZS,TUR,2022,3.01
SH.MED.BEDS.ZS,TUR,2023,3.05
SH.MED.BEDS.ZS,TZA,2016,0.46
SH.MED.BEDS.ZS,TZA,2018,0.44
SH.MED.BEDS.ZS,TZA,2019,0.62
SH.MED.BEDS.ZS,TZA,2020,0.64
SH.MED.BEDS.ZS,TZA,2021,0.64
SH.MED.BEDS.ZS,TZA,2022,0.84
SH.MED.BEDS.ZS,UKR,2015,7.27
SH.MED.BEDS.ZS,UKR,2016,6.91
SH.MED.BEDS.ZS,UKR,2017,6.8
SH.MED.BEDS.ZS,UKR,2018,6.68
SH.MED.BEDS.ZS,UKR,2019,6.56
SH.MED.BEDS.ZS,UKR,2020,6.15
SH.MED.BEDS.ZS,UKR,2021,5.53
SH.MED.BEDS.ZS,UKR,2022,6.14
SH.MED.BEDS.ZS,URY,2015,2.48
SH.MED.BEDS.ZS,URY,2016,2.51
SH.MED.BEDS.ZS,URY,2017,2.47
SH.MED.BEDS.ZS,URY,2018,2.52
SH.MED.BEDS.ZS,URY,2019,2.5
SH.MED.BEDS.ZS,URY,2020,2.52
SH.MED.BEDS.ZS,URY,2021,2.5
SH.MED.BEDS.ZS,URY,2022,2.51
SH.MED.BEDS.ZS,URY,2023,2.44
SH.MED.BEDS.ZS,USA,2015,2.75
SH.MED.BEDS.ZS,USA,2016,2.72
SH.MED.BEDS.ZS,USA,2017,2.8
SH.MED.BEDS.ZS,USA,2018,2.76
SH.MED.BEDS.ZS,USA,2019,2.72
SH.MED.BEDS.ZS,USA,2020,2.71
SH.MED.BEDS.ZS,USA,2021,2.7
SH.MED.BEDS.ZS,USA,2022,2.68
SH.MED.BEDS.ZS,UZB,2015,4.22
SH.MED.BEDS.ZS,UZB,2016,4.22
SH.MED.BEDS.ZS,UZB,2017,4.26
SH.MED.BEDS.ZS,UZB,2018,4.74
SH.MED.BEDS.ZS,UZB,2019,4.65
SH.MED.BEDS.ZS,UZB,2020,4.77
SH.MED.BEDS.ZS,UZB,2021,4.83
SH.MED.BEDS.ZS,UZB,2022,4.78
SH.MED.BEDS.ZS,UZB,2023,4.89
SH.MED.BEDS.ZS,VCT,2015,4.43
SH.MED.BEDS.ZS,VCT,2016,4.46
SH.MED.BEDS.ZS,VCT,2019,3.99
SH.MED.BEDS.ZS,VCT,2020,4.02
SH.MED.BEDS.ZS,VCT,2021,4.26
SH.MED.BEDS.ZS,VCT,2022,3.21
SH.MED.BEDS.ZS,VEN,2015,0.75
SH.MED.BEDS.ZS,VEN,2016,0.88
SH.MED.BEDS.ZS,VEN,2017,0.91
SH.MED.BEDS.ZS,VEN,2018,1.09
SH.MED.BEDS.ZS,VEN,2019,0.93
SH.MED.BEDS.ZS,VEN,2020,0.99
SH.MED.BEDS.ZS,VNM,2015,2.51
SH.MED.BEDS.ZS,VNM,2016,2.47
SH.MED.BEDS.ZS,VNM,2017,2.52
SH.MED.BEDS.ZS,WLD,2015,2.92684565851095
SH.MED.BEDS.ZS,WLD,2016,2.91769887551825
SH.MED.BEDS.ZS,WLD,2017,2.9996875065996
SH.MED.BEDS.ZS,WLD,2018,3.06687212654766
SH.MED.BEDS.ZS,WLD,2019,3.04291249258675
SH.MED.BEDS.ZS,WLD,2020,3.13205932808713
SH.MED.BEDS.ZS,WLD,2021,3.29430541419327
SH.MED.BEDS.ZS,YEM,2021,0.41
SH.MED.BEDS.ZS,YEM,2022,0.48
SH.MED.BEDS.ZS,YEM,2023,0.46
SH.MED.PHYS.ZS,AFE,2022,0.243384946439894
SH.MED.PHYS.ZS,AFG,2015,0.29
SH.MED.PHYS.ZS,AFG,2016,0.284
SH.MED.PHYS.ZS,AFG,2017,0.245
SH.MED.PHYS.ZS,AFG,2018,0.303
SH.MED.PHYS.ZS,AFG,2019,0.214
SH.MED.PHYS.ZS,AFG,2020,0.253
SH.MED.PHYS.ZS,AFG,2023,0.317
SH.MED.PHYS.ZS,AFW,2022,0.259003082531481
SH.MED.PHYS.ZS,AGO,2017,0.212
SH.MED.PHYS.ZS,AGO,2018,0.211
SH.MED.PHYS.ZS,AGO,2022,0.244
SH.MED.PHYS.ZS,ALB,2016,1.212
SH.MED.PHYS.ZS,ALB,2019,1.645
SH.MED.PHYS.ZS,ALB,2020,1.879
SH.MED.PHYS.ZS,AND,2015,3.754
SH.MED.PHYS.ZS,AND,2016,4.058
SH.MED.PHYS.ZS,AND,2017,4.119
SH.MED.PHYS.ZS,AND,2018,4.535
SH.MED.PHYS.ZS,AND,2019,4.392
SH.MED.PHYS.ZS,AND,2020,4.587
SH.MED.PHYS.ZS,AND,2021,4.758
SH.MED.PHYS.ZS,AND,2022,5.157
SH.MED.PHYS.ZS,AND,2023,5.068
SH.MED.PHYS.ZS,ARB,2022,1.1767238952236
SH.MED.PHYS.ZS,ARE,2015,2.361
SH.MED.PHYS.ZS,ARE,2016,2.458
SH.MED.PHYS.ZS,ARE,2017,2.502
SH.MED.PHYS.ZS,ARE,2018,2.605
SH.MED.PHYS.ZS,ARE,2019,2.71
SH.MED.PHYS.ZS,ARE,2020,2.83
SH.MED.PHYS.ZS,ARE,2021,2.786
SH.MED.PHYS.ZS,ARE,2022,2.915
SH.MED.PHYS.ZS,ARE,2023,2.992
SH.MED.PHYS.ZS,ARG,2015,4.98
SH.MED.PHYS.ZS,ARG,2016,5.024
SH.MED.PHYS.ZS,ARG,2017,5.094
SH.MED.PHYS.ZS,ARG,2018,5.167
SH.MED.PHYS.ZS,ARG,2019,5.25
SH.MED.PHYS.ZS,ARG,2020,5.304
SH.MED.PHYS.ZS,ARG,2021,5.384
SH.MED.PHYS.ZS,ARG,2022,5.437
SH.MED.PHYS.ZS,ARG,2023,5.106
SH.MED.PHYS.ZS,ARM,2015,2.919
SH.MED.PHYS.ZS,ARM,2016,2.887
SH.MED.PHYS.ZS,ARM,2017,2.903
SH.MED.PHYS.ZS,ARM,2018,2.893
SH.MED.PHYS.ZS,ARM,2019,3.026
SH.MED.PHYS.ZS,ARM,2020,3.163
SH.MED.PHYS.ZS,ARM,2021,3.255
SH.MED.PHYS.ZS,ARM,2022,3.36
SH.MED.PHYS.ZS,ATG,2017,2.917
SH.MED.PHYS.ZS,AUS,2015,3.486
SH.MED.PHYS.ZS,AUS,2016,3.557
SH.MED.PHYS.ZS,AUS,2017,3.656
SH.MED.PHYS.ZS,AUS,2018,3.726
SH.MED.PHYS.ZS,AUS,2019,3.808
SH.MED.PHYS.ZS,AUS,2020,3.895
SH.MED.PHYS.ZS,AUS,2021,3.976
SH.MED.PHYS.ZS,AUS,2022,4.086
SH.MED.PHYS.ZS,AUT,2015,5.124
SH.MED.PHYS.ZS,AUT,2016,5.129
SH.MED.PHYS.ZS,AUT,2017,5.182
SH.MED.PHYS.ZS,AUT,2018,5.241
SH.MED.PHYS.ZS,AUT,2019,5.318
SH.MED.PHYS.ZS,AUT,2020,5.344
SH.MED.PHYS.ZS,AUT,2021,5.432
SH.MED.PHYS.ZS,AUT,2022,5.432
SH.MED.PHYS.ZS,AUT,2023,5.515
SH.MED.PHYS.ZS,AZE,2015,3.328
SH.MED.PHYS.ZS,AZE,2016,3.262
SH.MED.PHYS.ZS,AZE,2017,3.197
SH.MED.PHYS.ZS,AZE,2018,3.236
SH.MED.PHYS.ZS,AZE,2019,3.148
SH.MED.PHYS.ZS,AZE,2020,3.125
SH.MED.PHYS.ZS,AZE,2021,3.123
SH.MED.PHYS.ZS,AZE,2022,3.185
SH.MED.PHYS.ZS,BDI,2015,0.046
SH.MED.PHYS.ZS,BDI,2017,0.094
SH.MED.PHYS.ZS,BDI,2018,0.094
SH.MED.PHYS.ZS,BDI,2020,0.069
SH.MED.PHYS.ZS,BDI,2021,0.076
SH.MED.PHYS.ZS,BDI,2022,0.078
SH.MED.PHYS.ZS,BEL,2015,3.221
SH.MED.PHYS.ZS,BEL,2016,3.28
SH.MED.PHYS.ZS,BEL,2017,3.292
SH.MED.PHYS.ZS,BEL,2018,3.355
SH.MED.PHYS.ZS,BEL,2019,3.424
SH.MED.PHYS.ZS,BEL,2020,3.506
SH.MED.PHYS.ZS,BEL,2021,3.537
SH.MED.PHYS.ZS,BEL,2022,3.574
SH.MED.PHYS.ZS,BEN,2016,0.045
SH.MED.PHYS.ZS,BEN,2018,0.073
SH.MED.PHYS.ZS,BEN,2019,0.06
SH.MED.PHYS.ZS,BEN,2021,0.205
SH.MED.PHYS.ZS,BEN,2022,0.19
SH.MED.PHYS.ZS,BEN,2023,0.216
SH.MED.PHYS.ZS,BFA,2015,0.063
SH.MED.PHYS.ZS,BFA,2016,0.062
SH.MED.PHYS.ZS,BFA,2017,0.082
SH.MED.PHYS.ZS,BFA,2018,0.082
SH.MED.PHYS.ZS,BFA,2019,0.091
SH.MED.PHYS.ZS,BFA,2020,0.096
SH.MED.PHYS.ZS,BFA,2021,0.101
SH.MED.PHYS.ZS,BFA,2022,0.148
SH.MED.PHYS.ZS,BGD,2015,0.476
SH.MED.PHYS.ZS,BGD,2016,0.489
SH.MED.PHYS.ZS,BGD,2017,0.535
SH.MED.PHYS.ZS,BGD,2018,0.573
SH.MED.PHYS.ZS,BGD,2019,0.63
SH.MED.PHYS.ZS,BGD,2020,0.661
SH.MED.PHYS.ZS,BGD,2021,0.677
SH.MED.PHYS.ZS,BGD,2022,0.717
SH.MED.PHYS.ZS,BGD,2023,0.722
SH.MED.PHYS.ZS,BGR,2015,4.041
SH.MED.PHYS.ZS,BGR,2016,4.107
SH.MED.PHYS.ZS,BGR,2017,4.184
SH.MED.PHYS.ZS,BGR,2018,4.217
SH.MED.PHYS.ZS,BGR,2019,4.236
SH.MED.PHYS.ZS,BGR,2020,4.277
SH.MED.PHYS.ZS,BGR,2021,4.296
SH.MED.PHYS.ZS,BGR,2022,4.328
SH.MED.PHYS.ZS,BHR,2015,0.927
SH.MED.PHYS.ZS,BHR,2016,0.83
SH.MED.PHYS.ZS,BHR,2017,0.76
SH.MED.PHYS.ZS,BHR,2018,0.729
SH.MED.PHYS.ZS,BHR,2019,0.687
SH.MED.PHYS.ZS,BHR,2020,0.741
SH.MED.PHYS.ZS,BHS,2017,1.895
SH.MED.PHYS.ZS,BIH,2015,2.107
SH.MED.PHYS.ZS,BIH,2016,2.146
SH.MED.PHYS.ZS,BIH,2017,2.163
SH.MED.PHYS.ZS,BIH,2018,2.457
SH.MED.PHYS.ZS,BIH,2019,2.584
SH.MED.PHYS.ZS,BLR,2015,4.255
SH.MED.PHYS.ZS,BLR,2016,4.372
SH.MED.PHYS.ZS,BLR,2017,4.427
SH.MED.PHYS.ZS,BLR,2018,4.486
SH.MED.PHYS.ZS,BLR,2019,4.546
SH.MED.PHYS.ZS,BLR,2020,4.605
SH.MED.PHYS.ZS,BLR,2021,4.686
SH.MED.PHYS.ZS,BLR,2022,4.669
SH.MED.PHYS.ZS,BLR,2023,4.717
SH.MED.PHYS.ZS,BLZ,2017,1.131
SH.MED.PHYS.ZS,BLZ,2018,1.086
SH.MED.PHYS.ZS,BOL,2016,1.569
SH.MED.PHYS.ZS,BOL,2017,1.016
SH.MED.PHYS.ZS,BOL,2019,1.088
SH.MED.PHYS.ZS,BOL,2020,0.961
SH.MED.PHYS.ZS,BOL,2021,1.284
SH.MED.PHYS.ZS,BRA,2017,2.198
SH.MED.PHYS.ZS,BRA,2019,2.351
SH.MED.PHYS.ZS,BRA,2021,2.191
SH.MED.PHYS.ZS,BRA,2023,2.357
SH.MED.PHYS.ZS,BRB,2017,2.541
SH.MED.PHYS.ZS,BRB,2020,2.616
SH.MED.PHYS.ZS,BRB,2021,2.871
SH.MED.PHYS.ZS,BRB,2022,2.958
SH.MED.PHYS.ZS,BRN,2015,1.75
SH.MED.PHYS.ZS,BRN,2017,1.578
SH.MED.PHYS.ZS,BRN,2018,1.763
SH.MED.PHYS.ZS,BRN,2021,1.886
SH.MED.PHYS.ZS,BTN,2015,0.339
SH.MED.PHYS.ZS,BTN,2016,0.4
SH.MED.PHYS.ZS,BTN,2017,0.31
SH.MED.PHYS.ZS,BTN,2018,0.421
SH.MED.PHYS.ZS,BTN,2019,0.336
SH.MED.PHYS.ZS,BTN,2020,0.486
SH.MED.PHYS.ZS,BTN,2021,0.561
SH.MED.PHYS.ZS,BTN,2022,0.553
SH.MED.PHYS.ZS,BWA,2016,0.371
SH.MED.PHYS.ZS,BWA,2018,0.402
SH.MED.PHYS.ZS,BWA,2019,0.395
SH.MED.PHYS.ZS,BWA,2020,0.433
SH.MED.PHYS.ZS,BWA,2021,0.422
SH.MED.PHYS.ZS,BWA,2022,0.407
SH.MED.PHYS.ZS,BWA,2023,0.379
SH.MED.PHYS.ZS,CAF,2015,0.07
SH.MED.PHYS.ZS,CAF,2018,0.069
SH.MED.PHYS.ZS,CAF,2021,0.022
SH.MED.PHYS.ZS,CAF,2022,0.029
SH.MED.PHYS.ZS,CAF,2023,0.074
SH.MED.PHYS.ZS,CAN,2015,2.5388
SH.MED.PHYS.ZS,CAN,2016,2.3105
SH.MED.PHYS.ZS,CAN,2017,2.6102
SH.MED.PHYS.ZS,CAN,2018,2.411
SH.MED.PHYS.ZS,CAN,2019,2.418
SH.MED.PHYS.ZS,CAN,2020,2.415
SH.MED.PHYS.ZS,CAN,2021,2.444
SH.MED.PHYS.ZS,CAN,2022,2.814
SH.MED.PHYS.ZS,CAN,2023,2.819
SH.MED.PHYS.ZS,CEB,2022,3.90795171540262
SH.MED.PHYS.ZS,CHE,2015,4.196
SH.MED.PHYS.ZS,CHE,2016,4.25
SH.MED.PHYS.ZS,CHE,2017,4.297
SH.MED.PHYS.ZS,CHE,2018,4.338
SH.MED.PHYS.ZS,CHE,2019,4.349
SH.MED.PHYS.ZS,CHE,2020,4.388
SH.MED.PHYS.ZS,CHE,2021,4.435
SH.MED.PHYS.ZS,CHE,2022,4.477
SH.MED.PHYS.ZS,CHL,2015,2.138
SH.MED.PHYS.ZS,CHL,2016,2.286
SH.MED.PHYS.ZS,CHL,2017,2.43
SH.MED.PHYS.ZS,CHL,2018,2.569
SH.MED.PHYS.ZS,CHL,2019,2.627
SH.MED.PHYS.ZS,CHL,2020,2.798
SH.MED.PHYS.ZS,CHL,2021,2.979
SH.MED.PHYS.ZS,CHL,2022,3.178
SH.MED.PHYS.ZS,CHL,2023,3.334
SH.MED.PHYS.ZS,CHN,2015,1.797
SH.MED.PHYS.ZS,CHN,2016,1.888
SH.MED.PHYS.ZS,CHN,2017,2.003
SH.MED.PHYS.ZS,CHN,2018,2.122
SH.MED.PHYS.ZS,CHN,2019,2.255
SH.MED.PHYS.ZS,CHN,2020,2.385
SH.MED.PHYS.ZS,CHN,2021,2.517
SH.MED.PHYS.ZS,CHN,2022,3.112
SH.MED.PHYS.ZS,CIV,2018,0.351
SH.MED.PHYS.ZS,CIV,2019,0.149
SH.MED.PHYS.ZS,CIV,2020,0.153
SH.MED.PHYS.ZS,CIV,2021,0.167
SH.MED.PHYS.ZS,CIV,2022,0.162
SH.MED.PHYS.ZS,CIV,2023,0.166
SH.MED.PHYS.ZS,CMR,2018,0.131
SH.MED.PHYS.ZS,CMR,2020,0.098
SH.MED.PHYS.ZS,CMR,2021,0.126
SH.MED.PHYS.ZS,CMR,2022,0.136
SH.MED.PHYS.ZS,COD,2019,0.162
SH.MED.PHYS.ZS,COD,2021,0.171
SH.MED.PHYS.ZS,COD,2022,0.208
SH.MED.PHYS.ZS,COG,2016,0.102
SH.MED.PHYS.ZS,COG,2018,0.099
SH.MED.PHYS.ZS,COG,2022,0.173
SH.MED.PHYS.ZS,COL,2015,2.022
SH.MED.PHYS.ZS,COL,2016,2.088
SH.MED.PHYS.ZS,COL,2017,2.163
SH.MED.PHYS.ZS,COL,2018,2.242
SH.MED.PHYS.ZS,COL,2019,2.317
SH.MED.PHYS.ZS,COL,2020,2.394
SH.MED.PHYS.ZS,COL,2021,2.467
SH.MED.PHYS.ZS,COL,2023,2.535
SH.MED.PHYS.ZS,COM,2016,0.291
SH.MED.PHYS.ZS,COM,2018,0.285
SH.MED.PHYS.ZS,COM,2020,0.441
SH.MED.PHYS.ZS,COM,2022,0.424
SH.MED.PHYS.ZS,CPV,2015,0.743
SH.MED.PHYS.ZS,CPV,2016,0.731
SH.MED.PHYS.ZS,CPV,2017,0.659
SH.MED.PHYS.ZS,CPV,2018,0.711
SH.MED.PHYS.ZS,CPV,2019,0.743
SH.MED.PHYS.ZS,CPV,2020,0.725
SH.MED.PHYS.ZS,CPV,2021,0.732
SH.MED.PHYS.ZS,CPV,2022,0.718
SH.MED.PHYS.ZS,CPV,2023,0.73
SH.MED.PHYS.ZS,CRI,2015,1.806
SH.MED.PHYS.ZS,CRI,2016,1.955
SH.MED.PHYS.ZS,CRI,2017,2.101
SH.MED.PHYS.ZS,CRI,2018,2.253
SH.MED.PHYS.ZS,CRI,2019,2.376
SH.MED.PHYS.ZS,CRI,2020,2.494
SH.MED.PHYS.ZS,CRI,2021,2.564
SH.MED.PHYS.ZS,CRI,2022,2.687
SH.MED.PHYS.ZS,CSS,2022,2.52508013216043
SH.MED.PHYS.ZS,CUB,2015,7.803
SH.MED.PHYS.ZS,CUB,2016,8.003
SH.MED.PHYS.ZS,CUB,2017,8.187
SH.MED.PHYS.ZS,CUB,2018,8.505
SH.MED.PHYS.ZS,CUB,2019,8.677
SH.MED.PHYS.ZS,CUB,2020,9.291
SH.MED.PHYS.ZS,CUB,2021,9.542
SH.MED.PHYS.ZS,CYP,2015,2.498
SH.MED.PHYS.ZS,CYP,2016,2.594
SH.MED.PHYS.ZS,CYP,2017,2.651
SH.MED.PHYS.ZS,CYP,2018,2.789
SH.MED.PHYS.ZS,CYP,2019,2.928
SH.MED.PHYS.ZS,CYP,2020,3.197
SH.MED.PHYS.ZS,CYP,2021,3.355
SH.MED.PHYS.ZS,CYP,2022,3.556
SH.MED.PHYS.ZS,CZE,2015,3.9516
SH.MED.PHYS.ZS,CZE,2016,4.0194
SH.MED.PHYS.ZS,CZE,2017,4.0676
SH.MED.PHYS.ZS,CZE,2018,4.069
SH.MED.PHYS.ZS,CZE,2019,4.112
SH.MED.PHYS.ZS,CZE,2020,4.153
SH.MED.PHYS.ZS,CZE,2021,4.246
SH.MED.PHYS.ZS,CZE,2022,4.352
SH.MED.PHYS.ZS,DEU,2015,4.12
SH.MED.PHYS.ZS,DEU,2016,4.166
SH.MED.PHYS.ZS,DEU,2017,4.226
SH.MED.PHYS.ZS,DEU,2018,4.287
SH.MED.PHYS.ZS,DEU,2019,4.373
SH.MED.PHYS.ZS,DEU,2020,4.443
SH.MED.PHYS.ZS,DEU,2021,4.503
SH.MED.PHYS.ZS,DEU,2022,4.534
SH.MED.PHYS.ZS,DJI,2022,0.211
SH.MED.PHYS.ZS,DMA,2017,1.168
SH.MED.PHYS.ZS,DMA,2018,1.158
SH.MED.PHYS.ZS,DNK,2015,3.93
SH.MED.PHYS.ZS,DNK,2016,3.999
SH.MED.PHYS.ZS,DNK,2017,4.109
SH.MED.PHYS.ZS,DNK,2018,4.196
SH.MED.PHYS.ZS,DNK,2019,4.251
SH.MED.PHYS.ZS,DNK,2020,4.377
SH.MED.PHYS.ZS,DNK,2021,4.498
SH.MED.PHYS.ZS,DOM,2018,1.426
SH.MED.PHYS.ZS,DOM,2019,1.431
SH.MED.PHYS.ZS,DOM,2020,1.948
SH.MED.PHYS.ZS,DOM,2021,2.029
SH.MED.PHYS.ZS,DOM,2022,2.234
SH.MED.PHYS.ZS,DOM,2023,2.426
SH.MED.PHYS.ZS,DZA,2016,1.819
SH.MED.PHYS.ZS,DZA,2018,1.708
SH.MED.PHYS.ZS,DZA,2019,0.973
SH.MED.PHYS.ZS,DZA,2022,1.66
SH.MED.PHYS.ZS,EAP,2022,2.35417104796867
SH.MED.PHYS.ZS,EAR,2022,1.02202255025474
SH.MED.PHYS.ZS,EAS,2022,2.39850920121295
SH.MED.PHYS.ZS,ECA,2022,2.8530317107131
SH.MED.PHYS.ZS,ECS,2022,3.89693945987973
SH.MED.PHYS.ZS,ECU,2015,1.806
SH.MED.PHYS.ZS,ECU,2016,2.055
SH.MED.PHYS.ZS,ECU,2017,2.225
SH.MED.PHYS.ZS,ECU,2018,2.341
SH.MED.PHYS.ZS,ECU,2019,2.32
SH.MED.PHYS.ZS,ECU,2020,2.313
SH.MED.PHYS.ZS,EGY,2015,0.763
SH.MED.PHYS.ZS,EGY,2016,0.763
SH.MED.PHYS.ZS,EGY,2017,0.743
SH.MED.PHYS.ZS,EGY,2018,0.716
SH.MED.PHYS.ZS,EGY,2019,0.697
SH.MED.PHYS.ZS,EGY,2020,0.671
SH.MED.PHYS.ZS,EMU,2022,4.19143376719531
SH.MED.PHYS.ZS,ERI,2015,0.068
SH.MED.PHYS.ZS,ERI,2016,0.072
SH.MED.PHYS.ZS,ERI,2017,0.071
SH.MED.PHYS.ZS,ERI,2018,0.088
SH.MED.PHYS.ZS,ERI,2019,0.077
SH.MED.PHYS.ZS,ERI,2020,0.088
SH.MED.PHYS.ZS,ERI,2021,0.085
SH.MED.PHYS.ZS,ERI,2022,0.088
SH.MED.PHYS.ZS,ESP,2015,3.826
SH.MED.PHYS.ZS,ESP,2016,3.803
SH.MED.PHYS.ZS,ESP,2017,3.854
SH.MED.PHYS.ZS,ESP,2018,3.996
SH.MED.PHYS.ZS,ESP,2019,4.376
SH.MED.PHYS.ZS,ESP,2020,4.546
SH.MED.PHYS.ZS,ESP,2021,4.457
SH.MED.PHYS.ZS,ESP,2022,4.294
SH.MED.PHYS.ZS,EST,2015,3.417
SH.MED.PHYS.ZS,EST,2016,3.457
SH.MED.PHYS.ZS,EST,2017,3.468
SH.MED.PHYS.ZS,EST,2018,3.483
SH.MED.PHYS.ZS,EST,2019,3.469
SH.MED.PHYS.ZS,EST,2020,3.479
SH.MED.PHYS.ZS,EST,2021,3.43
SH.MED.PHYS.ZS,EST,2022,3.469
SH.MED.PHYS.ZS,ETH,2018,0.075
SH.MED.PHYS.ZS,ETH,2019,0.089
SH.MED.PHYS.ZS,ETH,2020,0.102
SH.MED.PHYS.ZS,ETH,2021,0.1
SH.MED.PHYS.ZS,ETH,2022,0.105
SH.MED.PHYS.ZS,ETH,2023,0.143
SH.MED.PHYS.ZS,EUU,2022,4.15125812534835
SH.MED.PHYS.ZS,FIN,2015,3.421
SH.MED.PHYS.ZS,FIN,2016,3.42
SH.MED.PHYS.ZS,FIN,2017,3.437
SH.MED.PHYS.ZS,FIN,2018,3.463
SH.MED.PHYS.ZS,FIN,2019,3.566
SH.MED.PHYS.ZS,FIN,2020,3.61
SH.MED.PHYS.ZS,FIN,2021,3.609
SH.MED.PHYS.ZS,FJI,2015,0.813
SH.MED.PHYS.ZS,FRA,2015,3.184
SH.MED.PHYS.ZS,FRA,2016,3.2
SH.MED.PHYS.ZS,FRA,2017,3.217
SH.MED.PHYS.ZS,FRA,2018,3.214
SH.MED.PHYS.ZS,FRA,2019,3.243
SH.MED.PHYS.ZS,FRA,2020,3.252
SH.MED.PHYS.ZS,FRA,2021,3.264
SH.MED.PHYS.ZS,FRA,2022,3.281
SH.MED.PHYS.ZS,FSM,2019,0.762
SH.MED.PHYS.ZS,FSM,2020,0.974
SH.MED.PHYS.ZS,GAB,2016,0.34
SH.MED.PHYS.ZS,GAB,2017,0.653
SH.MED.PHYS.ZS,GAB,2018,0.618
SH.MED.PHYS.ZS,GAB,2019,0.603
SH.MED.PHYS.ZS,GAB,2020,0.586
SH.MED.PHYS.ZS,GAB,2022,0.521
SH.MED.PHYS.ZS,GBR,2015,2.767
SH.MED.PHYS.ZS,GBR,2016,2.773
SH.MED.PHYS.ZS,GBR,2017,2.802
SH.MED.PHYS.ZS,GBR,2018,2.828
SH.MED.PHYS.ZS,GBR,2019,2.932
SH.MED.PHYS.ZS,GBR,2020,3.028
SH.MED.PHYS.ZS,GBR,2021,3.16
SH.MED.PHYS.ZS,GBR,2022,3.143
SH.MED.PHYS.ZS,GBR,2023,3.301
SH.MED.PHYS.ZS,GEO,2015,5.313
SH.MED.PHYS.ZS,GEO,2016,6.351
SH.MED.PHYS.ZS,GEO,2017,6.478
SH.MED.PHYS.ZS,GEO,2018,7.51
SH.MED.PHYS.ZS,GEO,2019,7.452
SH.MED.PHYS.ZS,GEO,2020,5.121
SH.MED.PHYS.ZS,GEO,2021,5.287
SH.MED.PHYS.ZS,GEO,2022,5.538
SH.MED.PHYS.ZS,GEO,2023,5.642
SH.MED.PHYS.ZS,GHA,2015,0.114
SH.MED.PHYS.ZS,GHA,2016,0.123
SH.MED.PHYS.ZS,GHA,2017,0.089
SH.MED.PHYS.ZS,GHA,2018,0.144
SH.MED.PHYS.ZS,GHA,2019,0.104
SH.MED.PHYS.ZS,GHA,2020,0.166
SH.MED.PHYS.ZS,GHA,2021,0.128
SH.MED.PHYS.ZS,GHA,2022,0.143
SH.MED.PHYS.ZS,GHA,2023,0.266
SH.MED.PHYS.ZS,GIN,2015,0.083
SH.MED.PHYS.ZS,GIN,2016,0.081
SH.MED.PHYS.ZS,GIN,2018,0.219
SH.MED.PHYS.ZS,GIN,2022,0.21
SH.MED.PHYS.ZS,GMB,2015,0.096
SH.MED.PHYS.ZS,GMB,2017,0.099
SH.MED.PHYS.ZS,GMB,2018,0.124
SH.MED.PHYS.ZS,GMB,2019,0.077
SH.MED.PHYS.ZS,GMB,2020,0.078
SH.MED.PHYS.ZS,GMB,2021,0.104
SH.MED.PHYS.ZS,GMB,2022,0.104
SH.MED.PHYS.ZS,GMB,2023,0.09
SH.MED.PHYS.ZS,GNB,2015,0.198
SH.MED.PHYS.ZS,GNB,2016,0.1
SH.MED.PHYS.ZS,GNB,2018,0.301
SH.MED.PHYS.ZS,GNB,2020,0.191
SH.MED.PHYS.ZS,GNB,2021,0.22
SH.MED.PHYS.ZS,GNB,2022,0.252
SH.MED.PHYS.ZS,GNQ,2017,0.325
SH.MED.PHYS.ZS,GNQ,2022,0.153
SH.MED.PHYS.ZS,GRC,2015,5.902
SH.MED.PHYS.ZS,GRC,2016,6.122
SH.MED.PHYS.ZS,GRC,2017,6.067
SH.MED.PHYS.ZS,GRC,2018,6.105
SH.MED.PHYS.ZS,GRC,2019,6.163
SH.MED.PHYS.ZS,GRC,2020,6.186
SH.MED.PHYS.ZS,GRC,2021,6.366
SH.MED.PHYS.ZS,GRC,2022,6.576
SH.MED.PHYS.ZS,GRD,2017,1.352
SH.MED.PHYS.ZS,GRD,2018,1.383
SH.MED.PHYS.ZS,GTM,2017,0.286
SH.MED.PHYS.ZS,GTM,2018,0.363
SH.MED.PHYS.ZS,GTM,2020,1.281
SH.MED.PHYS.ZS,GUY,2018,1.79
SH.MED.PHYS.ZS,GUY,2020,1.387
SH.MED.PHYS.ZS,HND,2016,0.589
SH.MED.PHYS.ZS,HND,2017,0.304
SH.MED.PHYS.ZS,HND,2020,0.489
SH.MED.PHYS.ZS,HPC,2022,0.200342928379016
SH.MED.PHYS.ZS,HRV,2015,3.21
SH.MED.PHYS.ZS,HRV,2016,3.265
SH.MED.PHYS.ZS,HRV,2017,3.404
SH.MED.PHYS.ZS,HRV,2018,3.497
SH.MED.PHYS.ZS,HRV,2019,3.59
SH.MED.PHYS.ZS,HRV,2020,3.606
SH.MED.PHYS.ZS,HRV,2021,3.734
SH.MED.PHYS.ZS,HRV,2022,3.909
SH.MED.PHYS.ZS,HTI,2015,0.087
SH.MED.PHYS.ZS,HTI,2018,0.238
SH.MED.PHYS.ZS,HTI,2022,0.292
SH.MED.PHYS.ZS,HUN,2015,3.098
SH.MED.PHYS.ZS,HUN,2016,3.212
SH.MED.PHYS.ZS,HUN,2017,3.326
SH.MED.PHYS.ZS,HUN,2018,3.384
SH.MED.PHYS.ZS,HUN,2019,3.494
SH.MED.PHYS.ZS,HUN,2020,3.14
SH.MED.PHYS.ZS,HUN,2021,3.299
SH.MED.PHYS.ZS,HUN,2022,3.456
SH.MED.PHYS.ZS,IBD,2022,1.94046412974585
SH.MED.PHYS.ZS,IBT,2022,1.55129193058125
SH.MED.PHYS.ZS,IDA,2022,0.511629299750666
SH.MED.PHYS.ZS,IDB,2022,0.765422848110841
SH.MED.PHYS.ZS,IDN,2015,0.27
SH.MED.PHYS.ZS,IDN,2017,0.373
SH.MED.PHYS.ZS,IDN,2018,0.421
SH.MED.PHYS.ZS,IDN,2019,0.462
SH.MED.PHYS.ZS,IDN,2020,0.62
SH.MED.PHYS.ZS,IDN,2021,0.688
SH.MED.PHYS.ZS,IDN,2022,0.681
SH.MED.PHYS.ZS,IDN,2023,0.524
SH.MED.PHYS.ZS,IDX,2022,0.373266106194381
SH.MED.PHYS.ZS,IND,2015,0.723
SH.MED.PHYS.ZS,IND,2016,0.748
SH.MED.PHYS.ZS,IND,2017,0.766
SH.MED.PHYS.ZS,IND,2018,0.84
SH.MED.PHYS.ZS,IND,2019,0.889
SH.MED.PHYS.ZS,IND,2020,0.723
SH.MED.PHYS.ZS,IRL,2015,3.119
SH.MED.PHYS.ZS,IRL,2016,3.193
SH.MED.PHYS.ZS,IRL,2017,3.256
SH.MED.PHYS.ZS,IRL,2018,3.276
SH.MED.PHYS.ZS,IRL,2019,3.317
SH.MED.PHYS.ZS,IRL,2020,3.458
SH.MED.PHYS.ZS,IRL,2021,4.028
SH.MED.PHYS.ZS,IRL,2022,3.362
SH.MED.PHYS.ZS,IRL,2023,3.875
SH.MED.PHYS.ZS,IRN,2015,1.095
SH.MED.PHYS.ZS,IRN,2017,1.071
SH.MED.PHYS.ZS,IRN,2018,1.505
SH.MED.PHYS.ZS,IRN,2023,1.811
SH.MED.PHYS.ZS,IRQ,2015,0.718
SH.MED.PHYS.ZS,IRQ,2016,0.707
SH.MED.PHYS.ZS,IRQ,2017,0.8
SH.MED.PHYS.ZS,IRQ,2018,0.676
SH.MED.PHYS.ZS,IRQ,2019,0.881
SH.MED.PHYS.ZS,IRQ,2020,0.923
SH.MED.PHYS.ZS,IRQ,2021,0.983
SH.MED.PHYS.ZS,IRQ,2022,1.022
SH.MED.PHYS.ZS,ISL,2015,3.773
SH.MED.PHYS.ZS,ISL,2016,3.85
SH.MED.PHYS.ZS,ISL,2017,3.872
SH.MED.PHYS.ZS,ISL,2018,3.891
SH.MED.PHYS.ZS,ISL,2019,3.892
SH.MED.PHYS.ZS,ISL,2020,4.318
SH.MED.PHYS.ZS,ISL,2021,4.377
SH.MED.PHYS.ZS,ISL,2022,4.44
SH.MED.PHYS.ZS,ISL,2023,4.373
SH.MED.PHYS.ZS,ISR,2015,3.431
SH.MED.PHYS.ZS,ISR,2016,3.422
SH.MED.PHYS.ZS,ISR,2017,3.43
SH.MED.PHYS.ZS,ISR,2018,3.477
SH.MED.PHYS.ZS,ISR,2019,3.521
SH.MED.PHYS.ZS,ISR,2020,3.567
SH.MED.PHYS.ZS,ISR,2021,3.636
SH.MED.PHYS.ZS,ISR,2022,3.686
SH.MED.PHYS.ZS,ISR,2023,3.797
SH.MED.PHYS.ZS,ITA,2015,3.848
SH.MED.PHYS.ZS,ITA,2016,3.963
SH.MED.PHYS.ZS,ITA,2017,3.999
SH.MED.PHYS.ZS,ITA,2018,3.987
SH.MED.PHYS.ZS,ITA,2019,4.024
SH.MED.PHYS.ZS,ITA,2020,3.97
SH.MED.PHYS.ZS,ITA,2021,4.064
SH.MED.PHYS.ZS,ITA,2022,4.191
SH.MED.PHYS.ZS,JAM,2015,0.428
SH.MED.PHYS.ZS,JAM,2016,0.471
SH.MED.PHYS.ZS,JAM,2018,0.548
SH.MED.PHYS.ZS,JAM,2023,0.46
SH.MED.PHYS.ZS,JOR,2015,2.726
SH.MED.PHYS.ZS,JOR,2017,2.222
SH.MED.PHYS.ZS,JOR,2019,2.519
SH.MED.PHYS.ZS,JOR,2022,2.851
SH.MED.PHYS.ZS,JPN,2016,2.423
SH.MED.PHYS.ZS,JPN,2018,2.485
SH.MED.PHYS.ZS,JPN,2020,2.592
SH.MED.PHYS.ZS,JPN,2022,2.649
SH.MED.PHYS.ZS,KAZ,2015,3.726
SH.MED.PHYS.ZS,KAZ,2016,3.707
SH.MED.PHYS.ZS,KAZ,2017,3.6
SH.MED.PHYS.ZS,KAZ,2018,3.531
SH.MED.PHYS.ZS,KAZ,2019,3.62
SH.MED.PHYS.ZS,KAZ,2020,3.663
SH.MED.PHYS.ZS,KAZ,2021,3.711
SH.MED.PHYS.ZS,KAZ,2022,3.719
SH.MED.PHYS.ZS,KAZ,2023,3.754
SH.MED.PHYS.ZS,KEN,2018,0.16
SH.MED.PHYS.ZS,KEN,2020,0.074
SH.MED.PHYS.ZS,KEN,2021,0.098
SH.MED.PHYS.ZS,KEN,2022,0.236
SH.MED.PHYS.ZS,KEN,2023,0.289
SH.MED.PHYS.ZS,KGZ,2015,1.846
SH.MED.PHYS.ZS,KGZ,2016,1.853
SH.MED.PHYS.ZS,KGZ,2017,1.835
SH.MED.PHYS.ZS,KGZ,2018,1.787
SH.MED.PHYS.ZS,KGZ,2019,1.759
SH.MED.PHYS.ZS,KGZ,2020,1.692
SH.MED.PHYS.ZS,KGZ,2021,1.651
SH.MED.PHYS.ZS,KGZ,2022,1.6
SH.MED.PHYS.ZS,KGZ,2023,1.568
SH.MED.PHYS.ZS,KHM,2015,0.15
SH.MED.PHYS.ZS,KHM,2016,0.197
SH.MED.PHYS.ZS,KHM,2017,0.195
SH.MED.PHYS.ZS,KHM,2018,0.211
SH.MED.PHYS.ZS,KHM,2019,0.211
SH.MED.PHYS.ZS,KNA,2015,2.909
SH.MED.PHYS.ZS,KNA,2018,3.085
SH.MED.PHYS.ZS,KOR,2015,2.242
SH.MED.PHYS.ZS,KOR,2016,2.29
SH.MED.PHYS.ZS,KOR,2017,2.343
SH.MED.PHYS.ZS,KOR,2018,2.386
SH.MED.PHYS.ZS,KOR,2019,2.458
SH.MED.PHYS.ZS,KOR,2020,2.507
SH.MED.PHYS.ZS,KOR,2021,2.517
SH.MED.PHYS.ZS,KOR,2022,2.61
SH.MED.PHYS.ZS,KWT,2015,2.647
SH.MED.PHYS.ZS,KWT,2016,2.106
SH.MED.PHYS.ZS,KWT,2017,2.106
SH.MED.PHYS.ZS,KWT,2018,2.03
SH.MED.PHYS.ZS,KWT,2019,2.087
SH.MED.PHYS.ZS,KWT,2020,2.273
SH.MED.PHYS.ZS,LAC,2022,2.54252124851717
SH.MED.PHYS.ZS,LAO,2015,0.4
SH.MED.PHYS.ZS,LAO,2016,0.371
SH.MED.PHYS.ZS,LAO,2017,0.44
SH.MED.PHYS.ZS,LAO,2018,0.361
SH.MED.PHYS.ZS,LAO,2019,0.363
SH.MED.PHYS.ZS,LAO,2020,0.356
SH.MED.PHYS.ZS,LAO,2021,0.325
SH.MED.PHYS.ZS,LAO,2022,0.331
SH.MED.PHYS.ZS,LBN,2015,2.123
SH.MED.PHYS.ZS,LBN,2016,2.136
SH.MED.PHYS.ZS,LBN,2017,2.242
SH.MED.PHYS.ZS,LBN,2018,2.412
SH.MED.PHYS.ZS,LBN,2019,2.611
SH.MED.PHYS.ZS,LBN,2020,2.68
SH.MED.PHYS.ZS,LBR,2015,0.036
SH.MED.PHYS.ZS,LBR,2016,0.049
SH.MED.PHYS.ZS,LBR,2017,0.051
SH.MED.PHYS.ZS,LBR,2018,0.14
SH.MED.PHYS.ZS,LBR,2019,0.145
SH.MED.PHYS.ZS,LBR,2020,0.151
SH.MED.PHYS.ZS,LBR,2021,0.169
SH.MED.PHYS.ZS,LBR,2022,0.178
SH.MED.PHYS.ZS,LBY,2015,1.861
SH.MED.PHYS.ZS,LBY,2017,2.042
SH.MED.PHYS.ZS,LCA,2016,5.672
SH.MED.PHYS.ZS,LCA,2017,6.245
SH.MED.PHYS.ZS,LCA,2018,6.367
SH.MED.PHYS.ZS,LCA,2019,6.168
SH.MED.PHYS.ZS,LCA,2020,4.234
SH.MED.PHYS.ZS,LCN,2022,2.57421521940574
SH.MED.PHYS.ZS,LDC,2022,0.308574038400128
SH.MED.PHYS.ZS,LKA,2015,0.83
SH.MED.PHYS.ZS,LKA,2016,0.856
SH.MED.PHYS.ZS,LKA,2017,0.887
SH.MED.PHYS.ZS,LKA,2018,0.958
SH.MED.PHYS.ZS,LKA,2019,1.098
SH.MED.PHYS.ZS,LKA,2020,1.167
SH.MED.PHYS.ZS,LKA,2021,1.144
SH.MED.PHYS.ZS,LKA,2023,1.136
SH.MED.PHYS.ZS,LMY,2022,1.46281089801214
SH.MED.PHYS.ZS,LSO,2018,0.457
SH.MED.PHYS.ZS,LSO,2022,0.235
SH.MED.PHYS.ZS,LTE,2022,2.93965818365123
SH.MED.PHYS.ZS,LTU,2015,4.338
SH.MED.PHYS.ZS,LTU,2016,4.466
SH.MED.PHYS.ZS,LTU,2017,4.555
SH.MED.PHYS.ZS,LTU,2018,4.596
SH.MED.PHYS.ZS,LTU,2019,4.568
SH.MED.PHYS.ZS,LTU,2020,4.481
SH.MED.PHYS.ZS,LTU,2021,4.485
SH.MED.PHYS.ZS,LTU,2022,4.466
SH.MED.PHYS.ZS,LUX,2015,2.908
SH.MED.PHYS.ZS,LUX,2016,2.884
SH.MED.PHYS.ZS,LUX,2017,2.984
SH.MED.PHYS.ZS,LVA,2015,3.197
SH.MED.PHYS.ZS,LVA,2016,3.212
SH.MED.PHYS.ZS,LVA,2017,3.205
SH.MED.PHYS.ZS,LVA,2018,3.303
SH.MED.PHYS.ZS,LVA,2019,3.267
SH.MED.PHYS.ZS,LVA,2020,3.338
SH.MED.PHYS.ZS,LVA,2021,3.356
SH.MED.PHYS.ZS,LVA,2022,3.398
SH.MED.PHYS.ZS,MAR,2017,0.734
SH.MED.PHYS.ZS,MAR,2021,0.74
SH.MED.PHYS.ZS,MCO,2018,8.298
SH.MED.PHYS.ZS,MCO,2019,8.609
SH.MED.PHYS.ZS,MCO,2020,8.609
SH.MED.PHYS.ZS,MDA,2015,3.159
SH.MED.PHYS.ZS,MDA,2016,3.239
SH.MED.PHYS.ZS,MDA,2017,3.285
SH.MED.PHYS.ZS,MDA,2018,3.204
SH.MED.PHYS.ZS,MDA,2019,4.033
SH.MED.PHYS.ZS,MDA,2020,4.038
SH.MED.PHYS.ZS,MDA,2021,4.039
SH.MED.PHYS.ZS,MDA,2022,4.145
SH.MED.PHYS.ZS,MDA,2023,4.016
SH.MED.PHYS.ZS,MDG,2018,0.195
SH.MED.PHYS.ZS,MDG,2022,0.172
SH.MED.PHYS.ZS,MDV,2016,1.32
SH.MED.PHYS.ZS,MDV,2017,1.894
SH.MED.PHYS.ZS,MDV,2018,1.862
SH.MED.PHYS.ZS,MDV,2019,2.235
SH.MED.PHYS.ZS,MEA,2022,1.29878377722747
SH.MED.PHYS.ZS,MEX,2015,2.34
SH.MED.PHYS.ZS,MEX,2016,2.345
SH.MED.PHYS.ZS,MEX,2017,2.409
SH.MED.PHYS.ZS,MEX,2018,2.456
SH.MED.PHYS.ZS,MEX,2019,2.46
SH.MED.PHYS.ZS,MEX,2020,2.425
SH.MED.PHYS.ZS,MEX,2021,2.541
SH.MED.PHYS.ZS,MEX,2022,2.588
SH.MED.PHYS.ZS,MIC,2022,1.59443213620307
SH.MED.PHYS.ZS,MKD,2015,3.017
SH.MED.PHYS.ZS,MKD,2016,3.166
SH.MED.PHYS.ZS,MKD,2017,3.204
SH.MED.PHYS.ZS,MKD,2018,3.315
SH.MED.PHYS.ZS,MKD,2019,3.409
SH.MED.PHYS.ZS,MKD,2020,3.343
SH.MED.PHYS.ZS,MKD,2022,2.944
SH.MED.PHYS.ZS,MLI,2015,0.094
SH.MED.PHYS.ZS,MLI,2016,0.117
SH.MED.PHYS.ZS,MLI,2017,0.113
SH.MED.PHYS.ZS,MLI,2018,0.12
SH.MED.PHYS.ZS,MLI,2022,0.191
SH.MED.PHYS.ZS,MLI,2023,0.188
SH.MED.PHYS.ZS,MLT,2015,3.676
SH.MED.PHYS.ZS,MLT,2016,3.828
SH.MED.PHYS.ZS,MLT,2017,3.965
SH.MED.PHYS.ZS,MLT,2018,3.972
SH.MED.PHYS.ZS,MLT,2019,4.026
SH.MED.PHYS.ZS,MLT,2020,4.164
SH.MED.PHYS.ZS,MLT,2021,4.294
SH.MED.PHYS.ZS,MLT,2022,4.513
SH.MED.PHYS.ZS,MMR,2016,0.638
SH.MED.PHYS.ZS,MMR,2017,0.889
SH.MED.PHYS.ZS,MMR,2018,0.696
SH.MED.PHYS.ZS,MMR,2019,0.757
SH.MED.PHYS.ZS,MNA,2022,1.12862230709656
SH.MED.PHYS.ZS,MNE,2015,2.372
SH.MED.PHYS.ZS,MNE,2016,2.589
SH.MED.PHYS.ZS,MNE,2017,2.675
SH.MED.PHYS.ZS,MNE,2018,2.809
SH.MED.PHYS.ZS,MNE,2019,2.792
SH.MED.PHYS.ZS,MNE,2020,2.831
SH.MED.PHYS.ZS,MNE,2021,2.878
SH.MED.PHYS.ZS,MNE,2022,2.808
SH.MED.PHYS.ZS,MNE,2023,2.783
SH.MED.PHYS.ZS,MNG,2015,3.243
SH.MED.PHYS.ZS,MNG,2016,3.289
SH.MED.PHYS.ZS,MNG,2017,3.407
SH.MED.PHYS.ZS,MNG,2018,3.526
SH.MED.PHYS.ZS,MNG,2019,3.647
SH.MED.PHYS.ZS,MNG,2020,3.778
SH.MED.PHYS.ZS,MNG,2021,3.884
SH.MED.PHYS.ZS,MNG,2022,4.13
SH.MED.PHYS.ZS,MOZ,2017,0.077
SH.MED.PHYS.ZS,MOZ,2018,0.085
SH.MED.PHYS.ZS,MOZ,2019,0.086
SH.MED.PHYS.ZS,MOZ,2020,0.084
SH.MED.PHYS.ZS,MOZ,2021,0.082
SH.MED.PHYS.ZS,MOZ,2022,0.175
SH.MED.PHYS.ZS,MRT,2015,0.175
SH.MED.PHYS.ZS,MRT,2017,0.188
SH.MED.PHYS.ZS,MRT,2018,0.196
SH.MED.PHYS.ZS,MRT,2019,0.201
SH.MED.PHYS.ZS,MRT,2020,0.203
SH.MED.PHYS.ZS,MRT,2021,0.219
SH.MED.PHYS.ZS,MRT,2022,0.261
SH.MED.PHYS.ZS,MUS,2015,1.973
SH.MED.PHYS.ZS,MUS,2016,2.144
SH.MED.PHYS.ZS,MUS,2017,2.268
SH.MED.PHYS.ZS,MUS,2018,1.858
SH.MED.PHYS.ZS,MUS,2019,2.558
SH.MED.PHYS.ZS,MUS,2020,2.689
SH.MED.PHYS.ZS,MUS,2022,1.436
SH.MED.PHYS.ZS,MWI,2016,0.031
SH.MED.PHYS.ZS,MWI,2018,0.15
SH.MED.PHYS.ZS,MWI,2020,0.049
SH.MED.PHYS.ZS,MWI,2022,0.054
SH.MED.PHYS.ZS,MYS,2015,1.489
SH.MED.PHYS.ZS,MYS,2016,1.576
SH.MED.PHYS.ZS,MYS,2017,1.787
SH.MED.PHYS.ZS,MYS,2018,1.858
SH.MED.PHYS.ZS,MYS,2019,2.021
SH.MED.PHYS.ZS,MYS,2020,2.183
SH.MED.PHYS.ZS,MYS,2021,2.268
SH.MED.PHYS.ZS,MYS,2022,2.29
SH.MED.PHYS.ZS,MYS,2023,2.341
SH.MED.PHYS.ZS,NAC,2022,3.5909736301435
SH.MED.PHYS.ZS,NAM,2017,0.567
SH.MED.PHYS.ZS,NAM,2018,0.335
SH.MED.PHYS.ZS,NAM,2019,0.368
SH.MED.PHYS.ZS,NAM,2020,0.38
SH.MED.PHYS.ZS,NAM,2021,0.42
SH.MED.PHYS.ZS,NAM,2022,0.553
SH.MED.PHYS.ZS,NER,2015,0.032
SH.MED.PHYS.ZS,NER,2016,0.033
SH.MED.PHYS.ZS,NER,2017,0.022
SH.MED.PHYS.ZS,NER,2018,0.037
SH.MED.PHYS.ZS,NER,2019,0.039
SH.MED.PHYS.ZS,NER,2020,0.035
SH.MED.PHYS.ZS,NER,2022,0.028
SH.MED.PHYS.ZS,NER,2023,0.038
SH.MED.PHYS.ZS,NGA,2016,0.428
SH.MED.PHYS.ZS,NGA,2018,0.364
SH.MED.PHYS.ZS,NGA,2019,0.356
SH.MED.PHYS.ZS,NGA,2021,0.386
SH.MED.PHYS.ZS,NGA,2022,0.386
SH.MED.PHYS.ZS,NGA,2023,0.38
SH.MED.PHYS.ZS,NIC,2015,0.942
SH.MED.PHYS.ZS,NIC,2016,0.965
SH.MED.PHYS.ZS,NIC,2017,1.0
SH.MED.PHYS.ZS,NIC,2018,0.682
SH.MED.PHYS.ZS,NLD,2015,3.457
SH.MED.PHYS.ZS,NLD,2016,3.501
SH.MED.PHYS.ZS,NLD,2017,3.565
SH.MED.PHYS.ZS,NLD,2018,3.632
SH.MED.PHYS.ZS,NLD,2019,3.713
SH.MED.PHYS.ZS,NLD,2020,3.805
SH.MED.PHYS.ZS,NLD,2021,3.875
SH.MED.PHYS.ZS,NLD,2022,3.876
SH.MED.PHYS.ZS,NOR,2015,4.091
SH.MED.PHYS.ZS,NOR,2016,4.22
SH.MED.PHYS.ZS,NOR,2017,4.346
SH.MED.PHYS.ZS,NOR,2018,4.466
SH.MED.PHYS.ZS,NOR,2019,4.578
SH.MED.PHYS.ZS,NOR,2020,4.682
SH.MED.PHYS.ZS,NOR,2021,4.768
SH.MED.PHYS.ZS,NOR,2022,4.908
SH.MED.PHYS.ZS,NOR,2023,4.975
SH.MED.PHYS.ZS,NPL,2017,0.681
SH.MED.PHYS.ZS,NPL,2018,0.749
SH.MED.PHYS.ZS,NPL,2019,0.815
SH.MED.PHYS.ZS,NPL,2020,0.857
SH.MED.PHYS.ZS,NPL,2021,0.884
SH.MED.PHYS.ZS,NPL,2023,1.011
SH.MED.PHYS.ZS,NRU,2015,1.273
SH.MED.PHYS.ZS,NZL,2015,3.031
SH.MED.PHYS.ZS,NZL,2016,3.115
SH.MED.PHYS.ZS,NZL,2017,3.253
SH.MED.PHYS.ZS,NZL,2018,3.311
SH.MED.PHYS.ZS,NZL,2019,3.37
SH.MED.PHYS.ZS,NZL,2020,3.442
SH.MED.PHYS.ZS,NZL,2021,3.531
SH.MED.PHYS.ZS,NZL,2022,3.611
SH.MED.PHYS.ZS,OED,2022,3.42957557843441
SH.MED.PHYS.ZS,OMN,2015,2.13
SH.MED.PHYS.ZS,OMN,2016,1.964
SH.MED.PHYS.ZS,OMN,2017,2.013
SH.MED.PHYS.ZS,OMN,2018,2.104
SH.MED.PHYS.ZS,OMN,2019,2.091
SH.MED.PHYS.ZS,OMN,2020,2.003
SH.MED.PHYS.ZS,OMN,2021,2.006
SH.MED.PHYS.ZS,OMN,2022,1.992
SH.MED.PHYS.ZS,OSS,2022,1.82890468087854
SH.MED.PHYS.ZS,PAK,2015,0.85
SH.MED.PHYS.ZS,PAK,2016,0.89
SH.MED.PHYS.ZS,PAK,2017,0.932
SH.MED.PHYS.ZS,PAK,2018,0.917
SH.MED.PHYS.ZS,PAK,2019,1.049
SH.MED.PHYS.ZS,PAK,2021,1.16
SH.MED.PHYS.ZS,PAN,2015,1.579
SH.MED.PHYS.ZS,PAN,2016,1.573
SH.MED.PHYS.ZS,PAN,2017,1.589
SH.MED.PHYS.ZS,PAN,2018,1.609
SH.MED.PHYS.ZS,PAN,2019,1.637
SH.MED.PHYS.ZS,PAN,2020,1.63
SH.MED.PHYS.ZS,PAN,2021,1.737
SH.MED.PHYS.ZS,PAN,2022,1.625
SH.MED.PHYS.ZS,PER,2016,1.307
SH.MED.PHYS.ZS,PER,2018,1.373
SH.MED.PHYS.ZS,PER,2019,1.354
SH.MED.PHYS.ZS,PER,2020,1.436
SH.MED.PHYS.ZS,PER,2021,1.673
SH.MED.PHYS.ZS,PER,2022,1.649
SH.MED.PHYS.ZS,PER,2023,1.688
SH.MED.PHYS.ZS,PHL,2015,0.609
SH.MED.PHYS.ZS,PHL,2016,0.631
SH.MED.PHYS.ZS,PHL,2017,0.66
SH.MED.PHYS.ZS,PHL,2018,0.695
SH.MED.PHYS.ZS,PHL,2019,0.732
SH.MED.PHYS.ZS,PHL,2020,0.752
SH.MED.PHYS.ZS,PHL,2021,0.792
SH.MED.PHYS.ZS,PLW,2017,1.91
SH.MED.PHYS.ZS,PLW,2018,1.573
SH.MED.PHYS.ZS,PLW,2019,2.191
SH.MED.PHYS.ZS,PLW,2020,1.798
SH.MED.PHYS.ZS,PLW,2021,2.809
SH.MED.PHYS.ZS,PLW,2022,2.472
SH.MED.PHYS.ZS,PLW,2023,1.808
SH.MED.PHYS.ZS,PNG,2018,0.064
SH.MED.PHYS.ZS,PNG,2019,0.06
SH.MED.PHYS.ZS,PNG,2021,0.063
SH.MED.PHYS.ZS,PNG,2023,0.061
SH.MED.PHYS.ZS,POL,2015,2.311
SH.MED.PHYS.ZS,POL,2016,2.397
SH.MED.PHYS.ZS,POL,2017,2.36
SH.MED.PHYS.ZS,POL,2018,2.341
SH.MED.PHYS.ZS,POL,2019,3.279
SH.MED.PHYS.ZS,POL,2020,3.303
SH.MED.PHYS.ZS,POL,2021,3.415
SH.MED.PHYS.ZS,POL,2022,3.424
SH.MED.PHYS.ZS,POL,2023,4.031
SH.MED.PHYS.ZS,PRE,2022,0.264913997593666
SH.MED.PHYS.ZS,PRK,2016,3.645
SH.MED.PHYS.ZS,PRK,2017,3.628
SH.MED.PHYS.ZS,PRT,2015,4.748
SH.MED.PHYS.ZS,PRT,2016,4.93
SH.MED.PHYS.ZS,PRT,2017,5.103
SH.MED.PHYS.ZS,PRT,2018,5.276
SH.MED.PHYS.ZS,PRT,2019,5.422
SH.MED.PHYS.ZS,PRT,2020,5.576
SH.MED.PHYS.ZS,PRT,2021,5.711
SH.MED.PHYS.ZS,PRT,2022,5.851
SH.MED.PHYS.ZS,PRY,2018,1.466
SH.MED.PHYS.ZS,PRY,2020,1.296
SH.MED.PHYS.ZS,PRY,2021,3.252
SH.MED.PHYS.ZS,PRY,2022,3.893
SH.MED.PHYS.ZS,PSE,2017,1.774
SH.MED.PHYS.ZS,PSE,2018,2.168
SH.MED.PHYS.ZS,PST,2022,3.71571119921277
SH.MED.PHYS.ZS,QAT,2016,2.751
SH.MED.PHYS.ZS,QAT,2018,2.504
SH.MED.PHYS.ZS,QAT,2023,3.022
SH.MED.PHYS.ZS,ROU,2015,2.758
SH.MED.PHYS.ZS,ROU,2016,2.83
SH.MED.PHYS.ZS,ROU,2017,2.912
SH.MED.PHYS.ZS,ROU,2018,3.028
SH.MED.PHYS.ZS,ROU,2019,3.165
SH.MED.PHYS.ZS,ROU,2020,3.307
SH.MED.PHYS.ZS,ROU,2021,3.486
SH.MED.PHYS.ZS,ROU,2022,3.625
SH.MED.PHYS.ZS,RUS,2015,3.925
SH.MED.PHYS.ZS,RUS,2016,3.964
SH.MED.PHYS.ZS,RUS,2017,4.058
SH.MED.PHYS.ZS,RUS,2018,4.097
SH.MED.PHYS.ZS,RUS,2019,4.165
SH.MED.PHYS.ZS,RUS,2020,3.807
SH.MED.PHYS.ZS,RUS,2021,5.087
SH.MED.PHYS.ZS,RUS,2022,5.111
SH.MED.PHYS.ZS,RWA,2015,0.11
SH.MED.PHYS.ZS,RWA,2016,0.12
SH.MED.PHYS.ZS,RWA,2017,0.135
SH.MED.PHYS.ZS,RWA,2018,0.132
SH.MED.PHYS.ZS,RWA,2019,0.117
SH.MED.PHYS.ZS,RWA,2020,0.116
SH.MED.PHYS.ZS,RWA,2021,0.121
SH.MED.PHYS.ZS,RWA,2022,0.09
SH.MED.PHYS.ZS,SAS,2022,0.734049151018125
SH.MED.PHYS.ZS,SAU,2015,2.444
SH.MED.PHYS.ZS,SAU,2016,2.466
SH.MED.PHYS.ZS,SAU,2017,2.676
SH.MED.PHYS.ZS,SAU,2018,2.899
SH.MED.PHYS.ZS,SAU,2019,2.633
SH.MED.PHYS.ZS,SAU,2020,3.076
SH.MED.PHYS.ZS,SAU,2021,3.2
SH.MED.PHYS.ZS,SAU,2022,3.482
SH.MED.PHYS.ZS,SAU,2023,3.406
SH.MED.PHYS.ZS,SDN,2015,0.396
SH.MED.PHYS.ZS,SDN,2017,0.25
SH.MED.PHYS.ZS,SEN,2015,0.2074
SH.MED.PHYS.ZS,SEN,2016,0.077
SH.MED.PHYS.ZS,SEN,2017,0.069
SH.MED.PHYS.ZS,SEN,2019,0.088
SH.MED.PHYS.ZS,SEN,2020,0.082
SH.MED.PHYS.ZS,SEN,2021,0.099
SH.MED.PHYS.ZS,SEN,2022,0.124
SH.MED.PHYS.ZS,SEN,2023,0.109
SH.MED.PHYS.ZS,SGP,2015,2.255
SH.MED.PHYS.ZS,SGP,2016,2.325
SH.MED.PHYS.ZS,SGP,2017,2.389
SH.MED.PHYS.ZS,SGP,2018,2.443
SH.MED.PHYS.ZS,SGP,2019,2.519
SH.MED.PHYS.ZS,SGP,2020,2.638
SH.MED.PHYS.ZS,SGP,2021,2.781
SH.MED.PHYS.ZS,SGP,2022,2.834
SH.MED.PHYS.ZS,SLB,2016,0.181
SH.MED.PHYS.ZS,SLB,2023,0.238
SH.MED.PHYS.ZS,SLE,2018,0.075
SH.MED.PHYS.ZS,SLE,2019,0.033
SH.MED.PHYS.ZS,SLE,2020,0.073
SH.MED.PHYS.ZS,SLE,2022,0.134
SH.MED.PHYS.ZS,SLV,2016,1.5662
SH.MED.PHYS.ZS,SLV,2018,2.963
SH.MED.PHYS.ZS,SLV,2021,2.94
SH.MED.PHYS.ZS,SLV,2022,1.566
SH.MED.PHYS.ZS,SLV,2023,1.616
SH.MED.PHYS.ZS,SMR,2022,4.663
SH.MED.PHYS.ZS,SMR,2023,4.629
SH.MED.PHYS.ZS,SRB,2015,3.043
SH.MED.PHYS.ZS,SRB,2016,2.926
SH.MED.PHYS.ZS,SRB,2017,2.937
SH.MED.PHYS.ZS,SRB,2018,2.966
SH.MED.PHYS.ZS,SRB,2020,2.875
SH.MED.PHYS.ZS,SRB,2021,3.029
SH.MED.PHYS.ZS,SRB,2022,3.099
SH.MED.PHYS.ZS,SSA,2022,0.249160979124554
SH.MED.PHYS.ZS,SSD,2018,0.041
SH.MED.PHYS.ZS,SSD,2019,0.033
SH.MED.PHYS.ZS,SSD,2020,0.043
SH.MED.PHYS.ZS,SSD,2022,0.041
SH.MED.PHYS.ZS,SSF,2022,0.249789775561879
SH.MED.PHYS.ZS,SST,2022,1.8737611859239
SH.MED.PHYS.ZS,STP,2015,0.315
SH.MED.PHYS.ZS,STP,2019,0.492
SH.MED.PHYS.ZS,STP,2022,0.464
SH.MED.PHYS.ZS,SUR,2015,1.006
SH.MED.PHYS.ZS,SUR,2016,1.087
SH.MED.PHYS.ZS,SUR,2017,1.139
SH.MED.PHYS.ZS,SUR,2018,0.787
SH.MED.PHYS.ZS,SUR,2021,1.466
SH.MED.PHYS.ZS,SUR,2023,1.355
SH.MED.PHYS.ZS,SVK,2015,3.454
SH.MED.PHYS.ZS,SVK,2016,3.476
SH.MED.PHYS.ZS,SVK,2017,3.423
SH.MED.PHYS.ZS,SVK,2018,3.523
SH.MED.PHYS.ZS,SVK,2019,3.569
SH.MED.PHYS.ZS,SVK,2020,3.671
SH.MED.PHYS.ZS,SVK,2021,3.683
SH.MED.PHYS.ZS,SVK,2022,3.697
SH.MED.PHYS.ZS,SVN,2015,2.83
SH.MED.PHYS.ZS,SVN,2016,3.019
SH.MED.PHYS.ZS,SVN,2017,3.107
SH.MED.PHYS.ZS,SVN,2018,3.185
SH.MED.PHYS.ZS,SVN,2019,3.27
SH.MED.PHYS.ZS,SVN,2020,3.303
SH.MED.PHYS.ZS,SVN,2021,3.335
SH.MED.PHYS.ZS,SVN,2022,3.367
SH.MED.PHYS.ZS,SWE,2015,4.174
SH.MED.PHYS.ZS,SWE,2016,4.233
SH.MED.PHYS.ZS,SWE,2017,4.269
SH.MED.PHYS.ZS,SWE,2018,4.322
SH.MED.PHYS.ZS,SWE,2019,4.288
SH.MED.PHYS.ZS,SWE,2020,4.322
SH.MED.PHYS.ZS,SWE,2021,4.408
SH.MED.PHYS.ZS,SWZ,2016,0.093
SH.MED.PHYS.ZS,SWZ,2017,0.18
SH.MED.PHYS.ZS,SWZ,2018,0.238
SH.MED.PHYS.ZS,SWZ,2020,0.138
SH.MED.PHYS.ZS,SWZ,2022,0.561
SH.MED.PHYS.ZS,SWZ,2023,0.557
SH.MED.PHYS.ZS,SYC,2016,1.849
SH.MED.PHYS.ZS,SYC,2018,2.087
SH.MED.PHYS.ZS,SYC,2019,1.869
SH.MED.PHYS.ZS,SYC,2021,3.634
SH.MED.PHYS.ZS,SYC,2022,6.598
SH.MED.PHYS.ZS,SYR,2016,1.172
SH.MED.PHYS.ZS,SYR,2017,1.468
SH.MED.PHYS.ZS,SYR,2018,1.5
SH.MED.PHYS.ZS,SYR,2019,1.517
SH.MED.PHYS.ZS,SYR,2020,1.5
SH.MED.PHYS.ZS,SYR,2021,1.521
SH.MED.PHYS.ZS,TCD,2015,0.048
SH.MED.PHYS.ZS,TCD,2016,0.036
SH.MED.PHYS.ZS,TCD,2017,0.042
SH.MED.PHYS.ZS,TCD,2018,0.05
SH.MED.PHYS.ZS,TCD,2019,0.052
SH.MED.PHYS.ZS,TCD,2020,0.058
SH.MED.PHYS.ZS,TCD,2021,0.056
SH.MED.PHYS.ZS,TCD,2022,0.082
SH.MED.PHYS.ZS,TCD,2023,0.085
SH.MED.PHYS.ZS,TEA,2022,2.3382424600285
SH.MED.PHYS.ZS,TEC,2022,3.71843177913449
SH.MED.PHYS.ZS,TGO,2015,0.047
SH.MED.PHYS.ZS,TGO,2016,0.044
SH.MED.PHYS.ZS,TGO,2017,0.072
SH.MED.PHYS.ZS,TGO,2018,0.074
SH.MED.PHYS.ZS,TGO,2019,0.074
SH.MED.PHYS.ZS,TGO,2020,0.079
SH.MED.PHYS.ZS,TGO,2021,0.057
SH.MED.PHYS.ZS,TGO,2022,0.08
SH.MED.PHYS.ZS,THA,2015,0.453
SH.MED.PHYS.ZS,THA,2016,0.433
SH.MED.PHYS.ZS,THA,2017,0.788
SH.MED.PHYS.ZS,THA,2018,0.518
SH.MED.PHYS.ZS,THA,2019,0.548
SH.MED.PHYS.ZS,THA,2020,0.509
SH.MED.PHYS.ZS,THA,2021,0.541
SH.MED.PHYS.ZS,TJK,2015,1.747
SH.MED.PHYS.ZS,TJK,2016,1.754
SH.MED.PHYS.ZS,TJK,2017,1.785
SH.MED.PHYS.ZS,TJK,2018,1.934
SH.MED.PHYS.ZS,TJK,2019,1.933
SH.MED.PHYS.ZS,TJK,2020,1.995
SH.MED.PHYS.ZS,TJK,2021,1.949
SH.MED.PHYS.ZS,TJK,2022,1.939
SH.MED.PHYS.ZS,TJK,2023,1.87
SH.MED.PHYS.ZS,TKM,2015,1.974
SH.MED.PHYS.ZS,TKM,2016,1.959
SH.MED.PHYS.ZS,TKM,2017,1.969
SH.MED.PHYS.ZS,TKM,2018,1.971
SH.MED.PHYS.ZS,TKM,2019,1.957
SH.MED.PHYS.ZS,TKM,2020,1.96
SH.MED.PHYS.ZS,TKM,2021,1.917
SH.MED.PHYS.ZS,TKM,2022,1.916
SH.MED.PHYS.ZS,TKM,2023,1.93
SH.MED.PHYS.ZS,TLA,2022,2.45380103637718
SH.MED.PHYS.ZS,TLS,2015,0.69
SH.MED.PHYS.ZS,TLS,2017,0.745
SH.MED.PHYS.ZS,TLS,2018,0.718
SH.MED.PHYS.ZS,TLS,2019,0.764
SH.MED.PHYS.ZS,TLS,2020,0.752
SH.MED.PHYS.ZS,TMN,2022,1.12125410560683
SH.MED.PHYS.ZS,TON,2019,1.012
SH.MED.PHYS.ZS,TON,2020,0.946
SH.MED.PHYS.ZS,TON,2021,1.014
SH.MED.PHYS.ZS,TSA,2022,0.734049151018125
SH.MED.PHYS.ZS,TSS,2022,0.249789775561879
SH.MED.PHYS.ZS,TTO,2015,2.541
SH.MED.PHYS.ZS,TTO,2017,3.222
SH.MED.PHYS.ZS,TTO,2018,3.939
SH.MED.PHYS.ZS,TTO,2019,4.205
SH.MED.PHYS.ZS,TTO,2020,4.298
SH.MED.PHYS.ZS,TTO,2021,4.157
SH.MED.PHYS.ZS,TUN,2015,1.285
SH.MED.PHYS.ZS,TUN,2016,1.258
SH.MED.PHYS.ZS,TUN,2017,1.278
SH.MED.PHYS.ZS,TUN,2019,1.299
SH.MED.PHYS.ZS,TUN,2020,1.315
SH.MED.PHYS.ZS,TUN,2021,1.315
SH.MED.PHYS.ZS,TUR,2015,1.765
SH.MED.PHYS.ZS,TUR,2016,1.774
SH.MED.PHYS.ZS,TUR,2017,1.805
SH.MED.PHYS.ZS,TUR,2018,1.814
SH.MED.PHYS.ZS,TUR,2019,1.884
SH.MED.PHYS.ZS,TUR,2020,1.989
SH.MED.PHYS.ZS,TUR,2021,2.118
SH.MED.PHYS.ZS,TUR,2022,2.236
SH.MED.PHYS.ZS,TUV,2020,1.346
SH.MED.PHYS.ZS,TZA,2018,0.05
SH.MED.PHYS.ZS,TZA,2022,0.134
SH.MED.PHYS.ZS,UGA,2015,0.097
SH.MED.PHYS.ZS,UGA,2017,0.172
SH.MED.PHYS.ZS,UGA,2020,0.158
SH.MED.PHYS.ZS,UGA,2022,0.191
SH.MED.PHYS.ZS,UKR,2023,3.531
SH.MED.PHYS.ZS,URY,2016,4.008
SH.MED.PHYS.ZS,URY,2017,5.01
SH.MED.PHYS.ZS,URY,2021,4.548
SH.MED.PHYS.ZS,URY,2022,4.674
SH.MED.PHYS.ZS,USA,2018,2.548
SH.MED.PHYS.ZS,USA,2019,3.482
SH.MED.PHYS.ZS,USA,2020,3.518
SH.MED.PHYS.ZS,USA,2021,3.575
SH.MED.PHYS.ZS,USA,2022,3.681
SH.MED.PHYS.ZS,UZB,2015,2.363
SH.MED.PHYS.ZS,UZB,2016,2.298
SH.MED.PHYS.ZS,UZB,2017,2.27
SH.MED.PHYS.ZS,UZB,2018,2.329
SH.MED.PHYS.ZS,UZB,2019,2.322
SH.MED.PHYS.ZS,UZB,2020,2.31
SH.MED.PHYS.ZS,UZB,2021,2.805
SH.MED.PHYS.ZS,VEN,2017,1.664
SH.MED.PHYS.ZS,VNM,2015,0.795
SH.MED.PHYS.ZS,VNM,2016,0.825
SH.MED.PHYS.ZS,VNM,2018,0.881
SH.MED.PHYS.ZS,VNM,2019,0.99
SH.MED.PHYS.ZS,VNM,2020,0.856
SH.MED.PHYS.ZS,VNM,2021,1.107
SH.MED.PHYS.ZS,VUT,2016,0.169
SH.MED.PHYS.ZS,VUT,2018,0.137
SH.MED.PHYS.ZS,VUT,2019,0.164
SH.MED.PHYS.ZS,WLD,2022,1.86093113170155
SH.MED.PHYS.ZS,WSM,2016,0.329
SH.MED.PHYS.ZS,WSM,2019,0.558
SH.MED.PHYS.ZS,WSM,2020,0.562
SH.MED.PHYS.ZS,WSM,2021,0.561
SH.MED.PHYS.ZS,YEM,2020,0.176
SH.MED.PHYS.ZS,YEM,2021,0.174
SH.MED.PHYS.ZS,YEM,2022,0.165
SH.MED.PHYS.ZS,YEM,2023,0.098
SH.MED.PHYS.ZS,ZAF,2015,0.763
SH.MED.PHYS.ZS,ZAF,2016,0.753
SH.MED.PHYS.ZS,ZAF,2017,0.775
SH.MED.PHYS.ZS,ZAF,2018,0.742
SH.MED.PHYS.ZS,ZAF,2019,0.779
SH.MED.PHYS.ZS,ZAF,2021,0.781
SH.MED.PHYS.ZS,ZAF,2022,0.794
SH.MED.PHYS.ZS,ZMB,2016,0.09
SH.MED.PHYS.ZS,ZMB,2018,0.224
SH.MED.PHYS.ZS,ZMB,2019,0.237
SH.MED.PHYS.ZS,ZMB,2020,0.253
SH.MED.PHYS.ZS,ZMB,2021,0.295
SH.MED.PHYS.ZS,ZMB,2022,0.324
SH.MED.PHYS.ZS,ZWE,2015,0.174
SH.MED.PHYS.ZS,ZWE,2016,0.172
SH.MED.PHYS.ZS,ZWE,2017,0.179
SH.MED.PHYS.ZS,ZWE,2018,0.201
SH.MED.PHYS.ZS,ZWE,2019,0.123
SH.MED.PHYS.ZS,ZWE,2020,0.128
SH.MED.PHYS.ZS,ZWE,2021,0.136
SH.MED.PHYS.ZS,ZWE,2022,0.127
SH.MED.PHYS.ZS,ZWE,2023,0.136
SH.XPD.CHEX.PC.CD,AFE,2015,90.7980923306796
SH.XPD.CHEX.PC.CD,AFE,2016,85.6874598126392
SH.XPD.CHEX.PC.CD,AFE,2017,89.8672604899708
SH.XPD.CHEX.PC.CD,AFE,2018,89.9693693736129
SH.XPD.CHEX.PC.CD,AFE,2019,87.0398773156759
SH.XPD.CHEX.PC.CD,AFE,2020,81.4461401594807
SH.XPD.CHEX.PC.CD,AFE,2021,92.3503331753643
SH.XPD.CHEX.PC.CD,AFE,2022,92.0352883967091
SH.XPD.CHEX.PC.CD,AFE,2023,88.48558529145
SH.XPD.CHEX.PC.CD,AFG,2015,59.91960526
SH.XPD.CHEX.PC.CD,AFG,2016,61.37234497
SH.XPD.CHEX.PC.CD,AFG,2017,66.82388306
SH.XPD.CHEX.PC.CD,AFG,2018,71.22509003
SH.XPD.CHEX.PC.CD,AFG,2019,74.0642395
SH.XPD.CHEX.PC.CD,AFG,2020,80.0892334
SH.XPD.CHEX.PC.CD,AFG,2021,81.52112579
SH.XPD.CHEX.PC.CD,AFG,2022,80.6516037
SH.XPD.CHEX.PC.CD,AFG,2023,59.06770706
SH.XPD.CHEX.PC.CD,AFW,2015,70.738706184874
SH.XPD.CHEX.PC.CD,AFW,2016,61.7168342971552
SH.XPD.CHEX.PC.CD,AFW,2017,58.5214095205365
SH.XPD.CHEX.PC.CD,AFW,2018,56.2928689276805
SH.XPD.CHEX.PC.CD,AFW,2019,59.2861168406291
SH.XPD.CHEX.PC.CD,AFW,2020,64.6462871223599
SH.XPD.CHEX.PC.CD,AFW,2021,72.6715310804023
SH.XPD.CHEX.PC.CD,AFW,2022,74.4796108722856
SH.XPD.CHEX.PC.CD,AFW,2023,65.900206902325
SH.XPD.CHEX.PC.CD,AGO,2015,107.52857208
SH.XPD.CHEX.PC.CD,AGO,2016,94.01481628
SH.XPD.CHEX.PC.CD,AGO,2017,112.75364685
SH.XPD.CHEX.PC.CD,AGO,2018,83.87555695
SH.XPD.CHEX.PC.CD,AGO,2019,64.4466095
SH.XPD.CHEX.PC.CD,AGO,2020,56.01641846
SH.XPD.CHEX.PC.CD,AGO,2021,66.94487
SH.XPD.CHEX.PC.CD,AGO,2022,103.94506073
SH.XPD.CHEX.PC.CD,AGO,2023,76.07118225
SH.XPD.CHEX.PC.CD,ALB,2015,253.93347168
SH.XPD.CHEX.PC.CD,ALB,2016,275.43676758
SH.XPD.CHEX.PC.CD,ALB,2017,295.52346802
SH.XPD.CHEX.PC.CD,ALB,2018,349.21127319
SH.XPD.CHEX.PC.CD,ALB,2019,366.34014893
SH.XPD.CHEX.PC.CD,ALB,2020,396.17477417
SH.XPD.CHEX.PC.CD,ALB,2021,465.57043457
SH.XPD.CHEX.PC.CD,ALB,2022,506.86920166
SH.XPD.CHEX.PC.CD,ALB,2023,590.62799072
SH.XPD.CHEX.PC.CD,AND,2015,2672.49731445
SH.XPD.CHEX.PC.CD,AND,2016,2785.64599609
SH.XPD.CHEX.PC.CD,AND,2017,2876.24194336
SH.XPD.CHEX.PC.CD,AND,2018,3159.16162109
SH.XPD.CHEX.PC.CD,AND,2019,3021.078125
SH.XPD.CHEX.PC.CD,AND,2020,3282.02587891
SH.XPD.CHEX.PC.CD,AND,2021,3668.44750977
SH.XPD.CHEX.PC.CD,AND,2022,3190.11328125
SH.XPD.CHEX.PC.CD,AND,2023,3605.19799805
SH.XPD.CHEX.PC.CD,ARB,2015,312.609883146077
SH.XPD.CHEX.PC.CD,ARB,2016,311.947978507094
SH.XPD.CHEX.PC.CD,ARB,2017,307.126617877282
SH.XPD.CHEX.PC.CD,ARB,2018,325.592164585057
SH.XPD.CHEX.PC.CD,ARB,2019,326.670945661256
SH.XPD.CHEX.PC.CD,ARB,2020,327.069625588704
SH.XPD.CHEX.PC.CD,ARB,2021,336.587194733694
SH.XPD.CHEX.PC.CD,ARB,2022,348.767262238545
SH.XPD.CHEX.PC.CD,ARB,2023,363.465124423147
SH.XPD.CHEX.PC.CD,ARE,2015,1479.49743652
SH.XPD.CHEX.PC.CD,ARE,2016,1592.91906738
SH.XPD.CHEX.PC.CD,ARE,2017,1695.203125
SH.XPD.CHEX.PC.CD,ARE,2018,1872.58422852
SH.XPD.CHEX.PC.CD,ARE,2019,1962.46728516
SH.XPD.CHEX.PC.CD,ARE,2020,2154.41113281
SH.XPD.CHEX.PC.CD,ARE,2021,2249.96313477
SH.XPD.CHEX.PC.CD,ARE,2022,2240.9050293
SH.XPD.CHEX.PC.CD,ARE,2023,2401.52026367
SH.XPD.CHEX.PC.CD,ARG,2015,1523.90979004
SH.XPD.CHEX.PC.CD,ARG,2016,1276.79785156
SH.XPD.CHEX.PC.CD,ARG,2017,1491.11877441
SH.XPD.CHEX.PC.CD,ARG,2018,1195.59973145
SH.XPD.CHEX.PC.CD,ARG,2019,1007.45629883
SH.XPD.CHEX.PC.CD,ARG,2020,910.9586792
SH.XPD.CHEX.PC.CD,ARG,2021,1182.15930176
SH.XPD.CHEX.PC.CD,ARG,2022,1415.79577637
SH.XPD.CHEX.PC.CD,ARG,2023,1456.98596191
SH.XPD.CHEX.PC.CD,ARM,2015,365.51950073
SH.XPD.CHEX.PC.CD,ARM,2016,359.58227539
SH.XPD.CHEX.PC.CD,ARM,2017,409.80145264
SH.XPD.CHEX.PC.CD,ARM,2018,428.34579468
SH.XPD.CHEX.PC.CD,ARM,2019,533.69952393
SH.XPD.CHEX.PC.CD,ARM,2020,535.2723999
SH.XPD.CHEX.PC.CD,ARM,2021,595.83544922
SH.XPD.CHEX.PC.CD,ARM,2022,674.78619385
SH.XPD.CHEX.PC.CD,ARM,2023,766.95874023
SH.XPD.CHEX.PC.CD,ATG,2015,789.30975342
SH.XPD.CHEX.PC.CD,ATG,2016,817.88891602
SH.XPD.CHEX.PC.CD,ATG,2017,791.12322998
SH.XPD.CHEX.PC.CD,ATG,2018,856.37127686
SH.XPD.CHEX.PC.CD,ATG,2019,808.14996338
SH.XPD.CHEX.PC.CD,ATG,2020,873.5246582
SH.XPD.CHEX.PC.CD,ATG,2021,835.06512451
SH.XPD.CHEX.PC.CD,ATG,2022,891.00323486
SH.XPD.CHEX.PC.CD,ATG,2023,841.24884033
SH.XPD.CHEX.PC.CD,AUS,2015,5271.93310547
SH.XPD.CHEX.PC.CD,AUS,2016,5418.43652344
SH.XPD.CHEX.PC.CD,AUS,2017,5770.69042969
SH.XPD.CHEX.PC.CD,AUS,2018,5843.64794922
SH.XPD.CHEX.PC.CD,AUS,2019,5543.37841797
SH.XPD.CHEX.PC.CD,AUS,2020,5968.00341797
SH.XPD.CHEX.PC.CD,AUS,2021,7092.13476563
SH.XPD.CHEX.PC.CD,AUS,2022,6723.98242188
SH.XPD.CHEX.PC.CD,AUS,2023,6980.38525391
SH.XPD.CHEX.PC.CD,AUT,2015,4649.59667969
SH.XPD.CHEX.PC.CD,AUT,2016,4758.89892578
SH.XPD.CHEX.PC.CD,AUT,2017,4999.86962891
SH.XPD.CHEX.PC.CD,AUT,2018,5394.55908203
SH.XPD.CHEX.PC.CD,AUT,2019,5313.19287109
SH.XPD.CHEX.PC.CD,AUT,2020,5569.84130859
SH.XPD.CHEX.PC.CD,AUT,2021,6554.14257813
SH.XPD.CHEX.PC.CD,AUT,2022,5897.97607422
SH.XPD.CHEX.PC.CD,AUT,2023,6267.93164063
SH.XPD.CHEX.PC.CD,AUT,2024,6739.30908203
SH.XPD.CHEX.PC.CD,AZE,2015,236.25979614
SH.XPD.CHEX.PC.CD,AZE,2016,169.69596863
SH.XPD.CHEX.PC.CD,AZE,2017,167.01565552
SH.XPD.CHEX.PC.CD,AZE,2018,180.03610229
SH.XPD.CHEX.PC.CD,AZE,2019,199.25746155
SH.XPD.CHEX.PC.CD,AZE,2020,245.21949768
SH.XPD.CHEX.PC.CD,AZE,2021,250.9887085
SH.XPD.CHEX.PC.CD,AZE,2022,261.44659424
SH.XPD.CHEX.PC.CD,AZE,2023,299.81060791
SH.XPD.CHEX.PC.CD,BDI,2015,17.67629051
SH.XPD.CHEX.PC.CD,BDI,2016,18.59472847
SH.XPD.CHEX.PC.CD,BDI,2017,19.16676521
SH.XPD.CHEX.PC.CD,BDI,2018,18.67819214
SH.XPD.CHEX.PC.CD,BDI,2019,22.2435379
SH.XPD.CHEX.PC.CD,BDI,2020,26.21934319
SH.XPD.CHEX.PC.CD,BDI,2021,23.11420059
SH.XPD.CHEX.PC.CD,BDI,2022,25.52155113
SH.XPD.CHEX.PC.CD,BDI,2023,28.14028931
SH.XPD.CHEX.PC.CD,BEL,2015,4465.45556641
SH.XPD.CHEX.PC.CD,BEL,2016,4569.640625
SH.XPD.CHEX.PC.CD,BEL,2017,4827.59326172
SH.XPD.CHEX.PC.CD,BEL,2018,5233.68261719
SH.XPD.CHEX.PC.CD,BEL,2019,5087.45654297
SH.XPD.CHEX.PC.CD,BEL,2020,5269.40625
SH.XPD.CHEX.PC.CD,BEL,2021,5847.17333984
SH.XPD.CHEX.PC.CD,BEL,2022,5487.59277344
SH.XPD.CHEX.PC.CD,BEL,2023,5931.01464844
SH.XPD.CHEX.PC.CD,BEN,2015,27.34733391
SH.XPD.CHEX.PC.CD,BEN,2016,36.58565903
SH.XPD.CHEX.PC.CD,BEN,2017,38.75862122
SH.XPD.CHEX.PC.CD,BEN,2018,39.54786301
SH.XPD.CHEX.PC.CD,BEN,2019,33.9457283
SH.XPD.CHEX.PC.CD,BEN,2020,36.62052536
SH.XPD.CHEX.PC.CD,BEN,2021,38.45053101
SH.XPD.CHEX.PC.CD,BEN,2022,37.76291275
SH.XPD.CHEX.PC.CD,BEN,2023,46.52822113
SH.XPD.CHEX.PC.CD,BFA,2015,32.3375206
SH.XPD.CHEX.PC.CD,BFA,2016,39.50990677
SH.XPD.CHEX.PC.CD,BFA,2017,43.37775803
SH.XPD.CHEX.PC.CD,BFA,2018,38.48573303
SH.XPD.CHEX.PC.CD,BFA,2019,41.06895828
SH.XPD.CHEX.PC.CD,BFA,2020,57.17589188
SH.XPD.CHEX.PC.CD,BFA,2021,63.59171295
SH.XPD.CHEX.PC.CD,BFA,2022,64.38339996
SH.XPD.CHEX.PC.CD,BFA,2023,71.73455048
SH.XPD.CHEX.PC.CD,BGD,2015,33.20998764
SH.XPD.CHEX.PC.CD,BGD,2016,39.30647659
SH.XPD.CHEX.PC.CD,BGD,2017,42.17510986
SH.XPD.CHEX.PC.CD,BGD,2018,44.78892899
SH.XPD.CHEX.PC.CD,BGD,2019,45.07677078
SH.XPD.CHEX.PC.CD,BGD,2020,49.0274353
SH.XPD.CHEX.PC.CD,BGD,2021,56.09640121
SH.XPD.CHEX.PC.CD,BGD,2022,56.62142181
SH.XPD.CHEX.PC.CD,BGD,2023,53.46432495
SH.XPD.CHEX.PC.CD,BGR,2015,534.21466064
SH.XPD.CHEX.PC.CD,BGR,2016,579.76715088
SH.XPD.CHEX.PC.CD,BGR,2017,647.56402588
SH.XPD.CHEX.PC.CD,BGR,2018,719.78033447
SH.XPD.CHEX.PC.CD,BGR,2019,733.06878662
SH.XPD.CHEX.PC.CD,BGR,2020,906.54833984
SH.XPD.CHEX.PC.CD,BGR,2021,1109.10290527
SH.XPD.CHEX.PC.CD,BGR,2022,1066.69189453
SH.XPD.CHEX.PC.CD,BGR,2023,1257.87597656
SH.XPD.CHEX.PC.CD,BHR,2015,1128.24291992
SH.XPD.CHEX.PC.CD,BHR,2016,1095.92541504
SH.XPD.CHEX.PC.CD,BHR,2017,1080.08898926
SH.XPD.CHEX.PC.CD,BHR,2018,1041.8560791
SH.XPD.CHEX.PC.CD,BHR,2019,1030.26379395
SH.XPD.CHEX.PC.CD,BHR,2020,1101.14025879
SH.XPD.CHEX.PC.CD,BHR,2021,1176.92102051
SH.XPD.CHEX.PC.CD,BHR,2022,1178.80664063
SH.XPD.CHEX.PC.CD,BHR,2023,1175.81628418
SH.XPD.CHEX.PC.CD,BHS,2015,1588.57775879
SH.XPD.CHEX.PC.CD,BHS,2016,1711.60510254
SH.XPD.CHEX.PC.CD,BHS,2017,2069.44555664
SH.XPD.CHEX.PC.CD,BHS,2018,1875.74035645
SH.XPD.CHEX.PC.CD,BHS,2019,1881.40393066
SH.XPD.CHEX.PC.CD,BHS,2020,1861.0637207
SH.XPD.CHEX.PC.CD,BHS,2021,1946.21960449
SH.XPD.CHEX.PC.CD,BHS,2022,2327.20117188
SH.XPD.CHEX.PC.CD,BHS,2023,2262.33447266
SH.XPD.CHEX.PC.CD,BIH,2015,430.83413696
SH.XPD.CHEX.PC.CD,BIH,2016,450.44155884
SH.XPD.CHEX.PC.CD,BIH,2017,471.32647705
SH.XPD.CHEX.PC.CD,BIH,2018,529.85546875
SH.XPD.CHEX.PC.CD,BIH,2019,546.4508667
SH.XPD.CHEX.PC.CD,BIH,2020,594.8225708
SH.XPD.CHEX.PC.CD,BIH,2021,697.07427979
SH.XPD.CHEX.PC.CD,BIH,2022,667.29681396
SH.XPD.CHEX.PC.CD,BIH,2023,772.88568115
SH.XPD.CHEX.PC.CD,BLR,2015,360.91937256
SH.XPD.CHEX.PC.CD,BLR,2016,296.94720459
SH.XPD.CHEX.PC.CD,BLR,2017,331.94082642
SH.XPD.CHEX.PC.CD,BLR,2018,349.99176025
SH.XPD.CHEX.PC.CD,BLR,2019,400.11621094
SH.XPD.CHEX.PC.CD,BLR,2020,420.43655396
SH.XPD.CHEX.PC.CD,BLR,2021,484.03930664
SH.XPD.CHEX.PC.CD,BLR,2022,529.01873779
SH.XPD.CHEX.PC.CD,BLR,2023,558.22644043
SH.XPD.CHEX.PC.CD,BLZ,2015,286.78604126
SH.XPD.CHEX.PC.CD,BLZ,2016,293.09829712
SH.XPD.CHEX.PC.CD,BLZ,2017,280.71743774
SH.XPD.CHEX.PC.CD,BLZ,2018,286.83633423
SH.XPD.CHEX.PC.CD,BLZ,2019,298.14306641
SH.XPD.CHEX.PC.CD,BLZ,2020,279.10131836
SH.XPD.CHEX.PC.CD,BLZ,2021,308.93920898
SH.XPD.CHEX.PC.CD,BLZ,2022,298.01553345
SH.XPD.CHEX.PC.CD,BLZ,2023,309.40835571
SH.XPD.CHEX.PC.CD,BOL,2015,196.25799561
SH.XPD.CHEX.PC.CD,BOL,2016,207.4511261
SH.XPD.CHEX.PC.CD,BOL,2017,214.58572388
SH.XPD.CHEX.PC.CD,BOL,2018,231.18806458
SH.XPD.CHEX.PC.CD,BOL,2019,241.34619141
SH.XPD.CHEX.PC.CD,BOL,2020,248.69514465
SH.XPD.CHEX.PC.CD,BOL,2021,276.20880127
SH.XPD.CHEX.PC.CD,BOL,2022,260.88070679
SH.XPD.CHEX.PC.CD,BOL,2023,255.04104614
SH.XPD.CHEX.PC.CD,BRA,2015,796.15252686
SH.XPD.CHEX.PC.CD,BRA,2016,810.20037842
SH.XPD.CHEX.PC.CD,BRA,2017,954.75012207
SH.XPD.CHEX.PC.CD,BRA,2018,880.28430176
SH.XPD.CHEX.PC.CD,BRA,2019,868.17248535
SH.XPD.CHEX.PC.CD,BRA,2020,680.76843262
SH.XPD.CHEX.PC.CD,BRA,2021,768.27075195
SH.XPD.CHEX.PC.CD,BRA,2022,871.27526855
SH.XPD.CHEX.PC.CD,BRA,2023,1009.83563232
SH.XPD.CHEX.PC.CD,BRB,2015,1154.62719727
SH.XPD.CHEX.PC.CD,BRB,2016,1181.14257813
SH.XPD.CHEX.PC.CD,BRB,2017,1182.00366211
SH.XPD.CHEX.PC.CD,BRB,2018,1169.35559082
SH.XPD.CHEX.PC.CD,BRB,2019,1168.11938477
SH.XPD.CHEX.PC.CD,BRB,2020,1234.30041504
SH.XPD.CHEX.PC.CD,BRB,2021,1391.49853516
SH.XPD.CHEX.PC.CD,BRB,2022,1302.0592041
SH.XPD.CHEX.PC.CD,BRB,2023,1286.47680664
SH.XPD.CHEX.PC.CD,BRN,2015,731.04980469
SH.XPD.CHEX.PC.CD,BRN,2016,679.46929932
SH.XPD.CHEX.PC.CD,BRN,2017,636.22973633
SH.XPD.CHEX.PC.CD,BRN,2018,748.69073486
SH.XPD.CHEX.PC.CD,BRN,2019,678.81982422
SH.XPD.CHEX.PC.CD,BRN,2020,658.38983154
SH.XPD.CHEX.PC.CD,BRN,2021,665.87030029
SH.XPD.CHEX.PC.CD,BRN,2022,648.55499268
SH.XPD.CHEX.PC.CD,BRN,2023,733.00543213
SH.XPD.CHEX.PC.CD,BTN,2015,96.86671448
SH.XPD.CHEX.PC.CD,BTN,2016,97.42939758
SH.XPD.CHEX.PC.CD,BTN,2017,103.63583374
SH.XPD.CHEX.PC.CD,BTN,2018,102.01222992
SH.XPD.CHEX.PC.CD,BTN,2019,115.71811676
SH.XPD.CHEX.PC.CD,BTN,2020,134.13723755
SH.XPD.CHEX.PC.CD,BTN,2021,161.46617126
SH.XPD.CHEX.PC.CD,BTN,2022,138.00679016
SH.XPD.CHEX.PC.CD,BTN,2023,162.19680786
SH.XPD.CHEX.PC.CD,BWA,2015,374.79058838
SH.XPD.CHEX.PC.CD,BWA,2016,389.3107605
SH.XPD.CHEX.PC.CD,BWA,2017,471.05056763
SH.XPD.CHEX.PC.CD,BWA,2018,447.4473877
SH.XPD.CHEX.PC.CD,BWA,2019,438.28546143
SH.XPD.CHEX.PC.CD,BWA,2020,386.28860474
SH.XPD.CHEX.PC.CD,BWA,2021,492.14276123
SH.XPD.CHEX.PC.CD,BWA,2022,477.77633667
SH.XPD.CHEX.PC.CD,BWA,2023,489.59677124
SH.XPD.CHEX.PC.CD,CAF,2015,18.44194221
SH.XPD.CHEX.PC.CD,CAF,2016,21.07796097
SH.XPD.CHEX.PC.CD,CAF,2017,28.81619644
SH.XPD.CHEX.PC.CD,CAF,2018,51.3541069
SH.XPD.CHEX.PC.CD,CAF,2019,35.76099014
SH.XPD.CHEX.PC.CD,CAF,2020,42.63476563
SH.XPD.CHEX.PC.CD,CAF,2021,46.25038147
SH.XPD.CHEX.PC.CD,CAF,2022,47.91523361
SH.XPD.CHEX.PC.CD,CAF,2023,53.81136703
SH.XPD.CHEX.PC.CD,CAN,2015,4658.83789063
SH.XPD.CHEX.PC.CD,CAN,2016,4647.14892578
SH.XPD.CHEX.PC.CD,CAN,2017,4894.7734375
SH.XPD.CHEX.PC.CD,CAN,2018,5052.90185547
SH.XPD.CHEX.PC.CD,CAN,2019,5098.88720703
SH.XPD.CHEX.PC.CD,CAN,2020,5646.19433594
SH.XPD.CHEX.PC.CD,CAN,2021,6511.46972656
SH.XPD.CHEX.PC.CD,CAN,2022,6252.34033203
SH.XPD.CHEX.PC.CD,CAN,2023,6186.65234375
SH.XPD.CHEX.PC.CD,CAN,2024,6377.96875
SH.XPD.CHEX.PC.CD,CEB,2015,817.142104856243
SH.XPD.CHEX.PC.CD,CEB,2016,854.458742634355
SH.XPD.CHEX.PC.CD,CEB,2017,941.309979111415
SH.XPD.CHEX.PC.CD,CEB,2018,1057.78591814118
SH.XPD.CHEX.PC.CD,CEB,2019,1095.4614214139
SH.XPD.CHEX.PC.CD,CEB,2020,1187.60462614471
SH.XPD.CHEX.PC.CD,CEB,2021,1412.78214453503
SH.XPD.CHEX.PC.CD,CEB,2022,1374.1600690946
SH.XPD.CHEX.PC.CD,CEB,2023,1626.96748530039
SH.XPD.CHEX.PC.CD,CHE,2015,9200.10058594
SH.XPD.CHEX.PC.CD,CHE,2016,9201.47460938
SH.XPD.CHEX.PC.CD,CHE,2017,9354.22070313
SH.XPD.CHEX.PC.CD,CHE,2018,9541.07421875
SH.XPD.CHEX.PC.CD,CHE,2019,9609.80273438
SH.XPD.CHEX.PC.CD,CHE,2020,10294.578125
SH.XPD.CHEX.PC.CD,CHE,2021,11197.76464844
SH.XPD.CHEX.PC.CD,CHE,2022,10930.13964844
SH.XPD.CHEX.PC.CD,CHE,2023,11783.66992188
SH.XPD.CHEX.PC.CD,CHL,2015,1122.13378906
SH.XPD.CHEX.PC.CD,CHL,2016,1167.89306641
SH.XPD.CHEX.PC.CD,CHL,2017,1353.69274902
SH.XPD.CHEX.PC.CD,CHL,2018,1430.70263672
SH.XPD.CHEX.PC.CD,CHL,2019,1348.99401855
SH.XPD.CHEX.PC.CD,CHL,2020,1270.97814941
SH.XPD.CHEX.PC.CD,CHL,2021,1576.69287109
SH.XPD.CHEX.PC.CD,CHL,2022,1541.37927246
SH.XPD.CHEX.PC.CD,CHL,2023,1736.52038574
SH.XPD.CHEX.PC.CD,CHL,2024,1759.70605469
SH.XPD.CHEX.PC.CD,CHN,2015,393.09768677
SH.XPD.CHEX.PC.CD,CHN,2016,398.17489624
SH.XPD.CHEX.PC.CD,CHN,2017,439.94006348
SH.XPD.CHEX.PC.CD,CHN,2018,504.10980225
SH.XPD.CHEX.PC.CD,CHN,2019,538.99157715
SH.XPD.CHEX.PC.CD,CHN,2020,582.95092773
SH.XPD.CHEX.PC.CD,CHN,2021,670.25897217
SH.XPD.CHEX.PC.CD,CHN,2022,755.43597412
SH.XPD.CHEX.PC.CD,CHN,2023,763.37762451
SH.XPD.CHEX.PC.CD,CIV,2015,58.43181992
SH.XPD.CHEX.PC.CD,CIV,2016,61.85705566
SH.XPD.CHEX.PC.CD,CIV,2017,63.77943039
SH.XPD.CHEX.PC.CD,CIV,2018,65.87952423
SH.XPD.CHEX.PC.CD,CIV,2019,68.30471039
SH.XPD.CHEX.PC.CD,CIV,2020,78.97766876
SH.XPD.CHEX.PC.CD,CIV,2021,92.39588928
SH.XPD.CHEX.PC.CD,CIV,2022,84.89915466
SH.XPD.CHEX.PC.CD,CIV,2023,87.68105316
SH.XPD.CHEX.PC.CD,CMR,2015,58.38298035
SH.XPD.CHEX.PC.CD,CMR,2016,57.99372482
SH.XPD.CHEX.PC.CD,CMR,2017,56.7457695
SH.XPD.CHEX.PC.CD,CMR,2018,58.32909393
SH.XPD.CHEX.PC.CD,CMR,2019,56.79493713
SH.XPD.CHEX.PC.CD,CMR,2020,66.17185211
SH.XPD.CHEX.PC.CD,CMR,2021,72.59731293
SH.XPD.CHEX.PC.CD,CMR,2022,72.12950897
SH.XPD.CHEX.PC.CD,CMR,2023,79.09996796
SH.XPD.CHEX.PC.CD,COD,2015,18.57252884
SH.XPD.CHEX.PC.CD,COD,2016,19.3114109
SH.XPD.CHEX.PC.CD,COD,2017,18.14648819
SH.XPD.CHEX.PC.CD,COD,2018,17.29077148
SH.XPD.CHEX.PC.CD,COD,2019,19.20812035
SH.XPD.CHEX.PC.CD,COD,2020,20.5593071
SH.XPD.CHEX.PC.CD,COD,2021,21.58848572
SH.XPD.CHEX.PC.CD,COD,2022,24.3800106
SH.XPD.CHEX.PC.CD,COD,2023,23.43148804
SH.XPD.CHEX.PC.CD,COG,2015,57.30290604
SH.XPD.CHEX.PC.CD,COG,2016,54.3000145
SH.XPD.CHEX.PC.CD,COG,2017,52.29982376
SH.XPD.CHEX.PC.CD,COG,2018,47.310215
SH.XPD.CHEX.PC.CD,COG,2019,58.42106628
SH.XPD.CHEX.PC.CD,COG,2020,80.09735107
SH.XPD.CHEX.PC.CD,COG,2021,78.60149384
SH.XPD.CHEX.PC.CD,COG,2022,53.11892319
SH.XPD.CHEX.PC.CD,COG,2023,75.55332184
SH.XPD.CHEX.PC.CD,COL,2015,470.099823
SH.XPD.CHEX.PC.CD,COL,2016,448.84588623
SH.XPD.CHEX.PC.CD,COL,2017,497.54016113
SH.XPD.CHEX.PC.CD,COL,2018,526.11828613
SH.XPD.CHEX.PC.CD,COL,2019,507.06231689
SH.XPD.CHEX.PC.CD,COL,2020,464.41998291
SH.XPD.CHEX.PC.CD,COL,2021,568.84130859
SH.XPD.CHEX.PC.CD,COL,2022,507.07064819
SH.XPD.CHEX.PC.CD,COL,2023,571.15496826
SH.XPD.CHEX.PC.CD,COL,2024,644.30908203
SH.XPD.CHEX.PC.CD,COM,2015,61.16300201
SH.XPD.CHEX.PC.CD,COM,2016,63.53099442
SH.XPD.CHEX.PC.CD,COM,2017,75.01337433
SH.XPD.CHEX.PC.CD,COM,2018,74.89152527
SH.XPD.CHEX.PC.CD,COM,2019,78.23674774
SH.XPD.CHEX.PC.CD,COM,2020,89.67817688
SH.XPD.CHEX.PC.CD,COM,2021,100.50016785
SH.XPD.CHEX.PC.CD,COM,2022,124.14363861
SH.XPD.CHEX.PC.CD,COM,2023,102.23101807
SH.XPD.CHEX.PC.CD,CPV,2015,150.28823853
SH.XPD.CHEX.PC.CD,CPV,2016,157.39906311
SH.XPD.CHEX.PC.CD,CPV,2017,174.43547058
SH.XPD.CHEX.PC.CD,CPV,2018,205.5345459
SH.XPD.CHEX.PC.CD,CPV,2019,211.24963379
SH.XPD.CHEX.PC.CD,CPV,2020,249.71989441
SH.XPD.CHEX.PC.CD,CPV,2021,262.42272949
SH.XPD.CHEX.PC.CD,CPV,2022,297.08233643
SH.XPD.CHEX.PC.CD,CPV,2023,290.12619019
SH.XPD.CHEX.PC.CD,CRI,2015,889.3762207
SH.XPD.CHEX.PC.CD,CRI,2016,884.73028564
SH.XPD.CHEX.PC.CD,CRI,2017,867.76733398
SH.XPD.CHEX.PC.CD,CRI,2018,917.31018066
SH.XPD.CHEX.PC.CD,CRI,2019,930.43511963
SH.XPD.CHEX.PC.CD,CRI,2020,969.89099121
SH.XPD.CHEX.PC.CD,CRI,2021,977.14831543
SH.XPD.CHEX.PC.CD,CRI,2022,978.84155273
SH.XPD.CHEX.PC.CD,CRI,2023,1163.30224609
SH.XPD.CHEX.PC.CD,CSS,2015,752.904794394727
SH.XPD.CHEX.PC.CD,CSS,2016,747.226086126681
SH.XPD.CHEX.PC.CD,CSS,2017,788.582309385435
SH.XPD.CHEX.PC.CD,CSS,2018,790.748049253674
SH.XPD.CHEX.PC.CD,CSS,2019,820.239812214279
SH.XPD.CHEX.PC.CD,CSS,2020,796.157980008992
SH.XPD.CHEX.PC.CD,CSS,2021,851.953010679747
SH.XPD.CHEX.PC.CD,CSS,2022,915.955448715908
SH.XPD.CHEX.PC.CD,CSS,2023,915.847407140298
SH.XPD.CHEX.PC.CD,CUB,2015,991.08496094
SH.XPD.CHEX.PC.CD,CUB,2016,990.92346191
SH.XPD.CHEX.PC.CD,CUB,2017,987.81030273
SH.XPD.CHEX.PC.CD,CUB,2018,981.90283203
SH.XPD.CHEX.PC.CD,CUB,2019,1023.39715576
SH.XPD.CHEX.PC.CD,CUB,2020,1199.35327148
SH.XPD.CHEX.PC.CD,CYP,2015,1570.54638672
SH.XPD.CHEX.PC.CD,CYP,2016,1619.91918945
SH.XPD.CHEX.PC.CD,CYP,2017,1742.67626953
SH.XPD.CHEX.PC.CD,CYP,2018,1987.69470215
SH.XPD.CHEX.PC.CD,CYP,2019,2059.45019531
SH.XPD.CHEX.PC.CD,CYP,2020,2443.37207031
SH.XPD.CHEX.PC.CD,CYP,2021,2947.81494141
SH.XPD.CHEX.PC.CD,CYP,2022,2748.6159668
SH.XPD.CHEX.PC.CD,CYP,2023,2899.36499023
SH.XPD.CHEX.PC.CD,CZE,2015,1308.8013916
SH.XPD.CHEX.PC.CD,CZE,2016,1374.9005127
SH.XPD.CHEX.PC.CD,CZE,2017,1516.75012207
SH.XPD.CHEX.PC.CD,CZE,2018,1750.81188965
SH.XPD.CHEX.PC.CD,CZE,2019,1805.44030762
SH.XPD.CHEX.PC.CD,CZE,2020,2106.28027344
SH.XPD.CHEX.PC.CD,CZE,2021,2538.03344727
SH.XPD.CHEX.PC.CD,CZE,2022,2431.08496094
SH.XPD.CHEX.PC.CD,CZE,2023,2671.08398438
SH.XPD.CHEX.PC.CD,CZE,2024,2692.76416016
SH.XPD.CHEX.PC.CD,DEU,2015,4605.59033203
SH.XPD.CHEX.PC.CD,DEU,2016,4723.32421875
SH.XPD.CHEX.PC.CD,DEU,2017,5039.35302734
SH.XPD.CHEX.PC.CD,DEU,2018,5473.55712891
SH.XPD.CHEX.PC.CD,DEU,2019,5447.31787109
SH.XPD.CHEX.PC.CD,DEU,2020,5906.80615234
SH.XPD.CHEX.PC.CD,DEU,2021,6653.58349609
SH.XPD.CHEX.PC.CD,DEU,2022,6226.14208984
SH.XPD.CHEX.PC.CD,DEU,2023,6394.62255859
SH.XPD.CHEX.PC.CD,DEU,2024,6849.26367188
SH.XPD.CHEX.PC.CD,DJI,2015,79.54257965
SH.XPD.CHEX.PC.CD,DJI,2016,68.82745361
SH.XPD.CHEX.PC.CD,DJI,2017,64.94396973
SH.XPD.CHEX.PC.CD,DJI,2018,68.79101563
SH.XPD.CHEX.PC.CD,DJI,2019,68.4744873
SH.XPD.CHEX.PC.CD,DJI,2020,66.53086853
SH.XPD.CHEX.PC.CD,DJI,2021,86.88237762
SH.XPD.CHEX.PC.CD,DJI,2022,79.13184357
SH.XPD.CHEX.PC.CD,DJI,2023,77.57087708
SH.XPD.CHEX.PC.CD,DMA,2015,396.23742676
SH.XPD.CHEX.PC.CD,DMA,2016,424.15756226
SH.XPD.CHEX.PC.CD,DMA,2017,415.87072754
SH.XPD.CHEX.PC.CD,DMA,2018,503.34179688
SH.XPD.CHEX.PC.CD,DMA,2019,465.63766479
SH.XPD.CHEX.PC.CD,DMA,2020,452.65899658
SH.XPD.CHEX.PC.CD,DMA,2021,521.41455078
SH.XPD.CHEX.PC.CD,DMA,2022,542.53948975
SH.XPD.CHEX.PC.CD,DMA,2023,492.4524231
SH.XPD.CHEX.PC.CD,DNK,2015,5508.53369141
SH.XPD.CHEX.PC.CD,DNK,2016,5603.75830078
SH.XPD.CHEX.PC.CD,DNK,2017,5817.42529297
SH.XPD.CHEX.PC.CD,DNK,2018,6219.12988281
SH.XPD.CHEX.PC.CD,DNK,2019,6049.93408203
SH.XPD.CHEX.PC.CD,DNK,2020,6520.65771484
SH.XPD.CHEX.PC.CD,DNK,2021,7429.99023438
SH.XPD.CHEX.PC.CD,DNK,2022,6451.19433594
SH.XPD.CHEX.PC.CD,DNK,2023,6510.625
SH.XPD.CHEX.PC.CD,DNK,2024,6745.06152344
SH.XPD.CHEX.PC.CD,DOM,2015,322.04864502
SH.XPD.CHEX.PC.CD,DOM,2016,328.36526489
SH.XPD.CHEX.PC.CD,DOM,2017,329.54168701
SH.XPD.CHEX.PC.CD,DOM,2018,332.47702026
SH.XPD.CHEX.PC.CD,DOM,2019,357.44137573
SH.XPD.CHEX.PC.CD,DOM,2020,354.25689697
SH.XPD.CHEX.PC.CD,DOM,2021,433.89172363
SH.XPD.CHEX.PC.CD,DOM,2022,469.34915161
SH.XPD.CHEX.PC.CD,DOM,2023,488.8727417
SH.XPD.CHEX.PC.CD,DZA,2015,296.76834106
SH.XPD.CHEX.PC.CD,DZA,2016,265.53491211
SH.XPD.CHEX.PC.CD,DZA,2017,270.93231201
SH.XPD.CHEX.PC.CD,DZA,2018,271.53808594
SH.XPD.CHEX.PC.CD,DZA,2019,242.07049561
SH.XPD.CHEX.PC.CD,DZA,2020,211.07240295
SH.XPD.CHEX.PC.CD,DZA,2021,208.93911743
SH.XPD.CHEX.PC.CD,DZA,2022,180.33454895
SH.XPD.CHEX.PC.CD,DZA,2023,233.37947083
SH.XPD.CHEX.PC.CD,EAP,2015,307.270504529694
SH.XPD.CHEX.PC.CD,EAP,2016,312.578961695984
SH.XPD.CHEX.PC.CD,EAP,2017,342.752366201755
SH.XPD.CHEX.PC.CD,EAP,2018,388.610220413854
SH.XPD.CHEX.PC.CD,EAP,2019,414.609681820139
SH.XPD.CHEX.PC.CD,EAP,2020,446.453873085913
SH.XPD.CHEX.PC.CD,EAP,2021,515.527340657811
SH.XPD.CHEX.PC.CD,EAP,2022,566.030286298373
SH.XPD.CHEX.PC.CD,EAP,2023,570.046154107498
SH.XPD.CHEX.PC.CD,EAR,2015,165.201062958564
SH.XPD.CHEX.PC.CD,EAR,2016,161.00720510291
SH.XPD.CHEX.PC.CD,EAR,2017,166.136635212773
SH.XPD.CHEX.PC.CD,EAR,2018,159.6997596475
SH.XPD.CHEX.PC.CD,EAR,2019,159.821297045575
SH.XPD.CHEX.PC.CD,EAR,2020,162.139748994011
SH.XPD.CHEX.PC.CD,EAR,2021,186.693713270936
SH.XPD.CHEX.PC.CD,EAR,2022,191.392926293627
SH.XPD.CHEX.PC.CD,EAR,2023,201.321276167908
SH.XPD.CHEX.PC.CD,EAS,2015,604.254750654018
SH.XPD.CHEX.PC.CD,EAS,2016,637.056055933574
SH.XPD.CHEX.PC.CD,EAS,2017,669.232674974526
SH.XPD.CHEX.PC.CD,EAS,2018,723.925473826868
SH.XPD.CHEX.PC.CD,EAS,2019,754.673740778479
SH.XPD.CHEX.PC.CD,EAS,2020,799.468053130348
SH.XPD.CHEX.PC.CD,EAS,2021,899.287259231387
SH.XPD.CHEX.PC.CD,EAS,2022,905.114818668488
SH.XPD.CHEX.PC.CD,EAS,2023,881.290897960564
SH.XPD.CHEX.PC.CD,ECA,2015,294.269916283956
SH.XPD.CHEX.PC.CD,ECA,2016,289.020041283304
SH.XPD.CHEX.PC.CD,ECA,2017,288.640304992191
SH.XPD.CHEX.PC.CD,ECA,2018,282.063525018229
SH.XPD.CHEX.PC.CD,ECA,2019,296.599975653494
SH.XPD.CHEX.PC.CD,ECA,2020,313.492738787445
SH.XPD.CHEX.PC.CD,ECA,2021,373.799664319144
SH.XPD.CHEX.PC.CD,ECA,2022,366.115150801706
SH.XPD.CHEX.PC.CD,ECA,2023,455.307563958052
SH.XPD.CHEX.PC.CD,ECS,2015,2105.26090028047
SH.XPD.CHEX.PC.CD,ECS,2016,2095.79240619186
SH.XPD.CHEX.PC.CD,ECS,2017,2194.38357892709
SH.XPD.CHEX.PC.CD,ECS,2018,2346.37056498712
SH.XPD.CHEX.PC.CD,ECS,2019,2329.09882257234
SH.XPD.CHEX.PC.CD,ECS,2020,2527.44146299898
SH.XPD.CHEX.PC.CD,ECS,2021,2865.34293291689
SH.XPD.CHEX.PC.CD,ECS,2022,2811.99788990336
SH.XPD.CHEX.PC.CD,ECS,2023,2968.53722113162
SH.XPD.CHEX.PC.CD,ECU,2015,464.22186279
SH.XPD.CHEX.PC.CD,ECU,2016,449.03869629
SH.XPD.CHEX.PC.CD,ECU,2017,469.04544067
SH.XPD.CHEX.PC.CD,ECU,2018,493.82693481
SH.XPD.CHEX.PC.CD,ECU,2019,484.54037476
SH.XPD.CHEX.PC.CD,ECU,2020,470.20355225
SH.XPD.CHEX.PC.CD,ECU,2021,507.65136719
SH.XPD.CHEX.PC.CD,ECU,2022,495.30380249
SH.XPD.CHEX.PC.CD,ECU,2023,509.49414063
SH.XPD.CHEX.PC.CD,EGY,2015,170.25532532
SH.XPD.CHEX.PC.CD,EGY,2016,142.61845398
SH.XPD.CHEX.PC.CD,EGY,2017,106.00288391
SH.XPD.CHEX.PC.CD,EGY,2018,118.01481628
SH.XPD.CHEX.PC.CD,EGY,2019,142.69670105
SH.XPD.CHEX.PC.CD,EGY,2020,148.35269165
SH.XPD.CHEX.PC.CD,EGY,2021,176.93664551
SH.XPD.CHEX.PC.CD,EGY,2022,171.67852783
SH.XPD.CHEX.PC.CD,EGY,2023,141.41111755
SH.XPD.CHEX.PC.CD,EMU,2015,3450.16293853121
SH.XPD.CHEX.PC.CD,EMU,2016,3513.74727284047
SH.XPD.CHEX.PC.CD,EMU,2017,3707.80093980814
SH.XPD.CHEX.PC.CD,EMU,2018,3995.7906805039
SH.XPD.CHEX.PC.CD,EMU,2019,3929.67795036463
SH.XPD.CHEX.PC.CD,EMU,2020,4205.68480148807
SH.XPD.CHEX.PC.CD,EMU,2021,4740.46066145846
SH.XPD.CHEX.PC.CD,EMU,2022,4379.2743765017
SH.XPD.CHEX.PC.CD,EMU,2023,4603.63899965368
SH.XPD.CHEX.PC.CD,EMU,2024,5420.84357436742
SH.XPD.CHEX.PC.CD,ERI,2015,29.22208977
SH.XPD.CHEX.PC.CD,ERI,2016,26.00592422
SH.XPD.CHEX.PC.CD,ERI,2017,25.10270691
SH.XPD.CHEX.PC.CD,ERI,2018,26.68201256
SH.XPD.CHEX.PC.CD,ERI,2019,28.42930794
SH.XPD.CHEX.PC.CD,ERI,2020,27.66697884
SH.XPD.CHEX.PC.CD,ERI,2021,27.58759499
SH.XPD.CHEX.PC.CD,ERI,2022,27.0898056
SH.XPD.CHEX.PC.CD,ERI,2023,28.29782677
SH.XPD.CHEX.PC.CD,ESP,2015,2383.85302734
SH.XPD.CHEX.PC.CD,ESP,2016,2378.13598633
SH.XPD.CHEX.PC.CD,ESP,2017,2564.55834961
SH.XPD.CHEX.PC.CD,ESP,2018,2784.16308594
SH.XPD.CHEX.PC.CD,ESP,2019,2756.62109375
SH.XPD.CHEX.PC.CD,ESP,2020,2942.41943359
SH.XPD.CHEX.PC.CD,ESP,2021,3188.8515625
SH.XPD.CHEX.PC.CD,ESP,2022,2948.61474609
SH.XPD.CHEX.PC.CD,ESP,2023,3106.62011719
SH.XPD.CHEX.PC.CD,EST,2015,1156.20275879
SH.XPD.CHEX.PC.CD,EST,2016,1226.0859375
SH.XPD.CHEX.PC.CD,EST,2017,1350.12646484
SH.XPD.CHEX.PC.CD,EST,2018,1553.43347168
SH.XPD.CHEX.PC.CD,EST,2019,1599.3503418
SH.XPD.CHEX.PC.CD,EST,2020,1789.03417969
SH.XPD.CHEX.PC.CD,EST,2021,2091.15649414
SH.XPD.CHEX.PC.CD,EST,2022,1998.74523926
SH.XPD.CHEX.PC.CD,EST,2023,2258.4597168
SH.XPD.CHEX.PC.CD,EST,2024,2437.83764648
SH.XPD.CHEX.PC.CD,ETH,2015,23.21817207
SH.XPD.CHEX.PC.CD,ETH,2016,24.34373283
SH.XPD.CHEX.PC.CD,ETH,2017,24.18239403
SH.XPD.CHEX.PC.CD,ETH,2018,23.5205574
SH.XPD.CHEX.PC.CD,ETH,2019,25.93511963
SH.XPD.CHEX.PC.CD,ETH,2020,28.28001595
SH.XPD.CHEX.PC.CD,ETH,2021,26.06931114
SH.XPD.CHEX.PC.CD,ETH,2022,27.06845474
SH.XPD.CHEX.PC.CD,ETH,2023,34.79846954
SH.XPD.CHEX.PC.CD,EUU,2015,3056.00162327666
SH.XPD.CHEX.PC.CD,EUU,2016,3117.18625390947
SH.XPD.CHEX.PC.CD,EUU,2017,3295.21181360212
SH.XPD.CHEX.PC.CD,EUU,2018,3553.26077514172
SH.XPD.CHEX.PC.CD,EUU,2019,3498.76733094227
SH.XPD.CHEX.PC.CD,EUU,2020,3749.13990498742
SH.XPD.CHEX.PC.CD,EUU,2021,4245.25531256131
SH.XPD.CHEX.PC.CD,EUU,2022,3922.6915573189
SH.XPD.CHEX.PC.CD,EUU,2023,4153.58435864806
SH.XPD.CHEX.PC.CD,EUU,2024,5005.49753794043
SH.XPD.CHEX.PC.CD,FIN,2015,4128.20751953
SH.XPD.CHEX.PC.CD,FIN,2016,4108.73974609
SH.XPD.CHEX.PC.CD,FIN,2017,4235.75488281
SH.XPD.CHEX.PC.CD,FIN,2018,4521.27636719
SH.XPD.CHEX.PC.CD,FIN,2019,4459.9296875
SH.XPD.CHEX.PC.CD,FIN,2020,4736.21435547
SH.XPD.CHEX.PC.CD,FIN,2021,5261.90966797
SH.XPD.CHEX.PC.CD,FIN,2022,4902.0390625
SH.XPD.CHEX.PC.CD,FIN,2023,5515.40478516
SH.XPD.CHEX.PC.CD,FJI,2015,169.47518921
SH.XPD.CHEX.PC.CD,FJI,2016,175.91635132
SH.XPD.CHEX.PC.CD,FJI,2017,185.69645691
SH.XPD.CHEX.PC.CD,FJI,2018,249.86022949
SH.XPD.CHEX.PC.CD,FJI,2019,254.83047485
SH.XPD.CHEX.PC.CD,FJI,2020,256.25967407
SH.XPD.CHEX.PC.CD,FJI,2021,331.58413696
SH.XPD.CHEX.PC.CD,FJI,2022,217.15068054
SH.XPD.CHEX.PC.CD,FJI,2023,212.88697815
SH.XPD.CHEX.PC.CD,FRA,2015,4226.62646484
SH.XPD.CHEX.PC.CD,FRA,2016,4289.34716797
SH.XPD.CHEX.PC.CD,FRA,2017,4436.63720703
SH.XPD.CHEX.PC.CD,FRA,2018,4692.99511719
SH.XPD.CHEX.PC.CD,FRA,2019,4519.98583984
SH.XPD.CHEX.PC.CD,FRA,2020,4760.08251953
SH.XPD.CHEX.PC.CD,FRA,2021,5364.89746094
SH.XPD.CHEX.PC.CD,FRA,2022,4857.73388672
SH.XPD.CHEX.PC.CD,FRA,2023,5149.0546875
SH.XPD.CHEX.PC.CD,FRA,2024,5327.43359375
SH.XPD.CHEX.PC.CD,FSM,2015,362.27624512
SH.XPD.CHEX.PC.CD,FSM,2016,399.77108765
SH.XPD.CHEX.PC.CD,FSM,2017,409.11758423
SH.XPD.CHEX.PC.CD,FSM,2018,428.00738525
SH.XPD.CHEX.PC.CD,FSM,2019,425.28103638
SH.XPD.CHEX.PC.CD,FSM,2020,403.03540039
SH.XPD.CHEX.PC.CD,FSM,2021,399.43988037
SH.XPD.CHEX.PC.CD,FSM,2022,468.53509521
SH.XPD.CHEX.PC.CD,FSM,2023,507.7762146
SH.XPD.CHEX.PC.CD,GAB,2015,187.27270508
SH.XPD.CHEX.PC.CD,GAB,2016,207.50273132
SH.XPD.CHEX.PC.CD,GAB,2017,192.47543335
SH.XPD.CHEX.PC.CD,GAB,2018,209.28697205
SH.XPD.CHEX.PC.CD,GAB,2019,205.99945068
SH.XPD.CHEX.PC.CD,GAB,2020,227.2480011
SH.XPD.CHEX.PC.CD,GAB,2021,228.46922302
SH.XPD.CHEX.PC.CD,GAB,2022,243.09941101
SH.XPD.CHEX.PC.CD,GAB,2023,252.98246765
SH.XPD.CHEX.PC.CD,GBR,2015,4470.09228516
SH.XPD.CHEX.PC.CD,GBR,2016,4043.35253906
SH.XPD.CHEX.PC.CD,GBR,2017,3938.65234375
SH.XPD.CHEX.PC.CD,GBR,2018,4233.62988281
SH.XPD.CHEX.PC.CD,GBR,2019,4260.03222656
SH.XPD.CHEX.PC.CD,GBR,2020,4865.97802734
SH.XPD.CHEX.PC.CD,GBR,2021,5645.40136719
SH.XPD.CHEX.PC.CD,GBR,2022,5111.81738281
SH.XPD.CHEX.PC.CD,GBR,2023,5407.17041016
SH.XPD.CHEX.PC.CD,GBR,2024,5860.23925781
SH.XPD.CHEX.PC.CD,GEO,2015,347.71783447
SH.XPD.CHEX.PC.CD,GEO,2016,369.51849365
SH.XPD.CHEX.PC.CD,GEO,2017,377.92520142
SH.XPD.CHEX.PC.CD,GEO,2018,365.91583252
SH.XPD.CHEX.PC.CD,GEO,2019,339.86679077
SH.XPD.CHEX.PC.CD,GEO,2020,389.42260742
SH.XPD.CHEX.PC.CD,GEO,2021,524.32415771
SH.XPD.CHEX.PC.CD,GEO,2022,546.22503662
SH.XPD.CHEX.PC.CD,GEO,2023,554.3248291
SH.XPD.CHEX.PC.CD,GHA,2015,78.21643066
SH.XPD.CHEX.PC.CD,GHA,2016,64.86400604
SH.XPD.CHEX.PC.CD,GHA,2017,54.10602188
SH.XPD.CHEX.PC.CD,GHA,2018,53.37788773
SH.XPD.CHEX.PC.CD,GHA,2019,71.14958191
SH.XPD.CHEX.PC.CD,GHA,2020,97.37677765
SH.XPD.CHEX.PC.CD,GHA,2021,94.40388489
SH.XPD.CHEX.PC.CD,GHA,2022,82.32108307
SH.XPD.CHEX.PC.CD,GHA,2023,70.25730896
SH.XPD.CHEX.PC.CD,GIN,2015,43.41540527
SH.XPD.CHEX.PC.CD,GIN,2016,38.42609406
SH.XPD.CHEX.PC.CD,GIN,2017,32.63646317
SH.XPD.CHEX.PC.CD,GIN,2018,34.88978195
SH.XPD.CHEX.PC.CD,GIN,2019,42.16910172
SH.XPD.CHEX.PC.CD,GIN,2020,41.1027565
SH.XPD.CHEX.PC.CD,GIN,2021,44.10476303
SH.XPD.CHEX.PC.CD,GIN,2022,53.2922287
SH.XPD.CHEX.PC.CD,GIN,2023,59.33010101
SH.XPD.CHEX.PC.CD,GMB,2015,19.67725563
SH.XPD.CHEX.PC.CD,GMB,2016,20.77086067
SH.XPD.CHEX.PC.CD,GMB,2017,21.55331612
SH.XPD.CHEX.PC.CD,GMB,2018,22.17474365
SH.XPD.CHEX.PC.CD,GMB,2019,23.21861267
SH.XPD.CHEX.PC.CD,GMB,2020,28.9169693
SH.XPD.CHEX.PC.CD,GMB,2021,29.77283478
SH.XPD.CHEX.PC.CD,GMB,2022,29.57811737
SH.XPD.CHEX.PC.CD,GMB,2023,25.74407768
SH.XPD.CHEX.PC.CD,GNB,2015,52.45866776
SH.XPD.CHEX.PC.CD,GNB,2016,56.60805511
SH.XPD.CHEX.PC.CD,GNB,2017,54.8225174
SH.XPD.CHEX.PC.CD,GNB,2018,58.87445068
SH.XPD.CHEX.PC.CD,GNB,2019,53.98390961
SH.XPD.CHEX.PC.CD,GNB,2020,67.88795471
SH.XPD.CHEX.PC.CD,GNB,2021,70.21189117
SH.XPD.CHEX.PC.CD,GNB,2022,68.01049042
SH.XPD.CHEX.PC.CD,GNB,2023,82.13543701
SH.XPD.CHEX.PC.CD,GNQ,2015,222.81713867
SH.XPD.CHEX.PC.CD,GNQ,2016,221.49227905
SH.XPD.CHEX.PC.CD,GNQ,2017,223.4354248
SH.XPD.CHEX.PC.CD,GNQ,2018,240.49389648
SH.XPD.CHEX.PC.CD,GNQ,2019,223.14128113
SH.XPD.CHEX.PC.CD,GNQ,2020,213.59317017
SH.XPD.CHEX.PC.CD,GNQ,2021,243.81242371
SH.XPD.CHEX.PC.CD,GNQ,2022,215.32841492
SH.XPD.CHEX.PC.CD,GNQ,2023,233.68379211
SH.XPD.CHEX.PC.CD,GRC,2015,1481.41967773
SH.XPD.CHEX.PC.CD,GRC,2016,1513.25939941
SH.XPD.CHEX.PC.CD,GRC,2017,1509.78442383
SH.XPD.CHEX.PC.CD,GRC,2018,1603.07788086
SH.XPD.CHEX.PC.CD,GRC,2019,1569.02844238
SH.XPD.CHEX.PC.CD,GRC,2020,1674.78417969
SH.XPD.CHEX.PC.CD,GRC,2021,1846.37304688
SH.XPD.CHEX.PC.CD,GRC,2022,1768.11071777
SH.XPD.CHEX.PC.CD,GRC,2023,1962.59594727
SH.XPD.CHEX.PC.CD,GRD,2015,404.00680542
SH.XPD.CHEX.PC.CD,GRD,2016,409.27841187
SH.XPD.CHEX.PC.CD,GRD,2017,454.07266235
SH.XPD.CHEX.PC.CD,GRD,2018,462.2394104
SH.XPD.CHEX.PC.CD,GRD,2019,515.94726563
SH.XPD.CHEX.PC.CD,GRD,2020,475.83853149
SH.XPD.CHEX.PC.CD,GRD,2021,508.09500122
SH.XPD.CHEX.PC.CD,GRD,2022,526.35113525
SH.XPD.CHEX.PC.CD,GRD,2023,526.3918457
SH.XPD.CHEX.PC.CD,GTM,2015,233.8447876
SH.XPD.CHEX.PC.CD,GTM,2016,246.4538269
SH.XPD.CHEX.PC.CD,GTM,2017,265.36593628
SH.XPD.CHEX.PC.CD,GTM,2018,265.81820679
SH.XPD.CHEX.PC.CD,GTM,2019,278.59024048
SH.XPD.CHEX.PC.CD,GTM,2020,289.21640015
SH.XPD.CHEX.PC.CD,GTM,2021,361.51858521
SH.XPD.CHEX.PC.CD,GTM,2022,384.06158447
SH.XPD.CHEX.PC.CD,GTM,2023,392.01223755
SH.XPD.CHEX.PC.CD,GUY,2015,226.89404297
SH.XPD.CHEX.PC.CD,GUY,2016,235.91662598
SH.XPD.CHEX.PC.CD,GUY,2017,266.86364746
SH.XPD.CHEX.PC.CD,GUY,2018,296.66903687
SH.XPD.CHEX.PC.CD,GUY,2019,314.0977478
SH.XPD.CHEX.PC.CD,GUY,2020,364.20135498
SH.XPD.CHEX.PC.CD,GUY,2021,457.86633301
SH.XPD.CHEX.PC.CD,GUY,2022,452.23754883
SH.XPD.CHEX.PC.CD,GUY,2023,505.03240967
SH.XPD.CHEX.PC.CD,HND,2015,169.97198486
SH.XPD.CHEX.PC.CD,HND,2016,177.8835144
SH.XPD.CHEX.PC.CD,HND,2017,169.07194519
SH.XPD.CHEX.PC.CD,HND,2018,178.1494751
SH.XPD.CHEX.PC.CD,HND,2019,183.75006104
SH.XPD.CHEX.PC.CD,HND,2020,212.7419281
SH.XPD.CHEX.PC.CD,HND,2021,253.63349915
SH.XPD.CHEX.PC.CD,HND,2022,244.90408325
SH.XPD.CHEX.PC.CD,HND,2023,249.15301514
SH.XPD.CHEX.PC.CD,HPC,2015,46.1258914898662
SH.XPD.CHEX.PC.CD,HPC,2016,45.419823988255
SH.XPD.CHEX.PC.CD,HPC,2017,44.2091460931805
SH.XPD.CHEX.PC.CD,HPC,2018,43.3482242293526
SH.XPD.CHEX.PC.CD,HPC,2019,44.6417534405441
SH.XPD.CHEX.PC.CD,HPC,2020,47.7665220825739
SH.XPD.CHEX.PC.CD,HPC,2021,51.3384020378492
SH.XPD.CHEX.PC.CD,HPC,2022,50.1963992943632
SH.XPD.CHEX.PC.CD,HPC,2023,51.3398975815569
SH.XPD.CHEX.PC.CD,HRV,2015,803.41619873
SH.XPD.CHEX.PC.CD,HRV,2016,851.92492676
SH.XPD.CHEX.PC.CD,HRV,2017,919.22418213
SH.XPD.CHEX.PC.CD,HRV,2018,1045.14904785
SH.XPD.CHEX.PC.CD,HRV,2019,1063.54443359
SH.XPD.CHEX.PC.CD,HRV,2020,1123.37963867
SH.XPD.CHEX.PC.CD,HRV,2021,1423.52905273
SH.XPD.CHEX.PC.CD,HRV,2022,1328.80371094
SH.XPD.CHEX.PC.CD,HRV,2023,1548.33959961
SH.XPD.CHEX.PC.CD,HTI,2015,68.50547791
SH.XPD.CHEX.PC.CD,HTI,2016,60.06819153
SH.XPD.CHEX.PC.CD,HTI,2017,53.80579758
SH.XPD.CHEX.PC.CD,HTI,2018,62.30102539
SH.XPD.CHEX.PC.CD,HTI,2019,49.32995987
SH.XPD.CHEX.PC.CD,HTI,2020,52.2158699
SH.XPD.CHEX.PC.CD,HTI,2021,59.89406204
SH.XPD.CHEX.PC.CD,HTI,2022,52.28417587
SH.XPD.CHEX.PC.CD,HTI,2023,54.4146843
SH.XPD.CHEX.PC.CD,HUN,2015,874.04138184
SH.XPD.CHEX.PC.CD,HUN,2016,918.94506836
SH.XPD.CHEX.PC.CD,HUN,2017,990.90808105
SH.XPD.CHEX.PC.CD,HUN,2018,1087.64611816
SH.XPD.CHEX.PC.CD,HUN,2019,1062.15869141
SH.XPD.CHEX.PC.CD,HUN,2020,1182.54138184
SH.XPD.CHEX.PC.CD,HUN,2021,1392.97460938
SH.XPD.CHEX.PC.CD,HUN,2022,1228.00231934
SH.XPD.CHEX.PC.CD,HUN,2023,1419.87475586
SH.XPD.CHEX.PC.CD,IBD,2015,297.690339285266
SH.XPD.CHEX.PC.CD,IBD,2016,295.17943343273
SH.XPD.CHEX.PC.CD,IBD,2017,323.348313106482
SH.XPD.CHEX.PC.CD,IBD,2018,336.657577777028
SH.XPD.CHEX.PC.CD,IBD,2019,348.259188407069
SH.XPD.CHEX.PC.CD,IBD,2020,356.808048107177
SH.XPD.CHEX.PC.CD,IBD,2021,409.708232311971
SH.XPD.CHEX.PC.CD,IBD,2022,447.260654903885
SH.XPD.CHEX.PC.CD,IBD,2023,465.617090196061
SH.XPD.CHEX.PC.CD,IBT,2015,235.742542286724
SH.XPD.CHEX.PC.CD,IBT,2016,232.806411330013
SH.XPD.CHEX.PC.CD,IBT,2017,252.521826412286
SH.XPD.CHEX.PC.CD,IBT,2018,262.14387443513
SH.XPD.CHEX.PC.CD,IBT,2019,269.799873822321
SH.XPD.CHEX.PC.CD,IBT,2020,275.754500893646
SH.XPD.CHEX.PC.CD,IBT,2021,315.387354788525
SH.XPD.CHEX.PC.CD,IBT,2022,340.419197270122
SH.XPD.CHEX.PC.CD,IBT,2023,351.469684570639
SH.XPD.CHEX.PC.CD,IDA,2015,54.8022691689404
SH.XPD.CHEX.PC.CD,IDA,2016,52.7931467764091
SH.XPD.CHEX.PC.CD,IDA,2017,51.9025668711728
SH.XPD.CHEX.PC.CD,IDA,2018,52.4918720972449
SH.XPD.CHEX.PC.CD,IDA,2019,52.1421464716009
SH.XPD.CHEX.PC.CD,IDA,2020,54.3023285620949
SH.XPD.CHEX.PC.CD,IDA,2021,61.8326042497348
SH.XPD.CHEX.PC.CD,IDA,2022,60.2565768256145
SH.XPD.CHEX.PC.CD,IDA,2023,56.7698238047863
SH.XPD.CHEX.PC.CD,IDB,2015,68.2794383868766
SH.XPD.CHEX.PC.CD,IDB,2016,63.531177139193
SH.XPD.CHEX.PC.CD,IDB,2017,61.2120673777082
SH.XPD.CHEX.PC.CD,IDB,2018,59.3786192623958
SH.XPD.CHEX.PC.CD,IDB,2019,59.8472026609195
SH.XPD.CHEX.PC.CD,IDB,2020,62.2351683824119
SH.XPD.CHEX.PC.CD,IDB,2021,73.1611514380078
SH.XPD.CHEX.PC.CD,IDB,2022,74.7290098121786
SH.XPD.CHEX.PC.CD,IDB,2023,64.9669025090336
SH.XPD.CHEX.PC.CD,IDN,2015,96.15701294
SH.XPD.CHEX.PC.CD,IDN,2016,106.40021515
SH.XPD.CHEX.PC.CD,IDN,2017,110.32610321
SH.XPD.CHEX.PC.CD,IDN,2018,110.71585846
SH.XPD.CHEX.PC.CD,IDN,2019,118.22380829
SH.XPD.CHEX.PC.CD,IDN,2020,131.8225708
SH.XPD.CHEX.PC.CD,IDN,2021,158.89761353
SH.XPD.CHEX.PC.CD,IDN,2022,127.44384766
SH.XPD.CHEX.PC.CD,IDN,2023,131.77729797
SH.XPD.CHEX.PC.CD,IDX,2015,47.332842565969
SH.XPD.CHEX.PC.CD,IDX,2016,46.8596192372033
SH.XPD.CHEX.PC.CD,IDX,2017,46.8245624920488
SH.XPD.CHEX.PC.CD,IDX,2018,48.7454738900374
SH.XPD.CHEX.PC.CD,IDX,2019,47.9646002895583
SH.XPD.CHEX.PC.CD,IDX,2020,50.0148506151922
SH.XPD.CHEX.PC.CD,IDX,2021,55.7245648986845
SH.XPD.CHEX.PC.CD,IDX,2022,52.4713106089102
SH.XPD.CHEX.PC.CD,IDX,2023,52.3747915542405
SH.XPD.CHEX.PC.CD,IND,2015,58.12401581
SH.XPD.CHEX.PC.CD,IND,2016,59.72652817
SH.XPD.CHEX.PC.CD,IND,2017,56.66844559
SH.XPD.CHEX.PC.CD,IND,2018,57.46551132
SH.XPD.CHEX.PC.CD,IND,2019,60.6913681
SH.XPD.CHEX.PC.CD,IND,2020,63.83099747
SH.XPD.CHEX.PC.CD,IND,2021,75.54971313
SH.XPD.CHEX.PC.CD,IND,2022,81.50888824
SH.XPD.CHEX.PC.CD,IND,2023,84.68669891
SH.XPD.CHEX.PC.CD,IRL,2015,4575.84912109
SH.XPD.CHEX.PC.CD,IRL,2016,4746.93701172
SH.XPD.CHEX.PC.CD,IRL,2017,5023.51123047
SH.XPD.CHEX.PC.CD,IRL,2018,5494.98632813
SH.XPD.CHEX.PC.CD,IRL,2019,5454.31152344
SH.XPD.CHEX.PC.CD,IRL,2020,6073.10546875
SH.XPD.CHEX.PC.CD,IRL,2021,6754.07519531
SH.XPD.CHEX.PC.CD,IRL,2022,6407.92333984
SH.XPD.CHEX.PC.CD,IRL,2023,6877.9375
SH.XPD.CHEX.PC.CD,IRL,2024,7394.85009766
SH.XPD.CHEX.PC.CD,IRN,2015,423.28967285
SH.XPD.CHEX.PC.CD,IRN,2016,433.9196167
SH.XPD.CHEX.PC.CD,IRN,2017,457.22549438
SH.XPD.CHEX.PC.CD,IRN,2018,244.21661377
SH.XPD.CHEX.PC.CD,IRN,2019,223.64257813
SH.XPD.CHEX.PC.CD,IRN,2020,184.90914917
SH.XPD.CHEX.PC.CD,IRN,2021,196.66934204
SH.XPD.CHEX.PC.CD,IRN,2022,250.23272705
SH.XPD.CHEX.PC.CD,IRN,2023,267.059021
SH.XPD.CHEX.PC.CD,IRQ,2015,149.07951355
SH.XPD.CHEX.PC.CD,IRQ,2016,199.88560486
SH.XPD.CHEX.PC.CD,IRQ,2017,197.23654175
SH.XPD.CHEX.PC.CD,IRQ,2018,232.86825562
SH.XPD.CHEX.PC.CD,IRQ,2019,241.73873901
SH.XPD.CHEX.PC.CD,IRQ,2020,248.04725647
SH.XPD.CHEX.PC.CD,IRQ,2021,251.59538269
SH.XPD.CHEX.PC.CD,IRQ,2022,283.17074585
SH.XPD.CHEX.PC.CD,IRQ,2023,333.29360962
SH.XPD.CHEX.PC.CD,ISL,2015,4303.84179688
SH.XPD.CHEX.PC.CD,ISL,2016,5053.51757813
SH.XPD.CHEX.PC.CD,ISL,2017,5992.05322266
SH.XPD.CHEX.PC.CD,ISL,2018,6280.03857422
SH.XPD.CHEX.PC.CD,ISL,2019,5912.00976563
SH.XPD.CHEX.PC.CD,ISL,2020,5692.89111328
SH.XPD.CHEX.PC.CD,ISL,2021,6722.421875
SH.XPD.CHEX.PC.CD,ISL,2022,6851.62939453
SH.XPD.CHEX.PC.CD,ISL,2023,7064.62402344
SH.XPD.CHEX.PC.CD,ISL,2024,7641.57373047
SH.XPD.CHEX.PC.CD,ISR,2015,2645.78857422
SH.XPD.CHEX.PC.CD,ISR,2016,2783.82495117
SH.XPD.CHEX.PC.CD,ISR,2017,3074.44604492
SH.XPD.CHEX.PC.CD,ISR,2018,3199.41625977
SH.XPD.CHEX.PC.CD,ISR,2019,3335.24511719
SH.XPD.CHEX.PC.CD,ISR,2020,3616.50219727
SH.XPD.CHEX.PC.CD,ISR,2021,4294.18847656
SH.XPD.CHEX.PC.CD,ISR,2022,4107.72998047
SH.XPD.CHEX.PC.CD,ISR,2023,3927.69873047
SH.XPD.CHEX.PC.CD,ITA,2015,2707.43310547
SH.XPD.CHEX.PC.CD,ITA,2016,2735.27783203
SH.XPD.CHEX.PC.CD,ITA,2017,2851.28686523
SH.XPD.CHEX.PC.CD,ITA,2018,3031.46459961
SH.XPD.CHEX.PC.CD,ITA,2019,2908.83154297
SH.XPD.CHEX.PC.CD,ITA,2020,3058.90014648
SH.XPD.CHEX.PC.CD,ITA,2021,3414.57299805
SH.XPD.CHEX.PC.CD,ITA,2022,3154.57104492
SH.XPD.CHEX.PC.CD,ITA,2023,3283.47216797
SH.XPD.CHEX.PC.CD,ITA,2024,3397.68798828
SH.XPD.CHEX.PC.CD,JAM,2015,334.89901733
SH.XPD.CHEX.PC.CD,JAM,2016,330.15463257
SH.XPD.CHEX.PC.CD,JAM,2017,367.35095215
SH.XPD.CHEX.PC.CD,JAM,2018,381.47775269
SH.XPD.CHEX.PC.CD,JAM,2019,390.79431152
SH.XPD.CHEX.PC.CD,JAM,2020,364.76513672
SH.XPD.CHEX.PC.CD,JAM,2021,413.36227417
SH.XPD.CHEX.PC.CD,JAM,2022,521.12023926
SH.XPD.CHEX.PC.CD,JAM,2023,520.15704346
SH.XPD.CHEX.PC.CD,JOR,2015,301.63067627
SH.XPD.CHEX.PC.CD,JOR,2016,278.13378906
SH.XPD.CHEX.PC.CD,JOR,2017,289.04656982
SH.XPD.CHEX.PC.CD,JOR,2018,289.47106934
SH.XPD.CHEX.PC.CD,JOR,2019,294.92785645
SH.XPD.CHEX.PC.CD,JOR,2020,303.4822998
SH.XPD.CHEX.PC.CD,JOR,2021,322.01589966
SH.XPD.CHEX.PC.CD,JOR,2022,334.387146
SH.XPD.CHEX.PC.CD,JOR,2023,342.10394287
SH.XPD.CHEX.PC.CD,JPN,2015,3754.18115234
SH.XPD.CHEX.PC.CD,JPN,2016,4194.22802734
SH.XPD.CHEX.PC.CD,JPN,2017,4135.24316406
SH.XPD.CHEX.PC.CD,JPN,2018,4265.77929688
SH.XPD.CHEX.PC.CD,JPN,2019,4431.29980469
SH.XPD.CHEX.PC.CD,JPN,2020,4581.60986328
SH.XPD.CHEX.PC.CD,JPN,2021,4843.94433594
SH.XPD.CHEX.PC.CD,JPN,2022,4201.79248047
SH.XPD.CHEX.PC.CD,JPN,2023,3638.19287109
SH.XPD.CHEX.PC.CD,KAZ,2015,310.01428223
SH.XPD.CHEX.PC.CD,KAZ,2016,255.84049988
SH.XPD.CHEX.PC.CD,KAZ,2017,272.98272705
SH.XPD.CHEX.PC.CD,KAZ,2018,266.92147827
SH.XPD.CHEX.PC.CD,KAZ,2019,263.61331177
SH.XPD.CHEX.PC.CD,KAZ,2020,329.57086182
SH.XPD.CHEX.PC.CD,KAZ,2021,391.81536865
SH.XPD.CHEX.PC.CD,KAZ,2022,421.60028076
SH.XPD.CHEX.PC.CD,KAZ,2023,489.71456909
SH.XPD.CHEX.PC.CD,KEN,2015,70.94755554
SH.XPD.CHEX.PC.CD,KEN,2016,73.88768005
SH.XPD.CHEX.PC.CD,KEN,2017,66.46552277
SH.XPD.CHEX.PC.CD,KEN,2018,75.27681732
SH.XPD.CHEX.PC.CD,KEN,2019,85.64528656
SH.XPD.CHEX.PC.CD,KEN,2020,86.5921936
SH.XPD.CHEX.PC.CD,KEN,2021,94.20249176
SH.XPD.CHEX.PC.CD,KEN,2022,91.18416595
SH.XPD.CHEX.PC.CD,KEN,2023,84.958992
SH.XPD.CHEX.PC.CD,KGZ,2015,79.54891205
SH.XPD.CHEX.PC.CD,KGZ,2016,71.52179718
SH.XPD.CHEX.PC.CD,KGZ,2017,76.60479736
SH.XPD.CHEX.PC.CD,KGZ,2018,65.34625244
SH.XPD.CHEX.PC.CD,KGZ,2019,61.39657974
SH.XPD.CHEX.PC.CD,KGZ,2020,61.25272751
SH.XPD.CHEX.PC.CD,KGZ,2021,72.58779144
SH.XPD.CHEX.PC.CD,KGZ,2022,88.07954407
SH.XPD.CHEX.PC.CD,KGZ,2023,96.65081787
SH.XPD.CHEX.PC.CD,KHM,2015,70.23264313
SH.XPD.CHEX.PC.CD,KHM,2016,75.22520447
SH.XPD.CHEX.PC.CD,KHM,2017,77.97311401
SH.XPD.CHEX.PC.CD,KHM,2018,91.59080505
SH.XPD.CHEX.PC.CD,KHM,2019,112.5851059
SH.XPD.CHEX.PC.CD,KHM,2020,106.79976654
SH.XPD.CHEX.PC.CD,KHM,2021,137.38909912
SH.XPD.CHEX.PC.CD,KHM,2022,103.89541626
SH.XPD.CHEX.PC.CD,KHM,2023,114.56295776
SH.XPD.CHEX.PC.CD,KIR,2015,118.3345871
SH.XPD.CHEX.PC.CD,KIR,2016,157.72897339
SH.XPD.CHEX.PC.CD,KIR,2017,179.57881165
SH.XPD.CHEX.PC.CD,KIR,2018,208.73831177
SH.XPD.CHEX.PC.CD,KIR,2019,177.93025208
SH.XPD.CHEX.PC.CD,KIR,2020,239.24353027
SH.XPD.CHEX.PC.CD,KIR,2021,263.09573364
SH.XPD.CHEX.PC.CD,KIR,2022,217.68276978
SH.XPD.CHEX.PC.CD,KIR,2023,238.12675476
SH.XPD.CHEX.PC.CD,KNA,2015,1042.15063477
SH.XPD.CHEX.PC.CD,KNA,2016,1161.87097168
SH.XPD.CHEX.PC.CD,KNA,2017,1186.42663574
SH.XPD.CHEX.PC.CD,KNA,2018,1121.13977051
SH.XPD.CHEX.PC.CD,KNA,2019,1224.18933105
SH.XPD.CHEX.PC.CD,KNA,2020,1067.84997559
SH.XPD.CHEX.PC.CD,KNA,2021,1132.58447266
SH.XPD.CHEX.PC.CD,KNA,2022,1161.22058105
SH.XPD.CHEX.PC.CD,KNA,2023,1294.88391113
SH.XPD.CHEX.PC.CD,KOR,2015,1950.89575195
SH.XPD.CHEX.PC.CD,KOR,2016,2042.72949219
SH.XPD.CHEX.PC.CD,KOR,2017,2258.15307617
SH.XPD.CHEX.PC.CD,KOR,2018,2523.04003906
SH.XPD.CHEX.PC.CD,KOR,2019,2602.4831543
SH.XPD.CHEX.PC.CD,KOR,2020,2699.6640625
SH.XPD.CHEX.PC.CD,KOR,2021,3125.82714844
SH.XPD.CHEX.PC.CD,KOR,2022,3078.55151367
SH.XPD.CHEX.PC.CD,KOR,2023,3043.87329102
SH.XPD.CHEX.PC.CD,KOR,2024,3136.78564453
SH.XPD.CHEX.PC.CD,KWT,2015,1259.55786133
SH.XPD.CHEX.PC.CD,KWT,2016,1292.71984863
SH.XPD.CHEX.PC.CD,KWT,2017,1351.72387695
SH.XPD.CHEX.PC.CD,KWT,2018,1658.60375977
SH.XPD.CHEX.PC.CD,KWT,2019,1643.16491699
SH.XPD.CHEX.PC.CD,KWT,2020,1542.72143555
SH.XPD.CHEX.PC.CD,KWT,2021,1829.13134766
SH.XPD.CHEX.PC.CD,KWT,2022,1683.39929199
SH.XPD.CHEX.PC.CD,KWT,2023,1679.12353516
SH.XPD.CHEX.PC.CD,LAC,2015,658.199565034184
SH.XPD.CHEX.PC.CD,LAC,2016,627.547817762521
SH.XPD.CHEX.PC.CD,LAC,2017,708.202232748272
SH.XPD.CHEX.PC.CD,LAC,2018,641.218783295966
SH.XPD.CHEX.PC.CD,LAC,2019,625.54860894948
SH.XPD.CHEX.PC.CD,LAC,2020,553.91125089194
SH.XPD.CHEX.PC.CD,LAC,2021,628.903455537878
SH.XPD.CHEX.PC.CD,LAC,2022,689.108261314266
SH.XPD.CHEX.PC.CD,LAC,2023,769.182757433836
SH.XPD.CHEX.PC.CD,LAO,2015,52.04236603
SH.XPD.CHEX.PC.CD,LAO,2016,54.3762207
SH.XPD.CHEX.PC.CD,LAO,2017,61.42248535
SH.XPD.CHEX.PC.CD,LAO,2018,57.1708374
SH.XPD.CHEX.PC.CD,LAO,2019,67.57865143
SH.XPD.CHEX.PC.CD,LAO,2020,51.96581268
SH.XPD.CHEX.PC.CD,LAO,2021,68.61697388
SH.XPD.CHEX.PC.CD,LAO,2022,41.34779739
SH.XPD.CHEX.PC.CD,LAO,2023,27.41773605
SH.XPD.CHEX.PC.CD,LBN,2015,572.07220459
SH.XPD.CHEX.PC.CD,LBN,2016,640.96563721
SH.XPD.CHEX.PC.CD,LBN,2017,671.77996826
SH.XPD.CHEX.PC.CD,LBN,2018,740.38696289
SH.XPD.CHEX.PC.CD,LBN,2019,798.13421631
SH.XPD.CHEX.PC.CD,LBN,2020,303.48632813
SH.XPD.CHEX.PC.CD,LBN,2021,189.8581543
SH.XPD.CHEX.PC.CD,LBN,2022,230.39093018
SH.XPD.CHEX.PC.CD,LBN,2023,260.8119812
SH.XPD.CHEX.PC.CD,LBR,2015,68.89793396
SH.XPD.CHEX.PC.CD,LBR,2016,67.68016052
SH.XPD.CHEX.PC.CD,LBR,2017,67.8789978
SH.XPD.CHEX.PC.CD,LBR,2018,68.88298798
SH.XPD.CHEX.PC.CD,LBR,2019,51.1932373
SH.XPD.CHEX.PC.CD,LBR,2020,76.11009979
SH.XPD.CHEX.PC.CD,LBR,2021,88.54867554
SH.XPD.CHEX.PC.CD,LBR,2022,100.49607086
SH.XPD.CHEX.PC.CD,LBR,2023,103.94123077
SH.XPD.CHEX.PC.CD,LBY,2015,433.06808472
SH.XPD.CHEX.PC.CD,LBY,2016,464.47531128
SH.XPD.CHEX.PC.CD,LBY,2017,466.08538818
SH.XPD.CHEX.PC.CD,LBY,2018,544.88079834
SH.XPD.CHEX.PC.CD,LBY,2019,552.73168945
SH.XPD.CHEX.PC.CD,LBY,2020,472.62240601
SH.XPD.CHEX.PC.CD,LBY,2021,298.84338379
SH.XPD.CHEX.PC.CD,LBY,2022,284.0262146
SH.XPD.CHEX.PC.CD,LBY,2023,470.4034729
SH.XPD.CHEX.PC.CD,LCA,2015,473.24108887
SH.XPD.CHEX.PC.CD,LCA,2016,479.8744812
SH.XPD.CHEX.PC.CD,LCA,2017,504.96411133
SH.XPD.CHEX.PC.CD,LCA,2018,497.48629761
SH.XPD.CHEX.PC.CD,LCA,2019,506.03204346
SH.XPD.CHEX.PC.CD,LCA,2020,589.63696289
SH.XPD.CHEX.PC.CD,LCA,2021,654.8918457
SH.XPD.CHEX.PC.CD,LCA,2022,622.07244873
SH.XPD.CHEX.PC.CD,LCA,2023,641.07495117
SH.XPD.CHEX.PC.CD,LCN,2015,682.328296273033
SH.XPD.CHEX.PC.CD,LCN,2016,655.698700817697
SH.XPD.CHEX.PC.CD,LCN,2017,739.436479369295
SH.XPD.CHEX.PC.CD,LCN,2018,678.196454377282
SH.XPD.CHEX.PC.CD,LCN,2019,661.879991697161
SH.XPD.CHEX.PC.CD,LCN,2020,590.885593157634
SH.XPD.CHEX.PC.CD,LCN,2021,673.508345214622
SH.XPD.CHEX.PC.CD,LCN,2022,732.077211521163
SH.XPD.CHEX.PC.CD,LCN,2023,816.199426229249
SH.XPD.CHEX.PC.CD,LDC,2015,43.3198978854134
SH.XPD.CHEX.PC.CD,LDC,2016,42.9537467618986
SH.XPD.CHEX.PC.CD,LDC,2017,43.7602227355742
SH.XPD.CHEX.PC.CD,LDC,2018,44.606592137406
SH.XPD.CHEX.PC.CD,LDC,2019,42.6402286239909
SH.XPD.CHEX.PC.CD,LDC,2020,43.5824295346523
SH.XPD.CHEX.PC.CD,LDC,2021,48.1824454570162
SH.XPD.CHEX.PC.CD,LDC,2022,47.759406094258
SH.XPD.CHEX.PC.CD,LDC,2023,47.1167386189336
SH.XPD.CHEX.PC.CD,LIE,2015,9639.75195313
SH.XPD.CHEX.PC.CD,LIE,2016,9703.75878906
SH.XPD.CHEX.PC.CD,LIE,2017,9715.07519531
SH.XPD.CHEX.PC.CD,LIE,2018,9736.24316406
SH.XPD.CHEX.PC.CD,LIE,2019,9686.88378906
SH.XPD.CHEX.PC.CD,LIE,2020,10004.52832031
SH.XPD.CHEX.PC.CD,LIE,2021,10912.36132813
SH.XPD.CHEX.PC.CD,LIE,2022,10591.59277344
SH.XPD.CHEX.PC.CD,LIE,2023,11494.95898438
SH.XPD.CHEX.PC.CD,LKA,2015,144.29077148
SH.XPD.CHEX.PC.CD,LKA,2016,145.32496643
SH.XPD.CHEX.PC.CD,LKA,2017,142.32518005
SH.XPD.CHEX.PC.CD,LKA,2018,154.64622498
SH.XPD.CHEX.PC.CD,LKA,2019,147.01193237
SH.XPD.CHEX.PC.CD,LKA,2020,159.71383667
SH.XPD.CHEX.PC.CD,LKA,2021,202.75497437
SH.XPD.CHEX.PC.CD,LKA,2022,130.09327698
SH.XPD.CHEX.PC.CD,LKA,2023,134.23654175
SH.XPD.CHEX.PC.CD,LMY,2015,221.29285957191
SH.XPD.CHEX.PC.CD,LMY,2016,218.707618046406
SH.XPD.CHEX.PC.CD,LMY,2017,234.982527022959
SH.XPD.CHEX.PC.CD,LMY,2018,243.177825281173
SH.XPD.CHEX.PC.CD,LMY,2019,250.110629856494
SH.XPD.CHEX.PC.CD,LMY,2020,252.960696498692
SH.XPD.CHEX.PC.CD,LMY,2021,288.500970764422
SH.XPD.CHEX.PC.CD,LMY,2022,310.053897751789
SH.XPD.CHEX.PC.CD,LMY,2023,319.998423368315
SH.XPD.CHEX.PC.CD,LSO,2015,104.59999847
SH.XPD.CHEX.PC.CD,LSO,2016,91.0127182
SH.XPD.CHEX.PC.CD,LSO,2017,115.43321228
SH.XPD.CHEX.PC.CD,LSO,2018,130.93614197
SH.XPD.CHEX.PC.CD,LSO,2019,235.94372559
SH.XPD.CHEX.PC.CD,LSO,2020,96.84536743
SH.XPD.CHEX.PC.CD,LSO,2021,115.81448364
SH.XPD.CHEX.PC.CD,LSO,2022,133.32562256
SH.XPD.CHEX.PC.CD,LSO,2023,122.63982391
SH.XPD.CHEX.PC.CD,LTE,2015,449.515822465306
SH.XPD.CHEX.PC.CD,LTE,2016,453.387708419732
SH.XPD.CHEX.PC.CD,LTE,2017,508.245446456403
SH.XPD.CHEX.PC.CD,LTE,2018,552.925978121776
SH.XPD.CHEX.PC.CD,LTE,2019,578.29718987738
SH.XPD.CHEX.PC.CD,LTE,2020,599.999591287701
SH.XPD.CHEX.PC.CD,LTE,2021,685.250208787111
SH.XPD.CHEX.PC.CD,LTE,2022,757.7803277233
SH.XPD.CHEX.PC.CD,LTE,2023,785.276694974898
SH.XPD.CHEX.PC.CD,LTU,2015,918.50750732
SH.XPD.CHEX.PC.CD,LTU,2016,986.13311768
SH.XPD.CHEX.PC.CD,LTU,2017,1073.95800781
SH.XPD.CHEX.PC.CD,LTU,2018,1241.38574219
SH.XPD.CHEX.PC.CD,LTU,2019,1361.20288086
SH.XPD.CHEX.PC.CD,LTU,2020,1511.79626465
SH.XPD.CHEX.PC.CD,LTU,2021,1844.33154297
SH.XPD.CHEX.PC.CD,LTU,2022,1831.27734375
SH.XPD.CHEX.PC.CD,LTU,2023,2044.18371582
SH.XPD.CHEX.PC.CD,LTU,2024,2232.47631836
SH.XPD.CHEX.PC.CD,LUX,2015,5421.93212891
SH.XPD.CHEX.PC.CD,LUX,2016,5475.13964844
SH.XPD.CHEX.PC.CD,LUX,2017,5713.11865234
SH.XPD.CHEX.PC.CD,LUX,2018,6227.08398438
SH.XPD.CHEX.PC.CD,LUX,2019,6221.73876953
SH.XPD.CHEX.PC.CD,LUX,2020,6785.86230469
SH.XPD.CHEX.PC.CD,LUX,2021,7632.57275391
SH.XPD.CHEX.PC.CD,LUX,2022,7022.62695313
SH.XPD.CHEX.PC.CD,LUX,2023,7510.99414063
SH.XPD.CHEX.PC.CD,LUX,2024,8169.91259766
SH.XPD.CHEX.PC.CD,LVA,2015,775.86431885
SH.XPD.CHEX.PC.CD,LVA,2016,874.79772949
SH.XPD.CHEX.PC.CD,LVA,2017,932.50158691
SH.XPD.CHEX.PC.CD,LVA,2018,1101.49243164
SH.XPD.CHEX.PC.CD,LVA,2019,1183.1151123
SH.XPD.CHEX.PC.CD,LVA,2020,1313.35412598
SH.XPD.CHEX.PC.CD,LVA,2021,1897.95275879
SH.XPD.CHEX.PC.CD,LVA,2022,1642.47131348
SH.XPD.CHEX.PC.CD,LVA,2023,1645.4152832
SH.XPD.CHEX.PC.CD,MAR,2015,162.85198975
SH.XPD.CHEX.PC.CD,MAR,2016,162.21507263
SH.XPD.CHEX.PC.CD,MAR,2017,166.8500061
SH.XPD.CHEX.PC.CD,MAR,2018,175.70518494
SH.XPD.CHEX.PC.CD,MAR,2019,178.73939514
SH.XPD.CHEX.PC.CD,MAR,2020,192.04043579
SH.XPD.CHEX.PC.CD,MAR,2021,209.57344055
SH.XPD.CHEX.PC.CD,MAR,2022,201.81098938
SH.XPD.CHEX.PC.CD,MAR,2023,232.24751282
SH.XPD.CHEX.PC.CD,MCO,2015,7354.13183594
SH.XPD.CHEX.PC.CD,MCO,2016,7157.92578125
SH.XPD.CHEX.PC.CD,MCO,2017,7101.640625
SH.XPD.CHEX.PC.CD,MCO,2018,7621.97021484
SH.XPD.CHEX.PC.CD,MCO,2019,7517.25341797
SH.XPD.CHEX.PC.CD,MCO,2020,7582.41552734
SH.XPD.CHEX.PC.CD,MCO,2021,8225.38769531
SH.XPD.CHEX.PC.CD,MCO,2022,7674.09814453
SH.XPD.CHEX.PC.CD,MCO,2023,8004.16845703
SH.XPD.CHEX.PC.CD,MDA,2015,186.43643188
SH.XPD.CHEX.PC.CD,MDA,2016,171.18476868
SH.XPD.CHEX.PC.CD,MDA,2017,243.94540405
SH.XPD.CHEX.PC.CD,MDA,2018,276.4697876
SH.XPD.CHEX.PC.CD,MDA,2019,283.98425293
SH.XPD.CHEX.PC.CD,MDA,2020,305.48913574
SH.XPD.CHEX.PC.CD,MDA,2021,403.87823486
SH.XPD.CHEX.PC.CD,MDA,2022,394.42373657
SH.XPD.CHEX.PC.CD,MDA,2023,451.73007202
SH.XPD.CHEX.PC.CD,MDG,2015,22.29386139
SH.XPD.CHEX.PC.CD,MDG,2016,24.20793915
SH.XPD.CHEX.PC.CD,MDG,2017,23.62072182
SH.XPD.CHEX.PC.CD,MDG,2018,21.12731934
SH.XPD.CHEX.PC.CD,MDG,2019,15.50084877
SH.XPD.CHEX.PC.CD,MDG,2020,16.78295326
SH.XPD.CHEX.PC.CD,MDG,2021,17.17938805
SH.XPD.CHEX.PC.CD,MDG,2022,15.85809231
SH.XPD.CHEX.PC.CD,MDG,2023,17.44003487
SH.XPD.CHEX.PC.CD,MDV,2015,837.47290039
SH.XPD.CHEX.PC.CD,MDV,2016,1017.99908447
SH.XPD.CHEX.PC.CD,MDV,2017,961.57415771
SH.XPD.CHEX.PC.CD,MDV,2018,833.21575928
SH.XPD.CHEX.PC.CD,MDV,2019,880.79962158
SH.XPD.CHEX.PC.CD,MDV,2020,845.82440186
SH.XPD.CHEX.PC.CD,MDV,2021,901.09185791
SH.XPD.CHEX.PC.CD,MDV,2022,883.91467285
SH.XPD.CHEX.PC.CD,MDV,2023,1159.02819824
SH.XPD.CHEX.PC.CD,MEA,2015,275.945184678584
SH.XPD.CHEX.PC.CD,MEA,2016,280.363793333504
SH.XPD.CHEX.PC.CD,MEA,2017,287.67052775355
SH.XPD.CHEX.PC.CD,MEA,2018,277.246934086199
SH.XPD.CHEX.PC.CD,MEA,2019,276.604898950364
SH.XPD.CHEX.PC.CD,MEA,2020,277.315342121299
SH.XPD.CHEX.PC.CD,MEA,2021,294.888636725992
SH.XPD.CHEX.PC.CD,MEA,2022,304.783955176052
SH.XPD.CHEX.PC.CD,MEA,2023,310.969724717209
SH.XPD.CHEX.PC.CD,MEX,2015,553.91259766
SH.XPD.CHEX.PC.CD,MEX,2016,489.92230225
SH.XPD.CHEX.PC.CD,MEX,2017,512.54974365
SH.XPD.CHEX.PC.CD,MEX,2018,528.26306152
SH.XPD.CHEX.PC.CD,MEX,2019,549.72601318
SH.XPD.CHEX.PC.CD,MEX,2020,535.11669922
SH.XPD.CHEX.PC.CD,MEX,2021,606.13415527
SH.XPD.CHEX.PC.CD,MEX,2022,650.97070313
SH.XPD.CHEX.PC.CD,MEX,2023,760.98840332
SH.XPD.CHEX.PC.CD,MHL,2015,557.35211182
SH.XPD.CHEX.PC.CD,MHL,2016,619.35668945
SH.XPD.CHEX.PC.CD,MHL,2017,553.06298828
SH.XPD.CHEX.PC.CD,MHL,2018,702.8359375
SH.XPD.CHEX.PC.CD,MHL,2019,793.66851807
SH.XPD.CHEX.PC.CD,MHL,2020,687.02435303
SH.XPD.CHEX.PC.CD,MHL,2021,782.16351318
SH.XPD.CHEX.PC.CD,MHL,2022,859.050354
SH.XPD.CHEX.PC.CD,MHL,2023,894.21533203
SH.XPD.CHEX.PC.CD,MIC,2015,239.56122992208
SH.XPD.CHEX.PC.CD,MIC,2016,237.224613493272
SH.XPD.CHEX.PC.CD,MIC,2017,255.992022217377
SH.XPD.CHEX.PC.CD,MIC,2018,265.175174620183
SH.XPD.CHEX.PC.CD,MIC,2019,273.594359283376
SH.XPD.CHEX.PC.CD,MIC,2020,277.112303362011
SH.XPD.CHEX.PC.CD,MIC,2021,317.147776777465
SH.XPD.CHEX.PC.CD,MIC,2022,341.902784730703
SH.XPD.CHEX.PC.CD,MIC,2023,353.652823157167
SH.XPD.CHEX.PC.CD,MKD,2015,322.25213623
SH.XPD.CHEX.PC.CD,MKD,2016,347.44271851
SH.XPD.CHEX.PC.CD,MKD,2017,375.3303833
SH.XPD.CHEX.PC.CD,MKD,2018,426.57290649
SH.XPD.CHEX.PC.CD,MKD,2019,469.47344971
SH.XPD.CHEX.PC.CD,MKD,2020,510.81011963
SH.XPD.CHEX.PC.CD,MKD,2021,636.65447998
SH.XPD.CHEX.PC.CD,MKD,2022,561.69281006
SH.XPD.CHEX.PC.CD,MKD,2023,639.41693115
SH.XPD.CHEX.PC.CD,MLI,2015,28.97842216
SH.XPD.CHEX.PC.CD,MLI,2016,27.58086205
SH.XPD.CHEX.PC.CD,MLI,2017,28.49467659
SH.XPD.CHEX.PC.CD,MLI,2018,31.16962242
SH.XPD.CHEX.PC.CD,MLI,2019,31.4089489
SH.XPD.CHEX.PC.CD,MLI,2020,28.20211601
SH.XPD.CHEX.PC.CD,MLI,2021,30.55883217
SH.XPD.CHEX.PC.CD,MLI,2022,31.0949192
SH.XPD.CHEX.PC.CD,MLI,2023,33.9802475
SH.XPD.CHEX.PC.CD,MLT,2015,2249.00463867
SH.XPD.CHEX.PC.CD,MLT,2016,2326.67016602
SH.XPD.CHEX.PC.CD,MLT,2017,2562.88574219
SH.XPD.CHEX.PC.CD,MLT,2018,2759.91186523
SH.XPD.CHEX.PC.CD,MLT,2019,2947.24023438
SH.XPD.CHEX.PC.CD,MLT,2020,3140.77026367
SH.XPD.CHEX.PC.CD,MLT,2021,3641.03833008
SH.XPD.CHEX.PC.CD,MLT,2022,3362.42382813
SH.XPD.CHEX.PC.CD,MLT,2023,3623.4609375
SH.XPD.CHEX.PC.CD,MMR,2015,63.62335968
SH.XPD.CHEX.PC.CD,MMR,2016,59.67910385
SH.XPD.CHEX.PC.CD,MMR,2017,59.51782608
SH.XPD.CHEX.PC.CD,MMR,2018,60.83261871
SH.XPD.CHEX.PC.CD,MMR,2019,53.72147369
SH.XPD.CHEX.PC.CD,MMR,2020,66.02284241
SH.XPD.CHEX.PC.CD,MMR,2021,96.86240387
SH.XPD.CHEX.PC.CD,MMR,2022,57.96875763
SH.XPD.CHEX.PC.CD,MMR,2023,56.18909836
SH.XPD.CHEX.PC.CD,MNA,2015,159.772759933662
SH.XPD.CHEX.PC.CD,MNA,2016,158.319363742984
SH.XPD.CHEX.PC.CD,MNA,2017,159.087335046839
SH.XPD.CHEX.PC.CD,MNA,2018,139.902719650037
SH.XPD.CHEX.PC.CD,MNA,2019,135.944696475486
SH.XPD.CHEX.PC.CD,MNA,2020,125.750005425982
SH.XPD.CHEX.PC.CD,MNA,2021,132.824474109095
SH.XPD.CHEX.PC.CD,MNA,2022,137.178960567695
SH.XPD.CHEX.PC.CD,MNA,2023,140.204332765848
SH.XPD.CHEX.PC.CD,MNE,2015,582.18743896
SH.XPD.CHEX.PC.CD,MNE,2016,604.88665771
SH.XPD.CHEX.PC.CD,MNE,2017,623.68841553
SH.XPD.CHEX.PC.CD,MNE,2018,745.7520752
SH.XPD.CHEX.PC.CD,MNE,2019,754.77441406
SH.XPD.CHEX.PC.CD,MNE,2020,896.24884033
SH.XPD.CHEX.PC.CD,MNE,2021,1024.2565918
SH.XPD.CHEX.PC.CD,MNE,2022,1032.91149902
SH.XPD.CHEX.PC.CD,MNE,2023,1147.69787598
SH.XPD.CHEX.PC.CD,MNG,2015,165.19296265
SH.XPD.CHEX.PC.CD,MNG,2016,168.41404724
SH.XPD.CHEX.PC.CD,MNG,2017,160.4889679
SH.XPD.CHEX.PC.CD,MNG,2018,188.64115906
SH.XPD.CHEX.PC.CD,MNG,2019,197.57131958
SH.XPD.CHEX.PC.CD,MNG,2020,188.77464294
SH.XPD.CHEX.PC.CD,MNG,2021,330.03753662
SH.XPD.CHEX.PC.CD,MNG,2022,448.24212646
SH.XPD.CHEX.PC.CD,MNG,2023,359.60980225
SH.XPD.CHEX.PC.CD,MOZ,2015,40.35658646
SH.XPD.CHEX.PC.CD,MOZ,2016,31.85357285
SH.XPD.CHEX.PC.CD,MOZ,2017,36.75825882
SH.XPD.CHEX.PC.CD,MOZ,2018,41.29206467
SH.XPD.CHEX.PC.CD,MOZ,2019,41.01906586
SH.XPD.CHEX.PC.CD,MOZ,2020,34.92252731
SH.XPD.CHEX.PC.CD,MOZ,2021,44.09894943
SH.XPD.CHEX.PC.CD,MOZ,2022,47.69813538
SH.XPD.CHEX.PC.CD,MOZ,2023,52.96166611
SH.XPD.CHEX.PC.CD,MRT,2015,57.1233139
SH.XPD.CHEX.PC.CD,MRT,2016,49.90084076
SH.XPD.CHEX.PC.CD,MRT,2017,55.22446442
SH.XPD.CHEX.PC.CD,MRT,2018,49.68307495
SH.XPD.CHEX.PC.CD,MRT,2019,54.63365555
SH.XPD.CHEX.PC.CD,MRT,2020,53.89974594
SH.XPD.CHEX.PC.CD,MRT,2021,73.6309433
SH.XPD.CHEX.PC.CD,MRT,2022,91.54125977
SH.XPD.CHEX.PC.CD,MRT,2023,92.11444092
SH.XPD.CHEX.PC.CD,MUS,2015,515.72247314
SH.XPD.CHEX.PC.CD,MUS,2016,540.39239502
SH.XPD.CHEX.PC.CD,MUS,2017,594.86120605
SH.XPD.CHEX.PC.CD,MUS,2018,640.62182617
SH.XPD.CHEX.PC.CD,MUS,2019,639.18286133
SH.XPD.CHEX.PC.CD,MUS,2020,541.95184326
SH.XPD.CHEX.PC.CD,MUS,2021,593.77947998
SH.XPD.CHEX.PC.CD,MUS,2022,590.91522217
SH.XPD.CHEX.PC.CD,MUS,2023,616.20739746
SH.XPD.CHEX.PC.CD,MWI,2015,34.97310638
SH.XPD.CHEX.PC.CD,MWI,2016,34.0307579
SH.XPD.CHEX.PC.CD,MWI,2017,37.60110092
SH.XPD.CHEX.PC.CD,MWI,2018,36.70302963
SH.XPD.CHEX.PC.CD,MWI,2019,36.91519165
SH.XPD.CHEX.PC.CD,MWI,2020,42.37881851
SH.XPD.CHEX.PC.CD,MWI,2021,46.41017532
SH.XPD.CHEX.PC.CD,MWI,2022,40.03453827
SH.XPD.CHEX.PC.CD,MWI,2023,41.26664734
SH.XPD.CHEX.PC.CD,MYS,2015,368.77331543
SH.XPD.CHEX.PC.CD,MYS,2016,350.71160889
SH.XPD.CHEX.PC.CD,MYS,2017,366.36639404
SH.XPD.CHEX.PC.CD,MYS,2018,409.84710693
SH.XPD.CHEX.PC.CD,MYS,2019,419.32568359
SH.XPD.CHEX.PC.CD,MYS,2020,406.52005005
SH.XPD.CHEX.PC.CD,MYS,2021,476.94366455
SH.XPD.CHEX.PC.CD,MYS,2022,458.21963501
SH.XPD.CHEX.PC.CD,MYS,2023,450.33853149
SH.XPD.CHEX.PC.CD,NAC,2015,8747.32526885579
SH.XPD.CHEX.PC.CD,NAC,2016,9045.88220949926
SH.XPD.CHEX.PC.CD,NAC,2017,9326.7061287435
SH.XPD.CHEX.PC.CD,NAC,2018,9660.53793736176
SH.XPD.CHEX.PC.CD,NAC,2019,9992.72741968316
SH.XPD.CHEX.PC.CD,NAC,2020,11030.9216326206
SH.XPD.CHEX.PC.CD,NAC,2021,11505.0810084106
SH.XPD.CHEX.PC.CD,NAC,2022,11924.6950605155
SH.XPD.CHEX.PC.CD,NAC,2023,12698.7344525575
SH.XPD.CHEX.PC.CD,NAM,2015,476.50784302
SH.XPD.CHEX.PC.CD,NAM,2016,409.78051758
SH.XPD.CHEX.PC.CD,NAM,2017,447.95223999
SH.XPD.CHEX.PC.CD,NAM,2018,457.6807251
SH.XPD.CHEX.PC.CD,NAM,2019,419.14828491
SH.XPD.CHEX.PC.CD,NAM,2020,370.81643677
SH.XPD.CHEX.PC.CD,NAM,2021,449.95172119
SH.XPD.CHEX.PC.CD,NAM,2022,418.53683472
SH.XPD.CHEX.PC.CD,NAM,2023,397.09063721
SH.XPD.CHEX.PC.CD,NER,2015,25.96905327
SH.XPD.CHEX.PC.CD,NER,2016,22.68474007
SH.XPD.CHEX.PC.CD,NER,2017,29.09627533
SH.XPD.CHEX.PC.CD,NER,2018,30.61364555
SH.XPD.CHEX.PC.CD,NER,2019,31.89424324
SH.XPD.CHEX.PC.CD,NER,2020,35.75537109
SH.XPD.CHEX.PC.CD,NER,2021,35.39406204
SH.XPD.CHEX.PC.CD,NER,2022,26.50681686
SH.XPD.CHEX.PC.CD,NER,2023,26.01301575
SH.XPD.CHEX.PC.CD,NGA,2015,92.91207123
SH.XPD.CHEX.PC.CD,NGA,2016,75.52328491
SH.XPD.CHEX.PC.CD,NGA,2017,70.31814575
SH.XPD.CHEX.PC.CD,NGA,2018,63.60244751
SH.XPD.CHEX.PC.CD,NGA,2019,67.6254425
SH.XPD.CHEX.PC.CD,NGA,2020,67.91384888
SH.XPD.CHEX.PC.CD,NGA,2021,81.87322235
SH.XPD.CHEX.PC.CD,NGA,2022,89.62958527
SH.XPD.CHEX.PC.CD,NGA,2023,66.82009125
SH.XPD.CHEX.PC.CD,NIC,2015,165.18948364
SH.XPD.CHEX.PC.CD,NIC,2016,171.5748291
SH.XPD.CHEX.PC.CD,NIC,2017,181.75810242
SH.XPD.CHEX.PC.CD,NIC,2018,172.9760437
SH.XPD.CHEX.PC.CD,NIC,2019,166.49009705
SH.XPD.CHEX.PC.CD,NIC,2020,165.88038635
SH.XPD.CHEX.PC.CD,NIC,2021,204.21273804
SH.XPD.CHEX.PC.CD,NIC,2022,208.56825256
SH.XPD.CHEX.PC.CD,NIC,2023,216.55238342
SH.XPD.CHEX.PC.CD,NLD,2015,4676.56201172
SH.XPD.CHEX.PC.CD,NLD,2016,4644.02099609
SH.XPD.CHEX.PC.CD,NLD,2017,4934.57519531
SH.XPD.CHEX.PC.CD,NLD,2018,5330.66015625
SH.XPD.CHEX.PC.CD,NLD,2019,5340.61279297
SH.XPD.CHEX.PC.CD,NLD,2020,5865.90527344
SH.XPD.CHEX.PC.CD,NLD,2021,6718.88964844
SH.XPD.CHEX.PC.CD,NLD,2022,5967.90429688
SH.XPD.CHEX.PC.CD,NLD,2023,6371.85595703
SH.XPD.CHEX.PC.CD,NLD,2024,6845.14208984
SH.XPD.CHEX.PC.CD,NOR,2015,7566.56152344
SH.XPD.CHEX.PC.CD,NOR,2016,7492.07666016
SH.XPD.CHEX.PC.CD,NOR,2017,7815.78710938
SH.XPD.CHEX.PC.CD,NOR,2018,8271.859375
SH.XPD.CHEX.PC.CD,NOR,2019,8007.35546875
SH.XPD.CHEX.PC.CD,NOR,2020,7824.57714844
SH.XPD.CHEX.PC.CD,NOR,2021,9163.13867188
SH.XPD.CHEX.PC.CD,NOR,2022,8692.57617188
SH.XPD.CHEX.PC.CD,NOR,2023,8296.35546875
SH.XPD.CHEX.PC.CD,NPL,2015,46.49585342
SH.XPD.CHEX.PC.CD,NPL,2016,47.1232872
SH.XPD.CHEX.PC.CD,NPL,2017,49.63085556
SH.XPD.CHEX.PC.CD,NPL,2018,51.16546249
SH.XPD.CHEX.PC.CD,NPL,2019,53.61107254
SH.XPD.CHEX.PC.CD,NPL,2020,59.07941437
SH.XPD.CHEX.PC.CD,NPL,2021,69.1880188
SH.XPD.CHEX.PC.CD,NPL,2022,87.34230042
SH.XPD.CHEX.PC.CD,NPL,2023,83.96018982
SH.XPD.CHEX.PC.CD,NRU,2015,973.30883789
SH.XPD.CHEX.PC.CD,NRU,2016,978.48120117
SH.XPD.CHEX.PC.CD,NRU,2017,1127.47509766
SH.XPD.CHEX.PC.CD,NRU,2018,1220.0769043
SH.XPD.CHEX.PC.CD,NRU,2019,1213.86804199
SH.XPD.CHEX.PC.CD,NRU,2020,1270.52563477
SH.XPD.CHEX.PC.CD,NRU,2021,1636.45788574
SH.XPD.CHEX.PC.CD,NRU,2022,2264.07055664
SH.XPD.CHEX.PC.CD,NRU,2023,2292.37329102
SH.XPD.CHEX.PC.CD,NZL,2015,3433.59643555
SH.XPD.CHEX.PC.CD,NZL,2016,3516.93481445
SH.XPD.CHEX.PC.CD,NZL,2017,3702.09985352
SH.XPD.CHEX.PC.CD,NZL,2018,3706.80273438
SH.XPD.CHEX.PC.CD,NZL,2019,3679.59692383
SH.XPD.CHEX.PC.CD,NZL,2020,3887.71264648
SH.XPD.CHEX.PC.CD,NZL,2021,4749.04199219
SH.XPD.CHEX.PC.CD,NZL,2022,5138.33789063
SH.XPD.CHEX.PC.CD,NZL,2023,4997.24316406
SH.XPD.CHEX.PC.CD,NZL,2024,5022.03271484
SH.XPD.CHEX.PC.CD,OED,2015,4326.51774770484
SH.XPD.CHEX.PC.CD,OED,2016,4448.93897113615
SH.XPD.CHEX.PC.CD,OED,2017,4593.86479128032
SH.XPD.CHEX.PC.CD,OED,2018,4804.8720315435
SH.XPD.CHEX.PC.CD,OED,2019,4885.84558449251
SH.XPD.CHEX.PC.CD,OED,2020,5299.92923102032
SH.XPD.CHEX.PC.CD,OED,2021,5716.25755236816
SH.XPD.CHEX.PC.CD,OED,2022,5630.09565413039
SH.XPD.CHEX.PC.CD,OED,2023,5915.54267586571
SH.XPD.CHEX.PC.CD,OMN,2015,767.04455566
SH.XPD.CHEX.PC.CD,OMN,2016,714.48864746
SH.XPD.CHEX.PC.CD,OMN,2017,704.6295166
SH.XPD.CHEX.PC.CD,OMN,2018,639.78082275
SH.XPD.CHEX.PC.CD,OMN,2019,730.08325195
SH.XPD.CHEX.PC.CD,OMN,2020,859.24987793
SH.XPD.CHEX.PC.CD,OMN,2021,843.01953125
SH.XPD.CHEX.PC.CD,OMN,2022,712.06097412
SH.XPD.CHEX.PC.CD,OMN,2023,732.04089355
SH.XPD.CHEX.PC.CD,OSS,2015,717.47568606246
SH.XPD.CHEX.PC.CD,OSS,2016,761.486513338512
SH.XPD.CHEX.PC.CD,OSS,2017,833.968543908001
SH.XPD.CHEX.PC.CD,OSS,2018,915.684368930563
SH.XPD.CHEX.PC.CD,OSS,2019,930.960863900857
SH.XPD.CHEX.PC.CD,OSS,2020,989.041056411903
SH.XPD.CHEX.PC.CD,OSS,2021,1150.97538567959
SH.XPD.CHEX.PC.CD,OSS,2022,1117.93956877042
SH.XPD.CHEX.PC.CD,OSS,2023,1203.88225536395
SH.XPD.CHEX.PC.CD,PAK,2015,33.99359894
SH.XPD.CHEX.PC.CD,PAK,2016,36.46934128
SH.XPD.CHEX.PC.CD,PAK,2017,42.07228851
SH.XPD.CHEX.PC.CD,PAK,2018,40.09578323
SH.XPD.CHEX.PC.CD,PAK,2019,36.01374817
SH.XPD.CHEX.PC.CD,PAK,2020,36.9091301
SH.XPD.CHEX.PC.CD,PAK,2021,42.79639816
SH.XPD.CHEX.PC.CD,PAK,2022,38.76602173
SH.XPD.CHEX.PC.CD,PAK,2023,30.48608398
SH.XPD.CHEX.PC.CD,PAN,2015,982.06530762
SH.XPD.CHEX.PC.CD,PAN,2016,1056.68481445
SH.XPD.CHEX.PC.CD,PAN,2017,1126.96154785
SH.XPD.CHEX.PC.CD,PAN,2018,1227.30554199
SH.XPD.CHEX.PC.CD,PAN,2019,1339.45153809
SH.XPD.CHEX.PC.CD,PAN,2020,1358.4498291
SH.XPD.CHEX.PC.CD,PAN,2021,1417.1541748
SH.XPD.CHEX.PC.CD,PAN,2022,1572.93017578
SH.XPD.CHEX.PC.CD,PAN,2023,1557.81286621
SH.XPD.CHEX.PC.CD,PER,2015,310.60983276
SH.XPD.CHEX.PC.CD,PER,2016,311.33517456
SH.XPD.CHEX.PC.CD,PER,2017,332.54321289
SH.XPD.CHEX.PC.CD,PER,2018,362.75994873
SH.XPD.CHEX.PC.CD,PER,2019,367.98739624
SH.XPD.CHEX.PC.CD,PER,2020,399.13800049
SH.XPD.CHEX.PC.CD,PER,2021,455.3560791
SH.XPD.CHEX.PC.CD,PER,2022,445.10473633
SH.XPD.CHEX.PC.CD,PER,2023,445.52667236
SH.XPD.CHEX.PC.CD,PHL,2015,113.4342804
SH.XPD.CHEX.PC.CD,PHL,2016,118.05981445
SH.XPD.CHEX.PC.CD,PHL,2017,120.32259369
SH.XPD.CHEX.PC.CD,PHL,2018,125.27716827
SH.XPD.CHEX.PC.CD,PHL,2019,141.6925354
SH.XPD.CHEX.PC.CD,PHL,2020,166.61218262
SH.XPD.CHEX.PC.CD,PHL,2021,208.192276
SH.XPD.CHEX.PC.CD,PHL,2022,182.93432617
SH.XPD.CHEX.PC.CD,PHL,2023,194.05484009
SH.XPD.CHEX.PC.CD,PLW,2015,1554.91186523
SH.XPD.CHEX.PC.CD,PLW,2016,1704.62316895
SH.XPD.CHEX.PC.CD,PLW,2017,1775.32849121
SH.XPD.CHEX.PC.CD,PLW,2018,1809.22070313
SH.XPD.CHEX.PC.CD,PLW,2019,1928.91564941
SH.XPD.CHEX.PC.CD,PLW,2020,1938.33837891
SH.XPD.CHEX.PC.CD,PLW,2021,1931.31152344
SH.XPD.CHEX.PC.CD,PLW,2022,2077.734375
SH.XPD.CHEX.PC.CD,PLW,2023,1683.8458252
SH.XPD.CHEX.PC.CD,PNG,2015,45.18995285
SH.XPD.CHEX.PC.CD,PNG,2016,53.98646545
SH.XPD.CHEX.PC.CD,PNG,2017,55.24723816
SH.XPD.CHEX.PC.CD,PNG,2018,59.04003525
SH.XPD.CHEX.PC.CD,PNG,2019,59.89566803
SH.XPD.CHEX.PC.CD,PNG,2020,55.92817688
SH.XPD.CHEX.PC.CD,PNG,2021,61.02529907
SH.XPD.CHEX.PC.CD,PNG,2022,81.11356354
SH.XPD.CHEX.PC.CD,PNG,2023,85.15021515
SH.XPD.CHEX.PC.CD,POL,2015,803.95965576
SH.XPD.CHEX.PC.CD,POL,2016,816.08618164
SH.XPD.CHEX.PC.CD,POL,2017,909.57818604
SH.XPD.CHEX.PC.CD,POL,2018,978.73565674
SH.XPD.CHEX.PC.CD,POL,2019,1014.03820801
SH.XPD.CHEX.PC.CD,POL,2020,1025.98486328
SH.XPD.CHEX.PC.CD,POL,2021,1183.30236816
SH.XPD.CHEX.PC.CD,POL,2022,1219.29125977
SH.XPD.CHEX.PC.CD,POL,2023,1577.98168945
SH.XPD.CHEX.PC.CD,POL,2024,2014.12780762
SH.XPD.CHEX.PC.CD,PRE,2015,61.8741806481895
SH.XPD.CHEX.PC.CD,PRE,2016,59.5406046088633
SH.XPD.CHEX.PC.CD,PRE,2017,57.5102082656623
SH.XPD.CHEX.PC.CD,PRE,2018,56.1506000130814
SH.XPD.CHEX.PC.CD,PRE,2019,57.5741584522018
SH.XPD.CHEX.PC.CD,PRE,2020,58.8363731657314
SH.XPD.CHEX.PC.CD,PRE,2021,64.8410367574783
SH.XPD.CHEX.PC.CD,PRE,2022,68.6305046490946
SH.XPD.CHEX.PC.CD,PRE,2023,65.286827901308
SH.XPD.CHEX.PC.CD,PRT,2015,1787.03759766
SH.XPD.CHEX.PC.CD,PRT,2016,1870.31848145
SH.XPD.CHEX.PC.CD,PRT,2017,1991.32263184
SH.XPD.CHEX.PC.CD,PRT,2018,2206.71240234
SH.XPD.CHEX.PC.CD,PRT,2019,2209.50219727
SH.XPD.CHEX.PC.CD,PRT,2020,2328.35571289
SH.XPD.CHEX.PC.CD,PRT,2021,2764.04296875
SH.XPD.CHEX.PC.CD,PRT,2022,2600.56665039
SH.XPD.CHEX.PC.CD,PRT,2023,2762.26293945
SH.XPD.CHEX.PC.CD,PRT,2024,2971.03930664
SH.XPD.CHEX.PC.CD,PRY,2015,393.42440796
SH.XPD.CHEX.PC.CD,PRY,2016,385.52297974
SH.XPD.CHEX.PC.CD,PRY,2017,406.60488892
SH.XPD.CHEX.PC.CD,PRY,2018,422.13101196
SH.XPD.CHEX.PC.CD,PRY,2019,416.84432983
SH.XPD.CHEX.PC.CD,PRY,2020,411.81765747
SH.XPD.CHEX.PC.CD,PRY,2021,480.11322021
SH.XPD.CHEX.PC.CD,PRY,2022,480.02862549
SH.XPD.CHEX.PC.CD,PRY,2023,526.5098877
SH.XPD.CHEX.PC.CD,PSE,2015,286.91394043
SH.XPD.CHEX.PC.CD,PSE,2016,299.4125061
SH.XPD.CHEX.PC.CD,PSE,2017,310.2114563
SH.XPD.CHEX.PC.CD,PSE,2018,324.02166748
SH.XPD.CHEX.PC.CD,PSE,2019,317.45007324
SH.XPD.CHEX.PC.CD,PSE,2020,314.82254028
SH.XPD.CHEX.PC.CD,PSE,2021,364.4173584
SH.XPD.CHEX.PC.CD,PSE,2022,350.63812256
SH.XPD.CHEX.PC.CD,PSE,2023,345.67965698
SH.XPD.CHEX.PC.CD,PSS,2015,177.995108423985
SH.XPD.CHEX.PC.CD,PSS,2016,185.426164810969
SH.XPD.CHEX.PC.CD,PSS,2017,189.672446994708
SH.XPD.CHEX.PC.CD,PSS,2018,217.726443231222
SH.XPD.CHEX.PC.CD,PSS,2019,226.264029255156
SH.XPD.CHEX.PC.CD,PSS,2020,227.820353598018
SH.XPD.CHEX.PC.CD,PSS,2021,265.263233002078
SH.XPD.CHEX.PC.CD,PSS,2022,228.226159867358
SH.XPD.CHEX.PC.CD,PSS,2023,234.298336830729
SH.XPD.CHEX.PC.CD,PST,2015,5112.93998162001
SH.XPD.CHEX.PC.CD,PST,2016,5275.02298467372
SH.XPD.CHEX.PC.CD,PST,2017,5452.60851500304
SH.XPD.CHEX.PC.CD,PST,2018,5719.28052644392
SH.XPD.CHEX.PC.CD,PST,2019,5831.50920900274
SH.XPD.CHEX.PC.CD,PST,2020,6358.76046290451
SH.XPD.CHEX.PC.CD,PST,2021,6913.70050761654
SH.XPD.CHEX.PC.CD,PST,2022,7086.1736773892
SH.XPD.CHEX.PC.CD,PST,2023,7413.23852188777
SH.XPD.CHEX.PC.CD,QAT,2015,2422.64453125
SH.XPD.CHEX.PC.CD,QAT,2016,2072.06103516
SH.XPD.CHEX.PC.CD,QAT,2017,1911.95361328
SH.XPD.CHEX.PC.CD,QAT,2018,1966.55712891
SH.XPD.CHEX.PC.CD,QAT,2019,2007.51525879
SH.XPD.CHEX.PC.CD,QAT,2020,1967.15197754
SH.XPD.CHEX.PC.CD,QAT,2021,1847.00231934
SH.XPD.CHEX.PC.CD,QAT,2022,1781.50390625
SH.XPD.CHEX.PC.CD,QAT,2023,1804.35424805
SH.XPD.CHEX.PC.CD,ROU,2015,442.24038696
SH.XPD.CHEX.PC.CD,ROU,2016,476.24505615
SH.XPD.CHEX.PC.CD,ROU,2017,555.11309814
SH.XPD.CHEX.PC.CD,ROU,2018,687.15411377
SH.XPD.CHEX.PC.CD,ROU,2019,738.5581665
SH.XPD.CHEX.PC.CD,ROU,2020,809.58880615
SH.XPD.CHEX.PC.CD,ROU,2021,963.01287842
SH.XPD.CHEX.PC.CD,ROU,2022,902.2677002
SH.XPD.CHEX.PC.CD,ROU,2023,1050.99755859
SH.XPD.CHEX.PC.CD,RUS,2015,496.94955444
SH.XPD.CHEX.PC.CD,RUS,2016,463.29275513
SH.XPD.CHEX.PC.CD,RUS,2017,577.06811523
SH.XPD.CHEX.PC.CD,RUS,2018,606.11401367
SH.XPD.CHEX.PC.CD,RUS,2019,650.47058105
SH.XPD.CHEX.PC.CD,RUS,2020,814.94451904
SH.XPD.CHEX.PC.CD,RUS,2021,881.74395752
SH.XPD.CHEX.PC.CD,RUS,2022,1082.82104492
SH.XPD.CHEX.PC.CD,RUS,2023,1003.33166504
SH.XPD.CHEX.PC.CD,RWA,2015,48.81296921
SH.XPD.CHEX.PC.CD,RWA,2016,43.54212189
SH.XPD.CHEX.PC.CD,RWA,2017,40.76682663
SH.XPD.CHEX.PC.CD,RWA,2018,42.11674881
SH.XPD.CHEX.PC.CD,RWA,2019,39.81322098
SH.XPD.CHEX.PC.CD,RWA,2020,45.15266418
SH.XPD.CHEX.PC.CD,RWA,2021,51.64677429
SH.XPD.CHEX.PC.CD,RWA,2022,57.83102036
SH.XPD.CHEX.PC.CD,RWA,2023,52.65630722
SH.XPD.CHEX.PC.CD,SAS,2015,56.7417052203767
SH.XPD.CHEX.PC.CD,SAS,2016,58.8470714953936
SH.XPD.CHEX.PC.CD,SAS,2017,56.5030929296534
SH.XPD.CHEX.PC.CD,SAS,2018,57.6271937496546
SH.XPD.CHEX.PC.CD,SAS,2019,60.4097547940249
SH.XPD.CHEX.PC.CD,SAS,2020,63.7995398712069
SH.XPD.CHEX.PC.CD,SAS,2021,75.4653344021482
SH.XPD.CHEX.PC.CD,SAS,2022,79.9919658936364
SH.XPD.CHEX.PC.CD,SAS,2023,82.4869859574525
SH.XPD.CHEX.PC.CD,SAU,2015,1309.27148438
SH.XPD.CHEX.PC.CD,SAU,2016,1353.21813965
SH.XPD.CHEX.PC.CD,SAU,2017,1400.90356445
SH.XPD.CHEX.PC.CD,SAU,2018,1488.9753418
SH.XPD.CHEX.PC.CD,SAU,2019,1504.55249023
SH.XPD.CHEX.PC.CD,SAU,2020,1574.70068359
SH.XPD.CHEX.PC.CD,SAU,2021,1654.74353027
SH.XPD.CHEX.PC.CD,SAU,2022,1830.89074707
SH.XPD.CHEX.PC.CD,SAU,2023,1825.2545166
SH.XPD.CHEX.PC.CD,SDN,2015,93.69657135
SH.XPD.CHEX.PC.CD,SDN,2016,89.39633942
SH.XPD.CHEX.PC.CD,SDN,2017,67.75476837
SH.XPD.CHEX.PC.CD,SDN,2018,33.88366699
SH.XPD.CHEX.PC.CD,SDN,2019,31.79406929
SH.XPD.CHEX.PC.CD,SDN,2020,22.91861534
SH.XPD.CHEX.PC.CD,SDN,2021,21.69141006
SH.XPD.CHEX.PC.CD,SDN,2022,25.75139618
SH.XPD.CHEX.PC.CD,SDN,2023,21.0830822
SH.XPD.CHEX.PC.CD,SEN,2015,53.32304382
SH.XPD.CHEX.PC.CD,SEN,2016,53.90053558
SH.XPD.CHEX.PC.CD,SEN,2017,56.49185944
SH.XPD.CHEX.PC.CD,SEN,2018,64.37467957
SH.XPD.CHEX.PC.CD,SEN,2019,64.33670807
SH.XPD.CHEX.PC.CD,SEN,2020,75.16521454
SH.XPD.CHEX.PC.CD,SEN,2021,71.12162781
SH.XPD.CHEX.PC.CD,SEN,2022,63.44842529
SH.XPD.CHEX.PC.CD,SEN,2023,73.22670746
SH.XPD.CHEX.PC.CD,SGP,2015,2330.39599609
SH.XPD.CHEX.PC.CD,SGP,2016,2509.92163086
SH.XPD.CHEX.PC.CD,SGP,2017,2673.66210938
SH.XPD.CHEX.PC.CD,SGP,2018,2726.00683594
SH.XPD.CHEX.PC.CD,SGP,2019,2924.24707031
SH.XPD.CHEX.PC.CD,SGP,2020,3541.36450195
SH.XPD.CHEX.PC.CD,SGP,2021,4050.81054688
SH.XPD.CHEX.PC.CD,SGP,2022,3902.14428711
SH.XPD.CHEX.PC.CD,SGP,2023,3921.60253906
SH.XPD.CHEX.PC.CD,SLB,2015,91.08989716
SH.XPD.CHEX.PC.CD,SLB,2016,94.32994843
SH.XPD.CHEX.PC.CD,SLB,2017,89.29357147
SH.XPD.CHEX.PC.CD,SLB,2018,88.03850555
SH.XPD.CHEX.PC.CD,SLB,2019,98.67025757
SH.XPD.CHEX.PC.CD,SLB,2020,100.99560547
SH.XPD.CHEX.PC.CD,SLB,2021,98.80261993
SH.XPD.CHEX.PC.CD,SLB,2022,96.74864197
SH.XPD.CHEX.PC.CD,SLB,2023,111.35532379
SH.XPD.CHEX.PC.CD,SLE,2015,118.66024017
SH.XPD.CHEX.PC.CD,SLE,2016,84.22316742
SH.XPD.CHEX.PC.CD,SLE,2017,47.37737274
SH.XPD.CHEX.PC.CD,SLE,2018,44.82733536
SH.XPD.CHEX.PC.CD,SLE,2019,48.13619995
SH.XPD.CHEX.PC.CD,SLE,2020,47.8861618
SH.XPD.CHEX.PC.CD,SLE,2021,44.90049362
SH.XPD.CHEX.PC.CD,SLE,2022,41.31875229
SH.XPD.CHEX.PC.CD,SLE,2023,35.76205063
SH.XPD.CHEX.PC.CD,SLV,2015,331.96725464
SH.XPD.CHEX.PC.CD,SLV,2016,339.97875977
SH.XPD.CHEX.PC.CD,SLV,2017,338.60742188
SH.XPD.CHEX.PC.CD,SLV,2018,348.18817139
SH.XPD.CHEX.PC.CD,SLV,2019,380.53384399
SH.XPD.CHEX.PC.CD,SLV,2020,357.78799438
SH.XPD.CHEX.PC.CD,SLV,2021,470.14025879
SH.XPD.CHEX.PC.CD,SLV,2022,500.20321655
SH.XPD.CHEX.PC.CD,SLV,2023,500.69497681
SH.XPD.CHEX.PC.CD,SMR,2015,3530.04614258
SH.XPD.CHEX.PC.CD,SMR,2016,3621.23266602
SH.XPD.CHEX.PC.CD,SMR,2017,3672.30322266
SH.XPD.CHEX.PC.CD,SMR,2018,3969.36474609
SH.XPD.CHEX.PC.CD,SMR,2019,3801.21044922
SH.XPD.CHEX.PC.CD,SMR,2020,3758.609375
SH.XPD.CHEX.PC.CD,SMR,2021,4033.1027832
SH.XPD.CHEX.PC.CD,SMR,2022,3874.98535156
SH.XPD.CHEX.PC.CD,SMR,2023,3923.5234375
SH.XPD.CHEX.PC.CD,SOM,2015,14.11613941
SH.XPD.CHEX.PC.CD,SOM,2016,11.76618958
SH.XPD.CHEX.PC.CD,SOM,2017,13.51753426
SH.XPD.CHEX.PC.CD,SOM,2018,12.7819252
SH.XPD.CHEX.PC.CD,SOM,2019,12.99074364
SH.XPD.CHEX.PC.CD,SOM,2020,12.79912567
SH.XPD.CHEX.PC.CD,SOM,2021,15.01879692
SH.XPD.CHEX.PC.CD,SOM,2022,16.31684875
SH.XPD.CHEX.PC.CD,SOM,2023,22.37065506
SH.XPD.CHEX.PC.CD,SRB,2015,491.25177002
SH.XPD.CHEX.PC.CD,SRB,2016,486.42944336
SH.XPD.CHEX.PC.CD,SRB,2017,515.84570313
SH.XPD.CHEX.PC.CD,SRB,2018,617.08691406
SH.XPD.CHEX.PC.CD,SRB,2019,641.04754639
SH.XPD.CHEX.PC.CD,SRB,2020,670.03564453
SH.XPD.CHEX.PC.CD,SRB,2021,889.09753418
SH.XPD.CHEX.PC.CD,SRB,2022,843.57733154
SH.XPD.CHEX.PC.CD,SRB,2023,983.69372559
SH.XPD.CHEX.PC.CD,SSA,2015,82.489905443893
SH.XPD.CHEX.PC.CD,SSA,2016,75.7626158514115
SH.XPD.CHEX.PC.CD,SSA,2017,77.0424878221974
SH.XPD.CHEX.PC.CD,SSA,2018,76.2113611724364
SH.XPD.CHEX.PC.CD,SSA,2019,75.7130467464987
SH.XPD.CHEX.PC.CD,SSA,2020,74.5834016395752
SH.XPD.CHEX.PC.CD,SSA,2021,84.3391558512111
SH.XPD.CHEX.PC.CD,SSA,2022,84.8794895814932
SH.XPD.CHEX.PC.CD,SSA,2023,79.3000496608214
SH.XPD.CHEX.PC.CD,SSD,2017,28.05690956
SH.XPD.CHEX.PC.CD,SSD,2018,31.12328529
SH.XPD.CHEX.PC.CD,SSD,2019,35.18021774
SH.XPD.CHEX.PC.CD,SSD,2020,47.40253067
SH.XPD.CHEX.PC.CD,SSD,2021,34.78803635
SH.XPD.CHEX.PC.CD,SSD,2022,48.03352737
SH.XPD.CHEX.PC.CD,SSD,2023,72.75582886
SH.XPD.CHEX.PC.CD,SSF,2015,82.5345596656596
SH.XPD.CHEX.PC.CD,SSF,2016,75.8169337540862
SH.XPD.CHEX.PC.CD,SSF,2017,77.094841045757
SH.XPD.CHEX.PC.CD,SSF,2018,76.2644789808074
SH.XPD.CHEX.PC.CD,SSF,2019,75.7644771440423
SH.XPD.CHEX.PC.CD,SSF,2020,74.6336640581291
SH.XPD.CHEX.PC.CD,SSF,2021,84.384351286224
SH.XPD.CHEX.PC.CD,SSF,2022,84.9402456642482
SH.XPD.CHEX.PC.CD,SSF,2023,79.3654150583237
SH.XPD.CHEX.PC.CD,SST,2015,654.350530128462
SH.XPD.CHEX.PC.CD,SST,2016,681.723000451672
SH.XPD.CHEX.PC.CD,SST,2017,737.742913227614
SH.XPD.CHEX.PC.CD,SST,2018,793.866190378651
SH.XPD.CHEX.PC.CD,SST,2019,811.643543754382
SH.XPD.CHEX.PC.CD,SST,2020,843.402903978223
SH.XPD.CHEX.PC.CD,SST,2021,964.438696145427
SH.XPD.CHEX.PC.CD,SST,2022,953.147727709784
SH.XPD.CHEX.PC.CD,SST,2023,1008.72140097749
SH.XPD.CHEX.PC.CD,STP,2015,85.37828827
SH.XPD.CHEX.PC.CD,STP,2016,109.73142242
SH.XPD.CHEX.PC.CD,STP,2017,117.07767487
SH.XPD.CHEX.PC.CD,STP,2018,108.87628937
SH.XPD.CHEX.PC.CD,STP,2019,106.86884308
SH.XPD.CHEX.PC.CD,STP,2020,159.84396362
SH.XPD.CHEX.PC.CD,STP,2021,187.06524658
SH.XPD.CHEX.PC.CD,STP,2022,139.02836609
SH.XPD.CHEX.PC.CD,STP,2023,171.05166626
SH.XPD.CHEX.PC.CD,SUR,2015,511.91244507
SH.XPD.CHEX.PC.CD,SUR,2016,338.24822998
SH.XPD.CHEX.PC.CD,SUR,2017,322.00415039
SH.XPD.CHEX.PC.CD,SUR,2018,440.32211304
SH.XPD.CHEX.PC.CD,SUR,2019,588.83825684
SH.XPD.CHEX.PC.CD,SUR,2020,409.86743164
SH.XPD.CHEX.PC.CD,SUR,2021,270.37786865
SH.XPD.CHEX.PC.CD,SUR,2022,344.74603271
SH.XPD.CHEX.PC.CD,SUR,2023,297.04589844
SH.XPD.CHEX.PC.CD,SVK,2015,1108.87817383
SH.XPD.CHEX.PC.CD,SVK,2016,1175.6270752
SH.XPD.CHEX.PC.CD,SVK,2017,1189.07983398
SH.XPD.CHEX.PC.CD,SVK,2018,1299.91125488
SH.XPD.CHEX.PC.CD,SVK,2019,1342.07580566
SH.XPD.CHEX.PC.CD,SVK,2020,1393.62438965
SH.XPD.CHEX.PC.CD,SVK,2021,1684.51550293
SH.XPD.CHEX.PC.CD,SVK,2022,1642.39208984
SH.XPD.CHEX.PC.CD,SVK,2023,1813.46618652
SH.XPD.CHEX.PC.CD,SVN,2015,1775.86071777
SH.XPD.CHEX.PC.CD,SVN,2016,1838.65405273
SH.XPD.CHEX.PC.CD,SVN,2017,1925.03466797
SH.XPD.CHEX.PC.CD,SVN,2018,2169.57885742
SH.XPD.CHEX.PC.CD,SVN,2019,2219.09790039
SH.XPD.CHEX.PC.CD,SVN,2020,2417.20874023
SH.XPD.CHEX.PC.CD,SVN,2021,2779.56591797
SH.XPD.CHEX.PC.CD,SVN,2022,2737.84936523
SH.XPD.CHEX.PC.CD,SVN,2023,3037.7644043
SH.XPD.CHEX.PC.CD,SVN,2024,3370.53076172
SH.XPD.CHEX.PC.CD,SWE,2015,5626.04833984
SH.XPD.CHEX.PC.CD,SWE,2016,5719.45996094
SH.XPD.CHEX.PC.CD,SWE,2017,5871.52294922
SH.XPD.CHEX.PC.CD,SWE,2018,6042.13525391
SH.XPD.CHEX.PC.CD,SWE,2019,5688.04492188
SH.XPD.CHEX.PC.CD,SWE,2020,6030.53271484
SH.XPD.CHEX.PC.CD,SWE,2021,6894.20166016
SH.XPD.CHEX.PC.CD,SWE,2022,6022.39257813
SH.XPD.CHEX.PC.CD,SWE,2023,6206.23046875
SH.XPD.CHEX.PC.CD,SWE,2024,6484.76464844
SH.XPD.CHEX.PC.CD,SWZ,2015,250.71520996
SH.XPD.CHEX.PC.CD,SWZ,2016,226.41770935
SH.XPD.CHEX.PC.CD,SWZ,2017,265.50152588
SH.XPD.CHEX.PC.CD,SWZ,2018,292.33929443
SH.XPD.CHEX.PC.CD,SWZ,2019,320.05084229
SH.XPD.CHEX.PC.CD,SWZ,2020,236.99609375
SH.XPD.CHEX.PC.CD,SWZ,2021,297.72213745
SH.XPD.CHEX.PC.CD,SWZ,2022,284.75802612
SH.XPD.CHEX.PC.CD,SWZ,2023,296.04562378
SH.XPD.CHEX.PC.CD,SYC,2015,566.96704102
SH.XPD.CHEX.PC.CD,SYC,2016,673.19622803
SH.XPD.CHEX.PC.CD,SYC,2017,667.09515381
SH.XPD.CHEX.PC.CD,SYC,2018,685.10827637
SH.XPD.CHEX.PC.CD,SYC,2019,675.47839355
SH.XPD.CHEX.PC.CD,SYC,2020,670.88684082
SH.XPD.CHEX.PC.CD,SYC,2021,629.85974121
SH.XPD.CHEX.PC.CD,SYC,2022,707.34448242
SH.XPD.CHEX.PC.CD,SYC,2023,766.28778076
SH.XPD.CHEX.PC.CD,SYR,2015,38.17871475
SH.XPD.CHEX.PC.CD,SYR,2016,27.40652657
SH.XPD.CHEX.PC.CD,SYR,2017,35.57104874
SH.XPD.CHEX.PC.CD,SYR,2018,46.24067307
SH.XPD.CHEX.PC.CD,SYR,2019,55.2208252
SH.XPD.CHEX.PC.CD,SYR,2020,37.03173065
SH.XPD.CHEX.PC.CD,SYR,2021,53.4726181
SH.XPD.CHEX.PC.CD,SYR,2022,53.26486588
SH.XPD.CHEX.PC.CD,SYR,2023,33.34017944
SH.XPD.CHEX.PC.CD,TCD,2015,33.82092285
SH.XPD.CHEX.PC.CD,TCD,2016,31.96038055
SH.XPD.CHEX.PC.CD,TCD,2017,29.9935894
SH.XPD.CHEX.PC.CD,TCD,2018,31.2043705
SH.XPD.CHEX.PC.CD,TCD,2019,30.23690224
SH.XPD.CHEX.PC.CD,TCD,2020,37.73088074
SH.XPD.CHEX.PC.CD,TCD,2021,37.59156799
SH.XPD.CHEX.PC.CD,TCD,2022,40.17007446
SH.XPD.CHEX.PC.CD,TCD,2023,47.43893051
SH.XPD.CHEX.PC.CD,TEA,2015,307.285016378459
SH.XPD.CHEX.PC.CD,TEA,2016,312.594700652347
SH.XPD.CHEX.PC.CD,TEA,2017,342.769055060083
SH.XPD.CHEX.PC.CD,TEA,2018,388.627016996157
SH.XPD.CHEX.PC.CD,TEA,2019,414.62703931563
SH.XPD.CHEX.PC.CD,TEA,2020,446.471116609362
SH.XPD.CHEX.PC.CD,TEA,2021,515.545559248001
SH.XPD.CHEX.PC.CD,TEA,2022,566.052535523033
SH.XPD.CHEX.PC.CD,TEA,2023,570.065194520576
SH.XPD.CHEX.PC.CD,TEC,2015,416.867867300176
SH.XPD.CHEX.PC.CD,TEC,2016,406.363821785837
SH.XPD.CHEX.PC.CD,TEC,2017,454.56238580521
SH.XPD.CHEX.PC.CD,TEC,2018,472.92294572173
SH.XPD.CHEX.PC.CD,TEC,2019,499.118925005059
SH.XPD.CHEX.PC.CD,TEC,2020,565.47187430609
SH.XPD.CHEX.PC.CD,TEC,2021,641.692030073061
SH.XPD.CHEX.PC.CD,TEC,2022,732.6197329168
SH.XPD.CHEX.PC.CD,TEC,2023,791.091170293933
SH.XPD.CHEX.PC.CD,TGO,2015,46.92110825
SH.XPD.CHEX.PC.CD,TGO,2016,50.8783493
SH.XPD.CHEX.PC.CD,TGO,2017,51.5464592
SH.XPD.CHEX.PC.CD,TGO,2018,52.43610382
SH.XPD.CHEX.PC.CD,TGO,2019,48.85387421
SH.XPD.CHEX.PC.CD,TGO,2020,52.75213242
SH.XPD.CHEX.PC.CD,TGO,2021,52.72237015
SH.XPD.CHEX.PC.CD,TGO,2022,55.79545593
SH.XPD.CHEX.PC.CD,TGO,2023,59.60503769
SH.XPD.CHEX.PC.CD,THA,2015,219.15092468
SH.XPD.CHEX.PC.CD,THA,2016,229.7849884
SH.XPD.CHEX.PC.CD,THA,2017,247.08152771
SH.XPD.CHEX.PC.CD,THA,2018,274.71221924
SH.XPD.CHEX.PC.CD,THA,2019,288.31097412
SH.XPD.CHEX.PC.CD,THA,2020,304.3817749
SH.XPD.CHEX.PC.CD,THA,2021,363.72845459
SH.XPD.CHEX.PC.CD,THA,2022,369.97647095
SH.XPD.CHEX.PC.CD,THA,2023,326.50482178
SH.XPD.CHEX.PC.CD,TJK,2015,62.75804901
SH.XPD.CHEX.PC.CD,TJK,2016,54.9213562
SH.XPD.CHEX.PC.CD,TJK,2017,56.85092545
SH.XPD.CHEX.PC.CD,TJK,2018,58.51539993
SH.XPD.CHEX.PC.CD,TJK,2019,60.51568222
SH.XPD.CHEX.PC.CD,TJK,2020,74.17329407
SH.XPD.CHEX.PC.CD,TJK,2021,75.10315704
SH.XPD.CHEX.PC.CD,TJK,2022,78.61326599
SH.XPD.CHEX.PC.CD,TJK,2023,85.14702606
SH.XPD.CHEX.PC.CD,TKM,2015,362.72949219
SH.XPD.CHEX.PC.CD,TKM,2016,376.65567017
SH.XPD.CHEX.PC.CD,TKM,2017,410.81082153
SH.XPD.CHEX.PC.CD,TKM,2018,411.32562256
SH.XPD.CHEX.PC.CD,TKM,2019,432.78118896
SH.XPD.CHEX.PC.CD,TKM,2020,420.0083313
SH.XPD.CHEX.PC.CD,TKM,2021,471.86325073
SH.XPD.CHEX.PC.CD,TKM,2022,579.15454102
SH.XPD.CHEX.PC.CD,TKM,2023,581.38220215
SH.XPD.CHEX.PC.CD,TLA,2015,675.637724305284
SH.XPD.CHEX.PC.CD,TLA,2016,648.459181358459
SH.XPD.CHEX.PC.CD,TLA,2017,733.765560892935
SH.XPD.CHEX.PC.CD,TLA,2018,671.941089009649
SH.XPD.CHEX.PC.CD,TLA,2019,654.635269750467
SH.XPD.CHEX.PC.CD,TLA,2020,579.294045090621
SH.XPD.CHEX.PC.CD,TLA,2021,672.712481297088
SH.XPD.CHEX.PC.CD,TLA,2022,731.083036553733
SH.XPD.CHEX.PC.CD,TLA,2023,815.300226297436
SH.XPD.CHEX.PC.CD,TLS,2015,101.4779892
SH.XPD.CHEX.PC.CD,TLS,2016,92.69400787
SH.XPD.CHEX.PC.CD,TLS,2017,86.16269684
SH.XPD.CHEX.PC.CD,TLS,2018,78.07413483
SH.XPD.CHEX.PC.CD,TLS,2019,78.01346588
SH.XPD.CHEX.PC.CD,TLS,2020,118.49451447
SH.XPD.CHEX.PC.CD,TLS,2021,132.07870483
SH.XPD.CHEX.PC.CD,TLS,2022,174.91529846
SH.XPD.CHEX.PC.CD,TLS,2023,144.21452332
SH.XPD.CHEX.PC.CD,TMN,2015,158.912484998384
SH.XPD.CHEX.PC.CD,TMN,2016,157.358811613511
SH.XPD.CHEX.PC.CD,TMN,2017,158.055271163238
SH.XPD.CHEX.PC.CD,TMN,2018,138.635536441969
SH.XPD.CHEX.PC.CD,TMN,2019,134.686334431318
SH.XPD.CHEX.PC.CD,TMN,2020,124.429475733351
SH.XPD.CHEX.PC.CD,TMN,2021,131.194717308625
SH.XPD.CHEX.PC.CD,TMN,2022,135.665737678531
SH.XPD.CHEX.PC.CD,TMN,2023,138.738077507188
SH.XPD.CHEX.PC.CD,TON,2015,181.91452026
SH.XPD.CHEX.PC.CD,TON,2016,208.53982544
SH.XPD.CHEX.PC.CD,TON,2017,246.34036255
SH.XPD.CHEX.PC.CD,TON,2018,278.49508667
SH.XPD.CHEX.PC.CD,TON,2019,266.68792725
SH.XPD.CHEX.PC.CD,TON,2020,262.55459595
SH.XPD.CHEX.PC.CD,TON,2021,348.79745483
SH.XPD.CHEX.PC.CD,TON,2022,382.79116821
SH.XPD.CHEX.PC.CD,TON,2023,357.54415894
SH.XPD.CHEX.PC.CD,TSA,2015,56.7417052203768
SH.XPD.CHEX.PC.CD,TSA,2016,58.8470714953936
SH.XPD.CHEX.PC.CD,TSA,2017,56.5030929296534
SH.XPD.CHEX.PC.CD,TSA,2018,57.6271937496546
SH.XPD.CHEX.PC.CD,TSA,2019,60.4097547940249
SH.XPD.CHEX.PC.CD,TSA,2020,63.7995398712069
SH.XPD.CHEX.PC.CD,TSA,2021,75.4653344021482
SH.XPD.CHEX.PC.CD,TSA,2022,79.9919658936364
SH.XPD.CHEX.PC.CD,TSA,2023,82.4869859574525
SH.XPD.CHEX.PC.CD,TSS,2015,82.5345596656596
SH.XPD.CHEX.PC.CD,TSS,2016,75.8169337540862
SH.XPD.CHEX.PC.CD,TSS,2017,77.094841045757
SH.XPD.CHEX.PC.CD,TSS,2018,76.2644789808074
SH.XPD.CHEX.PC.CD,TSS,2019,75.7644771440424
SH.XPD.CHEX.PC.CD,TSS,2020,74.6336640581291
SH.XPD.CHEX.PC.CD,TSS,2021,84.384351286224
SH.XPD.CHEX.PC.CD,TSS,2022,84.9402456642481
SH.XPD.CHEX.PC.CD,TSS,2023,79.3654150583237
SH.XPD.CHEX.PC.CD,TTO,2015,1061.58666992
SH.XPD.CHEX.PC.CD,TTO,2016,1064.41772461
SH.XPD.CHEX.PC.CD,TTO,2017,1083.37609863
SH.XPD.CHEX.PC.CD,TTO,2018,1080.45397949
SH.XPD.CHEX.PC.CD,TTO,2019,1097.20556641
SH.XPD.CHEX.PC.CD,TTO,2020,1059.72583008
SH.XPD.CHEX.PC.CD,TTO,2021,1170.93859863
SH.XPD.CHEX.PC.CD,TTO,2022,1266.28820801
SH.XPD.CHEX.PC.CD,TTO,2023,1276.33862305
SH.XPD.CHEX.PC.CD,TUN,2015,249.46418762
SH.XPD.CHEX.PC.CD,TUN,2016,240.40258789
SH.XPD.CHEX.PC.CD,TUN,2017,223.85903931
SH.XPD.CHEX.PC.CD,TUN,2018,215.418396
SH.XPD.CHEX.PC.CD,TUN,2019,212.60031128
SH.XPD.CHEX.PC.CD,TUN,2020,250.40145874
SH.XPD.CHEX.PC.CD,TUN,2021,285.25247192
SH.XPD.CHEX.PC.CD,TUN,2022,276.46380615
SH.XPD.CHEX.PC.CD,TUN,2023,317.70983887
SH.XPD.CHEX.PC.CD,TUR,2015,444.70803833
SH.XPD.CHEX.PC.CD,TUR,2016,456.3659668
SH.XPD.CHEX.PC.CD,TUR,2017,432.13754272
SH.XPD.CHEX.PC.CD,TUR,2018,380.27835083
SH.XPD.CHEX.PC.CD,TUR,2019,388.67486572
SH.XPD.CHEX.PC.CD,TUR,2020,386.2593689
SH.XPD.CHEX.PC.CD,TUR,2021,431.33978271
SH.XPD.CHEX.PC.CD,TUR,2022,385.87997437
SH.XPD.CHEX.PC.CD,TUR,2023,547.8145752
SH.XPD.CHEX.PC.CD,TUV,2015,451.35287476
SH.XPD.CHEX.PC.CD,TUV,2016,697.99798584
SH.XPD.CHEX.PC.CD,TUV,2017,1017.49633789
SH.XPD.CHEX.PC.CD,TUV,2018,819.41162109
SH.XPD.CHEX.PC.CD,TUV,2019,1138.82617188
SH.XPD.CHEX.PC.CD,TUV,2020,899.59460449
SH.XPD.CHEX.PC.CD,TUV,2021,1122.39929199
SH.XPD.CHEX.PC.CD,TUV,2022,1300.46679688
SH.XPD.CHEX.PC.CD,TUV,2023,1723.56542969
SH.XPD.CHEX.PC.CD,TZA,2015,33.27184296
SH.XPD.CHEX.PC.CD,TZA,2016,36.65267563
SH.XPD.CHEX.PC.CD,TZA,2017,39.03767014
SH.XPD.CHEX.PC.CD,TZA,2018,41.27171326
SH.XPD.CHEX.PC.CD,TZA,2019,39.97783661
SH.XPD.CHEX.PC.CD,TZA,2020,31.7036171
SH.XPD.CHEX.PC.CD,TZA,2021,37.53121185
SH.XPD.CHEX.PC.CD,TZA,2022,35.93323135
SH.XPD.CHEX.PC.CD,TZA,2023,36.25619888
SH.XPD.CHEX.PC.CD,UGA,2015,40.09843445
SH.XPD.CHEX.PC.CD,UGA,2016,39.08125305
SH.XPD.CHEX.PC.CD,UGA,2017,31.43818092
SH.XPD.CHEX.PC.CD,UGA,2018,32.9515686
SH.XPD.CHEX.PC.CD,UGA,2019,33.36559677
SH.XPD.CHEX.PC.CD,UGA,2020,44.73381805
SH.XPD.CHEX.PC.CD,UGA,2021,51.03484726
SH.XPD.CHEX.PC.CD,UGA,2022,44.47286224
SH.XPD.CHEX.PC.CD,UGA,2023,45.21318436
SH.XPD.CHEX.PC.CD,UKR,2015,154.75454712
SH.XPD.CHEX.PC.CD,UKR,2016,154.5546875
SH.XPD.CHEX.PC.CD,UKR,2017,183.69506836
SH.XPD.CHEX.PC.CD,UKR,2018,217.73760986
SH.XPD.CHEX.PC.CD,UKR,2019,242.81388855
SH.XPD.CHEX.PC.CD,UKR,2020,265.07846069
SH.XPD.CHEX.PC.CD,UKR,2021,369.90487671
SH.XPD.CHEX.PC.CD,URY,2015,1424.8939209
SH.XPD.CHEX.PC.CD,URY,2016,1469.38964844
SH.XPD.CHEX.PC.CD,URY,2017,1672.3314209
SH.XPD.CHEX.PC.CD,URY,2018,1713.26611328
SH.XPD.CHEX.PC.CD,URY,2019,1692.50195313
SH.XPD.CHEX.PC.CD,URY,2020,1432.00463867
SH.XPD.CHEX.PC.CD,URY,2021,1594.98059082
SH.XPD.CHEX.PC.CD,URY,2022,1850.80737305
SH.XPD.CHEX.PC.CD,URY,2023,2076.09423828
SH.XPD.CHEX.PC.CD,USA,2015,9200.93164063
SH.XPD.CHEX.PC.CD,USA,2016,9535.60058594
SH.XPD.CHEX.PC.CD,USA,2017,9822.60644531
SH.XPD.CHEX.PC.CD,USA,2018,10180.48242188
SH.XPD.CHEX.PC.CD,USA,2019,10550.22070313
SH.XPD.CHEX.PC.CD,USA,2020,11648.49511719
SH.XPD.CHEX.PC.CD,USA,2021,12080.07324219
SH.XPD.CHEX.PC.CD,USA,2022,12586.19628906
SH.XPD.CHEX.PC.CD,USA,2023,13473.19335938
SH.XPD.CHEX.PC.CD,UZB,2015,132.60565186
SH.XPD.CHEX.PC.CD,UZB,2016,129.82177734
SH.XPD.CHEX.PC.CD,UZB,2017,93.4151535
SH.XPD.CHEX.PC.CD,UZB,2018,82.53038788
SH.XPD.CHEX.PC.CD,UZB,2019,98.6240387
SH.XPD.CHEX.PC.CD,UZB,2020,120.29019165
SH.XPD.CHEX.PC.CD,UZB,2021,156.44789124
SH.XPD.CHEX.PC.CD,UZB,2022,170.64073181
SH.XPD.CHEX.PC.CD,UZB,2023,192.11869812
SH.XPD.CHEX.PC.CD,VCT,2015,302.58422852
SH.XPD.CHEX.PC.CD,VCT,2016,313.66229248
SH.XPD.CHEX.PC.CD,VCT,2017,337.89614868
SH.XPD.CHEX.PC.CD,VCT,2018,358.53372192
SH.XPD.CHEX.PC.CD,VCT,2019,372.05615234
SH.XPD.CHEX.PC.CD,VCT,2020,406.3571167
SH.XPD.CHEX.PC.CD,VCT,2021,454.784729
SH.XPD.CHEX.PC.CD,VCT,2022,437.94085693
SH.XPD.CHEX.PC.CD,VCT,2023,469.20709229
SH.XPD.CHEX.PC.CD,VEN,2018,164.68154907
SH.XPD.CHEX.PC.CD,VEN,2019,112.72974396
SH.XPD.CHEX.PC.CD,VEN,2020,153.21711731
SH.XPD.CHEX.PC.CD,VEN,2021,162.43952942
SH.XPD.CHEX.PC.CD,VEN,2022,208.66654968
SH.XPD.CHEX.PC.CD,VEN,2023,185.99124146
SH.XPD.CHEX.PC.CD,VNM,2015,121.43981171
SH.XPD.CHEX.PC.CD,VNM,2016,133.1960144
SH.XPD.CHEX.PC.CD,VNM,2017,147.51425171
SH.XPD.CHEX.PC.CD,VNM,2018,161.97871399
SH.XPD.CHEX.PC.CD,VNM,2019,171.15296936
SH.XPD.CHEX.PC.CD,VNM,2020,153.10160828
SH.XPD.CHEX.PC.CD,VNM,2021,168.09350586
SH.XPD.CHEX.PC.CD,VNM,2022,188.22650146
SH.XPD.CHEX.PC.CD,VNM,2023,197.19210815
SH.XPD.CHEX.PC.CD,VUT,2015,118.71543121
SH.XPD.CHEX.PC.CD,VUT,2016,88.35998535
SH.XPD.CHEX.PC.CD,VUT,2017,91.04128265
SH.XPD.CHEX.PC.CD,VUT,2018,110.32492065
SH.XPD.CHEX.PC.CD,VUT,2019,112.13746643
SH.XPD.CHEX.PC.CD,VUT,2020,125.41011047
SH.XPD.CHEX.PC.CD,VUT,2021,142.56698608
SH.XPD.CHEX.PC.CD,VUT,2022,136.79508972
SH.XPD.CHEX.PC.CD,VUT,2023,143.43753052
SH.XPD.CHEX.PC.CD,WLD,2015,974.714283707483
SH.XPD.CHEX.PC.CD,WLD,2016,991.779310632074
SH.XPD.CHEX.PC.CD,WLD,2017,1028.42157826006
SH.XPD.CHEX.PC.CD,WLD,2018,1067.41927020965
SH.XPD.CHEX.PC.CD,WLD,2019,1084.6050485617
SH.XPD.CHEX.PC.CD,WLD,2020,1159.69675152588
SH.XPD.CHEX.PC.CD,WLD,2021,1257.61590669893
SH.XPD.CHEX.PC.CD,WLD,2022,1266.20700430915
SH.XPD.CHEX.PC.CD,WLD,2023,1317.2564716259
SH.XPD.CHEX.PC.CD,WSM,2015,232.50479126
SH.XPD.CHEX.PC.CD,WSM,2016,238.35044861
SH.XPD.CHEX.PC.CD,WSM,2017,220.82336426
SH.XPD.CHEX.PC.CD,WSM,2018,200.40919495
SH.XPD.CHEX.PC.CD,WSM,2019,242.91064453
SH.XPD.CHEX.PC.CD,WSM,2020,252.77748108
SH.XPD.CHEX.PC.CD,WSM,2021,285.65393066
SH.XPD.CHEX.PC.CD,WSM,2022,259.95404053
SH.XPD.CHEX.PC.CD,WSM,2023,292.81085205
SH.XPD.CHEX.PC.CD,YEM,2015,88.40743256
SH.XPD.CHEX.PC.CD,YEM,2016,75.22454071
SH.XPD.CHEX.PC.CD,YEM,2017,87.29970551
SH.XPD.CHEX.PC.CD,YEM,2018,143.68727112
SH.XPD.CHEX.PC.CD,YEM,2019,80.94759369
SH.XPD.CHEX.PC.CD,YEM,2020,65.17704773
SH.XPD.CHEX.PC.CD,YEM,2021,49.30105209
SH.XPD.CHEX.PC.CD,YEM,2022,54.29036331
SH.XPD.CHEX.PC.CD,YEM,2023,47.78109741
SH.XPD.CHEX.PC.CD,ZAF,2015,491.90652466
SH.XPD.CHEX.PC.CD,ZAF,2016,456.56936646
SH.XPD.CHEX.PC.CD,ZAF,2017,527.52026367
SH.XPD.CHEX.PC.CD,ZAF,2018,558.80145264
SH.XPD.CHEX.PC.CD,ZAF,2019,538.80438232
SH.XPD.CHEX.PC.CD,ZAF,2020,503.46759033
SH.XPD.CHEX.PC.CD,ZAF,2021,592.9465332
SH.XPD.CHEX.PC.CD,ZAF,2022,570.48028564
SH.XPD.CHEX.PC.CD,ZAF,2023,536.58843994
SH.XPD.CHEX.PC.CD,ZMB,2015,57.38765335
SH.XPD.CHEX.PC.CD,ZMB,2016,55.39532089
SH.XPD.CHEX.PC.CD,ZMB,2017,70.93283844
SH.XPD.CHEX.PC.CD,ZMB,2018,69.82767487
SH.XPD.CHEX.PC.CD,ZMB,2019,85.02349854
SH.XPD.CHEX.PC.CD,ZMB,2020,60.01779938
SH.XPD.CHEX.PC.CD,ZMB,2021,74.83802795
SH.XPD.CHEX.PC.CD,ZMB,2022,75.40128326
SH.XPD.CHEX.PC.CD,ZMB,2023,79.55635071
SH.XPD.CHEX.PC.CD,ZWE,2015,103.31652832
SH.XPD.CHEX.PC.CD,ZWE,2016,102.15909576
SH.XPD.CHEX.PC.CD,ZWE,2017,91.87199402
SH.XPD.CHEX.PC.CD,ZWE,2018,114.76815033
SH.XPD.CHEX.PC.CD,ZWE,2019,55.10725403
SH.XPD.CHEX.PC.CD,ZWE,2020,51.14250565
SH.XPD.CHEX.PC.CD,ZWE,2021,60.89874268
SH.XPD.CHEX.PC.CD,ZWE,2022,68.90727997
SH.XPD.CHEX.PC.CD,ZWE,2023,62.92946243
SP.POP.TOTL,ABW,2015,107906.0
SP.POP.TOTL,ABW,2016,108727.0
SP.POP.TOTL,ABW,2017,108735.0
SP.POP.TOTL,ABW,2018,108908.0
SP.POP.TOTL,ABW,2019,109203.0
SP.POP.TOTL,ABW,2020,108587.0
SP.POP.TOTL,ABW,2021,107700.0
SP.POP.TOTL,ABW,2022,107310.0
SP.POP.TOTL,ABW,2023,107359.0
SP.POP.TOTL,ABW,2024,107995.0
SP.POP.TOTL,ABW,2025,108785.0
SP.POP.TOTL,AFE,2015,607123269.0
SP.POP.TOTL,AFE,2016,623369401.0
SP.POP.TOTL,AFE,2017,640058741.0
SP.POP.TOTL,AFE,2018,657801085.0
SP.POP.TOTL,AFE,2019,675950189.0
SP.POP.TOTL,AFE,2020,694446100.0
SP.POP.TOTL,AFE,2021,713090928.0
SP.POP.TOTL,AFE,2022,731821393.0
SP.POP.TOTL,AFE,2023,750491370.0
SP.POP.TOTL,AFE,2024,769280888.0
SP.POP.TOTL,AFE,2025,788844284.0
SP.POP.TOTL,AFG,2015,33831764.0
SP.POP.TOTL,AFG,2016,34700612.0
SP.POP.TOTL,AFG,2017,35688935.0
SP.POP.TOTL,AFG,2018,36743039.0
SP.POP.TOTL,AFG,2019,37856121.0
SP.POP.TOTL,AFG,2020,39068979.0
SP.POP.TOTL,AFG,2021,40000412.0
SP.POP.TOTL,AFG,2022,40578842.0
SP.POP.TOTL,AFG,2023,41454761.0
SP.POP.TOTL,AFG,2024,42647492.0
SP.POP.TOTL,AFG,2025,43844111.0
SP.POP.TOTL,AFW,2015,417536152.0
SP.POP.TOTL,AFW,2016,428797338.0
SP.POP.TOTL,AFW,2017,440150152.0
SP.POP.TOTL,AFW,2018,451395343.0
SP.POP.TOTL,AFW,2019,462522286.0
SP.POP.TOTL,AFW,2020,473687685.0
SP.POP.TOTL,AFW,2021,484978794.0
SP.POP.TOTL,AFW,2022,496366058.0
SP.POP.TOTL,AFW,2023,508318102.0
SP.POP.TOTL,AFW,2024,520655398.0
SP.POP.TOTL,AFW,2025,532809933.0
SP.POP.TOTL,AGO,2015,28157798.0
SP.POP.TOTL,AGO,2016,29183070.0
SP.POP.TOTL,AGO,2017,30234839.0
SP.POP.TOTL,AGO,2018,31297155.0
SP.POP.TOTL,AGO,2019,32375632.0
SP.POP.TOTL,AGO,2020,33451132.0
SP.POP.TOTL,AGO,2021,34532429.0
SP.POP.TOTL,AGO,2022,35635029.0
SP.POP.TOTL,AGO,2023,36749906.0
SP.POP.TOTL,AGO,2024,37885849.0
SP.POP.TOTL,AGO,2025,39040039.0
SP.POP.TOTL,ALB,2015,2731293.0
SP.POP.TOTL,ALB,2016,2689469.0
SP.POP.TOTL,ALB,2017,2648285.0
SP.POP.TOTL,ALB,2018,2607733.0
SP.POP.TOTL,ALB,2019,2567801.0
SP.POP.TOTL,ALB,2020,2528480.0
SP.POP.TOTL,ALB,2021,2489762.0
SP.POP.TOTL,ALB,2022,2451636.0
SP.POP.TOTL,ALB,2023,2411658.0
SP.POP.TOTL,ALB,2024,2377128.0
SP.POP.TOTL,ALB,2025,2349580.0
SP.POP.TOTL,AND,2015,72174.0
SP.POP.TOTL,AND,2016,72181.0
SP.POP.TOTL,AND,2017,73763.0
SP.POP.TOTL,AND,2018,75162.0
SP.POP.TOTL,AND,2019,76474.0
SP.POP.TOTL,AND,2020,77380.0
SP.POP.TOTL,AND,2021,78364.0
SP.POP.TOTL,AND,2022,79705.0
SP.POP.TOTL,AND,2023,80856.0
SP.POP.TOTL,AND,2024,81938.0
SP.POP.TOTL,AND,2025,82904.0
SP.POP.TOTL,ARB,2015,410190679.0
SP.POP.TOTL,ARB,2016,419808341.0
SP.POP.TOTL,ARB,2017,428315886.0
SP.POP.TOTL,ARB,2018,435998060.0
SP.POP.TOTL,ARB,2019,444281315.0
SP.POP.TOTL,ARB,2020,453723239.0
SP.POP.TOTL,ARB,2021,460646603.0
SP.POP.TOTL,ARB,2022,471352066.0
SP.POP.TOTL,ARB,2023,482105978.0
SP.POP.TOTL,ARB,2024,492612632.0
SP.POP.TOTL,ARB,2025,503356133.0
SP.POP.TOTL,ARE,2015,8505237.0
SP.POP.TOTL,ARE,2016,8935095.0
SP.POP.TOTL,ARE,2017,9223225.0
SP.POP.TOTL,ARE,2018,9346701.0
SP.POP.TOTL,ARE,2019,9445785.0
SP.POP.TOTL,ARE,2020,9401038.0
SP.POP.TOTL,ARE,2021,9575152.0
SP.POP.TOTL,ARE,2022,10074977.0
SP.POP.TOTL,ARE,2023,10483751.0
SP.POP.TOTL,ARE,2024,10986400.0
SP.POP.TOTL,ARE,2025,11513149.0
SP.POP.TOTL,ARG,2015,43477012.0
SP.POP.TOTL,ARG,2016,43900313.0
SP.POP.TOTL,ARG,2017,44288894.0
SP.POP.TOTL,ARG,2018,44654882.0
SP.POP.TOTL,ARG,2019,44973465.0
SP.POP.TOTL,ARG,2020,45191965.0
SP.POP.TOTL,ARG,2021,45312281.0
SP.POP.TOTL,ARG,2022,45407904.0
SP.POP.TOTL,ARG,2023,45538401.0
SP.POP.TOTL,ARG,2024,45696159.0
SP.POP.TOTL,ARG,2025,45851378.0
SP.POP.TOTL,ARM,2015,3004600.0
SP.POP.TOTL,ARM,2016,2992300.0
SP.POP.TOTL,ARM,2017,2979400.0
SP.POP.TOTL,ARM,2018,2969000.0
SP.POP.TOTL,ARM,2019,2962500.0
SP.POP.TOTL,ARM,2020,2961500.0
SP.POP.TOTL,ARM,2021,2962300.0
SP.POP.TOTL,ARM,2022,2969200.0
SP.POP.TOTL,ARM,2023,2964300.0
SP.POP.TOTL,ARM,2024,3033500.0
SP.POP.TOTL,ARM,2025,3086700.0
SP.POP.TOTL,ASM,2015,52878.0
SP.POP.TOTL,ASM,2016,52245.0
SP.POP.TOTL,ASM,2017,51586.0
SP.POP.TOTL,ASM,2018,50908.0
SP.POP.TOTL,ASM,2019,50209.0
SP.POP.TOTL,ASM,2020,49761.0
SP.POP.TOTL,ASM,2021,49225.0
SP.POP.TOTL,ASM,2022,48342.0
SP.POP.TOTL,ASM,2023,47521.0
SP.POP.TOTL,ASM,2024,46765.0
SP.POP.TOTL,ASM,2025,46029.0
SP.POP.TOTL,ATG,2015,89409.0
SP.POP.TOTL,ATG,2016,89969.0
SP.POP.TOTL,ATG,2017,90468.0
SP.POP.TOTL,ATG,2018,90926.0
SP.POP.TOTL,ATG,2019,91364.0
SP.POP.TOTL,ATG,2020,91846.0
SP.POP.TOTL,ATG,2021,92349.0
SP.POP.TOTL,ATG,2022,92840.0
SP.POP.TOTL,ATG,2023,93316.0
SP.POP.TOTL,ATG,2024,93772.0
SP.POP.TOTL,ATG,2025,94209.0
SP.POP.TOTL,AUS,2015,23815995.0
SP.POP.TOTL,AUS,2016,24190907.0
SP.POP.TOTL,AUS,2017,24592588.0
SP.POP.TOTL,AUS,2018,24963258.0
SP.POP.TOTL,AUS,2019,25334826.0
SP.POP.TOTL,AUS,2020,25649248.0
SP.POP.TOTL,AUS,2021,25685412.0
SP.POP.TOTL,AUS,2022,26018721.0
SP.POP.TOTL,AUS,2023,26659922.0
SP.POP.TOTL,AUS,2024,27194286.0
SP.POP.TOTL,AUS,2025,27614411.0
SP.POP.TOTL,AUT,2015,8642699.0
SP.POP.TOTL,AUT,2016,8736668.0
SP.POP.TOTL,AUT,2017,8797566.0
SP.POP.TOTL,AUT,2018,8840521.0
SP.POP.TOTL,AUT,2019,8879920.0
SP.POP.TOTL,AUT,2020,8916864.0
SP.POP.TOTL,AUT,2021,8955797.0
SP.POP.TOTL,AUT,2022,9041851.0
SP.POP.TOTL,AUT,2023,9131761.0
SP.POP.TOTL,AUT,2024,9177982.0
SP.POP.TOTL,AUT,2025,9208163.0
SP.POP.TOTL,AZE,2015,9649341.0
SP.POP.TOTL,AZE,2016,9757812.0
SP.POP.TOTL,AZE,2017,9854033.0
SP.POP.TOTL,AZE,2018,9939771.0
SP.POP.TOTL,AZE,2019,10024283.0
SP.POP.TOTL,AZE,2020,10093121.0
SP.POP.TOTL,AZE,2021,10137750.0
SP.POP.TOTL,AZE,2022,10141756.0
SP.POP.TOTL,AZE,2023,10153958.0
SP.POP.TOTL,AZE,2024,10202830.0
SP.POP.TOTL,AZE,2025,10246996.0
SP.POP.TOTL,BDI,2015,11047580.0
SP.POP.TOTL,BDI,2016,11239451.0
SP.POP.TOTL,BDI,2017,11506762.0
SP.POP.TOTL,BDI,2018,11859446.0
SP.POP.TOTL,BDI,2019,12255336.0
SP.POP.TOTL,BDI,2020,12617036.0
SP.POP.TOTL,BDI,2021,12965481.0
SP.POP.TOTL,BDI,2022,13321097.0
SP.POP.TOTL,BDI,2023,13689450.0
SP.POP.TOTL,BDI,2024,14047786.0
SP.POP.TOTL,BDI,2025,14390003.0
SP.POP.TOTL,BEL,2015,11274196.0
SP.POP.TOTL,BEL,2016,11331422.0
SP.POP.TOTL,BEL,2017,11375158.0
SP.POP.TOTL,BEL,2018,11427054.0
SP.POP.TOTL,BEL,2019,11488980.0
SP.POP.TOTL,BEL,2020,11538604.0
SP.POP.TOTL,BEL,2021,11586195.0
SP.POP.TOTL,BEL,2022,11680210.0
SP.POP.TOTL,BEL,2023,11779946.0
SP.POP.TOTL,BEL,2024,11858610.0
SP.POP.TOTL,BEL,2025,11941781.0
SP.POP.TOTL,BEN,2015,11360681.0
SP.POP.TOTL,BEN,2016,11697842.0
SP.POP.TOTL,BEN,2017,12039780.0
SP.POP.TOTL,BEN,2018,12383347.0
SP.POP.TOTL,BEN,2019,12726755.0
SP.POP.TOTL,BEN,2020,13070169.0
SP.POP.TOTL,BEN,2021,13413417.0
SP.POP.TOTL,BEN,2022,13759501.0
SP.POP.TOTL,BEN,2023,14111034.0
SP.POP.TOTL,BEN,2024,14462724.0
SP.POP.TOTL,BEN,2025,14814460.0
SP.POP.TOTL,BFA,2015,18777487.0
SP.POP.TOTL,BFA,2016,19334856.0
SP.POP.TOTL,BFA,2017,19894407.0
SP.POP.TOTL,BFA,2018,20438288.0
SP.POP.TOTL,BFA,2019,20961952.0
SP.POP.TOTL,BFA,2020,21478690.0
SP.POP.TOTL,BFA,2021,21995243.0
SP.POP.TOTL,BFA,2022,22509038.0
SP.POP.TOTL,BFA,2023,23025776.0
SP.POP.TOTL,BFA,2024,23548781.0
SP.POP.TOTL,BFA,2025,24074580.0
SP.POP.TOTL,BGD,2015,159383179.0
SP.POP.TOTL,BGD,2016,160811932.0
SP.POP.TOTL,BGD,2017,162186147.0
SP.POP.TOTL,BGD,2018,163523103.0
SP.POP.TOTL,BGD,2019,164913055.0
SP.POP.TOTL,BGD,2020,166298024.0
SP.POP.TOTL,BGD,2021,167658854.0
SP.POP.TOTL,BGD,2022,169384897.0
SP.POP.TOTL,BGD,2023,171466990.0
SP.POP.TOTL,BGD,2024,173562364.0
SP.POP.TOTL,BGD,2025,175686899.0
SP.POP.TOTL,BGR,2015,6984225.0
SP.POP.TOTL,BGR,2016,6894139.0
SP.POP.TOTL,BGR,2017,6803468.0
SP.POP.TOTL,BGR,2018,6710798.0
SP.POP.TOTL,BGR,2019,6616726.0
SP.POP.TOTL,BGR,2020,6550696.0
SP.POP.TOTL,BGR,2021,6507301.0
SP.POP.TOTL,BGR,2022,6465097.0
SP.POP.TOTL,BGR,2023,6446596.0
SP.POP.TOTL,BGR,2024,6441421.0
SP.POP.TOTL,BGR,2025,6433302.0
SP.POP.TOTL,BHR,2015,1370322.0
SP.POP.TOTL,BHR,2016,1423726.0
SP.POP.TOTL,BHR,2017,1501116.0
SP.POP.TOTL,BHR,2018,1503091.0
SP.POP.TOTL,BHR,2019,1483756.0
SP.POP.TOTL,BHR,2020,1472204.0
SP.POP.TOTL,BHR,2021,1504365.0
SP.POP.TOTL,BHR,2022,1524693.0
SP.POP.TOTL,BHR,2023,1577059.0
SP.POP.TOTL,BHR,2024,1588670.0
SP.POP.TOTL,BHR,2025,1600366.0
SP.POP.TOTL,BHS,2015,385346.0
SP.POP.TOTL,BHS,2016,388055.0
SP.POP.TOTL,BHS,2017,390485.0
SP.POP.TOTL,BHS,2018,392717.0
SP.POP.TOTL,BHS,2019,394675.0
SP.POP.TOTL,BHS,2020,395863.0
SP.POP.TOTL,BHS,2021,396373.0
SP.POP.TOTL,BHS,2022,397538.0
SP.POP.TOTL,BHS,2023,399440.0
SP.POP.TOTL,BHS,2024,401283.0
SP.POP.TOTL,BHS,2025,403033.0
SP.POP.TOTL,BIH,2015,3518541.0
SP.POP.TOTL,BIH,2016,3473003.0
SP.POP.TOTL,BIH,2017,3428682.0
SP.POP.TOTL,BIH,2018,3387000.0
SP.POP.TOTL,BIH,2019,3345533.0
SP.POP.TOTL,BIH,2020,3299349.0
SP.POP.TOTL,BIH,2021,3244907.0
SP.POP.TOTL,BIH,2022,3204802.0
SP.POP.TOTL,BIH,2023,3185073.0
SP.POP.TOTL,BIH,2024,3164253.0
SP.POP.TOTL,BIH,2025,3140095.0
SP.POP.TOTL,BLR,2015,9461076.0
SP.POP.TOTL,BLR,2016,9469379.0
SP.POP.TOTL,BLR,2017,9458989.0
SP.POP.TOTL,BLR,2018,9438785.0
SP.POP.TOTL,BLR,2019,9419758.0
SP.POP.TOTL,BLR,2020,9379952.0
SP.POP.TOTL,BLR,2021,9302585.0
SP.POP.TOTL,BLR,2022,9228071.0
SP.POP.TOTL,BLR,2023,9178298.0
SP.POP.TOTL,BLR,2024,9132629.0
SP.POP.TOTL,BLR,2025,9085991.0
SP.POP.TOTL,BLZ,2015,356333.0
SP.POP.TOTL,BLZ,2016,364705.0
SP.POP.TOTL,BLZ,2017,373202.0
SP.POP.TOTL,BLZ,2018,380226.0
SP.POP.TOTL,BLZ,2019,385829.0
SP.POP.TOTL,BLZ,2020,390812.0
SP.POP.TOTL,BLZ,2021,395346.0
SP.POP.TOTL,BLZ,2022,402733.0
SP.POP.TOTL,BLZ,2023,411106.0
SP.POP.TOTL,BLZ,2024,417072.0
SP.POP.TOTL,BLZ,2025,422924.0
SP.POP.TOTL,BMU,2015,63464.0
SP.POP.TOTL,BMU,2016,63449.0
SP.POP.TOTL,BMU,2017,63578.0
SP.POP.TOTL,BMU,2018,63831.0
SP.POP.TOTL,BMU,2019,64107.0
SP.POP.TOTL,BMU,2020,64382.0
SP.POP.TOTL,BMU,2021,64648.0
SP.POP.TOTL,BMU,2022,64749.0
SP.POP.TOTL,BMU,2023,64698.0
SP.POP.TOTL,BMU,2024,64636.0
SP.POP.TOTL,BMU,2025,64555.0
SP.POP.TOTL,BOL,2015,11014705.0
SP.POP.TOTL,BOL,2016,11180020.0
SP.POP.TOTL,BOL,2017,11344587.0
SP.POP.TOTL,BOL,2018,11508368.0
SP.POP.TOTL,BOL,2019,11671386.0
SP.POP.TOTL,BOL,2020,11816299.0
SP.POP.TOTL,BOL,2021,11937360.0
SP.POP.TOTL,BOL,2022,12077154.0
SP.POP.TOTL,BOL,2023,12244159.0
SP.POP.TOTL,BOL,2024,12413315.0
SP.POP.TOTL,BOL,2025,12581843.0
SP.POP.TOTL,BRA,2015,201675532.0
SP.POP.TOTL,BRA,2016,203218114.0
SP.POP.TOTL,BRA,2017,204703445.0
SP.POP.TOTL,BRA,2018,206107261.0
SP.POP.TOTL,BRA,2019,207455459.0
SP.POP.TOTL,BRA,2020,208660842.0
SP.POP.TOTL,BRA,2021,209550294.0
SP.POP.TOTL,BRA,2022,210306415.0
SP.POP.TOTL,BRA,2023,211140729.0
SP.POP.TOTL,BRA,2024,211998573.0
SP.POP.TOTL,BRA,2025,212812405.0
SP.POP.TOTL,BRB,2015,278990.0
SP.POP.TOTL,BRB,2016,279598.0
SP.POP.TOTL,BRB,2017,280171.0
SP.POP.TOTL,BRB,2018,280711.0
SP.POP.TOTL,BRB,2019,281207.0
SP.POP.TOTL,BRB,2020,281698.0
SP.POP.TOTL,BRB,2021,282147.0
SP.POP.TOTL,BRB,2022,282318.0
SP.POP.TOTL,BRB,2023,282336.0
SP.POP.TOTL,BRB,2024,282467.0
SP.POP.TOTL,BRB,2025,282623.0
SP.POP.TOTL,BRN,2015,422212.0
SP.POP.TOTL,BRN,2016,427564.0
SP.POP.TOTL,BRN,2017,432772.0
SP.POP.TOTL,BRN,2018,437810.0
SP.POP.TOTL,BRN,2019,442680.0
SP.POP.TOTL,BRN,2020,447404.0
SP.POP.TOTL,BRN,2021,451721.0
SP.POP.TOTL,BRN,2022,455370.0
SP.POP.TOTL,BRN,2023,458949.0
SP.POP.TOTL,BRN,2024,462721.0
SP.POP.TOTL,BRN,2025,466330.0
SP.POP.TOTL,BTN,2015,740618.0
SP.POP.TOTL,BTN,2016,747866.0
SP.POP.TOTL,BTN,2017,754335.0
SP.POP.TOTL,BTN,2018,759759.0
SP.POP.TOTL,BTN,2019,764824.0
SP.POP.TOTL,BTN,2020,770006.0
SP.POP.TOTL,BTN,2021,775442.0
SP.POP.TOTL,BTN,2022,780914.0
SP.POP.TOTL,BTN,2023,786385.0
SP.POP.TOTL,BTN,2024,791524.0
SP.POP.TOTL,BTN,2025,796682.0
SP.POP.TOTL,BWA,2015,2203273.0
SP.POP.TOTL,BWA,2016,2234776.0
SP.POP.TOTL,BWA,2017,2266747.0
SP.POP.TOTL,BWA,2018,2299141.0
SP.POP.TOTL,BWA,2019,2332083.0
SP.POP.TOTL,BWA,2020,2365894.0
SP.POP.TOTL,BWA,2021,2401441.0
SP.POP.TOTL,BWA,2022,2439892.0
SP.POP.TOTL,BWA,2023,2480244.0
SP.POP.TOTL,BWA,2024,2521139.0
SP.POP.TOTL,BWA,2025,2562122.0
SP.POP.TOTL,CAF,2015,4629320.0
SP.POP.TOTL,CAF,2016,4713663.0
SP.POP.TOTL,CAF,2017,4793511.0
SP.POP.TOTL,CAF,2018,4878657.0
SP.POP.TOTL,CAF,2019,4944703.0
SP.POP.TOTL,CAF,2020,5026628.0
SP.POP.TOTL,CAF,2021,5112100.0
SP.POP.TOTL,CAF,2022,5098039.0
SP.POP.TOTL,CAF,2023,5152421.0
SP.POP.TOTL,CAF,2024,5330690.0
SP.POP.TOTL,CAF,2025,5513282.0
SP.POP.TOTL,CAN,2015,35704498.0
SP.POP.TOTL,CAN,2016,36110803.0
SP.POP.TOTL,CAN,2017,36545075.0
SP.POP.TOTL,CAN,2018,37072620.0
SP.POP.TOTL,CAN,2019,37618495.0
SP.POP.TOTL,CAN,2020,38028638.0
SP.POP.TOTL,CAN,2021,38239864.0
SP.POP.TOTL,CAN,2022,38950132.0
SP.POP.TOTL,CAN,2023,40049088.0
SP.POP.TOTL,CAN,2024,41262329.0
SP.POP.TOTL,CAN,2025,41651653.0
SP.POP.TOTL,CEB,2015,102973167.0
SP.POP.TOTL,CEB,2016,102647939.0
SP.POP.TOTL,CEB,2017,102337501.0
SP.POP.TOTL,CEB,2018,102074201.0
SP.POP.TOTL,CEB,2019,101864274.0
SP.POP.TOTL,CEB,2020,101215763.0
SP.POP.TOTL,CEB,2021,100205732.0
SP.POP.TOTL,CEB,2022,100071871.0
SP.POP.TOTL,CEB,2023,100183707.0
SP.POP.TOTL,CEB,2024,100061963.0
SP.POP.TOTL,CEB,2025,99814596.0
SP.POP.TOTL,CHE,2015,8282396.0
SP.POP.TOTL,CHE,2016,8373338.0
SP.POP.TOTL,CHE,2017,8451840.0
SP.POP.TOTL,CHE,2018,8514329.0
SP.POP.TOTL,CHE,2019,8575280.0
SP.POP.TOTL,CHE,2020,8638167.0
SP.POP.TOTL,CHE,2021,8704546.0
SP.POP.TOTL,CHE,2022,8777088.0
SP.POP.TOTL,CHE,2023,8888822.0
SP.POP.TOTL,CHE,2024,9005582.0
SP.POP.TOTL,CHE,2025,9092436.0
SP.POP.TOTL,CHI,2015,163454.0
SP.POP.TOTL,CHI,2016,163883.0
SP.POP.TOTL,CHI,2017,164319.0
SP.POP.TOTL,CHI,2018,164949.0
SP.POP.TOTL,CHI,2019,165639.0
SP.POP.TOTL,CHI,2020,166235.0
SP.POP.TOTL,CHI,2021,166741.0
SP.POP.TOTL,CHI,2022,167215.0
SP.POP.TOTL,CHI,2023,167691.0
SP.POP.TOTL,CHI,2024,168126.0
SP.POP.TOTL,CHI,2025,168466.0
SP.POP.TOTL,CHL,2015,18047625.0
SP.POP.TOTL,CHL,2016,18267221.0
SP.POP.TOTL,CHL,2017,18558868.0
SP.POP.TOTL,CHL,2018,18893191.0
SP.POP.TOTL,CHL,2019,19197744.0
SP.POP.TOTL,CHL,2020,19370624.0
SP.POP.TOTL,CHL,2021,19456334.0
SP.POP.TOTL,CHL,2022,19553036.0
SP.POP.TOTL,CHL,2023,19658835.0
SP.POP.TOTL,CHL,2024,19764771.0
SP.POP.TOTL,CHL,2025,19859921.0
SP.POP.TOTL,CHN,2015,1379860000.0
SP.POP.TOTL,CHN,2016,1387790000.0
SP.POP.TOTL,CHN,2017,1396215000.0
SP.POP.TOTL,CHN,2018,1402760000.0
SP.POP.TOTL,CHN,2019,1407745000.0
SP.POP.TOTL,CHN,2020,1411100000.0
SP.POP.TOTL,CHN,2021,1412360000.0
SP.POP.TOTL,CHN,2022,1412175000.0
SP.POP.TOTL,CHN,2023,1410710000.0
SP.POP.TOTL,CHN,2024,1408975000.0
SP.POP.TOTL,CHN,2025,1406585000.0
SP.POP.TOTL,CIV,2015,25246342.0
SP.POP.TOTL,CIV,2016,25989405.0
SP.POP.TOTL,CIV,2017,26733372.0
SP.POP.TOTL,CIV,2018,27464173.0
SP.POP.TOTL,CIV,2019,28193009.0
SP.POP.TOTL,CIV,2020,28915449.0
SP.POP.TOTL,CIV,2021,29639736.0
SP.POP.TOTL,CIV,2022,30395002.0
SP.POP.TOTL,CIV,2023,31165654.0
SP.POP.TOTL,CIV,2024,31934230.0
SP.POP.TOTL,CIV,2025,32711547.0
SP.POP.TOTL,CMR,2015,22763414.0
SP.POP.TOTL,CMR,2016,23454161.0
SP.POP.TOTL,CMR,2017,24128601.0
SP.POP.TOTL,CMR,2018,24806383.0
SP.POP.TOTL,CMR,2019,25506095.0
SP.POP.TOTL,CMR,2020,26210558.0
SP.POP.TOTL,CMR,2021,26915758.0
SP.POP.TOTL,CMR,2022,27632771.0
SP.POP.TOTL,CMR,2023,28372687.0
SP.POP.TOTL,CMR,2024,29123744.0
SP.POP.TOTL,CMR,2025,29879337.0
SP.POP.TOTL,COD,2015,81035531.0
SP.POP.TOTL,COD,2016,83956415.0
SP.POP.TOTL,COD,2017,87083398.0
SP.POP.TOTL,COD,2018,90047644.0
SP.POP.TOTL,COD,2019,92947442.0
SP.POP.TOTL,COD,2020,95989998.0
SP.POP.TOTL,COD,2021,99148932.0
SP.POP.TOTL,COD,2022,102396968.0
SP.POP.TOTL,COD,2023,105789731.0
SP.POP.TOTL,COD,2024,109276265.0
SP.POP.TOTL,COD,2025,112832473.0
SP.POP.TOTL,COG,2015,5097581.0
SP.POP.TOTL,COG,2016,5222536.0
SP.POP.TOTL,COG,2017,5351011.0
SP.POP.TOTL,COG,2018,5483118.0
SP.POP.TOTL,COG,2019,5616661.0
SP.POP.TOTL,COG,2020,5752791.0
SP.POP.TOTL,COG,2021,5892183.0
SP.POP.TOTL,COG,2022,6035104.0
SP.POP.TOTL,COG,2023,6182885.0
SP.POP.TOTL,COG,2024,6332961.0
SP.POP.TOTL,COG,2025,6484437.0
SP.POP.TOTL,COL,2015,46969940.0
SP.POP.TOTL,COL,2016,47437512.0
SP.POP.TOTL,COL,2017,48131078.0
SP.POP.TOTL,COL,2018,49024465.0
SP.POP.TOTL,COL,2019,49907985.0
SP.POP.TOTL,COL,2020,50629997.0
SP.POP.TOTL,COL,2021,51188173.0
SP.POP.TOTL,COL,2022,51737944.0
SP.POP.TOTL,COL,2023,52321152.0
SP.POP.TOTL,COL,2024,52886363.0
SP.POP.TOTL,COL,2025,53425635.0
SP.POP.TOTL,COM,2015,726682.0
SP.POP.TOTL,COM,2016,741741.0
SP.POP.TOTL,COM,2017,756669.0
SP.POP.TOTL,COM,2018,771590.0
SP.POP.TOTL,COM,2019,786578.0
SP.POP.TOTL,COM,2020,802163.0
SP.POP.TOTL,COM,2021,818174.0
SP.POP.TOTL,COM,2022,834188.0
SP.POP.TOTL,COM,2023,850387.0
SP.POP.TOTL,COM,2024,866628.0
SP.POP.TOTL,COM,2025,882847.0
SP.POP.TOTL,CPV,2015,512394.0
SP.POP.TOTL,CPV,2016,512554.0
SP.POP.TOTL,CPV,2017,512893.0
SP.POP.TOTL,CPV,2018,513415.0
SP.POP.TOTL,CPV,2019,514104.0
SP.POP.TOTL,CPV,2020,514679.0
SP.POP.TOTL,CPV,2021,516649.0
SP.POP.TOTL,CPV,2022,519741.0
SP.POP.TOTL,CPV,2023,522331.0
SP.POP.TOTL,CPV,2024,524877.0
SP.POP.TOTL,CPV,2025,527326.0
SP.POP.TOTL,CRI,2015,4818038.0
SP.POP.TOTL,CRI,2016,4866998.0
SP.POP.TOTL,CRI,2017,4913177.0
SP.POP.TOTL,CRI,2018,4957818.0
SP.POP.TOTL,CRI,2019,4999553.0
SP.POP.TOTL,CRI,2020,5034320.0
SP.POP.TOTL,CRI,2021,5059988.0
SP.POP.TOTL,CRI,2022,5081765.0
SP.POP.TOTL,CRI,2023,5105525.0
SP.POP.TOTL,CRI,2024,5129910.0
SP.POP.TOTL,CRI,2025,5152950.0
SP.POP.TOTL,CSS,2015,4314191.0
SP.POP.TOTL,CSS,2016,4341333.0
SP.POP.TOTL,CSS,2017,4366140.0
SP.POP.TOTL,CSS,2018,4407658.0
SP.POP.TOTL,CSS,2019,4443134.0
SP.POP.TOTL,CSS,2020,4459302.0
SP.POP.TOTL,CSS,2021,4479167.0
SP.POP.TOTL,CSS,2022,4497310.0
SP.POP.TOTL,CSS,2023,4519904.0
SP.POP.TOTL,CSS,2024,4539060.0
SP.POP.TOTL,CSS,2025,4556558.0
SP.POP.TOTL,CUB,2015,11275065.0
SP.POP.TOTL,CUB,2016,11265612.0
SP.POP.TOTL,CUB,2017,11247829.0
SP.POP.TOTL,CUB,2018,11227118.0
SP.POP.TOTL,CUB,2019,11202846.0
SP.POP.TOTL,CUB,2020,11176354.0
SP.POP.TOTL,CUB,2021,11122168.0
SP.POP.TOTL,CUB,2022,11059820.0
SP.POP.TOTL,CUB,2023,11019931.0
SP.POP.TOTL,CUB,2024,10979783.0
SP.POP.TOTL,CUB,2025,10937203.0
SP.POP.TOTL,CUW,2015,157980.0
SP.POP.TOTL,CUW,2016,159664.0
SP.POP.TOTL,CUW,2017,160175.0
SP.POP.TOTL,CUW,2018,159336.0
SP.POP.TOTL,CUW,2019,157441.0
SP.POP.TOTL,CUW,2020,155482.0
SP.POP.TOTL,CUW,2021,153948.0
SP.POP.TOTL,CUW,2022,153321.0
SP.POP.TOTL,CUW,2023,154654.0
SP.POP.TOTL,CUW,2024,155967.0
SP.POP.TOTL,CUW,2025,156263.0
SP.POP.TOTL,CYM,2015,61642.0
SP.POP.TOTL,CYM,2016,63100.0
SP.POP.TOTL,CYM,2017,64535.0
SP.POP.TOTL,CYM,2018,65941.0
SP.POP.TOTL,CYM,2019,67327.0
SP.POP.TOTL,CYM,2020,68684.0
SP.POP.TOTL,CYM,2021,70108.0
SP.POP.TOTL,CYM,2022,71591.0
SP.POP.TOTL,CYM,2023,73038.0
SP.POP.TOTL,CYM,2024,74457.0
SP.POP.TOTL,CYM,2025,75844.0
SP.POP.TOTL,CYP,2015,1219502.0
SP.POP.TOTL,CYP,2016,1237112.0
SP.POP.TOTL,CYP,2017,1254275.0
SP.POP.TOTL,CYP,2018,1270737.0
SP.POP.TOTL,CYP,2019,1286671.0
SP.POP.TOTL,CYP,2020,1302247.0
SP.POP.TOTL,CYP,2021,1317309.0
SP.POP.TOTL,CYP,2022,1331370.0
SP.POP.TOTL,CYP,2023,1344976.0
SP.POP.TOTL,CYP,2024,1358282.0
SP.POP.TOTL,CYP,2025,1370754.0
SP.POP.TOTL,CZE,2015,10546059.0
SP.POP.TOTL,CZE,2016,10566332.0
SP.POP.TOTL,CZE,2017,10594438.0
SP.POP.TOTL,CZE,2018,10629928.0
SP.POP.TOTL,CZE,2019,10671870.0
SP.POP.TOTL,CZE,2020,10697858.0
SP.POP.TOTL,CZE,2021,10505772.0
SP.POP.TOTL,CZE,2022,10672118.0
SP.POP.TOTL,CZE,2023,10864042.0
SP.POP.TOTL,CZE,2024,10905028.0
SP.POP.TOTL,CZE,2025,10886878.0
SP.POP.TOTL,DEU,2015,81686611.0
SP.POP.TOTL,DEU,2016,82348669.0
SP.POP.TOTL,DEU,2017,82657002.0
SP.POP.TOTL,DEU,2018,82905782.0
SP.POP.TOTL,DEU,2019,83092962.0
SP.POP.TOTL,DEU,2020,83160871.0
SP.POP.TOTL,DEU,2021,83196078.0
SP.POP.TOTL,DEU,2022,83177813.0
SP.POP.TOTL,DEU,2023,83287273.0
SP.POP.TOTL,DEU,2024,83516593.0
SP.POP.TOTL,DEU,2025,83491249.0
SP.POP.TOTL,DJI,2015,1020313.0
SP.POP.TOTL,DJI,2016,1037653.0
SP.POP.TOTL,DJI,2017,1054841.0
SP.POP.TOTL,DJI,2018,1071882.0
SP.POP.TOTL,DJI,2019,1088709.0
SP.POP.TOTL,DJI,2020,1105188.0
SP.POP.TOTL,DJI,2021,1121248.0
SP.POP.TOTL,DJI,2022,1137096.0
SP.POP.TOTL,DJI,2023,1152944.0
SP.POP.TOTL,DJI,2024,1168722.0
SP.POP.TOTL,DJI,2025,1184076.0
SP.POP.TOTL,DMA,2015,70410.0
SP.POP.TOTL,DMA,2016,69606.0
SP.POP.TOTL,DMA,2017,68496.0
SP.POP.TOTL,DMA,2018,68174.0
SP.POP.TOTL,DMA,2019,67880.0
SP.POP.TOTL,DMA,2020,67573.0
SP.POP.TOTL,DMA,2021,67202.0
SP.POP.TOTL,DMA,2022,66826.0
SP.POP.TOTL,DMA,2023,66510.0
SP.POP.TOTL,DMA,2024,66205.0
SP.POP.TOTL,DMA,2025,65871.0
SP.POP.TOTL,DNK,2015,5683483.0
SP.POP.TOTL,DNK,2016,5728010.0
SP.POP.TOTL,DNK,2017,5764980.0
SP.POP.TOTL,DNK,2018,5793636.0
SP.POP.TOTL,DNK,2019,5814422.0
SP.POP.TOTL,DNK,2020,5831404.0
SP.POP.TOTL,DNK,2021,5856733.0
SP.POP.TOTL,DNK,2022,5903037.0
SP.POP.TOTL,DNK,2023,5946952.0
SP.POP.TOTL,DNK,2024,5976992.0
SP.POP.TOTL,DNK,2025,6009169.0
SP.POP.TOTL,DOM,2015,10434829.0
SP.POP.TOTL,DOM,2016,10551430.0
SP.POP.TOTL,DOM,2017,10666843.0
SP.POP.TOTL,DOM,2018,10782053.0
SP.POP.TOTL,DOM,2019,10894043.0
SP.POP.TOTL,DOM,2020,11008300.0
SP.POP.TOTL,DOM,2021,11123476.0
SP.POP.TOTL,DOM,2022,11230734.0
SP.POP.TOTL,DOM,2023,11331265.0
SP.POP.TOTL,DOM,2024,11427557.0
SP.POP.TOTL,DOM,2025,11520487.0
SP.POP.TOTL,DZA,2015,40019529.0
SP.POP.TOTL,DZA,2016,40850721.0
SP.POP.TOTL,DZA,2017,41689299.0
SP.POP.TOTL,DZA,2018,42505035.0
SP.POP.TOTL,DZA,2019,43294546.0
SP.POP.TOTL,DZA,2020,44042091.0
SP.POP.TOTL,DZA,2021,44761099.0
SP.POP.TOTL,DZA,2022,45477389.0
SP.POP.TOTL,DZA,2023,46164219.0
SP.POP.TOTL,DZA,2024,46814308.0
SP.POP.TOTL,DZA,2025,47435312.0
SP.POP.TOTL,EAP,2015,2056050896.0
SP.POP.TOTL,EAP,2016,2071486140.0
SP.POP.TOTL,EAP,2017,2087238522.0
SP.POP.TOTL,EAP,2018,2100698838.0
SP.POP.TOTL,EAP,2019,2112289891.0
SP.POP.TOTL,EAP,2020,2121866294.0
SP.POP.TOTL,EAP,2021,2128553744.0
SP.POP.TOTL,EAP,2022,2133560408.0
SP.POP.TOTL,EAP,2023,2137527754.0
SP.POP.TOTL,EAP,2024,2141122258.0
SP.POP.TOTL,EAP,2025,2143908411.0
SP.POP.TOTL,EAR,2015,3190318707.0
SP.POP.TOTL,EAR,2016,3233033717.0
SP.POP.TOTL,EAR,2017,3274060446.0
SP.POP.TOTL,EAR,2018,3314245247.0
SP.POP.TOTL,EAR,2019,3355014793.0
SP.POP.TOTL,EAR,2020,3396051187.0
SP.POP.TOTL,EAR,2021,3432026092.0
SP.POP.TOTL,EAR,2022,3470644834.0
SP.POP.TOTL,EAR,2023,3511607650.0
SP.POP.TOTL,EAR,2024,3552306404.0
SP.POP.TOTL,EAR,2025,3592750579.0
SP.POP.TOTL,EAS,2015,2300844269.0
SP.POP.TOTL,EAS,2016,2317076058.0
SP.POP.TOTL,EAS,2017,2333475520.0
SP.POP.TOTL,EAS,2018,2347576325.0
SP.POP.TOTL,EAS,2019,2359762190.0
SP.POP.TOTL,EAS,2020,2369420882.0
SP.POP.TOTL,EAS,2021,2375117716.0
SP.POP.TOTL,EAS,2022,2379617118.0
SP.POP.TOTL,EAS,2023,2384441485.0
SP.POP.TOTL,EAS,2024,2388319468.0
SP.POP.TOTL,EAS,2025,2390873921.0
SP.POP.TOTL,ECA,2015,240083379.0
SP.POP.TOTL,ECA,2016,242224182.0
SP.POP.TOTL,ECA,2017,244308649.0
SP.POP.TOTL,ECA,2018,246400484.0
SP.POP.TOTL,ECA,2019,248576676.0
SP.POP.TOTL,ECA,2020,250351240.0
SP.POP.TOTL,ECA,2021,251867727.0
SP.POP.TOTL,ECA,2022,250514347.0
SP.POP.TOTL,ECA,2023,248718948.0
SP.POP.TOTL,ECA,2024,250394482.0
SP.POP.TOTL,ECA,2025,253280471.0
SP.POP.TOTL,ECS,2015,907526485.0
SP.POP.TOTL,ECS,2016,911578015.0
SP.POP.TOTL,ECS,2017,915063823.0
SP.POP.TOTL,ECS,2018,918415818.0
SP.POP.TOTL,ECS,2019,921929161.0
SP.POP.TOTL,ECS,2020,923660463.0
SP.POP.TOTL,ECS,2021,924375980.0
SP.POP.TOTL,ECS,2022,924267385.0
SP.POP.TOTL,ECS,2023,924805070.0
SP.POP.TOTL,ECS,2024,928566925.0
SP.POP.TOTL,ECS,2025,932525035.0
SP.POP.TOTL,ECU,2015,16266225.0
SP.POP.TOTL,ECU,2016,16505139.0
SP.POP.TOTL,ECU,2017,16759519.0
SP.POP.TOTL,ECU,2018,17049547.0
SP.POP.TOTL,ECU,2019,17340021.0
SP.POP.TOTL,ECU,2020,17546065.0
SP.POP.TOTL,ECU,2021,17682454.0
SP.POP.TOTL,ECU,2022,17823897.0
SP.POP.TOTL,ECU,2023,17980083.0
SP.POP.TOTL,ECU,2024,18135478.0
SP.POP.TOTL,ECU,2025,18289896.0
SP.POP.TOTL,EGY,2015,99597342.0
SP.POP.TOTL,EGY,2016,101644589.0
SP.POP.TOTL,EGY,2017,103696057.0
SP.POP.TOTL,EGY,2018,105682094.0
SP.POP.TOTL,EGY,2019,107553158.0
SP.POP.TOTL,EGY,2020,109315124.0
SP.POP.TOTL,EGY,2021,110957008.0
SP.POP.TOTL,EGY,2022,112618250.0
SP.POP.TOTL,EGY,2023,114535772.0
SP.POP.TOTL,EGY,2024,116538258.0
SP.POP.TOTL,EGY,2025,118365995.0
SP.POP.TOTL,EMU,2015,350164707.0
SP.POP.TOTL,EMU,2016,351027116.0
SP.POP.TOTL,EMU,2017,351613647.0
SP.POP.TOTL,EMU,2018,352303991.0
SP.POP.TOTL,EMU,2019,353113327.0
SP.POP.TOTL,EMU,2020,353536838.0
SP.POP.TOTL,EMU,2021,353715415.0
SP.POP.TOTL,EMU,2022,354666175.0
SP.POP.TOTL,EMU,2023,356209318.0
SP.POP.TOTL,EMU,2024,357603357.0
SP.POP.TOTL,EMU,2025,358664361.0
SP.POP.TOTL,ERI,2015,3105546.0
SP.POP.TOTL,ERI,2016,3124698.0
SP.POP.TOTL,ERI,2017,3150347.0
SP.POP.TOTL,ERI,2018,3192760.0
SP.POP.TOTL,ERI,2019,3240194.0
SP.POP.TOTL,ERI,2020,3291271.0
SP.POP.TOTL,ERI,2021,3350183.0
SP.POP.TOTL,ERI,2022,3409447.0
SP.POP.TOTL,ERI,2023,3470390.0
SP.POP.TOTL,ERI,2024,3535603.0
SP.POP.TOTL,ERI,2025,3607003.0
SP.POP.TOTL,ESP,2015,46422303.0
SP.POP.TOTL,ESP,2016,46458139.0
SP.POP.TOTL,ESP,2017,46571232.0
SP.POP.TOTL,ESP,2018,46782011.0
SP.POP.TOTL,ESP,2019,47118501.0
SP.POP.TOTL,ESP,2020,47359424.0
SP.POP.TOTL,ESP,2021,47443821.0
SP.POP.TOTL,ESP,2022,47786102.0
SP.POP.TOTL,ESP,2023,48352528.0
SP.POP.TOTL,ESP,2024,48848840.0
SP.POP.TOTL,ESP,2025,49355143.0
SP.POP.TOTL,EST,2015,1315407.0
SP.POP.TOTL,EST,2016,1315790.0
SP.POP.TOTL,EST,2017,1317384.0
SP.POP.TOTL,EST,2018,1321977.0
SP.POP.TOTL,EST,2019,1326898.0
SP.POP.TOTL,EST,2020,1329522.0
SP.POP.TOTL,EST,2021,1330932.0
SP.POP.TOTL,EST,2022,1348840.0
SP.POP.TOTL,EST,2023,1370286.0
SP.POP.TOTL,EST,2024,1372341.0
SP.POP.TOTL,EST,2025,1366475.0
SP.POP.TOTL,ETH,2015,103867135.0
SP.POP.TOTL,ETH,2016,106718162.0
SP.POP.TOTL,ETH,2017,109666481.0
SP.POP.TOTL,ETH,2018,112664152.0
SP.POP.TOTL,ETH,2019,115737383.0
SP.POP.TOTL,ETH,2020,118917671.0
SP.POP.TOTL,ETH,2021,122138588.0
SP.POP.TOTL,ETH,2022,125384287.0
SP.POP.TOTL,ETH,2023,128691692.0
SP.POP.TOTL,ETH,2024,132059767.0
SP.POP.TOTL,ETH,2025,135472051.0
SP.POP.TOTL,EUU,2015,443793218.0
SP.POP.TOTL,EUU,2016,444676652.0
SP.POP.TOTL,EUU,2017,445321060.0
SP.POP.TOTL,EUU,2018,446058453.0
SP.POP.TOTL,EUU,2019,446910453.0
SP.POP.TOTL,EUU,2020,446870959.0
SP.POP.TOTL,EUU,2021,446228281.0
SP.POP.TOTL,EUU,2022,447203596.0
SP.POP.TOTL,EUU,2023,448897545.0
SP.POP.TOTL,EUU,2024,450228188.0
SP.POP.TOTL,EUU,2025,451127411.0
SP.POP.TOTL,FIN,2015,5479531.0
SP.POP.TOTL,FIN,2016,5495303.0
SP.POP.TOTL,FIN,2017,5508214.0
SP.POP.TOTL,FIN,2018,5515525.0
SP.POP.TOTL,FIN,2019,5521606.0
SP.POP.TOTL,FIN,2020,5529543.0
SP.POP.TOTL,FIN,2021,5541017.0
SP.POP.TOTL,FIN,2022,5556106.0
SP.POP.TOTL,FIN,2023,5583911.0
SP.POP.TOTL,FIN,2024,5619911.0
SP.POP.TOTL,FIN,2025,5646436.0
SP.POP.TOTL,FJI,2015,918578.0
SP.POP.TOTL,FJI,2016,919166.0
SP.POP.TOTL,FJI,2017,918759.0
SP.POP.TOTL,FJI,2018,917180.0
SP.POP.TOTL,FJI,2019,914899.0
SP.POP.TOTL,FJI,2020,914963.0
SP.POP.TOTL,FJI,2021,916711.0
SP.POP.TOTL,FJI,2022,919422.0
SP.POP.TOTL,FJI,2023,924145.0
SP.POP.TOTL,FJI,2024,928784.0
SP.POP.TOTL,FJI,2025,933154.0
SP.POP.TOTL,FRA,2015,66548272.0
SP.POP.TOTL,FRA,2016,66724104.0
SP.POP.TOTL,FRA,2017,66918020.0
SP.POP.TOTL,FRA,2018,67158348.0
SP.POP.TOTL,FRA,2019,67382061.0
SP.POP.TOTL,FRA,2020,67601110.0
SP.POP.TOTL,FRA,2021,67842811.0
SP.POP.TOTL,FRA,2022,68184457.0
SP.POP.TOTL,FRA,2023,68372286.0
SP.POP.TOTL,FRA,2024,68551653.0
SP.POP.TOTL,FRA,2025,68720337.0
SP.POP.TOTL,FRO,2015,48898.0
SP.POP.TOTL,FRO,2016,49463.0
SP.POP.TOTL,FRO,2017,50179.0
SP.POP.TOTL,FRO,2018,50997.0
SP.POP.TOTL,FRO,2019,51790.0
SP.POP.TOTL,FRO,2020,52561.0
SP.POP.TOTL,FRO,2021,53291.0
SP.POP.TOTL,FRO,2022,53903.0
SP.POP.TOTL,FRO,2023,54398.0
SP.POP.TOTL,FRO,2024,54640.0
SP.POP.TOTL,FRO,2025,54900.0
SP.POP.TOTL,FSM,2015,108716.0
SP.POP.TOTL,FSM,2016,109075.0
SP.POP.TOTL,FSM,2017,109481.0
SP.POP.TOTL,FSM,2018,109909.0
SP.POP.TOTL,FSM,2019,110282.0
SP.POP.TOTL,FSM,2020,110916.0
SP.POP.TOTL,FSM,2021,111624.0
SP.POP.TOTL,FSM,2022,112114.0
SP.POP.TOTL,FSM,2023,112630.0
SP.POP.TOTL,FSM,2024,113160.0
SP.POP.TOTL,FSM,2025,113683.0
SP.POP.TOTL,GAB,2015,2040989.0
SP.POP.TOTL,GAB,2016,2100306.0
SP.POP.TOTL,GAB,2017,2156900.0
SP.POP.TOTL,GAB,2018,2212318.0
SP.POP.TOTL,GAB,2019,2267706.0
SP.POP.TOTL,GAB,2020,2322539.0
SP.POP.TOTL,GAB,2021,2376722.0
SP.POP.TOTL,GAB,2022,2430747.0
SP.POP.TOTL,GAB,2023,2484789.0
SP.POP.TOTL,GAB,2024,2538952.0
SP.POP.TOTL,GAB,2025,2593130.0
SP.POP.TOTL,GBR,2015,65087000.0
SP.POP.TOTL,GBR,2016,65606000.0
SP.POP.TOTL,GBR,2017,65964000.0
SP.POP.TOTL,GBR,2018,66287000.0
SP.POP.TOTL,GBR,2019,66628000.0
SP.POP.TOTL,GBR,2020,66740000.0
SP.POP.TOTL,GBR,2021,66978000.0
SP.POP.TOTL,GBR,2022,67636000.0
SP.POP.TOTL,GBR,2023,68526000.0
SP.POP.TOTL,GBR,2024,69281000.0
SP.POP.TOTL,GBR,2025,69487000.0
SP.POP.TOTL,GEO,2015,3725276.0
SP.POP.TOTL,GEO,2016,3727505.0
SP.POP.TOTL,GEO,2017,3728004.0
SP.POP.TOTL,GEO,2018,3726549.0
SP.POP.TOTL,GEO,2019,3720161.0
SP.POP.TOTL,GEO,2020,3722716.0
SP.POP.TOTL,GEO,2021,3708610.0
SP.POP.TOTL,GEO,2022,3712502.0
SP.POP.TOTL,GEO,2023,3715483.0
SP.POP.TOTL,GEO,2024,3812518.0
SP.POP.TOTL,GEO,2025,3935766.0
SP.POP.TOTL,GHA,2015,28696068.0
SP.POP.TOTL,GHA,2016,29356742.0
SP.POP.TOTL,GHA,2017,30008354.0
SP.POP.TOTL,GHA,2018,30637585.0
SP.POP.TOTL,GHA,2019,31258945.0
SP.POP.TOTL,GHA,2020,31887809.0
SP.POP.TOTL,GHA,2021,32518665.0
SP.POP.TOTL,GHA,2022,33149152.0
SP.POP.TOTL,GHA,2023,33787914.0
SP.POP.TOTL,GHA,2024,34427414.0
SP.POP.TOTL,GHA,2025,35064272.0
SP.POP.TOTL,GIB,2015,33193.0
SP.POP.TOTL,GIB,2016,33658.0
SP.POP.TOTL,GIB,2017,34245.0
SP.POP.TOTL,GIB,2018,34854.0
SP.POP.TOTL,GIB,2019,35494.0
SP.POP.TOTL,GIB,2020,36173.0
SP.POP.TOTL,GIB,2021,36858.0
SP.POP.TOTL,GIB,2022,37609.0
SP.POP.TOTL,GIB,2023,38471.0
SP.POP.TOTL,GIB,2024,39329.0
SP.POP.TOTL,GIB,2025,40126.0
SP.POP.TOTL,GIN,2015,11767070.0
SP.POP.TOTL,GIN,2016,12073030.0
SP.POP.TOTL,GIN,2017,12385659.0
SP.POP.TOTL,GIN,2018,12704774.0
SP.POP.TOTL,GIN,2019,13034346.0
SP.POP.TOTL,GIN,2020,13371183.0
SP.POP.TOTL,GIN,2021,13710513.0
SP.POP.TOTL,GIN,2022,14055137.0
SP.POP.TOTL,GIN,2023,14405468.0
SP.POP.TOTL,GIN,2024,14754785.0
SP.POP.TOTL,GIN,2025,15099727.0
SP.POP.TOTL,GMB,2015,2224529.0
SP.POP.TOTL,GMB,2016,2283769.0
SP.POP.TOTL,GMB,2017,2342189.0
SP.POP.TOTL,GMB,2018,2399632.0
SP.POP.TOTL,GMB,2019,2456844.0
SP.POP.TOTL,GMB,2020,2515733.0
SP.POP.TOTL,GMB,2021,2576010.0
SP.POP.TOTL,GMB,2022,2636470.0
SP.POP.TOTL,GMB,2023,2697845.0
SP.POP.TOTL,GMB,2024,2759988.0
SP.POP.TOTL,GMB,2025,2822093.0
SP.POP.TOTL,GNB,2015,1786457.0
SP.POP.TOTL,GNB,2016,1831893.0
SP.POP.TOTL,GNB,2017,1877072.0
SP.POP.TOTL,GNB,2018,1922168.0
SP.POP.TOTL,GNB,2019,1967696.0
SP.POP.TOTL,GNB,2020,2013255.0
SP.POP.TOTL,GNB,2021,2058841.0
SP.POP.TOTL,GNB,2022,2105529.0
SP.POP.TOTL,GNB,2023,2153339.0
SP.POP.TOTL,GNB,2024,2201352.0
SP.POP.TOTL,GNB,2025,2249515.0
SP.POP.TOTL,GNQ,2015,1453923.0
SP.POP.TOTL,GNQ,2016,1508186.0
SP.POP.TOTL,GNQ,2017,1562396.0
SP.POP.TOTL,GNQ,2018,1616422.0
SP.POP.TOTL,GNQ,2019,1670177.0
SP.POP.TOTL,GNQ,2020,1716468.0
SP.POP.TOTL,GNQ,2021,1758786.0
SP.POP.TOTL,GNQ,2022,1803545.0
SP.POP.TOTL,GNQ,2023,1847549.0
SP.POP.TOTL,GNQ,2024,1892516.0
SP.POP.TOTL,GNQ,2025,1938431.0
SP.POP.TOTL,GRC,2015,10820883.0
SP.POP.TOTL,GRC,2016,10775971.0
SP.POP.TOTL,GRC,2017,10754679.0
SP.POP.TOTL,GRC,2018,10732882.0
SP.POP.TOTL,GRC,2019,10721582.0
SP.POP.TOTL,GRC,2020,10698599.0
SP.POP.TOTL,GRC,2021,10570130.0
SP.POP.TOTL,GRC,2022,10437805.0
SP.POP.TOTL,GRC,2023,10407351.0
SP.POP.TOTL,GRC,2024,10405134.0
SP.POP.TOTL,GRC,2025,10413962.0
SP.POP.TOTL,GRD,2015,114676.0
SP.POP.TOTL,GRD,2016,115130.0
SP.POP.TOTL,GRD,2017,115438.0
SP.POP.TOTL,GRD,2018,115691.0
SP.POP.TOTL,GRD,2019,115981.0
SP.POP.TOTL,GRD,2020,116341.0
SP.POP.TOTL,GRD,2021,116688.0
SP.POP.TOTL,GRD,2022,116913.0
SP.POP.TOTL,GRD,2023,117081.0
SP.POP.TOTL,GRD,2024,117207.0
SP.POP.TOTL,GRD,2025,117303.0
SP.POP.TOTL,GRL,2015,56114.0
SP.POP.TOTL,GRL,2016,56186.0
SP.POP.TOTL,GRL,2017,56172.0
SP.POP.TOTL,GRL,2018,56023.0
SP.POP.TOTL,GRL,2019,56225.0
SP.POP.TOTL,GRL,2020,56367.0
SP.POP.TOTL,GRL,2021,56653.0
SP.POP.TOTL,GRL,2022,56661.0
SP.POP.TOTL,GRL,2023,56865.0
SP.POP.TOTL,GRL,2024,56836.0
SP.POP.TOTL,GRL,2025,56831.0
SP.POP.TOTL,GTM,2015,15971743.0
SP.POP.TOTL,GTM,2016,16268760.0
SP.POP.TOTL,GTM,2017,16567357.0
SP.POP.TOTL,GTM,2018,16845685.0
SP.POP.TOTL,GTM,2019,17103803.0
SP.POP.TOTL,GTM,2020,17357325.0
SP.POP.TOTL,GTM,2021,17598650.0
SP.POP.TOTL,GTM,2022,17847877.0
SP.POP.TOTL,GTM,2023,18124838.0
SP.POP.TOTL,GTM,2024,18406359.0
SP.POP.TOTL,GTM,2025,18687881.0
SP.POP.TOTL,GUM,2015,164905.0
SP.POP.TOTL,GUM,2016,164233.0
SP.POP.TOTL,GUM,2017,163490.0
SP.POP.TOTL,GUM,2018,162679.0
SP.POP.TOTL,GUM,2019,161808.0
SP.POP.TOTL,GUM,2020,162158.0
SP.POP.TOTL,GUM,2021,163730.0
SP.POP.TOTL,GUM,2022,165180.0
SP.POP.TOTL,GUM,2023,166506.0
SP.POP.TOTL,GUM,2024,167777.0
SP.POP.TOTL,GUM,2025,168999.0
SP.POP.TOTL,GUY,2015,758781.0
SP.POP.TOTL,GUY,2016,763548.0
SP.POP.TOTL,GUY,2017,768479.0
SP.POP.TOTL,GUY,2018,791556.0
SP.POP.TOTL,GUY,2019,807665.0
SP.POP.TOTL,GUY,2020,807481.0
SP.POP.TOTL,GUY,2021,815482.0
SP.POP.TOTL,GUY,2022,821637.0
SP.POP.TOTL,GUY,2023,826353.0
SP.POP.TOTL,GUY,2024,831087.0
SP.POP.TOTL,GUY,2025,835986.0
SP.POP.TOTL,HKG,2015,7291300.0
SP.POP.TOTL,HKG,2016,7336600.0
SP.POP.TOTL,HKG,2017,7393200.0
SP.POP.TOTL,HKG,2018,7452600.0
SP.POP.TOTL,HKG,2019,7507900.0
SP.POP.TOTL,HKG,2020,7481000.0
SP.POP.TOTL,HKG,2021,7413100.0
SP.POP.TOTL,HKG,2022,7346100.0
SP.POP.TOTL,HKG,2023,7536100.0
SP.POP.TOTL,HKG,2024,7524100.0
SP.POP.TOTL,HKG,2025,7498900.0
SP.POP.TOTL,HND,2015,9237305.0
SP.POP.TOTL,HND,2016,9412380.0
SP.POP.TOTL,HND,2017,9588137.0
SP.POP.TOTL,HND,2018,9765210.0
SP.POP.TOTL,HND,2019,9943633.0
SP.POP.TOTL,HND,2020,10119640.0
SP.POP.TOTL,HND,2021,10289877.0
SP.POP.TOTL,HND,2022,10463872.0
SP.POP.TOTL,HND,2023,10644851.0
SP.POP.TOTL,HND,2024,10825703.0
SP.POP.TOTL,HND,2025,11005850.0
SP.POP.TOTL,HPC,2015,734837721.0
SP.POP.TOTL,HPC,2016,756237630.0
SP.POP.TOTL,HPC,2017,778657210.0
SP.POP.TOTL,HPC,2018,801220102.0
SP.POP.TOTL,HPC,2019,823805910.0
SP.POP.TOTL,HPC,2020,846861642.0
SP.POP.TOTL,HPC,2021,869987833.0
SP.POP.TOTL,HPC,2022,892885172.0
SP.POP.TOTL,HPC,2023,916223767.0
SP.POP.TOTL,HPC,2024,940304348.0
SP.POP.TOTL,HPC,2025,965148593.0
SP.POP.TOTL,HRV,2015,4151725.0
SP.POP.TOTL,HRV,2016,4106867.0
SP.POP.TOTL,HRV,2017,4041407.0
SP.POP.TOTL,HRV,2018,3988775.0
SP.POP.TOTL,HRV,2019,3949390.0
SP.POP.TOTL,HRV,2020,3914206.0
SP.POP.TOTL,HRV,2021,3878981.0
SP.POP.TOTL,HRV,2022,3855641.0
SP.POP.TOTL,HRV,2023,3859686.0
SP.POP.TOTL,HRV,2024,3866200.0
SP.POP.TOTL,HRV,2025,3876200.0
SP.POP.TOTL,HTI,2015,10523242.0
SP.POP.TOTL,HTI,2016,10671457.0
SP.POP.TOTL,HTI,2017,10817754.0
SP.POP.TOTL,HTI,2018,10962362.0
SP.POP.TOTL,HTI,2019,11105163.0
SP.POP.TOTL,HTI,2020,11243848.0
SP.POP.TOTL,HTI,2021,11374586.0
SP.POP.TOTL,HTI,2022,11503606.0
SP.POP.TOTL,HTI,2023,11637398.0
SP.POP.TOTL,HTI,2024,11772557.0
SP.POP.TOTL,HTI,2025,11906095.0
SP.POP.TOTL,HUN,2015,9797755.0
SP.POP.TOTL,HUN,2016,9759755.0
SP.POP.TOTL,HUN,2017,9726756.0
SP.POP.TOTL,HUN,2018,9706964.0
SP.POP.TOTL,HUN,2019,9694824.0
SP.POP.TOTL,HUN,2020,9670419.0
SP.POP.TOTL,HUN,2021,9630932.0
SP.POP.TOTL,HUN,2022,9605074.0
SP.POP.TOTL,HUN,2023,9592186.0
SP.POP.TOTL,HUN,2024,9562065.0
SP.POP.TOTL,HUN,2025,9514251.0
SP.POP.TOTL,IBD,2015,4676773551.0
SP.POP.TOTL,IBD,2016,4721566970.0
SP.POP.TOTL,IBD,2017,4765773411.0
SP.POP.TOTL,IBD,2018,4806981820.0
SP.POP.TOTL,IBD,2019,4845075024.0
SP.POP.TOTL,IBD,2020,4878296727.0
SP.POP.TOTL,IBD,2021,4905212516.0
SP.POP.TOTL,IBD,2022,4928196300.0
SP.POP.TOTL,IBD,2023,4952209753.0
SP.POP.TOTL,IBD,2024,4979670326.0
SP.POP.TOTL,IBD,2025,5006926951.0
SP.POP.TOTL,IBT,2015,6280370137.0
SP.POP.TOTL,IBT,2016,6359496256.0
SP.POP.TOTL,IBT,2017,6439279067.0
SP.POP.TOTL,IBT,2018,6517257782.0
SP.POP.TOTL,IBT,2019,6593373309.0
SP.POP.TOTL,IBT,2020,6665588686.0
SP.POP.TOTL,IBT,2021,6731708832.0
SP.POP.TOTL,IBT,2022,6793703268.0
SP.POP.TOTL,IBT,2023,6857438587.0
SP.POP.TOTL,IBT,2024,6925362193.0
SP.POP.TOTL,IBT,2025,6993790788.0
SP.POP.TOTL,IDA,2015,1603596586.0
SP.POP.TOTL,IDA,2016,1637929286.0
SP.POP.TOTL,IDA,2017,1673505656.0
SP.POP.TOTL,IDA,2018,1710275962.0
SP.POP.TOTL,IDA,2019,1748298285.0
SP.POP.TOTL,IDA,2020,1787291959.0
SP.POP.TOTL,IDA,2021,1826496316.0
SP.POP.TOTL,IDA,2022,1865506968.0
SP.POP.TOTL,IDA,2023,1905228834.0
SP.POP.TOTL,IDA,2024,1945691867.0
SP.POP.TOTL,IDA,2025,1986863837.0
SP.POP.TOTL,IDB,2015,567234056.0
SP.POP.TOTL,IDB,2016,578463670.0
SP.POP.TOTL,IDB,2017,590024074.0
SP.POP.TOTL,IDB,2018,601951913.0
SP.POP.TOTL,IDB,2019,614017319.0
SP.POP.TOTL,IDB,2020,626440308.0
SP.POP.TOTL,IDB,2021,639196319.0
SP.POP.TOTL,IDB,2022,651895919.0
SP.POP.TOTL,IDB,2023,664395892.0
SP.POP.TOTL,IDB,2024,676957651.0
SP.POP.TOTL,IDB,2025,689783382.0
SP.POP.TOTL,IDN,2015,261799249.0
SP.POP.TOTL,IDN,2016,264627418.0
SP.POP.TOTL,IDN,2017,267346658.0
SP.POP.TOTL,IDN,2018,269951846.0
SP.POP.TOTL,IDN,2019,272489381.0
SP.POP.TOTL,IDN,2020,274814866.0
SP.POP.TOTL,IDN,2021,276758053.0
SP.POP.TOTL,IDN,2022,278830529.0
SP.POP.TOTL,IDN,2023,281190067.0
SP.POP.TOTL,IDN,2024,283487931.0
SP.POP.TOTL,IDN,2025,285721236.0
SP.POP.TOTL,IDX,2015,1036362530.0
SP.POP.TOTL,IDX,2016,1059465616.0
SP.POP.TOTL,IDX,2017,1083481582.0
SP.POP.TOTL,IDX,2018,1108324049.0
SP.POP.TOTL,IDX,2019,1134280966.0
SP.POP.TOTL,IDX,2020,1160851651.0
SP.POP.TOTL,IDX,2021,1187299997.0
SP.POP.TOTL,IDX,2022,1213611049.0
SP.POP.TOTL,IDX,2023,1240832942.0
SP.POP.TOTL,IDX,2024,1268734216.0
SP.POP.TOTL,IDX,2025,1297080455.0
SP.POP.TOTL,IMN,2015,83593.0
SP.POP.TOTL,IMN,2016,83466.0
SP.POP.TOTL,IMN,2017,83609.0
SP.POP.TOTL,IMN,2018,83805.0
SP.POP.TOTL,IMN,2019,83957.0
SP.POP.TOTL,IMN,2020,84064.0
SP.POP.TOTL,IMN,2021,84106.0
SP.POP.TOTL,IMN,2022,84132.0
SP.POP.TOTL,IMN,2023,84165.0
SP.POP.TOTL,IMN,2024,84160.0
SP.POP.TOTL,IMN,2025,84118.0
SP.POP.TOTL,IND,2015,1328024498.0
SP.POP.TOTL,IND,2016,1343944296.0
SP.POP.TOTL,IND,2017,1359657400.0
SP.POP.TOTL,IND,2018,1374659064.0
SP.POP.TOTL,IND,2019,1389030312.0
SP.POP.TOTL,IND,2020,1402617695.0
SP.POP.TOTL,IND,2021,1414203896.0
SP.POP.TOTL,IND,2022,1425423212.0
SP.POP.TOTL,IND,2023,1438069596.0
SP.POP.TOTL,IND,2024,1450935791.0
SP.POP.TOTL,IND,2025,1463865525.0
SP.POP.TOTL,IRL,2015,4701957.0
SP.POP.TOTL,IRL,2016,4762722.0
SP.POP.TOTL,IRL,2017,4827445.0
SP.POP.TOTL,IRL,2018,4898022.0
SP.POP.TOTL,IRL,2019,4976456.0
SP.POP.TOTL,IRL,2020,5039747.0
SP.POP.TOTL,IRL,2021,5110585.0
SP.POP.TOTL,IRL,2022,5212836.0
SP.POP.TOTL,IRL,2023,5311538.0
SP.POP.TOTL,IRL,2024,5395790.0
SP.POP.TOTL,IRL,2025,5484367.0
SP.POP.TOTL,IRN,2015,82619362.0
SP.POP.TOTL,IRN,2016,83812228.0
SP.POP.TOTL,IRN,2017,85026754.0
SP.POP.TOTL,IRN,2018,86117998.0
SP.POP.TOTL,IRN,2019,87051648.0
SP.POP.TOTL,IRN,2020,87723443.0
SP.POP.TOTL,IRN,2021,88455488.0
SP.POP.TOTL,IRN,2022,89524246.0
SP.POP.TOTL,IRN,2023,90608707.0
SP.POP.TOTL,IRN,2024,91567738.0
SP.POP.TOTL,IRN,2025,92417681.0
SP.POP.TOTL,IRQ,2015,37560535.0
SP.POP.TOTL,IRQ,2016,38469627.0
SP.POP.TOTL,IRQ,2017,39337353.0
SP.POP.TOTL,IRQ,2018,40265624.0
SP.POP.TOTL,IRQ,2019,41192171.0
SP.POP.TOTL,IRQ,2020,42116605.0
SP.POP.TOTL,IRQ,2021,43071211.0
SP.POP.TOTL,IRQ,2022,44070551.0
SP.POP.TOTL,IRQ,2023,45074049.0
SP.POP.TOTL,IRQ,2024,46042015.0
SP.POP.TOTL,IRQ,2025,47020774.0
SP.POP.TOTL,ISL,2015,330815.0
SP.POP.TOTL,ISL,2016,335439.0
SP.POP.TOTL,ISL,2017,343400.0
SP.POP.TOTL,ISL,2018,352721.0
SP.POP.TOTL,ISL,2019,360563.0
SP.POP.TOTL,ISL,2020,366463.0
SP.POP.TOTL,ISL,2021,372520.0
SP.POP.TOTL,ISL,2022,382003.0
SP.POP.TOTL,ISL,2023,385663.0
SP.POP.TOTL,ISL,2024,386506.0
SP.POP.TOTL,ISL,2025,392404.0
SP.POP.TOTL,ISR,2015,8380100.0
SP.POP.TOTL,ISR,2016,8546000.0
SP.POP.TOTL,ISR,2017,8713300.0
SP.POP.TOTL,ISR,2018,8882800.0
SP.POP.TOTL,ISR,2019,9054000.0
SP.POP.TOTL,ISR,2020,9215100.0
SP.POP.TOTL,ISR,2021,9371400.0
SP.POP.TOTL,ISR,2022,9557500.0
SP.POP.TOTL,ISR,2023,9849000.0
SP.POP.TOTL,ISR,2024,10002200.0
SP.POP.TOTL,ISR,2025,10122800.0
SP.POP.TOTL,ITA,2015,60229605.0
SP.POP.TOTL,ITA,2016,60115223.0
SP.POP.TOTL,ITA,2017,60002252.0
SP.POP.TOTL,ITA,2018,59877221.0
SP.POP.TOTL,ITA,2019,59729081.0
SP.POP.TOTL,ITA,2020,59438851.0
SP.POP.TOTL,ITA,2021,59133173.0
SP.POP.TOTL,ITA,2022,59013667.0
SP.POP.TOTL,ITA,2023,58984216.0
SP.POP.TOTL,ITA,2024,58952704.0
SP.POP.TOTL,ITA,2025,58915656.0
SP.POP.TOTL,JAM,2015,2802534.0
SP.POP.TOTL,JAM,2016,2809915.0
SP.POP.TOTL,JAM,2017,2815764.0
SP.POP.TOTL,JAM,2018,2820097.0
SP.POP.TOTL,JAM,2019,2823271.0
SP.POP.TOTL,JAM,2020,2830739.0
SP.POP.TOTL,JAM,2021,2837682.0
SP.POP.TOTL,JAM,2022,2839144.0
SP.POP.TOTL,JAM,2023,2839786.0
SP.POP.TOTL,JAM,2024,2839175.0
SP.POP.TOTL,JAM,2025,2837077.0
SP.POP.TOTL,JOR,2015,9544729.0
SP.POP.TOTL,JOR,2016,10006367.0
SP.POP.TOTL,JOR,2017,10234226.0
SP.POP.TOTL,JOR,2018,10462306.0
SP.POP.TOTL,JOR,2019,10671891.0
SP.POP.TOTL,JOR,2020,10865228.0
SP.POP.TOTL,JOR,2021,11066356.0
SP.POP.TOTL,JOR,2022,11256263.0
SP.POP.TOTL,JOR,2023,11439213.0
SP.POP.TOTL,JOR,2024,11552876.0
SP.POP.TOTL,JOR,2025,11520684.0
SP.POP.TOTL,JPN,2015,127141000.0
SP.POP.TOTL,JPN,2016,127076000.0
SP.POP.TOTL,JPN,2017,126972000.0
SP.POP.TOTL,JPN,2018,126811000.0
SP.POP.TOTL,JPN,2019,126633000.0
SP.POP.TOTL,JPN,2020,126261000.0
SP.POP.TOTL,JPN,2021,125681593.0
SP.POP.TOTL,JPN,2022,125124989.0
SP.POP.TOTL,JPN,2023,124516650.0
SP.POP.TOTL,JPN,2024,123975371.0
SP.POP.TOTL,JPN,2025,123366734.0
SP.POP.TOTL,KAZ,2015,18084169.0
SP.POP.TOTL,KAZ,2016,18363600.0
SP.POP.TOTL,KAZ,2017,18651931.0
SP.POP.TOTL,KAZ,2018,18932727.0
SP.POP.TOTL,KAZ,2019,19209555.0
SP.POP.TOTL,KAZ,2020,19482117.0
SP.POP.TOTL,KAZ,2021,19743603.0
SP.POP.TOTL,KAZ,2022,20034609.0
SP.POP.TOTL,KAZ,2023,20330104.0
SP.POP.TOTL,KAZ,2024,20592571.0
SP.POP.TOTL,KAZ,2025,20843754.0
SP.POP.TOTL,KEN,2015,47088526.0
SP.POP.TOTL,KEN,2016,48139687.0
SP.POP.TOTL,KEN,2017,49197766.0
SP.POP.TOTL,KEN,2018,50207107.0
SP.POP.TOTL,KEN,2019,51202827.0
SP.POP.TOTL,KEN,2020,52217334.0
SP.POP.TOTL,KEN,2021,53219166.0
SP.POP.TOTL,KEN,2022,54252461.0
SP.POP.TOTL,KEN,2023,55339003.0
SP.POP.TOTL,KEN,2024,56432944.0
SP.POP.TOTL,KEN,2025,57532493.0
SP.POP.TOTL,KGZ,2015,6040036.0
SP.POP.TOTL,KGZ,2016,6175338.0
SP.POP.TOTL,KGZ,2017,6306696.0
SP.POP.TOTL,KGZ,2018,6444079.0
SP.POP.TOTL,KGZ,2019,6590211.0
SP.POP.TOTL,KGZ,2020,6726596.0
SP.POP.TOTL,KGZ,2021,6851224.0
SP.POP.TOTL,KGZ,2022,6975220.0
SP.POP.TOTL,KGZ,2023,7099750.0
SP.POP.TOTL,KGZ,2024,7221868.0
SP.POP.TOTL,KGZ,2025,7343064.0
SP.POP.TOTL,KHM,2015,15623251.0
SP.POP.TOTL,KHM,2016,15852803.0
SP.POP.TOTL,KHM,2017,16073372.0
SP.POP.TOTL,KHM,2018,16274522.0
SP.POP.TOTL,KHM,2019,16481304.0
SP.POP.TOTL,KHM,2020,16725474.0
SP.POP.TOTL,KHM,2021,16974305.0
SP.POP.TOTL,KHM,2022,17201724.0
SP.POP.TOTL,KHM,2023,17423880.0
SP.POP.TOTL,KHM,2024,17638801.0
SP.POP.TOTL,KHM,2025,17847982.0
SP.POP.TOTL,KIR,2015,116815.0
SP.POP.TOTL,KIR,2016,118478.0
SP.POP.TOTL,KIR,2017,120275.0
SP.POP.TOTL,KIR,2018,122084.0
SP.POP.TOTL,KIR,2019,123921.0
SP.POP.TOTL,KIR,2020,126099.0
SP.POP.TOTL,KIR,2021,128377.0
SP.POP.TOTL,KIR,2022,130469.0
SP.POP.TOTL,KIR,2023,132530.0
SP.POP.TOTL,KIR,2024,134518.0
SP.POP.TOTL,KIR,2025,136488.0
SP.POP.TOTL,KNA,2015,47087.0
SP.POP.TOTL,KNA,2016,47075.0
SP.POP.TOTL,KNA,2017,47050.0
SP.POP.TOTL,KNA,2018,47008.0
SP.POP.TOTL,KNA,2019,46952.0
SP.POP.TOTL,KNA,2020,46870.0
SP.POP.TOTL,KNA,2021,46763.0
SP.POP.TOTL,KNA,2022,46709.0
SP.POP.TOTL,KNA,2023,46758.0
SP.POP.TOTL,KNA,2024,46843.0
SP.POP.TOTL,KNA,2025,46922.0
SP.POP.TOTL,KOR,2015,51014947.0
SP.POP.TOTL,KOR,2016,51217803.0
SP.POP.TOTL,KOR,2017,51361911.0
SP.POP.TOTL,KOR,2018,51585058.0
SP.POP.TOTL,KOR,2019,51764822.0
SP.POP.TOTL,KOR,2020,51836239.0
SP.POP.TOTL,KOR,2021,51769539.0
SP.POP.TOTL,KOR,2022,51672569.0
SP.POP.TOTL,KOR,2023,51712619.0
SP.POP.TOTL,KOR,2024,51751065.0
SP.POP.TOTL,KOR,2025,51684564.0
SP.POP.TOTL,KWT,2015,3834574.0
SP.POP.TOTL,KWT,2016,4004096.0
SP.POP.TOTL,KWT,2017,4154812.0
SP.POP.TOTL,KWT,2018,4323515.0
SP.POP.TOTL,KWT,2019,4442316.0
SP.POP.TOTL,KWT,2020,4400267.0
SP.POP.TOTL,KWT,2021,4360865.0
SP.POP.TOTL,KWT,2022,4589643.0
SP.POP.TOTL,KWT,2023,4853420.0
SP.POP.TOTL,KWT,2024,4897263.0
SP.POP.TOTL,KWT,2025,4865298.0
SP.POP.TOTL,LAC,2015,581649117.0
SP.POP.TOTL,LAC,2016,587206002.0
SP.POP.TOTL,LAC,2017,592522502.0
SP.POP.TOTL,LAC,2018,597518751.0
SP.POP.TOTL,LAC,2019,602249777.0
SP.POP.TOTL,LAC,2020,606535582.0
SP.POP.TOTL,LAC,2021,610122057.0
SP.POP.TOTL,LAC,2022,613861839.0
SP.POP.TOTL,LAC,2023,618190397.0
SP.POP.TOTL,LAC,2024,622564181.0
SP.POP.TOTL,LAC,2025,626808315.0
SP.POP.TOTL,LAO,2015,6801645.0
SP.POP.TOTL,LAO,2016,6908802.0
SP.POP.TOTL,LAO,2017,7018147.0
SP.POP.TOTL,LAO,2018,7128045.0
SP.POP.TOTL,LAO,2019,7237636.0
SP.POP.TOTL,LAO,2020,7346533.0
SP.POP.TOTL,LAO,2021,7453194.0
SP.POP.TOTL,LAO,2022,7559007.0
SP.POP.TOTL,LAO,2023,7664993.0
SP.POP.TOTL,LAO,2024,7769819.0
SP.POP.TOTL,LAO,2025,7873046.0
SP.POP.TOTL,LBN,2015,6472469.0
SP.POP.TOTL,LBN,2016,6323060.0
SP.POP.TOTL,LBN,2017,6160128.0
SP.POP.TOTL,LBN,2018,5984119.0
SP.POP.TOTL,LBN,2019,5794594.0
SP.POP.TOTL,LBN,2020,5702398.0
SP.POP.TOTL,LBN,2021,5718122.0
SP.POP.TOTL,LBN,2022,5744489.0
SP.POP.TOTL,LBN,2023,5773493.0
SP.POP.TOTL,LBN,2024,5805962.0
SP.POP.TOTL,LBN,2025,5849421.0
SP.POP.TOTL,LBR,2015,4659431.0
SP.POP.TOTL,LBR,2016,4755608.0
SP.POP.TOTL,LBR,2017,4848925.0
SP.POP.TOTL,LBR,2018,4944726.0
SP.POP.TOTL,LBR,2019,5043721.0
SP.POP.TOTL,LBR,2020,5149463.0
SP.POP.TOTL,LBR,2021,5259323.0
SP.POP.TOTL,LBR,2022,5373294.0
SP.POP.TOTL,LBR,2023,5493031.0
SP.POP.TOTL,LBR,2024,5612817.0
SP.POP.TOTL,LBR,2025,5731206.0
SP.POP.TOTL,LBY,2015,6531819.0
SP.POP.TOTL,LBY,2016,6632126.0
SP.POP.TOTL,LBY,2017,6738770.0
SP.POP.TOTL,LBY,2018,6849055.0
SP.POP.TOTL,LBY,2019,6951033.0
SP.POP.TOTL,LBY,2020,7045399.0
SP.POP.TOTL,LBY,2021,7135175.0
SP.POP.TOTL,LBY,2022,7223805.0
SP.POP.TOTL,LBY,2023,7305659.0
SP.POP.TOTL,LBY,2024,7381023.0
SP.POP.TOTL,LBY,2025,7458555.0
SP.POP.TOTL,LCA,2015,174905.0
SP.POP.TOTL,LCA,2016,175646.0
SP.POP.TOTL,LCA,2017,176342.0
SP.POP.TOTL,LCA,2018,177017.0
SP.POP.TOTL,LCA,2019,177661.0
SP.POP.TOTL,LCA,2020,178250.0
SP.POP.TOTL,LCA,2021,178522.0
SP.POP.TOTL,LCA,2022,178781.0
SP.POP.TOTL,LCA,2023,179285.0
SP.POP.TOTL,LCA,2024,179744.0
SP.POP.TOTL,LCA,2025,180149.0
SP.POP.TOTL,LCN,2015,618868462.0
SP.POP.TOTL,LCN,2016,624737786.0
SP.POP.TOTL,LCN,2017,630414986.0
SP.POP.TOTL,LCN,2018,635778081.0
SP.POP.TOTL,LCN,2019,640962372.0
SP.POP.TOTL,LCN,2020,645498187.0
SP.POP.TOTL,LCN,2021,649236092.0
SP.POP.TOTL,LCN,2022,653108131.0
SP.POP.TOTL,LCN,2023,657616519.0
SP.POP.TOTL,LCN,2024,662185614.0
SP.POP.TOTL,LCN,2025,666592570.0
SP.POP.TOTL,LDC,2015,961916563.0
SP.POP.TOTL,LDC,2016,984757534.0
SP.POP.TOTL,LDC,2017,1008260714.0
SP.POP.TOTL,LDC,2018,1032309742.0
SP.POP.TOTL,LDC,2019,1057170371.0
SP.POP.TOTL,LDC,2020,1082754466.0
SP.POP.TOTL,LDC,2021,1108233065.0
SP.POP.TOTL,LDC,2022,1133564482.0
SP.POP.TOTL,LDC,2023,1159744187.0
SP.POP.TOTL,LDC,2024,1186668913.0
SP.POP.TOTL,LDC,2025,1214167506.0
SP.POP.TOTL,LIE,2015,37494.0
SP.POP.TOTL,LIE,2016,37716.0
SP.POP.TOTL,LIE,2017,37962.0
SP.POP.TOTL,LIE,2018,38246.0
SP.POP.TOTL,LIE,2019,38563.0
SP.POP.TOTL,LIE,2020,38901.0
SP.POP.TOTL,LIE,2021,39182.0
SP.POP.TOTL,LIE,2022,39493.0
SP.POP.TOTL,LIE,2023,39846.0
SP.POP.TOTL,LIE,2024,40450.0
SP.POP.TOTL,LIE,2025,41024.0
SP.POP.TOTL,LKA,2015,20970000.0
SP.POP.TOTL,LKA,2016,21209000.0
SP.POP.TOTL,LKA,2017,21453000.0
SP.POP.TOTL,LKA,2018,21670000.0
SP.POP.TOTL,LKA,2019,21803000.0
SP.POP.TOTL,LKA,2020,21919000.0
SP.POP.TOTL,LKA,2021,22156000.0
SP.POP.TOTL,LKA,2022,22181000.0
SP.POP.TOTL,LKA,2023,22037000.0
SP.POP.TOTL,LKA,2024,21916000.0
SP.POP.TOTL,LKA,2025,21756000.0
SP.POP.TOTL,LMY,2015,6075072158.0
SP.POP.TOTL,LMY,2016,6153938165.0
SP.POP.TOTL,LMY,2017,6233470764.0
SP.POP.TOTL,LMY,2018,6311329885.0
SP.POP.TOTL,LMY,2019,6387395177.0
SP.POP.TOTL,LMY,2020,6460393883.0
SP.POP.TOTL,LMY,2021,6527758150.0
SP.POP.TOTL,LMY,2022,6590522389.0
SP.POP.TOTL,LMY,2023,6654784822.0
SP.POP.TOTL,LMY,2024,6722971301.0
SP.POP.TOTL,LMY,2025,6791684991.0
SP.POP.TOTL,LSO,2015,2104611.0
SP.POP.TOTL,LSO,2016,2130422.0
SP.POP.TOTL,LSO,2017,2157110.0
SP.POP.TOTL,LSO,2018,2183603.0
SP.POP.TOTL,LSO,2019,2209405.0
SP.POP.TOTL,LSO,2020,2235727.0
SP.POP.TOTL,LSO,2021,2261542.0
SP.POP.TOTL,LSO,2022,2286110.0
SP.POP.TOTL,LSO,2023,2311472.0
SP.POP.TOTL,LSO,2024,2337423.0
SP.POP.TOTL,LSO,2025,2363325.0
SP.POP.TOTL,LTE,2015,2256126712.0
SP.POP.TOTL,LTE,2016,2270841806.0
SP.POP.TOTL,LTE,2017,2285870134.0
SP.POP.TOTL,LTE,2018,2298394042.0
SP.POP.TOTL,LTE,2019,2308878047.0
SP.POP.TOTL,LTE,2020,2316152452.0
SP.POP.TOTL,LTE,2021,2320127658.0
SP.POP.TOTL,LTE,2022,2323799602.0
SP.POP.TOTL,LTE,2023,2326294294.0
SP.POP.TOTL,LTE,2024,2328876323.0
SP.POP.TOTL,LTE,2025,2330425681.0
SP.POP.TOTL,LTU,2015,2911109.0
SP.POP.TOTL,LTU,2016,2877325.0
SP.POP.TOTL,LTU,2017,2842639.0
SP.POP.TOTL,LTU,2018,2819200.0
SP.POP.TOTL,LTU,2019,2811089.0
SP.POP.TOTL,LTU,2020,2810369.0
SP.POP.TOTL,LTU,2021,2808380.0
SP.POP.TOTL,LTU,2022,2831639.0
SP.POP.TOTL,LTU,2023,2871585.0
SP.POP.TOTL,LTU,2024,2888278.0
SP.POP.TOTL,LTU,2025,2888774.0
SP.POP.TOTL,LUX,2015,569604.0
SP.POP.TOTL,LUX,2016,582014.0
SP.POP.TOTL,LUX,2017,596336.0
SP.POP.TOTL,LUX,2018,607950.0
SP.POP.TOTL,LUX,2019,620001.0
SP.POP.TOTL,LUX,2020,630419.0
SP.POP.TOTL,LUX,2021,640064.0
SP.POP.TOTL,LUX,2022,653103.0
SP.POP.TOTL,LUX,2023,666430.0
SP.POP.TOTL,LUX,2024,677012.0
SP.POP.TOTL,LUX,2025,686970.0
SP.POP.TOTL,LVA,2015,1977527.0
SP.POP.TOTL,LVA,2016,1959537.0
SP.POP.TOTL,LVA,2017,1942248.0
SP.POP.TOTL,LVA,2018,1927174.0
SP.POP.TOTL,LVA,2019,1913822.0
SP.POP.TOTL,LVA,2020,1900449.0
SP.POP.TOTL,LVA,2021,1884490.0
SP.POP.TOTL,LVA,2022,1879383.0
SP.POP.TOTL,LVA,2023,1883710.0
SP.POP.TOTL,LVA,2024,1866124.0
SP.POP.TOTL,LVA,2025,1847785.0
SP.POP.TOTL,MAC,2015,642900.0
SP.POP.TOTL,MAC,2016,652500.0
SP.POP.TOTL,MAC,2017,648400.0
SP.POP.TOTL,MAC,2018,658900.0
SP.POP.TOTL,MAC,2019,672000.0
SP.POP.TOTL,MAC,2020,685400.0
SP.POP.TOTL,MAC,2021,682500.0
SP.POP.TOTL,MAC,2022,677300.0
SP.POP.TOTL,MAC,2023,678800.0
SP.POP.TOTL,MAC,2024,687000.0
SP.POP.TOTL,MAC,2025,685900.0
SP.POP.TOTL,MAF,2015,37369.0
SP.POP.TOTL,MAF,2016,37175.0
SP.POP.TOTL,MAF,2017,36837.0
SP.POP.TOTL,MAF,2018,36012.0
SP.POP.TOTL,MAF,2019,34267.0
SP.POP.TOTL,MAF,2020,31786.0
SP.POP.TOTL,MAF,2021,29961.0
SP.POP.TOTL,MAF,2022,28870.0
SP.POP.TOTL,MAF,2023,27515.0
SP.POP.TOTL,MAF,2024,26129.0
SP.POP.TOTL,MAF,2025,24941.0
SP.POP.TOTL,MAR,2015,34607588.0
SP.POP.TOTL,MAR,2016,35023457.0
SP.POP.TOTL,MAR,2017,35446392.0
SP.POP.TOTL,MAR,2018,35839760.0
SP.POP.TOTL,MAR,2019,36210898.0
SP.POP.TOTL,MAR,2020,36584208.0
SP.POP.TOTL,MAR,2021,36954442.0
SP.POP.TOTL,MAR,2022,37329064.0
SP.POP.TOTL,MAR,2023,37712505.0
SP.POP.TOTL,MAR,2024,38081173.0
SP.POP.TOTL,MAR,2025,38430770.0
SP.POP.TOTL,MCO,2015,36757.0
SP.POP.TOTL,MCO,2016,37276.0
SP.POP.TOTL,MCO,2017,37678.0
SP.POP.TOTL,MCO,2018,38154.0
SP.POP.TOTL,MCO,2019,38109.0
SP.POP.TOTL,MCO,2020,38050.0
SP.POP.TOTL,MCO,2021,38527.0
SP.POP.TOTL,MCO,2022,38931.0
SP.POP.TOTL,MCO,2023,38956.0
SP.POP.TOTL,MCO,2024,38631.0
SP.POP.TOTL,MCO,2025,38341.0
SP.POP.TOTL,MDA,2015,2835978.0
SP.POP.TOTL,MDA,2016,2803186.0
SP.POP.TOTL,MDA,2017,2755189.0
SP.POP.TOTL,MDA,2018,2707203.0
SP.POP.TOTL,MDA,2019,2664224.0
SP.POP.TOTL,MDA,2020,2635130.0
SP.POP.TOTL,MDA,2021,2595809.0
SP.POP.TOTL,MDA,2022,2528654.0
SP.POP.TOTL,MDA,2023,2457783.0
SP.POP.TOTL,MDA,2024,2402306.0
SP.POP.TOTL,MDA,2025,2360527.0
SP.POP.TOTL,MDG,2015,25426702.0
SP.POP.TOTL,MDG,2016,26099952.0
SP.POP.TOTL,MDG,2017,26788375.0
SP.POP.TOTL,MDG,2018,27494926.0
SP.POP.TOTL,MDG,2019,28219554.0
SP.POP.TOTL,MDG,2020,28953556.0
SP.POP.TOTL,MDG,2021,29691083.0
SP.POP.TOTL,MDG,2022,30437261.0
SP.POP.TOTL,MDG,2023,31195932.0
SP.POP.TOTL,MDG,2024,31964956.0
SP.POP.TOTL,MDG,2025,32740678.0
SP.POP.TOTL,MDV,2015,428154.0
SP.POP.TOTL,MDV,2016,443308.0
SP.POP.TOTL,MDV,2017,458287.0
SP.POP.TOTL,MDV,2018,473099.0
SP.POP.TOTL,MDV,2019,487731.0
SP.POP.TOTL,MDV,2020,502118.0
SP.POP.TOTL,MDV,2021,516154.0
SP.POP.TOTL,MDV,2022,524106.0
SP.POP.TOTL,MDV,2023,525994.0
SP.POP.TOTL,MDV,2024,527799.0
SP.POP.TOTL,MDV,2025,529676.0
SP.POP.TOTL,MEA,2015,694232973.0
SP.POP.TOTL,MEA,2016,707023525.0
SP.POP.TOTL,MEA,2017,718887744.0
SP.POP.TOTL,MEA,2018,730362334.0
SP.POP.TOTL,MEA,2019,742714463.0
SP.POP.TOTL,MEA,2020,756405281.0
SP.POP.TOTL,MEA,2021,767578451.0
SP.POP.TOTL,MEA,2022,782349366.0
SP.POP.TOTL,MEA,2023,797801454.0
SP.POP.TOTL,MEA,2024,813173936.0
SP.POP.TOTL,MEA,2025,828025185.0
SP.POP.TOTL,MEX,2015,121072306.0
SP.POP.TOTL,MEX,2016,122251351.0
SP.POP.TOTL,MEX,2017,123400057.0
SP.POP.TOTL,MEX,2018,124573711.0
SP.POP.TOTL,MEX,2019,125762982.0
SP.POP.TOTL,MEX,2020,126799054.0
SP.POP.TOTL,MEX,2021,127648148.0
SP.POP.TOTL,MEX,2022,128613117.0
SP.POP.TOTL,MEX,2023,129739759.0
SP.POP.TOTL,MEX,2024,130861007.0
SP.POP.TOTL,MEX,2025,131946900.0
SP.POP.TOTL,MHL,2015,48800.0
SP.POP.TOTL,MHL,2016,47709.0
SP.POP.TOTL,MHL,2017,46529.0
SP.POP.TOTL,MHL,2018,45285.0
SP.POP.TOTL,MHL,2019,44007.0
SP.POP.TOTL,MHL,2020,42706.0
SP.POP.TOTL,MHL,2021,41367.0
SP.POP.TOTL,MHL,2022,40077.0
SP.POP.TOTL,MHL,2023,38827.0
SP.POP.TOTL,MHL,2024,37548.0
SP.POP.TOTL,MHL,2025,36282.0
SP.POP.TOTL,MIC,2015,5490559951.0
SP.POP.TOTL,MIC,2016,5553928978.0
SP.POP.TOTL,MIC,2017,5616970904.0
SP.POP.TOTL,MIC,2018,5677402468.0
SP.POP.TOTL,MIC,2019,5735139879.0
SP.POP.TOTL,MIC,2020,5789502859.0
SP.POP.TOTL,MIC,2021,5838421323.0
SP.POP.TOTL,MIC,2022,5882746344.0
SP.POP.TOTL,MIC,2023,5927622764.0
SP.POP.TOTL,MIC,2024,5975818672.0
SP.POP.TOTL,MIC,2025,6024194822.0
SP.POP.TOTL,MKD,2015,1912430.0
SP.POP.TOTL,MKD,2016,1906313.0
SP.POP.TOTL,MKD,2017,1898657.0
SP.POP.TOTL,MKD,2018,1889051.0
SP.POP.TOTL,MKD,2019,1876262.0
SP.POP.TOTL,MKD,2020,1856124.0
SP.POP.TOTL,MKD,2021,1837114.0
SP.POP.TOTL,MKD,2022,1831712.0
SP.POP.TOTL,MKD,2023,1827816.0
SP.POP.TOTL,MKD,2024,1824359.0
SP.POP.TOTL,MKD,2025,1820909.0
SP.POP.TOTL,MLI,2015,18593022.0
SP.POP.TOTL,MLI,2016,19191289.0
SP.POP.TOTL,MLI,2017,19813011.0
SP.POP.TOTL,MLI,2018,20442030.0
SP.POP.TOTL,MLI,2019,21068405.0
SP.POP.TOTL,MLI,2020,21713836.0
SP.POP.TOTL,MLI,2021,22388630.0
SP.POP.TOTL,MLI,2022,23072640.0
SP.POP.TOTL,MLI,2023,23769127.0
SP.POP.TOTL,MLI,2024,24478595.0
SP.POP.TOTL,MLI,2025,25198821.0
SP.POP.TOTL,MLT,2015,444220.0
SP.POP.TOTL,MLT,2016,454505.0
SP.POP.TOTL,MLT,2017,467106.0
SP.POP.TOTL,MLT,2018,483903.0
SP.POP.TOTL,MLT,2019,503912.0
SP.POP.TOTL,MLT,2020,515490.0
SP.POP.TOTL,MLT,2021,518150.0
SP.POP.TOTL,MLT,2022,531113.0
SP.POP.TOTL,MLT,2023,552747.0
SP.POP.TOTL,MLT,2024,568847.0
SP.POP.TOTL,MLT,2025,579704.0
SP.POP.TOTL,MMR,2015,51089056.0
SP.POP.TOTL,MMR,2016,51495696.0
SP.POP.TOTL,MMR,2017,51894938.0
SP.POP.TOTL,MMR,2018,52272247.0
SP.POP.TOTL,MMR,2019,52640713.0
SP.POP.TOTL,MMR,2020,53016522.0
SP.POP.TOTL,MMR,2021,53387102.0
SP.POP.TOTL,MMR,2022,53756787.0
SP.POP.TOTL,MMR,2023,54133798.0
SP.POP.TOTL,MMR,2024,54500091.0
SP.POP.TOTL,MMR,2025,54850648.0
SP.POP.TOTL,MNA,2015,635352686.0
SP.POP.TOTL,MNA,2016,645837915.0
SP.POP.TOTL,MNA,2017,656767614.0
SP.POP.TOTL,MNA,2018,668447432.0
SP.POP.TOTL,MNA,2019,680490997.0
SP.POP.TOTL,MNA,2020,692532027.0
SP.POP.TOTL,MNA,2021,704458802.0
SP.POP.TOTL,MNA,2022,716508657.0
SP.POP.TOTL,MNA,2023,729077445.0
SP.POP.TOTL,MNA,2024,741690916.0
SP.POP.TOTL,MNA,2025,753903407.0
SP.POP.TOTL,MNE,2015,624651.0
SP.POP.TOTL,MNE,2016,625353.0
SP.POP.TOTL,MNE,2017,625982.0
SP.POP.TOTL,MNE,2018,626438.0
SP.POP.TOTL,MNE,2019,626753.0
SP.POP.TOTL,MNE,2020,626590.0
SP.POP.TOTL,MNE,2021,625053.0
SP.POP.TOTL,MNE,2022,623591.0
SP.POP.TOTL,MNE,2023,623529.0
SP.POP.TOTL,MNE,2024,623525.0
SP.POP.TOTL,MNE,2025,623129.0
SP.POP.TOTL,MNG,2015,3026864.0
SP.POP.TOTL,MNG,2016,3088856.0
SP.POP.TOTL,MNG,2017,3148917.0
SP.POP.TOTL,MNG,2018,3208189.0
SP.POP.TOTL,MNG,2019,3267673.0
SP.POP.TOTL,MNG,2020,3327204.0
SP.POP.TOTL,MNG,2021,3383741.0
SP.POP.TOTL,MNG,2022,3433748.0
SP.POP.TOTL,MNG,2023,3481145.0
SP.POP.TOTL,MNG,2024,3524788.0
SP.POP.TOTL,MNG,2025,3568978.0
SP.POP.TOTL,MNP,2015,51514.0
SP.POP.TOTL,MNP,2016,50773.0
SP.POP.TOTL,MNP,2017,49959.0
SP.POP.TOTL,MNP,2018,49077.0
SP.POP.TOTL,MNP,2019,48129.0
SP.POP.TOTL,MNP,2020,47528.0
SP.POP.TOTL,MNP,2021,46979.0
SP.POP.TOTL,MNP,2022,46078.0
SP.POP.TOTL,MNP,2023,45143.0
SP.POP.TOTL,MNP,2024,44278.0
SP.POP.TOTL,MNP,2025,43541.0
SP.POP.TOTL,MOZ,2015,26547572.0
SP.POP.TOTL,MOZ,2016,27337105.0
SP.POP.TOTL,MOZ,2017,28166393.0
SP.POP.TOTL,MOZ,2018,29018644.0
SP.POP.TOTL,MOZ,2019,29884380.0
SP.POP.TOTL,MOZ,2020,30783688.0
SP.POP.TOTL,MOZ,2021,31707800.0
SP.POP.TOTL,MOZ,2022,32656246.0
SP.POP.TOTL,MOZ,2023,33635160.0
SP.POP.TOTL,MOZ,2024,34631766.0
SP.POP.TOTL,MOZ,2025,35631653.0
SP.POP.TOTL,MRT,2015,3965959.0
SP.POP.TOTL,MRT,2016,4086657.0
SP.POP.TOTL,MRT,2017,4210600.0
SP.POP.TOTL,MRT,2018,4337685.0
SP.POP.TOTL,MRT,2019,4467708.0
SP.POP.TOTL,MRT,2020,4600131.0
SP.POP.TOTL,MRT,2021,4734874.0
SP.POP.TOTL,MRT,2022,4875637.0
SP.POP.TOTL,MRT,2023,5022441.0
SP.POP.TOTL,MRT,2024,5169395.0
SP.POP.TOTL,MRT,2025,5315065.0
SP.POP.TOTL,MUS,2015,1262879.0
SP.POP.TOTL,MUS,2016,1263747.0
SP.POP.TOTL,MUS,2017,1264887.0
SP.POP.TOTL,MUS,2018,1265577.0
SP.POP.TOTL,MUS,2019,1265985.0
SP.POP.TOTL,MUS,2020,1266014.0
SP.POP.TOTL,MUS,2021,1266334.0
SP.POP.TOTL,MUS,2022,1262523.0
SP.POP.TOTL,MUS,2023,1248647.0
SP.POP.TOTL,MUS,2024,1245779.0
SP.POP.TOTL,MUS,2025,1243741.0
SP.POP.TOTL,MWI,2015,17085587.0
SP.POP.TOTL,MWI,2016,17557739.0
SP.POP.TOTL,MWI,2017,18039715.0
SP.POP.TOTL,MWI,2018,18528081.0
SP.POP.TOTL,MWI,2019,19025752.0
SP.POP.TOTL,MWI,2020,19533888.0
SP.POP.TOTL,MWI,2021,20047258.0
SP.POP.TOTL,MWI,2022,20568728.0
SP.POP.TOTL,MWI,2023,21104482.0
SP.POP.TOTL,MWI,2024,21655286.0
SP.POP.TOTL,MWI,2025,22216120.0
SP.POP.TOTL,MYS,2015,31232798.0
SP.POP.TOTL,MYS,2016,31789685.0
SP.POP.TOTL,MYS,2017,32355644.0
SP.POP.TOTL,MYS,2018,32910967.0
SP.POP.TOTL,MYS,2019,33440596.0
SP.POP.TOTL,MYS,2020,33889558.0
SP.POP.TOTL,MYS,2021,34282399.0
SP.POP.TOTL,MYS,2022,34695493.0
SP.POP.TOTL,MYS,2023,35126298.0
SP.POP.TOTL,MYS,2024,35557673.0
SP.POP.TOTL,MYS,2025,35977838.0
SP.POP.TOTL,NAC,2015,357583083.0
SP.POP.TOTL,NAC,2016,360527592.0
SP.POP.TOTL,NAC,2017,363217262.0
SP.POP.TOTL,NAC,2018,365666028.0
SP.POP.TOTL,NAC,2019,367908829.0
SP.POP.TOTL,NAC,2020,369671124.0
SP.POP.TOTL,NAC,2021,370404678.0
SP.POP.TOTL,NAC,2022,373011185.0
SP.POP.TOTL,NAC,2023,376868838.0
SP.POP.TOTL,NAC,2024,381330762.0
SP.POP.TOTL,NAC,2025,383501065.0
SP.POP.TOTL,NAM,2015,2374300.0
SP.POP.TOTL,NAM,2016,2439213.0
SP.POP.TOTL,NAM,2017,2506853.0
SP.POP.TOTL,NAM,2018,2577327.0
SP.POP.TOTL,NAM,2019,2650494.0
SP.POP.TOTL,NAM,2020,2728762.0
SP.POP.TOTL,NAM,2021,2810548.0
SP.POP.TOTL,NAM,2022,2889662.0
SP.POP.TOTL,NAM,2023,2963095.0
SP.POP.TOTL,NAM,2024,3030131.0
SP.POP.TOTL,NAM,2025,3092816.0
SP.POP.TOTL,NCL,2015,283168.0
SP.POP.TOTL,NCL,2016,283423.0
SP.POP.TOTL,NCL,2017,283546.0
SP.POP.TOTL,NCL,2018,283541.0
SP.POP.TOTL,NCL,2019,283606.0
SP.POP.TOTL,NCL,2020,284176.0
SP.POP.TOTL,NCL,2021,285214.0
SP.POP.TOTL,NCL,2022,287123.0
SP.POP.TOTL,NCL,2023,289870.0
SP.POP.TOTL,NCL,2024,292639.0
SP.POP.TOTL,NCL,2025,295333.0
SP.POP.TOTL,NER,2015,19939498.0
SP.POP.TOTL,NER,2016,20685753.0
SP.POP.TOTL,NER,2017,21435446.0
SP.POP.TOTL,NER,2018,22188069.0
SP.POP.TOTL,NER,2019,22947757.0
SP.POP.TOTL,NER,2020,23717613.0
SP.POP.TOTL,NER,2021,24502140.0
SP.POP.TOTL,NER,2022,25311973.0
SP.POP.TOTL,NER,2023,26159867.0
SP.POP.TOTL,NER,2024,27032412.0
SP.POP.TOTL,NER,2025,27917831.0
SP.POP.TOTL,NGA,2015,190671878.0
SP.POP.TOTL,NGA,2016,195443700.0
SP.POP.TOTL,NGA,2017,200254579.0
SP.POP.TOTL,NGA,2018,204938755.0
SP.POP.TOTL,NGA,2019,209485641.0
SP.POP.TOTL,NGA,2020,213996181.0
SP.POP.TOTL,NGA,2021,218529286.0
SP.POP.TOTL,NGA,2022,223150896.0
SP.POP.TOTL,NGA,2023,227882945.0
SP.POP.TOTL,NGA,2024,232679478.0
SP.POP.TOTL,NGA,2025,237527782.0
SP.POP.TOTL,NIC,2015,6149417.0
SP.POP.TOTL,NIC,2016,6232666.0
SP.POP.TOTL,NIC,2017,6316231.0
SP.POP.TOTL,NIC,2018,6400080.0
SP.POP.TOTL,NIC,2019,6483657.0
SP.POP.TOTL,NIC,2020,6565267.0
SP.POP.TOTL,NIC,2021,6644741.0
SP.POP.TOTL,NIC,2022,6730654.0
SP.POP.TOTL,NIC,2023,6823613.0
SP.POP.TOTL,NIC,2024,6916140.0
SP.POP.TOTL,NIC,2025,7007502.0
SP.POP.TOTL,NLD,2015,16939923.0
SP.POP.TOTL,NLD,2016,17030314.0
SP.POP.TOTL,NLD,2017,17131296.0
SP.POP.TOTL,NLD,2018,17231624.0
SP.POP.TOTL,NLD,2019,17344874.0
SP.POP.TOTL,NLD,2020,17441500.0
SP.POP.TOTL,NLD,2021,17533044.0
SP.POP.TOTL,NLD,2022,17700982.0
SP.POP.TOTL,NLD,2023,17877117.0
SP.POP.TOTL,NLD,2024,17993485.0
SP.POP.TOTL,NLD,2025,18087633.0
SP.POP.TOTL,NOR,2015,5188607.0
SP.POP.TOTL,NOR,2016,5234519.0
SP.POP.TOTL,NOR,2017,5276968.0
SP.POP.TOTL,NOR,2018,5311916.0
SP.POP.TOTL,NOR,2019,5347896.0
SP.POP.TOTL,NOR,2020,5379475.0
SP.POP.TOTL,NOR,2021,5408320.0
SP.POP.TOTL,NOR,2022,5457127.0
SP.POP.TOTL,NOR,2023,5519601.0
SP.POP.TOTL,NOR,2024,5572279.0
SP.POP.TOTL,NOR,2025,5610870.0
SP.POP.TOTL,NPL,2015,27823629.0
SP.POP.TOTL,NPL,2016,27955462.0
SP.POP.TOTL,NPL,2017,28011258.0
SP.POP.TOTL,NPL,2018,28079689.0
SP.POP.TOTL,NPL,2019,28414064.0
SP.POP.TOTL,NPL,2020,28966574.0
SP.POP.TOTL,NPL,2021,29475010.0
SP.POP.TOTL,NPL,2022,29715436.0
SP.POP.TOTL,NPL,2023,29694614.0
SP.POP.TOTL,NPL,2024,29651054.0
SP.POP.TOTL,NPL,2025,29618118.0
SP.POP.TOTL,NRU,2015,10954.0
SP.POP.TOTL,NRU,2016,11150.0
SP.POP.TOTL,NRU,2017,11324.0
SP.POP.TOTL,NRU,2018,11477.0
SP.POP.TOTL,NRU,2019,11587.0
SP.POP.TOTL,NRU,2020,11643.0
SP.POP.TOTL,NRU,2021,11709.0
SP.POP.TOTL,NRU,2022,11801.0
SP.POP.TOTL,NRU,2023,11875.0
SP.POP.TOTL,NRU,2024,11947.0
SP.POP.TOTL,NRU,2025,12025.0
SP.POP.TOTL,NZL,2015,4609400.0
SP.POP.TOTL,NZL,2016,4714100.0
SP.POP.TOTL,NZL,2017,4813600.0
SP.POP.TOTL,NZL,2018,4900600.0
SP.POP.TOTL,NZL,2019,4970300.0
SP.POP.TOTL,NZL,2020,5072400.0
SP.POP.TOTL,NZL,2021,5084600.0
SP.POP.TOTL,NZL,2022,5081700.0
SP.POP.TOTL,NZL,2023,5200000.0
SP.POP.TOTL,NZL,2024,5290000.0
SP.POP.TOTL,NZL,2025,5324700.0
SP.POP.TOTL,OED,2015,1331674197.0
SP.POP.TOTL,OED,2016,1340141055.0
SP.POP.TOTL,OED,2017,1348125258.0
SP.POP.TOTL,OED,2018,1356197538.0
SP.POP.TOTL,OED,2019,1364143219.0
SP.POP.TOTL,OED,2020,1369306579.0
SP.POP.TOTL,OED,2021,1371780402.0
SP.POP.TOTL,OED,2022,1378591781.0
SP.POP.TOTL,OED,2023,1387846131.0
SP.POP.TOTL,OED,2024,1396826761.0
SP.POP.TOTL,OED,2025,1402243571.0
SP.POP.TOTL,OMN,2015,4184895.0
SP.POP.TOTL,OMN,2016,4390877.0
SP.POP.TOTL,OMN,2017,4537396.0
SP.POP.TOTL,OMN,2018,4597877.0
SP.POP.TOTL,OMN,2019,4591241.0
SP.POP.TOTL,OMN,2020,4522497.0
SP.POP.TOTL,OMN,2021,4500424.0
SP.POP.TOTL,OMN,2022,4730226.0
SP.POP.TOTL,OMN,2023,5049269.0
SP.POP.TOTL,OMN,2024,5281538.0
SP.POP.TOTL,OMN,2025,5494691.0
SP.POP.TOTL,OSS,2015,11722398.0
SP.POP.TOTL,OSS,2016,11851918.0
SP.POP.TOTL,OSS,2017,11989367.0
SP.POP.TOTL,OSS,2018,12135267.0
SP.POP.TOTL,OSS,2019,12281907.0
SP.POP.TOTL,OSS,2020,12417333.0
SP.POP.TOTL,OSS,2021,12541889.0
SP.POP.TOTL,OSS,2022,12699005.0
SP.POP.TOTL,OSS,2023,12822134.0
SP.POP.TOTL,OSS,2024,12931878.0
SP.POP.TOTL,OSS,2025,13034928.0
SP.POP.TOTL,PAK,2015,217290883.0
SP.POP.TOTL,PAK,2016,220138869.0
SP.POP.TOTL,PAK,2017,223273967.0
SP.POP.TOTL,PAK,2018,226928892.0
SP.POP.TOTL,PAK,2019,230800899.0
SP.POP.TOTL,PAK,2020,235001746.0
SP.POP.TOTL,PAK,2021,239477801.0
SP.POP.TOTL,PAK,2022,243700667.0
SP.POP.TOTL,PAK,2023,247504495.0
SP.POP.TOTL,PAK,2024,251269164.0
SP.POP.TOTL,PAK,2025,255219554.0
SP.POP.TOTL,PAN,2015,3960035.0
SP.POP.TOTL,PAN,2016,4029086.0
SP.POP.TOTL,PAN,2017,4098707.0
SP.POP.TOTL,PAN,2018,4167860.0
SP.POP.TOTL,PAN,2019,4234700.0
SP.POP.TOTL,PAN,2020,4293261.0
SP.POP.TOTL,PAN,2021,4345405.0
SP.POP.TOTL,PAN,2022,4400773.0
SP.POP.TOTL,PAN,2023,4458759.0
SP.POP.TOTL,PAN,2024,4515577.0
SP.POP.TOTL,PAN,2025,4571189.0
SP.POP.TOTL,PER,2015,30457600.0
SP.POP.TOTL,PER,2016,30866494.0
SP.POP.TOTL,PER,2017,31324637.0
SP.POP.TOTL,PER,2018,31897584.0
SP.POP.TOTL,PER,2019,32449303.0
SP.POP.TOTL,PER,2020,32838579.0
SP.POP.TOTL,PER,2021,33155882.0
SP.POP.TOTL,PER,2022,33475438.0
SP.POP.TOTL,PER,2023,33845617.0
SP.POP.TOTL,PER,2024,34217848.0
SP.POP.TOTL,PER,2025,34576665.0
SP.POP.TOTL,PHL,2015,105312992.0
SP.POP.TOTL,PHL,2016,106735719.0
SP.POP.TOTL,PHL,2017,108119693.0
SP.POP.TOTL,PHL,2018,109465287.0
SP.POP.TOTL,PHL,2019,110804683.0
SP.POP.TOTL,PHL,2020,112081264.0
SP.POP.TOTL,PHL,2021,113100950.0
SP.POP.TOTL,PHL,2022,113964338.0
SP.POP.TOTL,PHL,2023,114891199.0
SP.POP.TOTL,PHL,2024,115843670.0
SP.POP.TOTL,PHL,2025,116786962.0
SP.POP.TOTL,PLW,2015,17770.0
SP.POP.TOTL,PLW,2016,17797.0
SP.POP.TOTL,PLW,2017,17812.0
SP.POP.TOTL,PLW,2018,17814.0
SP.POP.TOTL,PLW,2019,17798.0
SP.POP.TOTL,PLW,2020,17792.0
SP.POP.TOTL,PLW,2021,17783.0
SP.POP.TOTL,PLW,2022,17759.0
SP.POP.TOTL,PLW,2023,17727.0
SP.POP.TOTL,PLW,2024,17695.0
SP.POP.TOTL,PLW,2025,17663.0
SP.POP.TOTL,PNG,2015,8743246.0
SP.POP.TOTL,PNG,2016,8961718.0
SP.POP.TOTL,PNG,2017,9178714.0
SP.POP.TOTL,PNG,2018,9394513.0
SP.POP.TOTL,PNG,2019,9609010.0
SP.POP.TOTL,PNG,2020,9815746.0
SP.POP.TOTL,PNG,2021,10012896.0
SP.POP.TOTL,PNG,2022,10203169.0
SP.POP.TOTL,PNG,2023,10389635.0
SP.POP.TOTL,PNG,2024,10576502.0
SP.POP.TOTL,PNG,2025,10762817.0
SP.POP.TOTL,POL,2015,37986412.0
SP.POP.TOTL,POL,2016,37970087.0
SP.POP.TOTL,POL,2017,37974826.0
SP.POP.TOTL,POL,2018,37974750.0
SP.POP.TOTL,POL,2019,37965475.0
SP.POP.TOTL,POL,2020,37515748.0
SP.POP.TOTL,POL,2021,36981559.0
SP.POP.TOTL,POL,2022,36821749.0
SP.POP.TOTL,POL,2023,36687353.0
SP.POP.TOTL,POL,2024,36559233.0
SP.POP.TOTL,POL,2025,36435861.0
SP.POP.TOTL,PRE,2015,869996107.0
SP.POP.TOTL,PRE,2016,894582467.0
SP.POP.TOTL,PRE,2017,919835947.0
SP.POP.TOTL,PRE,2018,945516605.0
SP.POP.TOTL,PRE,2019,971459360.0
SP.POP.TOTL,PRE,2020,997742595.0
SP.POP.TOTL,PRE,2021,1024018110.0
SP.POP.TOTL,PRE,2022,1050180429.0
SP.POP.TOTL,PRE,2023,1077143557.0
SP.POP.TOTL,PRE,2024,1104843110.0
SP.POP.TOTL,PRE,2025,1133132223.0
SP.POP.TOTL,PRI,2015,3535167.0
SP.POP.TOTL,PRI,2016,3480432.0
SP.POP.TOTL,PRI,2017,3410837.0
SP.POP.TOTL,PRI,2018,3290690.0
SP.POP.TOTL,PRI,2019,3302691.0
SP.POP.TOTL,PRI,2020,3281591.0
SP.POP.TOTL,PRI,2021,3262731.0
SP.POP.TOTL,PRI,2022,3220148.0
SP.POP.TOTL,PRI,2023,3203794.0
SP.POP.TOTL,PRI,2024,3202521.0
SP.POP.TOTL,PRI,2025,3184835.0
SP.POP.TOTL,PRK,2015,25575350.0
SP.POP.TOTL,PRK,2016,25698326.0
SP.POP.TOTL,PRK,2017,25817709.0
SP.POP.TOTL,PRK,2018,25931147.0
SP.POP.TOTL,PRK,2019,26037632.0
SP.POP.TOTL,PRK,2020,26136312.0
SP.POP.TOTL,PRK,2021,26232534.0
SP.POP.TOTL,PRK,2022,26328845.0
SP.POP.TOTL,PRK,2023,26418204.0
SP.POP.TOTL,PRK,2024,26498823.0
SP.POP.TOTL,PRK,2025,26571036.0
SP.POP.TOTL,PRT,2015,10358076.0
SP.POP.TOTL,PRT,2016,10325452.0
SP.POP.TOTL,PRT,2017,10300300.0
SP.POP.TOTL,PRT,2018,10283822.0
SP.POP.TOTL,PRT,2019,10286263.0
SP.POP.TOTL,PRT,2020,10297081.0
SP.POP.TOTL,PRT,2021,10361831.0
SP.POP.TOTL,PRT,2022,10434332.0
SP.POP.TOTL,PRT,2023,10578174.0
SP.POP.TOTL,PRT,2024,10694681.0
SP.POP.TOTL,PRT,2025,10804871.0
SP.POP.TOTL,PRY,2015,6159103.0
SP.POP.TOTL,PRY,2016,6249126.0
SP.POP.TOTL,PRY,2017,6338660.0
SP.POP.TOTL,PRY,2018,6427382.0
SP.POP.TOTL,PRY,2019,6515058.0
SP.POP.TOTL,PRY,2020,6603739.0
SP.POP.TOTL,PRY,2021,6684182.0
SP.POP.TOTL,PRY,2022,6760464.0
SP.POP.TOTL,PRY,2023,6844146.0
SP.POP.TOTL,PRY,2024,6929153.0
SP.POP.TOTL,PRY,2025,7013078.0
SP.POP.TOTL,PSE,2015,4270092.0
SP.POP.TOTL,PSE,2016,4367088.0
SP.POP.TOTL,PSE,2017,4454805.0
SP.POP.TOTL,PSE,2018,4569087.0
SP.POP.TOTL,PSE,2019,4685306.0
SP.POP.TOTL,PSE,2020,4803269.0
SP.POP.TOTL,PSE,2021,4922749.0
SP.POP.TOTL,PSE,2022,5043612.0
SP.POP.TOTL,PSE,2023,5165775.0
SP.POP.TOTL,PSE,2024,5289152.0
SP.POP.TOTL,PSE,2025,5413596.0
SP.POP.TOTL,PSS,2015,2445989.0
SP.POP.TOTL,PSS,2016,2477794.0
SP.POP.TOTL,PSS,2017,2509999.0
SP.POP.TOTL,PSS,2018,2542009.0
SP.POP.TOTL,PSS,2019,2568656.0
SP.POP.TOTL,PSS,2020,2595522.0
SP.POP.TOTL,PSS,2021,2625493.0
SP.POP.TOTL,PSS,2022,2656049.0
SP.POP.TOTL,PSS,2023,2689224.0
SP.POP.TOTL,PSS,2024,2722467.0
SP.POP.TOTL,PSS,2025,2755649.0
SP.POP.TOTL,PST,2015,1097889139.0
SP.POP.TOTL,PST,2016,1102965925.0
SP.POP.TOTL,PST,2017,1107159559.0
SP.POP.TOTL,PST,2018,1111104033.0
SP.POP.TOTL,PST,2019,1114895817.0
SP.POP.TOTL,PST,2020,1117003860.0
SP.POP.TOTL,PST,2021,1116578102.0
SP.POP.TOTL,PST,2022,1117420833.0
SP.POP.TOTL,PST,2023,1121263972.0
SP.POP.TOTL,PST,2024,1128299339.0
SP.POP.TOTL,PST,2025,1132621782.0
SP.POP.TOTL,PYF,2015,277866.0
SP.POP.TOTL,PYF,2016,279178.0
SP.POP.TOTL,PYF,2017,280087.0
SP.POP.TOTL,PYF,2018,279815.0
SP.POP.TOTL,PYF,2019,279034.0
SP.POP.TOTL,PYF,2020,279209.0
SP.POP.TOTL,PYF,2021,279792.0
SP.POP.TOTL,PYF,2022,280378.0
SP.POP.TOTL,PYF,2023,281118.0
SP.POP.TOTL,PYF,2024,281807.0
SP.POP.TOTL,PYF,2025,282465.0
SP.POP.TOTL,QAT,2015,2344557.0
SP.POP.TOTL,QAT,2016,2477113.0
SP.POP.TOTL,QAT,2017,2545820.0
SP.POP.TOTL,QAT,2018,2580734.0
SP.POP.TOTL,QAT,2019,2638657.0
SP.POP.TOTL,QAT,2020,2794148.0
SP.POP.TOTL,QAT,2021,2504910.0
SP.POP.TOTL,QAT,2022,2657333.0
SP.POP.TOTL,QAT,2023,2656032.0
SP.POP.TOTL,QAT,2024,2857822.0
SP.POP.TOTL,QAT,2025,2972215.0
SP.POP.TOTL,ROU,2015,19815616.0
SP.POP.TOTL,ROU,2016,19702267.0
SP.POP.TOTL,ROU,2017,19588715.0
SP.POP.TOTL,ROU,2018,19473970.0
SP.POP.TOTL,ROU,2019,19371648.0
SP.POP.TOTL,ROU,2020,19265250.0
SP.POP.TOTL,ROU,2021,19122059.0
SP.POP.TOTL,ROU,2022,19048502.0
SP.POP.TOTL,ROU,2023,19061062.0
SP.POP.TOTL,ROU,2024,19051804.0
SP.POP.TOTL,ROU,2025,19020271.0
SP.POP.TOTL,RUS,2015,144640716.0
SP.POP.TOTL,RUS,2016,145015460.0
SP.POP.TOTL,RUS,2017,145293260.0
SP.POP.TOTL,RUS,2018,145398106.0
SP.POP.TOTL,RUS,2019,145453291.0
SP.POP.TOTL,RUS,2020,145245148.0
SP.POP.TOTL,RUS,2021,144746762.0
SP.POP.TOTL,RUS,2022,144236933.0
SP.POP.TOTL,RUS,2023,143826130.0
SP.POP.TOTL,RUS,2024,143669648.0
SP.POP.TOTL,RUS,2025,143513328.0
SP.POP.TOTL,RWA,2015,11640022.0
SP.POP.TOTL,RWA,2016,11919183.0
SP.POP.TOTL,RWA,2017,12202060.0
SP.POP.TOTL,RWA,2018,12487996.0
SP.POP.TOTL,RWA,2019,12776103.0
SP.POP.TOTL,RWA,2020,13065837.0
SP.POP.TOTL,RWA,2021,13355260.0
SP.POP.TOTL,RWA,2022,13651030.0
SP.POP.TOTL,RWA,2023,13954471.0
SP.POP.TOTL,RWA,2024,14256567.0
SP.POP.TOTL,RWA,2025,14569341.0
SP.POP.TOTL,SAS,2015,1537370078.0
SP.POP.TOTL,SAS,2016,1555111864.0
SP.POP.TOTL,SAS,2017,1572520427.0
SP.POP.TOTL,SAS,2018,1589164714.0
SP.POP.TOTL,SAS,2019,1605412986.0
SP.POP.TOTL,SAS,2020,1621073417.0
SP.POP.TOTL,SAS,2021,1634785356.0
SP.POP.TOTL,SAS,2022,1648009565.0
SP.POP.TOTL,SAS,2023,1662580579.0
SP.POP.TOTL,SAS,2024,1677384532.0
SP.POP.TOTL,SAS,2025,1692252900.0
SP.POP.TOTL,SAU,2015,29816382.0
SP.POP.TOTL,SAU,2016,30954198.0
SP.POP.TOTL,SAU,2017,30977355.0
SP.POP.TOTL,SAU,2018,30196281.0
SP.POP.TOTL,SAU,2019,30063799.0
SP.POP.TOTL,SAU,2020,31552510.0
SP.POP.TOTL,SAU,2021,30784383.0
SP.POP.TOTL,SAU,2022,32175224.0
SP.POP.TOTL,SAU,2023,33702731.0
SP.POP.TOTL,SAU,2024,35300280.0
SP.POP.TOTL,SAU,2025,36973555.0
SP.POP.TOTL,SDN,2015,40024431.0
SP.POP.TOTL,SDN,2016,41259892.0
SP.POP.TOTL,SDN,2017,42714306.0
SP.POP.TOTL,SDN,2018,44230596.0
SP.POP.TOTL,SDN,2019,45548175.0
SP.POP.TOTL,SDN,2020,46789231.0
SP.POP.TOTL,SDN,2021,48066924.0
SP.POP.TOTL,SDN,2022,49383346.0
SP.POP.TOTL,SDN,2023,50042791.0
SP.POP.TOTL,SDN,2024,50448963.0
SP.POP.TOTL,SDN,2025,51662147.0
SP.POP.TOTL,SEN,2015,14593331.0
SP.POP.TOTL,SEN,2016,15034521.0
SP.POP.TOTL,SEN,2017,15475002.0
SP.POP.TOTL,SEN,2018,15914498.0
SP.POP.TOTL,SEN,2019,16352922.0
SP.POP.TOTL,SEN,2020,16789219.0
SP.POP.TOTL,SEN,2021,17220867.0
SP.POP.TOTL,SEN,2022,17651103.0
SP.POP.TOTL,SEN,2023,18077573.0
SP.POP.TOTL,SEN,2024,18501984.0
SP.POP.TOTL,SEN,2025,18931966.0
SP.POP.TOTL,SGP,2015,5535002.0
SP.POP.TOTL,SGP,2016,5607283.0
SP.POP.TOTL,SGP,2017,5612253.0
SP.POP.TOTL,SGP,2018,5638676.0
SP.POP.TOTL,SGP,2019,5703569.0
SP.POP.TOTL,SGP,2020,5685807.0
SP.POP.TOTL,SGP,2021,5453566.0
SP.POP.TOTL,SGP,2022,5637022.0
SP.POP.TOTL,SGP,2023,5917648.0
SP.POP.TOTL,SGP,2024,6036860.0
SP.POP.TOTL,SGP,2025,6111175.0
SP.POP.TOTL,SLB,2015,639415.0
SP.POP.TOTL,SLB,2016,662379.0
SP.POP.TOTL,SLB,2017,685672.0
SP.POP.TOTL,SLB,2018,709101.0
SP.POP.TOTL,SLB,2019,728147.0
SP.POP.TOTL,SLB,2020,744498.0
SP.POP.TOTL,SLB,2021,762591.0
SP.POP.TOTL,SLB,2022,781066.0
SP.POP.TOTL,SLB,2023,800005.0
SP.POP.TOTL,SLB,2024,819198.0
SP.POP.TOTL,SLB,2025,838645.0
SP.POP.TOTL,SLE,2015,7037655.0
SP.POP.TOTL,SLE,2016,7205328.0
SP.POP.TOTL,SLE,2017,7379299.0
SP.POP.TOTL,SLE,2018,7554563.0
SP.POP.TOTL,SLE,2019,7731991.0
SP.POP.TOTL,SLE,2020,7912558.0
SP.POP.TOTL,SLE,2021,8094602.0
SP.POP.TOTL,SLE,2022,8276807.0
SP.POP.TOTL,SLE,2023,8460512.0
SP.POP.TOTL,SLE,2024,8642022.0
SP.POP.TOTL,SLE,2025,8819794.0
SP.POP.TOTL,SLV,2015,6183676.0
SP.POP.TOTL,SLV,2016,6200800.0
SP.POP.TOTL,SLV,2017,6213533.0
SP.POP.TOTL,SLV,2018,6219807.0
SP.POP.TOTL,SLV,2019,6222318.0
SP.POP.TOTL,SLV,2020,6234673.0
SP.POP.TOTL,SLV,2021,6255782.0
SP.POP.TOTL,SLV,2022,6280319.0
SP.POP.TOTL,SLV,2023,6309624.0
SP.POP.TOTL,SLV,2024,6338193.0
SP.POP.TOTL,SLV,2025,6365503.0
SP.POP.TOTL,SMR,2015,32897.0
SP.POP.TOTL,SMR,2016,33101.0
SP.POP.TOTL,SMR,2017,33825.0
SP.POP.TOTL,SMR,2018,34522.0
SP.POP.TOTL,SMR,2019,34663.0
SP.POP.TOTL,SMR,2020,34770.0
SP.POP.TOTL,SMR,2021,34252.0
SP.POP.TOTL,SMR,2022,33755.0
SP.POP.TOTL,SMR,2023,33860.0
SP.POP.TOTL,SMR,2024,33977.0
SP.POP.TOTL,SMR,2025,34109.0
SP.POP.TOTL,SOM,2015,13806963.0
SP.POP.TOTL,SOM,2016,14348740.0
SP.POP.TOTL,SOM,2017,14916629.0
SP.POP.TOTL,SOM,2018,15452487.0
SP.POP.TOTL,SOM,2019,16030971.0
SP.POP.TOTL,SOM,2020,16651191.0
SP.POP.TOTL,SOM,2021,17271431.0
SP.POP.TOTL,SOM,2022,17801897.0
SP.POP.TOTL,SOM,2023,18358615.0
SP.POP.TOTL,SOM,2024,19009151.0
SP.POP.TOTL,SOM,2025,19654739.0
SP.POP.TOTL,SRB,2015,7095383.0
SP.POP.TOTL,SRB,2016,7058322.0
SP.POP.TOTL,SRB,2017,7020858.0
SP.POP.TOTL,SRB,2018,6982604.0
SP.POP.TOTL,SRB,2019,6945235.0
SP.POP.TOTL,SRB,2020,6899126.0
SP.POP.TOTL,SRB,2021,6834326.0
SP.POP.TOTL,SRB,2022,6664449.0
SP.POP.TOTL,SRB,2023,6623183.0
SP.POP.TOTL,SRB,2024,6586476.0
SP.POP.TOTL,SRB,2025,6549143.0
SP.POP.TOTL,SSA,2015,1024566002.0
SP.POP.TOTL,SSA,2016,1052072062.0
SP.POP.TOTL,SSA,2017,1080113050.0
SP.POP.TOTL,SSA,2018,1109099666.0
SP.POP.TOTL,SSA,2019,1138374850.0
SP.POP.TOTL,SSA,2020,1168035323.0
SP.POP.TOTL,SSA,2021,1197970464.0
SP.POP.TOTL,SSA,2022,1228067573.0
SP.POP.TOTL,SSA,2023,1258689699.0
SP.POP.TOTL,SSA,2024,1289814932.0
SP.POP.TOTL,SSA,2025,1321531487.0
SP.POP.TOTL,SSD,2015,11107561.0
SP.POP.TOTL,SSD,2016,10830102.0
SP.POP.TOTL,SSD,2017,10259154.0
SP.POP.TOTL,SSD,2018,10122977.0
SP.POP.TOTL,SSD,2019,10423384.0
SP.POP.TOTL,SSD,2020,10698467.0
SP.POP.TOTL,SSD,2021,10865780.0
SP.POP.TOTL,SSD,2022,11021177.0
SP.POP.TOTL,SSD,2023,11483374.0
SP.POP.TOTL,SSD,2024,11943408.0
SP.POP.TOTL,SSD,2025,12188788.0
SP.POP.TOTL,SSF,2015,1024659421.0
SP.POP.TOTL,SSF,2016,1052166739.0
SP.POP.TOTL,SSF,2017,1080208893.0
SP.POP.TOTL,SSF,2018,1109196428.0
SP.POP.TOTL,SSF,2019,1138472475.0
SP.POP.TOTL,SSF,2020,1168133785.0
SP.POP.TOTL,SSF,2021,1198069722.0
SP.POP.TOTL,SSF,2022,1228187451.0
SP.POP.TOTL,SSF,2023,1258809472.0
SP.POP.TOTL,SSF,2024,1289936286.0
SP.POP.TOTL,SSF,2025,1321654217.0
SP.POP.TOTL,SST,2015,18482578.0
SP.POP.TOTL,SST,2016,18671045.0
SP.POP.TOTL,SST,2017,18865506.0
SP.POP.TOTL,SST,2018,19084934.0
SP.POP.TOTL,SST,2019,19293697.0
SP.POP.TOTL,SST,2020,19472157.0
SP.POP.TOTL,SST,2021,19646549.0
SP.POP.TOTL,SST,2022,19852364.0
SP.POP.TOTL,SST,2023,20031262.0
SP.POP.TOTL,SST,2024,20193405.0
SP.POP.TOTL,SST,2025,20347135.0
SP.POP.TOTL,STP,2015,200291.0
SP.POP.TOTL,STP,2016,203689.0
SP.POP.TOTL,STP,2017,206970.0
SP.POP.TOTL,STP,2018,210187.0
SP.POP.TOTL,STP,2019,213392.0
SP.POP.TOTL,STP,2020,217435.0
SP.POP.TOTL,STP,2021,221961.0
SP.POP.TOTL,STP,2022,226305.0
SP.POP.TOTL,STP,2023,230871.0
SP.POP.TOTL,STP,2024,235536.0
SP.POP.TOTL,STP,2025,240254.0
SP.POP.TOTL,SUR,2015,581627.0
SP.POP.TOTL,SUR,2016,587757.0
SP.POP.TOTL,SUR,2017,593713.0
SP.POP.TOTL,SUR,2018,599513.0
SP.POP.TOTL,SUR,2019,605768.0
SP.POP.TOTL,SUR,2020,612317.0
SP.POP.TOTL,SUR,2021,617896.0
SP.POP.TOTL,SUR,2022,623164.0
SP.POP.TOTL,SUR,2023,628886.0
SP.POP.TOTL,SUR,2024,634431.0
SP.POP.TOTL,SUR,2025,639850.0
SP.POP.TOTL,SVK,2015,5423801.0
SP.POP.TOTL,SVK,2016,5430798.0
SP.POP.TOTL,SVK,2017,5439232.0
SP.POP.TOTL,SVK,2018,5446771.0
SP.POP.TOTL,SVK,2019,5454147.0
SP.POP.TOTL,SVK,2020,5458827.0
SP.POP.TOTL,SVK,2021,5447247.0
SP.POP.TOTL,SVK,2022,5431752.0
SP.POP.TOTL,SVK,2023,5426740.0
SP.POP.TOTL,SVK,2024,5422069.0
SP.POP.TOTL,SVK,2025,5413813.0
SP.POP.TOTL,SVN,2015,2063531.0
SP.POP.TOTL,SVN,2016,2065042.0
SP.POP.TOTL,SVN,2017,2066388.0
SP.POP.TOTL,SVN,2018,2073894.0
SP.POP.TOTL,SVN,2019,2088385.0
SP.POP.TOTL,SVN,2020,2102419.0
SP.POP.TOTL,SVN,2021,2108079.0
SP.POP.TOTL,SVN,2022,2112076.0
SP.POP.TOTL,SVN,2023,2120461.0
SP.POP.TOTL,SVN,2024,2127400.0
SP.POP.TOTL,SVN,2025,2130986.0
SP.POP.TOTL,SWE,2015,9799186.0
SP.POP.TOTL,SWE,2016,9923085.0
SP.POP.TOTL,SWE,2017,10057698.0
SP.POP.TOTL,SWE,2018,10175214.0
SP.POP.TOTL,SWE,2019,10278887.0
SP.POP.TOTL,SWE,2020,10353442.0
SP.POP.TOTL,SWE,2021,10415811.0
SP.POP.TOTL,SWE,2022,10486941.0
SP.POP.TOTL,SWE,2023,10536632.0
SP.POP.TOTL,SWE,2024,10569709.0
SP.POP.TOTL,SWE,2025,10596620.0
SP.POP.TOTL,SWZ,2015,1142813.0
SP.POP.TOTL,SWZ,2016,1149507.0
SP.POP.TOTL,SWZ,2017,1158195.0
SP.POP.TOTL,SWZ,2018,1168929.0
SP.POP.TOTL,SWZ,2019,1179874.0
SP.POP.TOTL,SWZ,2020,1192729.0
SP.POP.TOTL,SWZ,2021,1206593.0
SP.POP.TOTL,SWZ,2022,1218917.0
SP.POP.TOTL,SWZ,2023,1230506.0
SP.POP.TOTL,SWZ,2024,1242822.0
SP.POP.TOTL,SWZ,2025,1256174.0
SP.POP.TOTL,SXM,2015,37471.0
SP.POP.TOTL,SXM,2016,38249.0
SP.POP.TOTL,SXM,2017,38996.0
SP.POP.TOTL,SXM,2018,39712.0
SP.POP.TOTL,SXM,2019,40385.0
SP.POP.TOTL,SXM,2020,41008.0
SP.POP.TOTL,SXM,2021,41571.0
SP.POP.TOTL,SXM,2022,42139.0
SP.POP.TOTL,SXM,2023,42749.0
SP.POP.TOTL,SXM,2024,43350.0
SP.POP.TOTL,SXM,2025,43923.0
SP.POP.TOTL,SYC,2015,93419.0
SP.POP.TOTL,SYC,2016,94677.0
SP.POP.TOTL,SYC,2017,95843.0
SP.POP.TOTL,SYC,2018,96762.0
SP.POP.TOTL,SYC,2019,97625.0
SP.POP.TOTL,SYC,2020,98462.0
SP.POP.TOTL,SYC,2021,99258.0
SP.POP.TOTL,SYC,2022,119878.0
SP.POP.TOTL,SYC,2023,119773.0
SP.POP.TOTL,SYC,2024,121354.0
SP.POP.TOTL,SYC,2025,122730.0
SP.POP.TOTL,SYR,2015,19424618.0
SP.POP.TOTL,SYR,2016,19193834.0
SP.POP.TOTL,SYR,2017,19224668.0
SP.POP.TOTL,SYR,2018,19577845.0
SP.POP.TOTL,SYR,2019,20353534.0
SP.POP.TOTL,SYR,2020,21049429.0
SP.POP.TOTL,SYR,2021,21628839.0
SP.POP.TOTL,SYR,2022,22462173.0
SP.POP.TOTL,SYR,2023,23594623.0
SP.POP.TOTL,SYR,2024,24672760.0
SP.POP.TOTL,SYR,2025,25620427.0
SP.POP.TOTL,TCA,2015,36605.0
SP.POP.TOTL,TCA,2016,38315.0
SP.POP.TOTL,TCA,2017,39913.0
SP.POP.TOTL,TCA,2018,41559.0
SP.POP.TOTL,TCA,2019,43166.0
SP.POP.TOTL,TCA,2020,44386.0
SP.POP.TOTL,TCA,2021,45243.0
SP.POP.TOTL,TCA,2022,45847.0
SP.POP.TOTL,TCA,2023,46198.0
SP.POP.TOTL,TCA,2024,46535.0
SP.POP.TOTL,TCA,2025,46855.0
SP.POP.TOTL,TCD,2015,14647621.0
SP.POP.TOTL,TCD,2016,15114655.0
SP.POP.TOTL,TCD,2017,15622759.0
SP.POP.TOTL,TCD,2018,16156531.0
SP.POP.TOTL,TCD,2019,16685223.0
SP.POP.TOTL,TCD,2020,17224679.0
SP.POP.TOTL,TCD,2021,17828273.0
SP.POP.TOTL,TCD,2022,18455316.0
SP.POP.TOTL,TCD,2023,19319064.0
SP.POP.TOTL,TCD,2024,20299123.0
SP.POP.TOTL,TCD,2025,21003705.0
SP.POP.TOTL,TEA,2015,2030504270.0
SP.POP.TOTL,TEA,2016,2045816761.0
SP.POP.TOTL,TEA,2017,2061449949.0
SP.POP.TOTL,TEA,2018,2074796982.0
SP.POP.TOTL,TEA,2019,2086281644.0
SP.POP.TOTL,TEA,2020,2095759417.0
SP.POP.TOTL,TEA,2021,2102350702.0
SP.POP.TOTL,TEA,2022,2107261123.0
SP.POP.TOTL,TEA,2023,2111139152.0
SP.POP.TOTL,TEA,2024,2114653077.0
SP.POP.TOTL,TEA,2025,2117367063.0
SP.POP.TOTL,TEC,2015,453662073.0
SP.POP.TOTL,TEC,2016,455913002.0
SP.POP.TOTL,TEC,2017,458010325.0
SP.POP.TOTL,TEC,2018,459946883.0
SP.POP.TOTL,TEC,2019,461933206.0
SP.POP.TOTL,TEC,2020,462842288.0
SP.POP.TOTL,TEC,2021,463104389.0
SP.POP.TOTL,TEC,2022,460942269.0
SP.POP.TOTL,TEC,2023,458599775.0
SP.POP.TOTL,TEC,2024,459982788.0
SP.POP.TOTL,TEC,2025,462559433.0
SP.POP.TOTL,TGO,2015,7071502.0
SP.POP.TOTL,TGO,2016,7200884.0
SP.POP.TOTL,TGO,2017,7324386.0
SP.POP.TOTL,TGO,2018,7458206.0
SP.POP.TOTL,TGO,2019,7619925.0
SP.POP.TOTL,TGO,2020,7788054.0
SP.POP.TOTL,TGO,2021,7936176.0
SP.POP.TOTL,TGO,2022,8068616.0
SP.POP.TOTL,TGO,2023,8223850.0
SP.POP.TOTL,TGO,2024,8406558.0
SP.POP.TOTL,TGO,2025,8591626.0
SP.POP.TOTL,THA,2015,70540795.0
SP.POP.TOTL,THA,2016,70859841.0
SP.POP.TOTL,THA,2017,71160187.0
SP.POP.TOTL,THA,2018,71376079.0
SP.POP.TOTL,THA,2019,71522271.0
SP.POP.TOTL,THA,2020,71641484.0
SP.POP.TOTL,THA,2021,71727332.0
SP.POP.TOTL,THA,2022,71735329.0
SP.POP.TOTL,THA,2023,71702435.0
SP.POP.TOTL,THA,2024,71668011.0
SP.POP.TOTL,THA,2025,71619863.0
SP.POP.TOTL,TJK,2015,8643840.0
SP.POP.TOTL,TJK,2016,8865631.0
SP.POP.TOTL,TJK,2017,9085946.0
SP.POP.TOTL,TJK,2018,9307333.0
SP.POP.TOTL,TJK,2019,9529966.0
SP.POP.TOTL,TJK,2020,9749310.0
SP.POP.TOTL,TJK,2021,9966908.0
SP.POP.TOTL,TJK,2022,10182222.0
SP.POP.TOTL,TJK,2023,10389799.0
SP.POP.TOTL,TJK,2024,10590927.0
SP.POP.TOTL,TJK,2025,10786734.0
SP.POP.TOTL,TKM,2015,6215770.0
SP.POP.TOTL,TKM,2016,6360041.0
SP.POP.TOTL,TKM,2017,6507061.0
SP.POP.TOTL,TKM,2018,6655524.0
SP.POP.TOTL,TKM,2019,6803944.0
SP.POP.TOTL,TKM,2020,6949912.0
SP.POP.TOTL,TKM,2021,7092043.0
SP.POP.TOTL,TKM,2022,7230193.0
SP.POP.TOTL,TKM,2023,7364438.0
SP.POP.TOTL,TKM,2024,7494498.0
SP.POP.TOTL,TKM,2025,7618847.0
SP.POP.TOTL,TLA,2015,603091701.0
SP.POP.TOTL,TLA,2016,609017063.0
SP.POP.TOTL,TLA,2017,614776664.0
SP.POP.TOTL,TLA,2018,620274430.0
SP.POP.TOTL,TLA,2019,625467307.0
SP.POP.TOTL,TLA,2020,630051021.0
SP.POP.TOTL,TLA,2021,633862610.0
SP.POP.TOTL,TLA,2022,637837815.0
SP.POP.TOTL,TLA,2023,642397939.0
SP.POP.TOTL,TLA,2024,647003746.0
SP.POP.TOTL,TLA,2025,651467364.0
SP.POP.TOTL,TLS,2015,1205131.0
SP.POP.TOTL,TLS,2016,1228312.0
SP.POP.TOTL,TLS,2017,1251703.0
SP.POP.TOTL,TLS,2018,1275959.0
SP.POP.TOTL,TLS,2019,1300945.0
SP.POP.TOTL,TLS,2020,1326053.0
SP.POP.TOTL,TLS,2021,1350139.0
SP.POP.TOTL,TLS,2022,1369295.0
SP.POP.TOTL,TLS,2023,1384286.0
SP.POP.TOTL,TLS,2024,1400638.0
SP.POP.TOTL,TLS,2025,1418517.0
SP.POP.TOTL,TMN,2015,631082594.0
SP.POP.TOTL,TMN,2016,641470827.0
SP.POP.TOTL,TMN,2017,652312809.0
SP.POP.TOTL,TMN,2018,663878345.0
SP.POP.TOTL,TMN,2019,675805691.0
SP.POP.TOTL,TMN,2020,687728758.0
SP.POP.TOTL,TMN,2021,699536053.0
SP.POP.TOTL,TMN,2022,711465045.0
SP.POP.TOTL,TMN,2023,723911670.0
SP.POP.TOTL,TMN,2024,736401764.0
SP.POP.TOTL,TMN,2025,748489811.0
SP.POP.TOTL,TON,2015,106095.0
SP.POP.TOTL,TON,2016,105524.0
SP.POP.TOTL,TON,2017,105356.0
SP.POP.TOTL,TON,2018,105567.0
SP.POP.TOTL,TON,2019,105669.0
SP.POP.TOTL,TON,2020,105704.0
SP.POP.TOTL,TON,2021,105490.0
SP.POP.TOTL,TON,2022,105042.0
SP.POP.TOTL,TON,2023,104597.0
SP.POP.TOTL,TON,2024,104175.0
SP.POP.TOTL,TON,2025,103742.0
SP.POP.TOTL,TSA,2015,1537370078.0
SP.POP.TOTL,TSA,2016,1555111864.0
SP.POP.TOTL,TSA,2017,1572520427.0
SP.POP.TOTL,TSA,2018,1589164714.0
SP.POP.TOTL,TSA,2019,1605412986.0
SP.POP.TOTL,TSA,2020,1621073417.0
SP.POP.TOTL,TSA,2021,1634785356.0
SP.POP.TOTL,TSA,2022,1648009565.0
SP.POP.TOTL,TSA,2023,1662580579.0
SP.POP.TOTL,TSA,2024,1677384532.0
SP.POP.TOTL,TSA,2025,1692252900.0
SP.POP.TOTL,TSS,2015,1024659421.0
SP.POP.TOTL,TSS,2016,1052166739.0
SP.POP.TOTL,TSS,2017,1080208893.0
SP.POP.TOTL,TSS,2018,1109196428.0
SP.POP.TOTL,TSS,2019,1138472475.0
SP.POP.TOTL,TSS,2020,1168133785.0
SP.POP.TOTL,TSS,2021,1198069722.0
SP.POP.TOTL,TSS,2022,1228187451.0
SP.POP.TOTL,TSS,2023,1258809472.0
SP.POP.TOTL,TSS,2024,1289936286.0
SP.POP.TOTL,TSS,2025,1321654217.0
SP.POP.TOTL,TTO,2015,1349667.0
SP.POP.TOTL,TTO,2016,1353895.0
SP.POP.TOTL,TTO,2017,1356633.0
SP.POP.TOTL,TTO,2018,1359193.0
SP.POP.TOTL,TTO,2019,1363985.0
SP.POP.TOTL,TTO,2020,1366725.0
SP.POP.TOTL,TTO,2021,1367558.0
SP.POP.TOTL,TTO,2022,1365805.0
SP.POP.TOTL,TTO,2023,1367510.0
SP.POP.TOTL,TTO,2024,1368333.0
SP.POP.TOTL,TTO,2025,1367764.0
SP.POP.TOTL,TUN,2015,11402264.0
SP.POP.TOTL,TUN,2016,11528674.0
SP.POP.TOTL,TUN,2017,11650498.0
SP.POP.TOTL,TUN,2018,11765514.0
SP.POP.TOTL,TUN,2019,11875081.0
SP.POP.TOTL,TUN,2020,11974057.0
SP.POP.TOTL,TUN,2021,12048622.0
SP.POP.TOTL,TUN,2022,12119334.0
SP.POP.TOTL,TUN,2023,12200431.0
SP.POP.TOTL,TUN,2024,12277109.0
SP.POP.TOTL,TUN,2025,12348573.0
SP.POP.TOTL,TUR,2015,78218479.0
SP.POP.TOTL,TUR,2016,79277962.0
SP.POP.TOTL,TUR,2017,80312698.0
SP.POP.TOTL,TUR,2018,81407204.0
SP.POP.TOTL,TUR,2019,82579440.0
SP.POP.TOTL,TUR,2020,83384680.0
SP.POP.TOTL,TUR,2021,84147318.0
SP.POP.TOTL,TUR,2022,84979913.0
SP.POP.TOTL,TUR,2023,85325965.0
SP.POP.TOTL,TUR,2024,85518661.0
SP.POP.TOTL,TUR,2025,85878556.0
SP.POP.TOTL,TUV,2015,10963.0
SP.POP.TOTL,TUV,2016,10930.0
SP.POP.TOTL,TUV,2017,10869.0
SP.POP.TOTL,TUV,2018,10751.0
SP.POP.TOTL,TUV,2019,10581.0
SP.POP.TOTL,TUV,2020,10399.0
SP.POP.TOTL,TUV,2021,10194.0
SP.POP.TOTL,TUV,2022,9992.0
SP.POP.TOTL,TUV,2023,9816.0
SP.POP.TOTL,TUV,2024,9646.0
SP.POP.TOTL,TUV,2025,9492.0
SP.POP.TOTL,TZA,2015,52020962.0
SP.POP.TOTL,TZA,2016,53824013.0
SP.POP.TOTL,TZA,2017,55652890.0
SP.POP.TOTL,TZA,2018,57437145.0
SP.POP.TOTL,TZA,2019,59174891.0
SP.POP.TOTL,TZA,2020,60972798.0
SP.POP.TOTL,TZA,2021,62830412.0
SP.POP.TOTL,TZA,2022,64711821.0
SP.POP.TOTL,TZA,2023,66617606.0
SP.POP.TOTL,TZA,2024,68560157.0
SP.POP.TOTL,TZA,2025,70545865.0
SP.POP.TOTL,UGA,2015,37531446.0
SP.POP.TOTL,UGA,2016,38799152.0
SP.POP.TOTL,UGA,2017,40177388.0
SP.POP.TOTL,UGA,2018,41565831.0
SP.POP.TOTL,UGA,2019,42999637.0
SP.POP.TOTL,UGA,2020,44457152.0
SP.POP.TOTL,UGA,2021,45910930.0
SP.POP.TOTL,UGA,2022,47312719.0
SP.POP.TOTL,UGA,2023,48656601.0
SP.POP.TOTL,UGA,2024,50015092.0
SP.POP.TOTL,UGA,2025,51384894.0
SP.POP.TOTL,UKR,2015,45784896.0
SP.POP.TOTL,UKR,2016,45616832.0
SP.POP.TOTL,UKR,2017,45436041.0
SP.POP.TOTL,UKR,2018,45208907.0
SP.POP.TOTL,UKR,2019,44957458.0
SP.POP.TOTL,UKR,2020,44680014.0
SP.POP.TOTL,UKR,2021,44298640.0
SP.POP.TOTL,UKR,2022,41048766.0
SP.POP.TOTL,UKR,2023,37732836.0
SP.POP.TOTL,UKR,2024,37860221.0
SP.POP.TOTL,UKR,2025,38980376.0
SP.POP.TOTL,URY,2015,3368017.0
SP.POP.TOTL,URY,2016,3379283.0
SP.POP.TOTL,URY,2017,3388438.0
SP.POP.TOTL,URY,2018,3394534.0
SP.POP.TOTL,URY,2019,3397206.0
SP.POP.TOTL,URY,2020,3398968.0
SP.POP.TOTL,URY,2021,3396695.0
SP.POP.TOTL,URY,2022,3390913.0
SP.POP.TOTL,URY,2023,3388081.0
SP.POP.TOTL,URY,2024,3386588.0
SP.POP.TOTL,URY,2025,3384688.0
SP.POP.TOTL,USA,2015,321815121.0
SP.POP.TOTL,USA,2016,324353340.0
SP.POP.TOTL,USA,2017,326608609.0
SP.POP.TOTL,USA,2018,328529577.0
SP.POP.TOTL,USA,2019,330226227.0
SP.POP.TOTL,USA,2020,331578104.0
SP.POP.TOTL,USA,2021,332100166.0
SP.POP.TOTL,USA,2022,333996304.0
SP.POP.TOTL,USA,2023,336755052.0
SP.POP.TOTL,USA,2024,340003797.0
SP.POP.TOTL,USA,2025,341784857.0
SP.POP.TOTL,UZB,2015,30749346.0
SP.POP.TOTL,UZB,2016,31284568.0
SP.POP.TOTL,UZB,2017,31819178.0
SP.POP.TOTL,UZB,2018,32373490.0
SP.POP.TOTL,UZB,2019,32964701.0
SP.POP.TOTL,UZB,2020,33586372.0
SP.POP.TOTL,UZB,2021,34243696.0
SP.POP.TOTL,UZB,2022,34938955.0
SP.POP.TOTL,UZB,2023,35652307.0
SP.POP.TOTL,UZB,2024,36361859.0
SP.POP.TOTL,UZB,2025,37053428.0
SP.POP.TOTL,VCT,2015,106960.0
SP.POP.TOTL,VCT,2016,106349.0
SP.POP.TOTL,VCT,2017,105663.0
SP.POP.TOTL,VCT,2018,104926.0
SP.POP.TOTL,VCT,2019,104167.0
SP.POP.TOTL,VCT,2020,103526.0
SP.POP.TOTL,VCT,2021,102841.0
SP.POP.TOTL,VCT,2022,102046.0
SP.POP.TOTL,VCT,2023,101323.0
SP.POP.TOTL,VCT,2024,100616.0
SP.POP.TOTL,VCT,2025,99924.0
SP.POP.TOTL,VEN,2015,30573972.0
SP.POP.TOTL,VEN,2016,30765720.0
SP.POP.TOTL,VEN,2017,30565323.0
SP.POP.TOTL,VEN,2018,29807592.0
SP.POP.TOTL,VEN,2019,28938098.0
SP.POP.TOTL,VEN,2020,28444077.0
SP.POP.TOTL,VEN,2021,28237826.0
SP.POP.TOTL,VEN,2022,28213017.0
SP.POP.TOTL,VEN,2023,28300854.0
SP.POP.TOTL,VEN,2024,28405543.0
SP.POP.TOTL,VEN,2025,28516896.0
SP.POP.TOTL,VGB,2015,34498.0
SP.POP.TOTL,VGB,2016,33878.0
SP.POP.TOTL,VGB,2017,32699.0
SP.POP.TOTL,VGB,2018,34657.0
SP.POP.TOTL,VGB,2019,36395.0
SP.POP.TOTL,VGB,2020,37135.0
SP.POP.TOTL,VGB,2021,37809.0
SP.POP.TOTL,VGB,2022,38319.0
SP.POP.TOTL,VGB,2023,38985.0
SP.POP.TOTL,VGB,2024,39471.0
SP.POP.TOTL,VGB,2025,39732.0
SP.POP.TOTL,VIR,2015,107712.0
SP.POP.TOTL,VIR,2016,107516.0
SP.POP.TOTL,VIR,2017,107281.0
SP.POP.TOTL,VIR,2018,107001.0
SP.POP.TOTL,VIR,2019,106669.0
SP.POP.TOTL,VIR,2020,106290.0
SP.POP.TOTL,VIR,2021,105870.0
SP.POP.TOTL,VIR,2022,105413.0
SP.POP.TOTL,VIR,2023,104917.0
SP.POP.TOTL,VIR,2024,104377.0
SP.POP.TOTL,VIR,2025,103792.0
SP.POP.TOTL,VNM,2015,92823254.0
SP.POP.TOTL,VNM,2016,94000117.0
SP.POP.TOTL,VNM,2017,95176977.0
SP.POP.TOTL,VNM,2018,96237319.0
SP.POP.TOTL,VNM,2019,97173776.0
SP.POP.TOTL,VNM,2020,98079191.0
SP.POP.TOTL,VNM,2021,98935098.0
SP.POP.TOTL,VNM,2022,99680655.0
SP.POP.TOTL,VNM,2023,100352192.0
SP.POP.TOTL,VNM,2024,100987686.0
SP.POP.TOTL,VNM,2025,101598527.0
SP.POP.TOTL,VUT,2015,266101.0
SP.POP.TOTL,VUT,2016,272087.0
SP.POP.TOTL,VUT,2017,278507.0
SP.POP.TOTL,VUT,2018,285259.0
SP.POP.TOTL,VUT,2019,291985.0
SP.POP.TOTL,VUT,2020,298858.0
SP.POP.TOTL,VUT,2021,305868.0
SP.POP.TOTL,VUT,2022,313046.0
SP.POP.TOTL,VUT,2023,320409.0
SP.POP.TOTL,VUT,2024,327777.0
SP.POP.TOTL,VUT,2025,335169.0
SP.POP.TOTL,WLD,2015,7441084771.0
SP.POP.TOTL,WLD,2016,7528221579.0
SP.POP.TOTL,WLD,2017,7613788655.0
SP.POP.TOTL,WLD,2018,7696159728.0
SP.POP.TOTL,WLD,2019,7777162476.0
SP.POP.TOTL,WLD,2020,7853863139.0
SP.POP.TOTL,WLD,2021,7919567995.0
SP.POP.TOTL,WLD,2022,7988550201.0
SP.POP.TOTL,WLD,2023,8062923417.0
SP.POP.TOTL,WLD,2024,8140897523.0
SP.POP.TOTL,WLD,2025,8215424893.0
SP.POP.TOTL,WSM,2015,201782.0
SP.POP.TOTL,WSM,2016,203499.0
SP.POP.TOTL,WSM,2017,205415.0
SP.POP.TOTL,WSM,2018,207582.0
SP.POP.TOTL,WSM,2019,209780.0
SP.POP.TOTL,WSM,2020,211944.0
SP.POP.TOTL,WSM,2021,213779.0
SP.POP.TOTL,WSM,2022,215261.0
SP.POP.TOTL,WSM,2023,216663.0
SP.POP.TOTL,WSM,2024,218019.0
SP.POP.TOTL,WSM,2025,219306.0
SP.POP.TOTL,XKX,2015,1788274.0
SP.POP.TOTL,XKX,2016,1777568.0
SP.POP.TOTL,XKX,2017,1791019.0
SP.POP.TOTL,XKX,2018,1797086.0
SP.POP.TOTL,XKX,2019,1788891.0
SP.POP.TOTL,XKX,2020,1790151.0
SP.POP.TOTL,XKX,2021,1786079.0
SP.POP.TOTL,XKX,2022,1768096.0
SP.POP.TOTL,XKX,2023,1682668.0
SP.POP.TOTL,XKX,2024,1594353.0
SP.POP.TOTL,XKX,2025,1576876.0
SP.POP.TOTL,YEM,2015,31159379.0
SP.POP.TOTL,YEM,2016,32109010.0
SP.POP.TOTL,YEM,2017,33090921.0
SP.POP.TOTL,YEM,2018,34085182.0
SP.POP.TOTL,YEM,2019,35111408.0
SP.POP.TOTL,YEM,2020,36134863.0
SP.POP.TOTL,YEM,2021,37140230.0
SP.POP.TOTL,YEM,2022,38222876.0
SP.POP.TOTL,YEM,2023,39390799.0
SP.POP.TOTL,YEM,2024,40583164.0
SP.POP.TOTL,YEM,2025,41773878.0
SP.POP.TOTL,ZAF,2015,56723537.0
SP.POP.TOTL,ZAF,2016,57259551.0
SP.POP.TOTL,ZAF,2017,57635162.0
SP.POP.TOTL,ZAF,2018,58613001.0
SP.POP.TOTL,ZAF,2019,59587885.0
SP.POP.TOTL,ZAF,2020,60562381.0
SP.POP.TOTL,ZAF,2021,61502603.0
SP.POP.TOTL,ZAF,2022,62378410.0
SP.POP.TOTL,ZAF,2023,63212384.0
SP.POP.TOTL,ZAF,2024,64007187.0
SP.POP.TOTL,ZAF,2025,64747319.0
SP.POP.TOTL,ZMB,2015,16399089.0
SP.POP.TOTL,ZMB,2016,16914423.0
SP.POP.TOTL,ZMB,2017,17441320.0
SP.POP.TOTL,ZMB,2018,17973569.0
SP.POP.TOTL,ZMB,2019,18513839.0
SP.POP.TOTL,ZMB,2020,19059395.0
SP.POP.TOTL,ZMB,2021,19603607.0
SP.POP.TOTL,ZMB,2022,20152938.0
SP.POP.TOTL,ZMB,2023,20723965.0
SP.POP.TOTL,ZMB,2024,21314956.0
SP.POP.TOTL,ZMB,2025,21913874.0
SP.POP.TOTL,ZWE,2015,14399013.0
SP.POP.TOTL,ZWE,2016,14600294.0
SP.POP.TOTL,ZWE,2017,14812482.0
SP.POP.TOTL,ZWE,2018,15034452.0
SP.POP.TOTL,ZWE,2019,15271368.0
SP.POP.TOTL,ZWE,2020,15526888.0
SP.POP.TOTL,ZWE,2021,15797210.0
SP.POP.TOTL,ZWE,2022,16069056.0
SP.POP.TOTL,ZWE,2023,16340822.0
SP.POP.TOTL,ZWE,2024,16634373.0
SP.POP.TOTL,ZWE,2025,16950795.0
